Date,Close,High,Low,Open,Volume
2015-01-02,24.171754837036133,24.638254577319934,23.733996171356562,24.62719940958966,212818400
2015-01-05,23.49079704284668,24.02141303105321,23.305082374704345,23.941820548483143,257142000
2015-01-06,23.493011474609375,23.751686233274114,23.132633885246175,23.55491637205578,263188400
2015-01-07,23.822433471679688,23.921923238379996,23.590288433669837,23.700833368573225,160423600
2015-01-08,24.737747192382812,24.79523103500176,24.032469916763375,24.149648973158683,237458000
2015-01-09,24.76427459716797,25.03842553916101,24.36631219203154,24.910193021196864,214798000
2015-01-12,24.154069900512695,24.901353103465542,24.05458012712268,24.894720676810472,198603200
2015-01-13,24.368528366088867,24.93894069695725,24.078901144962483,24.636046935190233,268367600
2015-01-14,24.275671005249023,24.42822188490455,23.988253468699263,24.1076422137223,195826400
2015-01-15,23.616823196411133,24.33315400453697,23.581449689319307,24.319889150225293,240056000
2015-01-16,23.433320999145508,23.784854861833168,23.258659753591324,23.663254726706114,314053200
2015-01-20,24.03689193725586,24.092164407057577,23.546072135531507,23.84233176401339,199599600
2015-01-21,24.220401763916016,24.554246333501226,23.93740524529204,24.08774646055574,194303600
2015-01-22,24.85049819946289,24.865974420695785,24.25797736446097,24.377366079735417,215185600
2015-01-23,24.97873878479004,25.14897727337954,24.658157403082065,24.828397578453714,185859200
2015-01-26,25.00527000427246,25.283843780112186,24.938944039308314,25.146767420334676,222460000
2015-01-27,24.12975311279297,24.868194303713334,24.105433087276353,24.85492776184288,382274800
2015-01-28,25.493873596191406,26.115137307785997,25.493873596191406,26.006802051792118,585908400
2015-01-29,26.287582397460938,26.351698653679865,25.549141452371927,25.717170203608372,337745600
2015-01-30,25.90289306640625,26.530787562394195,25.83435405152494,26.17704406558535,334982000
2015-02-02,26.227888107299805,26.347276827844368,25.664110005973548,26.099657277187507,250956400
2015-02-03,26.232316970825195,26.329595379807706,26.00238327242477,26.199153148470717,207662800
2015-02-04,26.433504104614258,26.643540491492367,26.157141769339244,26.19914938407123,280598800
2015-02-05,26.622175216674805,26.68654452657153,26.46902059335366,26.639930924608485,168984800
2015-02-06,26.397987365722656,26.69097765561851,26.291444672379317,26.6399255603118,174826400
2015-02-09,26.573347091674805,26.599981504185806,26.28701530310681,26.31365140905706,155559200
2015-02-10,27.0838565826416,27.11271278406764,26.6710079961241,26.673226401280676,248034000
2015-02-11,27.71866798400879,27.727546684528846,27.190398003857585,27.250327115569267,294247200
2015-02-12,28.069366455078125,28.295769063940448,27.871820043614445,27.980581151474055,297898000
2015-02-13,28.20698356628418,28.25137537106141,27.88957725115445,28.25137537106141,217088800
2015-02-17,28.37345314025879,28.60651433058525,28.17146654951737,28.297985045953215,252609600
2015-02-18,28.571001052856445,28.584318255260847,28.289107850079056,28.329061150731018,179566800
2015-02-19,28.51106834411621,28.639806936858847,28.484433941092664,28.5177269448721,149449600
2015-02-20,28.74412727355957,28.74412727355957,28.422282510420214,28.548799301722376,195793600
2015-02-23,29.521007537841797,29.521007537841797,28.779653725306208,28.859560347349937,283896400
2015-02-24,29.336776733398438,29.6541847994094,29.114814282465368,29.507688768942803,276912400
2015-02-25,28.586545944213867,29.210263350033415,28.444490094301624,29.201382954294676,298846800
2015-02-26,28.948341369628906,29.04822379146525,28.1026650048681,28.58654150423791,365150000
2015-02-27,28.5133056640625,28.98164669792466,28.464473640673713,28.85512644090486,248059200
2015-03-02,28.65313148498535,28.917267338950502,28.477782641992356,28.688646289374212,192386800
2015-03-03,28.713058471679688,28.74857327134073,28.431165253046416,28.624274859404782,151265200
2015-03-04,28.531047821044922,28.75745043653652,28.48221920483862,28.65534962054463,126665200
2015-03-05,28.058271408081055,28.577662678078546,27.913995490824327,28.5399294716474,226068400
2015-03-06,28.10044288635254,28.71527806330388,28.02497647411228,28.49997423841772,291368400
2015-03-09,28.22030258178711,28.759673035766372,27.758620331316582,28.402311702567367,354114000
2015-03-10,27.636545181274414,28.238063218815654,27.478952044658584,28.058274175841376,275426400
2015-03-11,27.132688522338867,27.69425323143729,27.103834014425015,27.68981472769633,275756000
2015-03-12,27.623218536376953,27.723102627138314,26.997284669339233,27.14821916106514,193450800
2015-03-13,27.43233299255371,27.834086099653057,27.20815218137847,27.612123693265776,207309200
2015-03-16,27.734207153320312,27.734207153320312,27.27252654927481,27.496707402099535,143497200
2015-03-17,28.19810676574707,28.260255973996387,27.889579129481607,27.94506973590977,204092400
2015-03-18,28.515514373779297,28.66866899625074,28.049393597685892,28.189229322482216,261083600
2015-03-19,28.300209045410156,28.688643287209903,28.27801314170938,28.57766207526712,183238000
2015-03-20,27.945072174072266,28.499976593329478,27.780820438877107,28.46668358131895,274780400
2015-03-23,28.23584747314453,28.37790332786566,28.08269281681357,28.215871662374074,150838800
2015-03-24,28.120418548583984,28.420065772981385,28.091562351191943,28.240278454406234,131369200
2015-03-25,27.385725021362305,28.149276350834853,27.385725021362305,28.087127139075744,206620800
2015-03-26,27.57661247253418,27.71866829557392,27.21259421431497,27.2481090167944,190291600
2015-03-27,27.356868743896484,27.678713581155,27.281402332626065,27.649859075687882,158184800
2015-03-30,28.049394607543945,28.056053209901737,27.523343006570627,27.534441806126317,188398800
2015-03-31,27.618778228759766,28.07602017670679,27.603240930337446,27.987234888534164,168362400
2015-04-01,27.578834533691406,27.77194247567807,27.323577376381895,27.70535306300981,162485600
2015-04-02,27.81633186340332,27.86960237283021,27.565514925306033,27.751962555019634,128880400
2015-04-06,28.266918182373047,28.302432987869057,27.596592316307593,27.627666924397037,148776000
2015-04-07,27.969486236572266,28.43782540520699,27.962827634632472,28.33128438729237,140049200
2015-04-08,27.87847900390625,28.05604961340022,27.738643292000965,27.93396960769326,149316800
2015-04-09,28.091567993164062,28.096008190626378,27.669840679958504,27.93397485203498,129936000
2015-04-10,28.21143341064453,28.23584942111911,27.803023223505146,27.956176196962673,160752000
2015-04-13,28.155933380126953,28.5377107169746,28.102662872086338,28.49331552230274,145460400
2015-04-14,28.033849716186523,28.25359200171036,27.947284522088083,28.189222707276386,102098400
2015-04-15,28.140398025512695,28.218084541248,27.969487690895026,28.05827300606639,115881600
2015-04-16,28.005001068115234,28.211426208146708,27.991683863416124,28.029417072356306,113476000
2015-04-17,27.689817428588867,27.99834511857055,27.625448110712508,27.867388077450492,207828000
2015-04-20,28.32240867614746,28.43782840664329,27.783039847390697,27.87182516731625,188217200
2015-04-21,28.169248580932617,28.455578582478893,28.1159763864433,28.433384374933052,129740400
2015-04-22,28.548812866210938,28.604303485768572,28.038300182344283,28.18701463633331,150618000
2015-04-23,28.7818660736084,28.948337885592863,28.44226384811031,28.47777864751764,183083600
2015-04-24,28.917266845703125,28.994955055618846,28.68420560283406,28.963880449028178,178103600
2015-04-27,29.443315505981445,29.54985991281968,29.110371855087372,29.367849091296165,387816800
2015-04-28,28.97941017150879,29.862819568153768,28.759669564858843,29.845065556747187,475696000
2015-04-29,28.55324935913086,29.208037907572134,28.47778293917561,28.890633230589536,253544400
2015-04-30,27.778596878051758,28.55324524066379,27.65207836786332,28.55324524066379,332781600
2015-05-01,28.62205696105957,28.883974410591033,27.811895381492974,27.989464323636177,234050400
2015-05-04,28.566564559936523,28.981636614324906,28.468900547139256,28.744135184397194,203953200
2015-05-05,27.922874450683594,28.511073537103066,27.91843425374517,28.444484130538356,197085600
2015-05-06,27.74752426147461,28.133738421260357,27.381285907835494,28.09156501703216,288564000
2015-05-07,27.919153213500977,28.101922626916142,27.642768870863186,27.80993607949338,175763600
2015-05-08,28.445167541503906,28.445167541503906,28.108603814590378,28.235650801496316,222201600
2015-05-11,28.155414581298828,28.431797212859163,28.00162021107372,28.393906388474424,168143200
2015-05-12,28.055105209350586,28.280222405917247,27.821070527183196,27.99492408513057,192640000
2015-05-13,28.08631706237793,28.349326840514745,28.05511265654073,28.11752146821513,138776800
2015-05-14,28.74161148071289,28.74161148071289,28.342640617582404,28.39836301417201,180814000
2015-05-15,28.701494216918945,28.861974998052265,28.576676587376436,28.768361775895382,152832000
2015-05-18,29.01799774169922,29.136128958323642,28.610109363136893,28.614568107450665,203531600
2015-05-19,28.991252899169922,29.17179293720011,28.89540859934834,29.129443367583054,178532800
2015-05-20,28.989023208618164,29.19408124930763,28.828542411378464,28.9756503756858,145819600
2015-05-21,29.28546905517578,29.33896379203383,28.937761768163295,28.991256505021344,158921600
2015-05-22,29.541778564453125,29.637622836578668,29.287684621201585,29.332265250669018,182384000
2015-05-26,28.890945434570312,29.62425403610724,28.779500647797832,29.5551588124723,282790400
2015-05-27,29.430339813232422,29.47937579485799,28.986791708108267,29.051428192419124,183332800
2015-05-28,29.372385025024414,29.410275840915023,29.220821761461984,29.390216597389056,122933200
2015-05-29,29.038063049316406,29.298843529173286,28.953363894806504,29.24980753456504,203538000
2015-06-01,29.09601593017578,29.28547350946665,28.98680216888995,29.03806584053486,128451200
2015-06-02,28.96673011779785,29.122752137153824,28.82408092852597,28.944439800307737,134670400
2015-06-03,29.002391815185547,29.185162908028698,28.953355834228855,29.122754096088396,123934000
2015-06-04,28.832992553710938,29.104918078958935,28.73269293561692,28.882028527183504,153800400
2015-06-05,28.674747467041016,28.906554570065015,28.610110975463048,28.864204999261077,142507200
2015-06-08,28.485288619995117,28.799563739802192,28.26908545822926,28.730465114073123,210699200
2015-06-09,28.400596618652344,28.547704592626324,27.99939629970257,28.240115810867255,224301600
2015-06-10,28.726011276245117,28.82853858245965,28.496433571483404,28.512035774669872,156349200
2015-06-11,28.66136932373047,29.015762927910345,28.636851334704033,28.79287335531546,141563600
2015-06-12,28.344865798950195,28.60341851265787,28.331492969107536,28.572214109350043,147544800
2015-06-15,28.28914451599121,28.360469112134883,28.019448333681943,28.106375132091024,175955600
2015-06-16,28.440710067749023,28.496432462748732,28.16655683663748,28.31366307517019,125976400
2015-06-17,28.37384796142578,28.50312264250904,28.24902862379286,28.467461189265897,131672400
2015-06-18,28.50311851501465,28.598961101213874,28.35601227835567,28.358241650270774,141628800
2015-06-19,28.21782112121582,28.489746687000903,28.17324388442035,28.465228696609618,218867600
2015-06-22,28.44294548034668,28.543245132442575,28.324814249940836,28.416198112881755,136157200
2015-06-23,28.31365966796875,28.442936016934265,28.28022589488976,28.41396098720572,121075600
2015-06-24,28.554384231567383,28.93106816595417,28.333724023497552,28.353783269452745,221123600
2015-06-25,28.418415069580078,28.797326590302948,28.418415069580078,28.72154496636324,127752400
2015-06-26,28.251249313354492,28.527631867968932,28.19775629967382,28.456307282890617,176267200
2015-06-29,27.756444931030273,28.188851350839126,27.74530147000696,27.96373235180831,196645600
2015-06-30,27.95704460144043,28.110838980636498,27.829997588347577,27.988249011637773,177482800
2015-07-01,28.21782112121582,28.29360446438322,28.081858338323283,28.284688676921608,120955200
2015-07-02,28.182167053222656,28.237889464067838,28.03282969976767,28.1799376806452,108844000
2015-07-06,28.084087371826172,28.135352723984397,27.827764012060165,27.847824958735146,112241600
2015-07-07,28.014995574951172,28.117524591306235,27.587046232126976,28.059572816666325,187787200
2015-07-08,27.319581985473633,27.780963453316158,27.31289556863015,27.745301996646607,243046400
2015-07-09,26.762351989746094,27.65168094402224,26.572896185523614,27.604874335956396,314380000
2015-07-10,27.47782325744629,27.604870232026634,27.016441960232164,27.179152078806016,245418000
2015-07-13,28.008304595947266,28.03059321317383,27.70963168347132,27.867883076446173,165762000
2015-07-14,27.997161865234375,28.166558431770294,27.870114865460593,28.09300445808215,127072400
2015-07-15,28.26685905456543,28.34041303082011,27.990476426214375,28.0216808342292,134596800
2015-07-16,28.64354133605957,28.656917568950988,28.384990283744607,28.47191709189912,144889600
2015-07-17,28.890945434570312,28.890945434570312,28.59896063739041,28.770586561307027,184658800
2015-07-20,29.437026977539062,29.637626229005697,29.13166595565219,29.191847091502144,235600800
2015-07-21,29.142812728881836,29.626482711746768,29.0469718415007,29.61088220960279,307025600
2015-07-22,27.910228729248047,27.97263752894381,27.190294760158203,27.190294760158203,461802400
2015-07-23,27.896865844726562,28.32704118175297,27.874575522165046,28.128669554648045,203998000
2015-07-24,27.749757766723633,28.02614042014419,27.61602433445645,27.932527187608446,168649200
2015-07-27,27.364152908325195,27.551381039244013,27.21927604215904,27.435477505696046,177822000
2015-07-28,27.500118255615234,27.618251172130954,27.315121179871685,27.500118255615234,134472400
2015-07-29,27.41320037841797,27.52687458767678,27.252719541938056,27.44886354230828,148046800
2015-07-30,27.275001525878906,27.31957876659184,27.12789357060331,27.26385636544431,134513200
2015-07-31,27.03650665283203,27.335177872887087,26.94957985293466,27.326262085652413,171540000
2015-08-03,26.399049758911133,27.319583368753676,26.193989995754883,27.081091519687238,279904000
2015-08-04,25.552061080932617,26.23410264531658,25.242244703613594,26.171693835570665,496554400
2015-08-05,25.72146224975586,26.17615727440399,24.985925830366536,25.175381665508382,397250400
2015-08-06,25.777441024780273,26.08418267201641,25.55130470534644,25.96551670656469,211612000
2015-08-07,25.86475372314453,26.028200378207167,25.636378006922328,25.654290296722888,154681600
2015-08-10,26.805131912231445,26.86558376287846,26.090895064834488,26.090895064834488,219806400
2015-08-11,25.410236358642578,26.460320707941776,25.374413492449477,26.377477660792525,388331200
2015-08-12,25.80206298828125,25.842364787119756,24.5459922507262,25.19529825058655,404870000
2015-08-13,25.781909942626953,26.061783038599437,25.6453317351356,25.981179450302577,194143200
2015-08-14,25.963272094726562,26.041636234844617,25.526670665347304,25.596078659707562,171718000
2015-08-17,26.231945037841797,26.34165480763774,25.860272765172244,25.98117814152705,163538800
2015-08-18,26.08417510986328,26.29464024535976,25.97446532375149,26.068502283275883,138242800
2015-08-19,25.75056266784668,26.088648116539442,25.67667576520136,25.994611172196148,193146000
2015-08-20,25.222164154052734,25.602790887378635,24.99378674748932,25.54233904929411,274006400
2015-08-21,23.67950439453125,25.054240964055126,23.654875424376108,24.72510991580904,513102000
2015-08-24,23.08841323852539,24.360156748493395,20.598661378669732,21.241250669242508,648825200
2015-08-25,23.22722816467285,24.87736060051428,23.17349300701332,24.87736060051428,414406400
2015-08-26,24.559429168701172,24.604208189350153,23.520540174111535,23.977291651003583,387098400
2015-08-27,25.282615661621094,25.354263106070857,24.6333097354271,25.128126873775873,338464400
2015-08-28,25.365459442138672,25.369936660203646,24.97363709537357,25.114692525253453,212657600
2015-08-31,25.246793746948242,25.643093315356374,25.076630419375142,25.08334710063818,224917200
2015-09-01,24.118343353271484,25.049760096014527,24.03773976777712,24.662416701253587,307383600
2015-09-02,25.152759552001953,25.152759552001953,24.434045489638624,24.680335234425904,247555200
2015-09-03,24.7116756439209,25.25127008789612,24.637788736174347,25.186339324259134,212935600
2015-09-04,24.465389251708984,24.729589559846293,24.295227615302622,24.398220724141225,199985200
2015-09-08,25.14603614807129,25.20201076452285,24.700478679415603,25.020653553846913,219374400
2015-09-09,24.66242027282715,25.528906380060143,24.577337749033934,25.47069399960268,340043200
2015-09-10,25.204248428344727,25.36321612273452,24.606439977285298,24.689281310465983,251571200
2015-09-11,25.57144546508789,25.57144546508789,25.022894866595465,25.02961154775262,199662000
2015-09-14,25.817733764648438,26.171493781000002,25.716980129659266,26.102085797261235,233453600
2015-09-15,26.034914016723633,26.09088863465027,25.618462722692676,25.9565498932683,173364800
2015-09-16,26.06402587890625,26.093132069703284,25.846844054976746,26.0282012980391,148694000
2015-09-17,25.506513595581055,26.081932601991664,25.46173458433275,25.896098167922393,256450400
2015-09-18,25.40128517150879,25.59160027079234,25.047526825406674,25.123651498552046,297141200
2015-09-21,25.79534339904785,25.8311679754042,25.448301783697282,25.45053953856219,200888000
2015-09-22,25.390087127685547,25.56472766295323,25.193055378596025,25.385608201637265,201384800
2015-09-23,25.596071243286133,25.685630966704178,25.367695571369275,25.441580763095242,143026800
2015-09-24,25.748321533203125,25.86027075726053,25.15946922961663,25.35649924900221,200878000
2015-09-25,25.683399200439453,26.12671902469372,25.52890867395218,26.070744394309656,224607600
2015-09-28,25.175146102905273,25.6520492591599,25.175146102905273,25.49084207726823,208436000
2015-09-29,24.41836929321289,25.414718619874495,24.149691782770407,25.262467575101102,293461600
2015-09-30,24.695999145507812,24.973632738769947,24.344478655489034,24.666891254428762,265892000
2015-10-01,24.5347957611084,24.543751905261725,24.026545256718563,24.420607058415772,255716400
2015-10-02,24.713924407958984,24.8549816052583,24.080292730887844,24.183285871712872,232079200
2015-10-05,24.8034725189209,24.935573506011238,24.420606335797018,24.601963551958388,208258800
2015-10-06,24.922138214111328,25.018414624790967,24.577334364426335,24.769887185785613,192787200
2015-10-07,24.8034725189209,25.02513152847477,24.49673270474276,25.018414847610984,187062400
2015-10-08,24.51688003540039,24.671370511017653,24.228050832737917,24.671370511017653,247918400
2015-10-09,25.103504180908203,25.139327057984506,24.514649944784797,24.62883867512287,211064400
2015-10-12,24.98706817626953,25.24455175084694,24.951245310391037,25.24007453319077,121868800
2015-10-13,25.029613494873047,25.17738561645559,24.781086023465594,24.812431676777347,132197200
2015-10-14,24.67584991455078,24.969156360543135,24.53031556893734,24.917660669581448,177849600
2015-10-15,25.0452880859375,25.099023251370365,24.738546504680105,24.83706239814878,150694000
2015-10-16,24.86168670654297,25.076629036153395,24.747498006740315,25.02737109866167,156930400
2015-10-19,25.01618003845215,25.020657256818605,24.65346385520979,24.80795436610727,119036800
2015-10-20,25.472930908203125,25.5624906474361,24.8124310342536,24.9288574995095,195871200
2015-10-21,25.47068977355957,25.878184910201075,25.45725470412081,25.52442492668545,167180800
2015-10-22,25.86026954650879,25.86026954650879,25.54681139218193,25.598308784449504,166616400
2015-10-23,26.661828994750977,26.69541410535258,26.04610823049042,26.128949567336736,237467600
2015-10-26,25.81101417541504,26.449124444276887,25.730410593220945,26.437930546211405,265335200
2015-10-27,25.64756965637207,26.093127120076367,25.52218535533133,25.83788300855051,279537600
2015-10-28,26.70437240600586,26.711090795666422,25.985658451219486,26.180450754337446,342205600
2015-10-29,26.986478805541992,27.022303376022826,26.480467850862226,26.576744248767543,204909200
2015-10-30,26.755868911743164,27.14097457859815,26.74467330422836,27.089477175523875,197461200
2015-11-02,27.132022857666016,27.172324659796047,26.780502247835816,27.04694203459602,128813200
2015-11-03,27.44324493408203,27.649231188076772,27.024554034762204,27.044705792332536,182076000
2015-11-04,27.31561279296875,27.72310793187973,27.23053199102812,27.56861744404648,179544400
2015-11-05,27.189693450927734,27.587691088240014,27.02329984048355,27.398810417433715,158210800
2015-11-06,27.221174240112305,27.389816905665,27.12223837620962,27.232417770691246,132169200
2015-11-09,27.110994338989258,27.389816393813046,26.994069514554077,27.198688386196107,135485600
2015-11-10,26.256540298461914,26.5488549640257,26.09689210021531,26.28577279433153,236511600
2015-11-11,26.10813331604004,26.402695289372794,25.9057617744091,26.166596587071624,180872000
2015-11-12,26.02043914794922,26.26778137968767,26.00469923453464,26.141862072371055,130102400
2015-11-13,25.260421752929688,25.98671024962961,25.244681839528607,25.903512584211384,183249600
2015-11-16,25.67416000366211,25.687650868218494,24.959115018300725,25.044560019694394,152426800
2015-11-17,25.56397819519043,25.869783676779644,25.48078053539041,25.84055118563602,110467600
2015-11-18,26.373462677001953,26.418433365115245,25.9709686709574,26.02943193792211,186698800
2015-11-19,26.708499908447266,26.926611356339105,26.254289766076003,26.45216320271426,173183200
2015-11-20,26.825424194335938,26.964834350174375,26.724237577607514,26.802937135826262,137148400
2015-11-23,26.476896286010742,26.922113640808906,26.384704146405184,26.818677971561094,129930000
2015-11-24,26.730985641479492,26.83666865100473,26.3352387624564,26.382458502037952,171212800
2015-11-25,26.53985595703125,26.80968522897599,26.515121564214937,26.80518713090661,85553200
2015-11-27,26.49038314819336,26.625298621436436,26.443163418766883,26.598315183683518,52185600
2015-11-30,26.60057830810547,26.85016966394663,26.476906297365286,26.530871485905358,156721200
2015-12-01,26.38470458984375,26.715244466828874,26.276774251759907,26.701753603448843,139409600
2015-12-02,26.146360397338867,26.557848941412235,26.10138970296319,26.38470816546962,133546400
2015-12-03,25.90351104736328,26.26103436700735,25.683152272821975,26.207069197908513,166278000
2015-12-04,26.76471710205078,26.814185895586963,25.88327844701967,25.923752758501813,231108000
2015-12-07,26.596073150634766,26.951347454917414,26.49039013596013,26.7534740057645,128336800
2015-12-08,26.58483123779297,26.66802719034269,26.27677667652191,26.425181333962087,137238000
2015-12-09,25.99794578552246,26.463399327848023,25.87652289854344,26.45215580079536,185445600
2015-12-10,26.121620178222656,26.294760915571914,25.973215547444934,26.092389404946253,116850800
2015-12-11,25.449295043945312,25.94622841199569,25.375091881364398,25.90125773404923,187544800
2015-12-14,25.291908264160156,25.336878963992035,24.68704257294465,25.224450498890103,257274800
2015-12-15,24.844432830810547,25.363853319917258,24.81295300910973,25.17047629202846,213292400
2015-12-16,25.035564422607422,25.181721739036185,24.464429451891355,24.974853819286913,224954000
2015-12-17,24.50490379333496,25.24018504378991,24.50490379333496,25.188467206019784,179091200
2015-12-18,23.84157371520996,24.626323713257054,23.792104929194526,24.489162600471232,385813200
2015-12-21,24.13389015197754,24.142884633341986,23.738141549551425,24.122646621391503,190362400
2015-12-22,24.11140251159668,24.221581895661817,23.93601271496503,24.149627767116172,131157600
2015-12-23,24.42170524597168,24.4756704154377,24.104656229874962,24.120396142449295,130629600
2015-12-24,24.291292190551758,24.509403672024874,24.27330322567267,24.509403672024874,54281600
2015-12-28,24.019214630126953,24.21484075593349,23.87530634752975,24.19235369291601,106816800
2015-12-29,24.450937271118164,24.606089071221,24.02820694358233,24.05069228904836,123724800
2015-12-30,24.131641387939453,24.441943278831367,24.10016156055282,24.414961549941072,100855200
2015-12-31,23.668441772460938,24.066437797861447,23.569504170781183,24.06194141393159,163649200
2016-01-04,23.68867301940918,23.69317111790165,22.935402780981335,23.072565621128955,270597600
2016-01-05,23.095050811767578,23.801101304409563,23.027594774531327,23.778615958664147,223164000
2016-01-06,22.643089294433594,23.018601623728564,22.456459369988686,22.61160946546592,273829600
2016-01-07,21.68744659423828,22.514920027214217,21.68295021121818,22.188878219315704,324377600
2016-01-08,21.802120208740234,22.285562784635363,21.75714952445672,22.15964349622422,283192000
2016-01-11,22.155149459838867,22.274323339005928,21.887569207392257,22.254087042025237,198957600
2016-01-12,22.47669792175293,22.640844231136107,22.224857549233676,22.609364399011472,196616800
2016-01-13,21.89881134033203,22.753268167980142,21.878575044643163,22.557642065378527,249758400
2016-01-14,22.377756118774414,22.593620234931443,21.52779738017287,22.026979932182503,252680400
2016-01-15,21.840351104736328,21.970768524584226,21.44235512788156,21.631234109298173,319335600
2016-01-19,21.734663009643555,22.182127641552068,21.473828251411668,22.12816248021916,212350800
2016-01-20,21.76390266418457,22.078702712234268,21.006134185406925,21.383893899962114,289337600
2016-01-21,21.653718948364258,22.00899152675043,21.34791344418033,21.82460894765617,208646000
2016-01-22,22.80498504638672,22.813979527720896,22.119172570994266,22.177634126383563,263202000
2016-01-25,22.359769821166992,22.829719900561372,22.308051981335268,22.8274708513021,207178000
2016-01-26,22.483442306518555,22.68356482234519,22.051717444208656,22.46995144067203,300308000
2016-01-27,21.006128311157227,21.727918655502844,20.9881393498941,21.59525392611128,533478800
2016-01-28,21.156784057617188,21.253472589399497,20.774528029001694,21.08932801960842,222715200
2016-01-29,21.887569427490234,21.887569427490234,21.21524778897145,21.314185372152718,257666000
2016-02-01,21.682945251464844,21.745904892476535,21.4513429796626,21.691939730969594,163774000
2016-02-02,21.244482040405273,21.595258278117893,21.19950962818435,21.455846373516206,149428800
2016-02-03,21.664966583251953,21.77514600735732,21.154542066438523,21.36141004674479,183857200
2016-02-04,21.83904266357422,22.004079668837694,21.520274920299574,21.671746129691293,185886800
2016-02-05,21.255760192871094,21.911383881383404,21.181156088787205,21.820952730410887,185672400
2016-02-08,21.47957420349121,21.635566145722503,21.034202280013222,21.054548380153207,216085600
2016-02-09,21.47504997253418,21.689824119683266,21.23540894659994,21.31679679028144,177324800
2016-02-10,21.312273025512695,21.78251348902781,21.27384035849863,21.685300332866802,169374400
2016-02-11,21.18341827392578,21.41401782406949,20.93247261779755,21.203766104741266,200298800
2016-02-12,21.248973846435547,21.36427358364902,21.027419382584206,21.29419027516161,161405600
2016-02-16,21.848081588745117,21.89555755273619,21.38914554533407,21.48183622031741,196231600
2016-02-17,22.182674407958984,22.2030205087076,21.737302471158245,21.854861744532556,179452800
2016-02-18,21.762174606323242,22.356756552852104,21.72374020173718,22.34545201182724,156084000
2016-02-19,21.712434768676758,21.875210480764,21.65817677292454,21.70339148191296,141496800
2016-02-22,21.90234375,21.906866256857242,21.685309991289156,21.77347990186447,137123200
2016-02-23,21.4072322845459,21.816431114118785,21.375581641641404,21.79382375844853,127770400
2016-02-24,21.72600555419922,21.789306856288324,21.097511590841503,21.246723281335353,145022800
2016-02-25,21.87520980834961,21.87520980834961,21.53383307403958,21.714695354094964,110330800
2016-02-26,21.90911865234375,22.16006248687138,21.8345128428416,21.974679451788347,115964400
2016-02-29,21.85938262939453,22.207541367755613,21.850339343677703,21.897815300068252,140865200
2016-03-01,22.727527618408203,22.78178563236835,22.024427791259015,22.0764262763929,201628400
2016-03-02,22.77726173400879,22.808912381558407,22.526316082129018,22.723003727471006,132678400
2016-03-03,22.946821212768555,22.994297187608346,22.709439613738525,22.738830734947246,147822800
2016-03-04,23.288192749023438,23.45548924963451,22.917426599112055,23.143503603927808,184220400
2016-03-07,23.03046989440918,23.247503657219692,22.824738949293295,23.148029202453237,143315600
2016-03-08,22.840560913085938,23.00559789558876,22.698133012307633,22.784041658436184,126247600
2016-03-09,22.860904693603516,22.96489989676454,22.66873788195745,22.90385814664647,108806800
2016-03-10,22.872207641601562,23.11410994109159,22.641609881038267,22.926467358653316,134054400
2016-03-11,23.118633270263672,23.123154051097146,22.94681427647251,23.11411076459966,109632800
2016-03-14,23.177412033081055,23.26558364517761,23.01011554504175,23.03950665735078,100304400
2016-03-15,23.643138885498047,23.778784773873998,23.47810187600609,23.5029704901053,160270800
2016-03-16,23.95738410949707,24.03424947487254,23.645396691646013,23.64991919833335,153214000
2016-03-17,23.918949127197266,24.070420314872738,23.72904353569829,23.8556461134771,137682800
2016-03-18,23.946073532104492,24.077198595692938,23.781038301062566,24.04102545063523,176820800
2016-03-21,23.943819046020508,24.337192594788167,23.76973876722751,23.948339827689416,142010800
2016-03-22,24.126943588256836,24.25580744062793,23.785566752216166,23.7946100413969,129777600
2016-03-23,23.993558883666992,24.206071881993157,23.94156212333048,24.072687238247955,102814000
2016-03-24,23.889558792114258,24.02068388043272,23.713218988776717,23.844344077095183,104532000
2016-03-28,23.78103256225586,24.007109489818465,23.751641457781474,23.964154321635945,77645600
2016-03-29,24.343978881835938,24.368847497435848,23.71096239810742,23.71322365175227,124760400
2016-03-30,24.76900291442871,24.96342933008116,24.551969137037148,24.563273680322276,182404400
2016-03-31,24.640127182006836,24.84585804181008,24.615258578627756,24.80516412035616,103553600
2016-04-01,24.866209030151367,24.86847028312969,24.461530988564398,24.59265606401662,103496000
2016-04-04,25.121681213378906,25.363583576296314,24.929514350220664,24.963426251062174,149424800
2016-04-05,24.825519561767578,25.03351175238245,24.73734965290633,24.757697483706366,106314800
2016-04-06,25.085508346557617,25.09003085329812,24.68761227010977,24.92047307197915,105616400
2016-04-07,24.538406372070312,24.963430659831737,24.443454412809448,24.857174156683573,127207600
2016-04-08,24.565526962280273,24.816470838432103,24.454747993494127,24.622046210702788,94326800
2016-04-11,24.64691734313965,25.006380722002575,24.60396387981668,24.6356145264045,117630000
2016-04-12,24.967945098876953,24.981509167293467,24.5655283041007,24.719259012369672,108929200
2016-04-13,25.329668045043945,25.397490112175344,25.04933303960668,25.04933303960668,133029200
2016-04-14,25.343231201171875,25.408793737753513,25.169152671154205,25.234715207735842,101895600
2016-04-15,24.834558486938477,25.38844818035454,24.807430350412904,25.345492997748178,187756000
2016-04-18,24.29875946044922,24.63109123908705,24.176677659695585,24.617527169502473,243286000
2016-04-19,24.169898986816406,24.416322150976796,24.01616651909479,24.389192283203197,129539600
2016-04-20,24.219627380371094,24.43666108435248,23.977725069438975,24.108850137937278,122444000
2016-04-21,23.95738410949707,24.174417860054238,23.855648407003102,24.174417860054238,126210000
2016-04-22,23.89182472229004,24.072687067432923,23.6521835810822,23.740353500010787,134732400
2016-04-25,23.75617218017578,23.885036004470937,23.627308355880622,23.73808560575489,112126400
2016-04-26,23.59113121032715,23.805905364320044,23.491658517525856,23.491658517525856,224064800
2016-04-27,22.114856719970703,22.316065154282096,21.631051976252184,21.70339656246717,458408400
2016-04-28,21.438880920410156,22.128414690369752,21.307755855035232,22.067374663291364,328970800
2016-04-29,21.192461013793945,21.414017269485193,20.91438722355462,21.248980273172936,274126000
2016-05-02,21.169849395751953,21.269323824191165,20.88951440858666,21.244455217081363,192640400
2016-05-03,21.51801109313965,21.644613673926738,21.17889555903354,21.296454851931436,227325200
2016-05-04,21.294189453125,21.68078084844939,21.21054035683375,21.522525941262998,164102000
2016-05-05,21.207763671875,21.396550491732608,21.080390268275877,21.38062881628272,143562000
2016-05-06,21.089494705200195,21.25553483492483,20.891609480049286,21.237339868680785,174799600
2016-05-09,21.10540771484375,21.328311143924928,21.059915979589853,21.153172735361146,131745600
2016-05-10,21.248703002929688,21.28282137090078,20.950739509002165,21.228233023346398,134747200
2016-05-11,21.041725158691406,21.282825329286673,21.030351788808286,21.26235534589618,114876400
2016-05-12,20.54814338684082,21.103130347906575,20.35026000031779,21.089483696513835,305258800
2016-05-13,20.589092254638672,20.850664154631772,20.470817185557383,20.470817185557383,177571200
2016-05-16,21.35333251953125,21.469334282624654,20.846112220421773,21.014427313211556,245039200
2016-05-17,21.264623641967773,21.539842122301142,21.155446952171033,21.505725491322284,187667600
2016-05-18,21.507999420166016,21.655844521716993,21.35560601279247,21.417019421056718,168249600
2016-05-19,21.426116943359375,21.526197029031923,21.282821876872852,21.526197029031923,121768400
2016-05-20,21.658117294311523,21.705882309485858,21.49889884173168,21.526193879830757,128104000
2016-05-23,21.933340072631836,22.106205210629504,21.760474934634164,21.805966673755872,152074400
2016-05-24,22.267696380615234,22.31091136245209,22.02659450809115,22.11302794242959,140560800
2016-05-25,22.658912658691406,22.686205961289858,22.315457473227085,22.442830846238675,152675200
2016-05-26,22.838607788085938,22.91139284192371,22.43601410331719,22.672565962123095,225324800
2016-05-27,22.82495880126953,22.852253846495472,22.574760293695583,22.61797701480352,145364800
2016-05-31,22.713504791259766,22.836329879454723,22.47695296236566,22.654366400203152,169228800
2016-06-01,22.395069122314453,22.640719293791147,22.36550079504371,22.52244251404356,116693200
2016-06-02,22.226755142211914,22.2540484501803,21.978829937727227,22.199460098911132,160766400
2016-06-03,22.27224349975586,22.35185186766778,22.165340090560306,22.242675173197796,114019600
2016-06-06,22.433734893798828,23.175233684369644,22.188086467543354,22.28816481330216,93170000
2016-06-07,22.52472496032715,22.715786846239617,22.508803281112183,22.574765019383577,89638000
2016-06-08,22.504249572753906,22.645269630433198,22.445111177577044,22.522444533680854,83392400
2016-06-09,22.665740966796875,22.74307432160156,22.39507075431559,22.404169102292457,106405600
2016-06-10,22.479223251342773,22.59749827322753,22.39961489667688,22.41098652715373,126851600
2016-06-13,22.14032745361328,22.545196225347734,22.085739088173238,22.447391130629033,152082000
2016-06-14,22.167619705200195,22.39962326586097,22.006127915301978,22.13577635143619,127727600
2016-06-15,22.094831466674805,22.38369836536012,22.069811444416,22.249499906396323,117780800
2016-06-16,22.188085556030273,22.233575553567107,21.85145367412832,21.937885363581174,125307200
2016-06-17,21.683143615722656,21.983382180768608,21.67632028804725,21.9765588530932,244032800
2016-06-20,21.630828857421875,21.965185801011977,21.614907180838184,21.835537367306898,137647600
2016-06-21,21.815059661865234,21.91513799268005,21.535291174833038,21.594429553495416,142185600
2016-06-22,21.733171463012695,22.037958163599306,21.687679745165113,21.89238813715024,116876400
2016-06-23,21.858280181884766,21.90149690056784,21.664945061213388,21.821888525624615,128960800
2016-06-24,21.244152069091797,21.530743895132012,21.073561985670825,21.132700367149738,301245600
2016-06-27,20.934812545776367,21.16454098104903,20.811987493313712,21.15316761615492,181958400
2016-06-28,21.287372589111328,21.303296000297614,20.957565702712195,21.130430851504904,161779600
2016-06-29,21.471614837646484,21.50573321621291,21.296474637494146,21.373809744600234,146124000
2016-06-30,21.744552612304688,21.783219287907485,21.44886412581391,21.480707474584726,143345600
2016-07-01,21.810510635375977,21.942434049551338,21.683137261872627,21.719528910588412,104106000
2016-07-05,21.605802536010742,21.69905928263454,21.485252486244054,21.696784262261932,110820800
2016-07-06,21.728633880615234,21.75820394800162,21.464788707162878,21.517102043514402,123796400
2016-07-07,21.82188606262207,21.949259448154788,21.749101022984483,21.767295981394707,100558400
2016-07-08,21.99020767211914,22.037972705879294,21.846912570838672,21.94699094547925,115648400
2016-07-11,22.058433532714844,22.210826908309258,22.001570177463325,22.006118482337417,95179600
2016-07-12,22.158512115478516,22.22219879644734,22.090277129582738,22.10164875956608,96670000
2016-07-13,22.03342056274414,22.215382316531976,22.026595500252867,22.15624565760046,103568800
2016-07-14,22.470129013061523,22.51561901394798,22.13577212701593,22.15169380085942,155676000
2016-07-15,22.467849731445312,22.586126487850887,22.40416304814937,22.49969307309328,120548000
2016-07-18,22.706682205200195,22.774917210646212,22.426913650407556,22.449658652222894,145975600
2016-07-19,22.71578025817871,22.74534858662166,22.595228452990415,22.645268497534165,95119600
2016-07-20,22.73624610900879,22.849972831283942,22.68620607355459,22.74534445503065,105104000
2016-07-21,22.61570167541504,22.972803602596557,22.5474649309773,22.706683422887863,130808000
2016-07-22,22.440561294555664,22.58613138373862,22.360951187847068,22.577033036248142,113254800
2016-07-25,22.14032745361328,22.48150777444603,22.044797380259997,22.347311014544914,161531600
2016-07-26,21.98792839050293,22.28361862067683,21.931065018187365,22.022046760958748,224959200
2016-07-27,23.416330337524414,23.73476549220927,23.37084034485457,23.71656880100854,369379200
2016-07-28,23.732494354248047,23.757514374908947,23.386765841538203,23.38904086214345,159479200
2016-07-29,23.70292091369629,23.780255979598845,23.5823708776115,23.698372608799385,110934800
2016-08-01,24.121440887451172,24.144185887101667,23.748417340119882,23.748417340119882,152671600
2016-08-02,23.764347076416016,24.125997378960307,23.65516861158533,24.121449071619907,135266400
2016-08-03,24.062307357788086,24.073678992242918,23.830303802652377,23.839402151415797,120810400
2016-08-04,24.210947036743164,24.240675539017396,24.076021614689463,24.14462799807037,109634800
2016-08-05,24.579133987426758,24.61801012849132,24.281841949882754,24.302422820540578,162213600
2016-08-08,24.782663345336914,24.782663345336914,24.505953931304926,24.588279156253062,112148800
2016-08-09,24.88328742980957,24.9130176838201,24.7003399389186,24.750651065951914,105260800
2016-08-10,24.69805145263672,24.903868897021987,24.64316738237836,24.860418063003667,96034000
2016-08-11,24.682043075561523,24.910728732985522,24.663747804231658,24.816966775969792,109938000
2016-08-12,24.73920249938965,24.798661230026866,24.64772793180907,24.64772793180907,74641600
2016-08-15,25.03650665283203,25.050227234023364,24.71634638208043,24.73006696327176,103472800
2016-08-16,25.013633728027344,25.208017910453925,24.97475758943519,25.070805135862713,135177600
2016-08-17,24.9770450592041,25.011348253023485,24.775800585987955,24.949602155202015,101424000
2016-08-18,24.945030212402344,25.063945978389675,24.93130788748355,24.979333407599857,87938800
2016-08-19,25.009065628051758,25.084532319750394,24.780379952407344,24.874140172160267,101472400
2016-08-22,24.814682006835938,24.94960571176383,24.663748630408303,24.894721640668855,103280800
2016-08-23,24.89242935180664,24.99991187220738,24.819250023302512,24.83297060216803,85030800
2016-08-24,24.70490837097168,24.869562304003725,24.624868749284683,24.828398820745715,94700400
2016-08-25,24.59971046447754,24.670602443725805,24.396180415569614,24.55854698578084,100344800
2016-08-26,24.455642700195312,24.686613938501324,24.311569631542795,24.56312522927482,111065200
2016-08-29,24.428197860717773,24.56998357323382,24.306994761264573,24.382461434606956,99881200
2016-08-30,24.240676879882812,24.35501969535396,24.12633406441167,24.194940451587517,99455600
2016-08-31,24.263547897338867,24.371030435457087,24.15835270431955,24.16292739451736,118649600
2016-09-01,24.40761947631836,24.423627401559532,24.15377827268476,24.272694039514473,106806000
2016-09-02,24.636306762695312,24.698051122819795,24.428201975947808,24.62944472736316,107210000
2016-09-06,24.629440307617188,24.766653073907662,24.58599122670915,24.67517847795828,107521600
2016-09-07,24.780378341674805,24.871852954933342,24.485373629900923,24.659175220618827,169457200
2016-09-08,24.130908966064453,24.531108852664694,24.066877263365704,24.526535907357516,212008000
2016-09-09,23.584352493286133,24.17664928520172,23.584352493286133,23.929668343134992,186228000
2016-09-12,24.112619400024414,24.176651113238844,23.447143213260162,23.4745861238092,181171200
2016-09-13,24.686614990234375,24.878711841710718,24.524248389610946,24.585994491587748,248704800
2016-09-14,25.56019401550293,25.848338419451043,24.83526093273847,24.86499118349854,443554800
2016-09-15,26.429203033447266,26.465793578425636,25.953536417127733,26.038150743840305,359934400
2016-09-16,26.28055191040039,26.557261310484716,26.0793091861753,26.326290082769418,319547600
2016-09-19,25.974117279052734,26.56869963689273,25.89865059368618,26.342301325526172,188092000
2016-09-20,25.97182846069336,26.09760626250278,25.729422236914832,25.852912693764175,138057200
2016-09-21,25.96725082397461,26.06787130250994,25.713409665990444,26.03585545778515,144012800
2016-09-22,26.21194839477539,26.285127728976082,26.070162671440883,26.150202295608366,124296000
2016-09-23,25.775165557861328,26.2508322421979,25.509891047768583,26.166217903386066,209924800
2016-09-26,25.81403350830078,25.93066366912903,25.509882943782042,25.53046381318725,119477600
2016-09-27,25.862056732177734,25.882639345878555,25.690542511846697,25.84147586320979,98429600
2016-09-28,26.058727264404297,26.21652090998505,25.939811502552825,25.999270255845023,118564400
2016-09-29,25.653955459594727,26.024426828753022,25.567055543500654,25.878068157050905,143548000
2016-09-30,25.85291290283203,25.926092239549394,25.567055846165303,25.71798746482417,145516400
2016-10-03,25.731712341308594,25.852917219146967,25.676828265790565,25.775163179490903,86807200
2016-10-04,25.841482162475586,26.141059848699363,25.756867831715706,25.855202745132157,118947200
2016-10-05,25.85291290283203,25.992411286064037,25.770585930933372,25.932952529752114,85812400
2016-10-06,26.04500389099121,26.147911717233303,25.871202339482174,26.001553066930768,115117200
2016-10-07,26.083885192871094,26.19822802011634,25.95810912974117,26.141056606493716,97433600
2016-10-10,26.538969039916992,26.69904828893821,26.234816722043714,26.303421366738682,144944000
2016-10-11,26.59614372253418,27.142702326110225,26.573273760088448,26.916302259976334,256164000
2016-10-12,26.833974838256836,26.980335267618475,26.69905113466278,26.83626218341035,150347200
2016-10-13,26.751644134521484,26.8568393085417,26.463499769759196,26.708193309155366,140769600
2016-10-14,26.900293350219727,27.023783815035245,26.78595052110163,26.957464764778777,142608800
2016-10-17,26.881996154785156,26.948313451257732,26.70590724492482,26.831685037682202,94499600
2016-10-18,26.863697052001953,27.032923903324484,26.85912236306391,27.02606361465004,98214000
2016-10-19,26.783660888671875,26.930019548331323,26.024424687413664,26.813389391663282,80138400
2016-10-20,26.769943237304688,26.84312257990728,26.603003679836185,26.724206802452997,96503200
2016-10-21,26.66474723815918,26.735640978196923,26.591567897760907,26.71277101672682,92770800
2016-10-24,26.904863357543945,26.925444225731134,26.756217356616183,26.779085569512883,94154800
2016-10-25,27.042078018188477,27.06723357917939,26.82711294962361,26.97347162553453,192516000
2016-10-26,26.433773040771484,26.458928601464468,25.912370045922412,26.141055692416426,264536800
2016-10-27,26.1799373626709,26.495522972347178,26.093035687812257,26.388040423800923,138248000
2016-10-28,26.006134033203125,26.346875184613896,25.944387926768172,26.040437231807747,151446800
2016-10-31,25.964969635009766,26.122763296228115,25.887215604578586,25.990125196790462,105677600
2016-11-01,25.496158599853516,26.017561520279223,25.276620619923364,25.94666953829954,175303200
2016-11-02,25.51902961730957,25.692831191466432,25.43670439242786,25.475580532320077,113326800
2016-11-03,25.245502471923828,25.62017331781611,25.181142007961093,25.509841594934596,107730400
2016-11-04,25.01793670654297,25.34203982636608,24.85014005529243,24.94668073850706,123348000
2016-11-07,25.378820419311523,25.40180604772153,25.160452565188898,25.302966267236577,130240000
2016-11-08,25.52822494506836,25.67993323177175,25.215615524307584,25.355830121282235,97016800
2016-11-09,25.486848831176758,25.587987683875674,24.836347061719003,25.256989077727034,236705600
2016-11-10,24.776582717895508,25.535118842363453,24.326057817339162,25.535118842363453,228538000
2016-11-11,24.923696517944336,25.02483538436414,24.49156075416235,24.622580761255733,136575600
2016-11-14,24.298477172851562,24.781182360897954,23.92380636217132,24.758196733598787,204702000
2016-11-15,24.62027359008789,24.751293554170335,24.401907567847285,24.496149136690246,129058000
2016-11-16,25.282272338867188,25.337439939184023,24.50304795972101,24.5260335830077,235362000
2016-11-17,25.2730770111084,25.365021255298394,25.015635231805124,25.240896788695487,110528000
2016-11-18,25.29836654663086,25.408700011438132,25.206424038597554,25.220215064064362,113715600
2016-11-21,25.682235717773438,25.741998001934082,25.286876589000848,25.312161306796146,117058400
2016-11-22,25.698326110839844,25.840838063198525,25.6063818409268,25.732803677577536,103862000
2016-11-23,25.56730079650879,25.631661245999794,25.360426670508605,25.597181932717977,109705600
2016-11-25,25.696020126342773,25.714409326128887,25.502937035969804,25.54431185864325,45903600
2016-11-28,25.64544677734375,25.85232085903765,25.60407196100497,25.61326655949029,108776000
2016-11-29,25.62017250061035,25.751192513409958,25.300667526350065,25.46386777010459,114115200
2016-11-30,25.404102325439453,25.79026682920152,25.346637379961116,25.652351310791705,144649200
2016-12-01,25.167339324951172,25.50063695889141,25.06160406808785,25.369616993463985,148347600
2016-12-02,25.261585235595703,25.30525739275054,25.020231812289612,25.09378685736632,106112000
2016-12-05,25.07999610900879,25.291466646708102,24.882316594384022,25.28457113517083,137298000
2016-12-06,25.2730770111084,25.36732034366806,25.09838487620706,25.169640832451275,104782000
2016-12-07,25.521329879760742,25.55810828458429,25.09149323395342,25.114478860122706,119994800
2016-12-08,25.771879196166992,25.84313516687226,25.422491348076566,25.482255381982473,108273200
2016-12-09,26.192514419555664,26.364909209733586,25.815544618661853,25.815544618661853,137610400
2016-12-12,26.043113708496094,26.433874632014717,25.856926094665106,26.04081461966854,105497600
2016-12-13,26.477540969848633,26.64533757870418,26.146542421095145,26.167228953547017,174935200
2016-12-14,26.477540969848633,26.70969801791948,26.429270640437156,26.443061662071738,136127200
2016-12-15,26.622360229492188,26.831533475621246,26.486743798109075,26.5212213629075,186098000
2016-12-16,26.656835556030273,26.77866094325025,26.583280505990434,26.771765431323193,177404400
2016-12-19,26.810842514038086,26.980938246977622,26.60626746604154,26.617761155624148,111117600
2016-12-20,26.882095336914062,27.00851889278205,26.820033980018344,26.833825002952814,85700000
2016-12-21,26.907381057739258,26.98553428257856,26.843020610042583,26.847618786987013,95132800
2016-12-22,26.730388641357422,26.780958063359915,26.58097946372022,26.744179664197883,104343600
2016-12-23,26.783260345458984,26.783260345458984,26.569490683491168,26.569490683491168,56998000
2016-12-27,26.953353881835938,27.077478353160902,26.776360898141007,26.78325640982173,73187600
2016-12-28,26.83843231201172,27.128054414328634,26.70970962395744,27.01312450759269,83623600
2016-12-29,26.831531524658203,26.91887760528146,26.755677380235163,26.76716931643538,60158000
2016-12-30,26.622360229492188,26.93956610147463,26.532715053634302,26.81314427193476,122345200
2017-01-03,26.698209762573242,26.739584586867494,26.37870485695846,26.617759202470722,115127600
2017-01-04,26.6683292388916,26.780961786716674,26.606267873790532,26.629253499617192,84472400
2017-01-05,26.803951263427734,26.861416213095715,26.620062723013763,26.64534744116296,88774400
2017-01-06,27.10276985168457,27.160234801667425,26.771771178602183,26.84302715539977,127007600
2017-01-09,27.351009368896484,27.452148213448933,27.109657699428972,27.111955034121088,134247600
2017-01-10,27.37859344482422,27.440654802259388,27.192407618828085,27.30044022223815,97848400
2017-01-11,27.525707244873047,27.567082073301073,27.261368160676803,27.29354838793295,110354400
2017-01-12,27.410776138305664,27.422269827680637,27.17172177957063,27.330325573753196,108344800
2017-01-13,27.36250877380371,27.49582786880538,27.309640252099264,27.378598888463156,104447600
2017-01-17,27.58316993713379,27.638335785974654,27.174019863656817,27.201601911231894,137759200
2017-01-18,27.580875396728516,27.698104379325947,27.51651493685259,27.5831744856358,94852000
2017-01-19,27.5325984954834,27.603854451421988,27.438356917018545,27.445252428407365,102389200
2017-01-20,27.58316993713379,27.686606122921752,27.52110857639915,27.686606122921752,130391600
2017-01-23,27.6015625,27.769359155489322,27.530304776473134,27.583173296916232,88200800
2017-01-24,27.57627296447754,27.606154098997923,27.468238607356017,27.479732295697268,92844000
2017-01-25,28.015300750732422,28.06587016739159,27.647525566425397,27.67970578544661,129510400
2017-01-26,28.029098510742188,28.144028385883903,27.950945283726647,27.967035396098858,105350400
2017-01-27,28.03139877319336,28.123343033647554,27.95094820293003,28.075072691489556,82251600
2017-01-30,27.957849502563477,27.957849502563477,27.734886948451486,27.79694832873188,121510000
2017-01-31,27.89348030090332,27.90267490134263,27.725683665535442,27.847509052397502,196804000
2017-02-01,29.594446182250977,29.994403455449152,29.194490662743725,29.199087086643175,447940000
2017-02-02,29.54387664794922,29.741556195064256,29.371481816420356,29.417454823709267,134841600
2017-02-03,29.670297622680664,29.695582336048417,29.45882706877832,29.493304629106387,98029200
2017-02-06,29.948427200317383,29.996699294153608,29.62892226767109,29.6817925388683,107383600
2017-02-07,30.233457565307617,30.362178485109563,29.98520857395443,30.005895113055026,152735200
2017-02-08,30.350685119628906,30.39206170565568,30.16220191572174,30.19208481077541,92016400
2017-02-09,30.56999969482422,30.57692510402699,30.26988571321244,30.392239305912927,113399600
2017-02-10,30.500734329223633,30.690038192895667,30.484576219386202,30.579228151222217,80262000
2017-02-13,30.770849227905273,30.893206365545797,30.646188316894467,30.722371354630223,92141600
2017-02-14,31.17022132873535,31.186379439397946,30.761604655800852,30.812393328033973,132904800
2017-02-15,31.283342361450195,31.45879543989374,31.07788035321102,31.285653179380226,142492400
2017-02-16,31.246410369873047,31.373378552381876,31.12867136942429,31.3202825748279,90338400
2017-02-17,31.33182144165039,31.357215778896258,31.188691644039906,31.188691644039906,88792800
2017-02-21,31.558069229125977,31.56961275366342,31.391852339036305,31.449566439134408,98028800
2017-02-22,31.652711868286133,31.655019163477846,31.421855535944346,31.495727730547916,83347600
2017-02-23,31.518815994262695,31.738128813968785,31.465720022091123,31.715045293392897,83152800
2017-02-24,31.548830032348633,31.548830032348633,31.23024713812225,31.375687767675753,87106400
2017-02-27,31.611148834228516,31.72888779187423,31.461093660766565,31.65963020312745,81029600
2017-02-28,31.625001907348633,31.72888652502733,31.55805161595121,31.64577812636694,93931600
2017-03-01,32.27141189575195,32.35452033367567,31.765839381187224,31.8327861816255,145658400
2017-03-02,32.079795837402344,32.38452434862909,32.03362175524529,32.319884860714694,104844000
2017-03-03,32.26908493041992,32.2806284469319,31.994365441333528,32.03822869052704,84432400
2017-03-06,32.16752243041992,32.26679249102052,31.996690988707904,32.17444783899807,87000000
2017-03-07,32.20906448364258,32.315256384336635,32.04053688751025,32.10286906036175,69785200
2017-03-08,32.08902359008789,32.27370932246198,32.04747114966208,32.07748007132938,74828800
2017-03-09,32.015159606933594,32.040553948462716,31.638866120296644,32.02901394806746,88623600
2017-03-10,32.12135314941406,32.17214182940908,32.0059249717142,32.14674748941157,78451200
2017-03-13,32.135196685791016,32.18829264917748,32.047473685975916,32.054399093261644,69686800
2017-03-14,32.08671951293945,32.23908199903327,32.052088953191266,32.15828440479625,61236400
2017-03-15,32.426082611083984,32.49302939880526,32.09595621777302,32.18368275296958,102767200
2017-03-16,32.47917556762695,32.55535857439694,32.379905520288666,32.486100975279875,76928000
2017-03-17,32.31758499145508,32.55074866053692,32.2944979450717,32.55074866053692,175540000
2017-03-20,32.656925201416016,32.666157901061226,32.37296949046595,32.41221462848474,86168000
2017-03-21,32.28294372558594,32.966279914613274,32.257549392013594,32.806988506076536,158119600
2017-03-22,32.647705078125,32.689261053486796,32.26448268602448,32.28526243499958,103440800
2017-03-23,32.53227615356445,32.68464218874113,32.460711249263134,32.61076646650214,81385200
2017-03-24,32.46763229370117,32.72157565152801,32.40068551168565,32.666168867296385,89582400
2017-03-27,32.52303695678711,32.60152725405525,32.001299459750086,32.179059798635386,94300400
2017-03-28,33.19715118408203,33.2525544658913,32.463025996807076,32.529976325778776,133499200
2017-03-29,33.27101516723633,33.35643440986911,33.056320458176856,33.1694378122708,116760000
2017-03-30,33.227149963378906,33.35873976262738,33.127883432090165,33.287174863774936,84829200
2017-03-31,33.164817810058594,33.305640297811806,33.01475909740384,33.178668624823224,78646800
2017-04-03,33.17406463623047,33.271023903450974,33.02400938227737,33.176375454733524,79942800
2017-04-04,33.42106628417969,33.44876791191297,33.051694808994476,33.070163735012486,79565600
2017-04-05,33.2479248046875,33.58035843522584,33.19944343248918,33.29409535946504,110871600
2017-04-06,33.164817810058594,33.36335437438955,33.1163364357947,33.310254887674894,84596000
2017-04-07,33.09095001220703,33.28486851044707,33.07479189864796,33.18098385228909,66688800
2017-04-10,33.051700592041016,33.21561013751287,32.989368396147434,33.15097064643362,75733600
2017-04-11,32.69618225097656,33.09325540952474,32.33373613194622,32.99860347139208,121517600
2017-04-12,32.735435485839844,32.81623310552677,32.553056972447905,32.68926491422034,81400000
2017-04-13,32.56229019165039,32.869329572304196,32.56229019165039,32.7608268015999,71291600
2017-04-17,32.742347717285156,32.753891236191194,32.520724131086446,32.66154660753031,66328400
2017-04-18,32.59691619873047,32.7908346889943,32.57613997247114,32.64539758259062,58790000
2017-04-19,32.476871490478516,32.78160358080456,32.423775513256935,32.75390194444348,69313600
2017-04-20,32.8831672668457,32.99397728878832,32.587671526607345,32.601522339026786,93278400
2017-04-21,32.84393310546875,32.93858152950958,32.74697386352734,32.883178261307776,69283600
2017-04-24,33.16019821166992,33.23176309980541,33.05400276558699,33.12787847113817,68537200
2017-04-25,33.36567306518555,33.45108880046584,33.21330700555945,33.222543233615575,75486000
2017-04-26,33.16943359375,33.38182450307761,33.10017951743427,33.35181205494892,80164800
2017-04-27,33.194820404052734,33.28023961645743,33.084010384480194,33.224832845377655,56985200
2017-04-28,33.16250991821289,33.31256864410618,33.07478690943521,33.26408726556515,83441600
2017-05-01,33.83891296386719,33.98204272608886,33.46492692833977,33.49724666569909,134411600
2017-05-02,34.053619384765625,34.187516492302215,33.898946050866904,34.060544793553,181408800
2017-05-03,33.949729919433594,34.04899996896599,33.305642335360965,33.610370846588346,182788000
2017-05-04,33.82737731933594,33.96819981973374,33.66116048206023,33.82507002419722,93487600
2017-05-05,34.38836669921875,34.392981290391695,33.8804798630999,33.8804798630999,109310800
2017-05-08,35.323333740234375,35.48262520742203,34.40452632623706,34.40452632623706,195009600
2017-05-09,35.5495719909668,35.755034009575716,35.42490758445576,35.5218668325263,156521600
2017-05-10,35.38103485107422,35.538018964961594,35.1155515182517,35.4664540764227,103222800
2017-05-11,35.687034606933594,35.7148541231763,35.3068675648166,35.33932071949261,109020400
2017-05-12,36.185428619384766,36.259605746800744,35.853939522534674,35.86089351769465,130108000
2017-05-15,36.092689514160156,36.31290753319906,35.942014958272345,36.164549795802884,104038800
2017-05-16,36.03937530517578,36.17614187932493,35.865518411455746,36.148325908210545,80194000
2017-05-17,34.82933807373047,35.8307556815588,34.70416264131606,35.60590043731387,203070800
2017-05-18,35.36017608642578,35.54562416578141,35.03332778161628,35.06578093021892,134272800
2017-05-19,35.48073196411133,35.69399610209961,35.38105565992162,35.55491264017472,107843200
2017-05-22,35.69629669189453,35.833063258380626,35.44594235450977,35.69861351031507,91865600
2017-05-23,35.652259826660156,35.907247854130745,35.5386720320429,35.907247854130745,79675600
2017-05-24,35.54561996459961,35.73802201469214,35.39030823342003,35.66152455835698,76712000
2017-05-25,35.66847229003906,35.77974322724628,35.47375345561675,35.63601915096868,76942400
2017-05-26,35.60821533203125,35.75425627622943,35.53867185683554,35.69862078864725,87710400
2017-05-30,35.62211608886719,35.79828979142458,35.543301816969986,35.5641637941556,80507600
2017-05-31,35.411170959472656,35.73802276968402,35.32308587160289,35.69166163862716,97804800
2017-06-01,35.5085334777832,35.54330698193968,35.28599861454439,35.50621665902392,65616400
2017-06-02,36.03473663330078,36.03473663330078,35.441305693340496,35.601254594855675,111082800
2017-06-05,35.68239212036133,35.80293390712862,35.57344503933726,35.77743475102646,101326800
2017-06-06,35.80292892456055,36.11818956652802,35.647617190689985,35.6754331617929,106499600
2017-06-07,36.01619338989258,36.15759713991396,35.809883348431306,35.935062294156516,84278400
2017-06-08,35.92811584472656,36.055608098669595,35.79134570314363,35.98838497453833,85003200
2017-06-09,34.534934997558594,35.974471743082624,33.84878171909158,35.974471743082624,259530800
2017-06-12,33.70969009399414,33.86500181812476,33.035124540031404,33.7838707284533,289229200
2017-06-13,33.980918884277344,34.18027499117992,33.64711298089362,34.11305186150366,136661600
2017-06-14,33.64943313598633,34.19186595717574,33.34344321400546,34.19186595717574,126124800
2017-06-15,33.44774627685547,33.49179058864316,32.96558627709412,33.2228946180029,128661600
2017-06-16,32.979496002197266,33.49642952980472,32.963267660313086,33.32952662218773,201444400
2017-06-19,33.92295837402344,34.015684178746284,33.30171139945538,33.30171139945538,130165600
2017-06-20,33.61466598510742,34.04583143312843,33.598441173093406,34.04583143312843,99600400
2017-06-21,33.81401443481445,33.86037911488633,33.52193605085544,33.73288331894563,85063200
2017-06-22,33.75838851928711,34.006422623841296,33.64016351592703,33.79084167886791,76425200
2017-06-23,33.9090461730957,34.11303938100419,33.637829860105015,33.64246703404675,141757600
2017-06-26,33.802406311035156,34.372654744100586,33.70040973611254,34.11534648904629,102769600
2017-06-27,33.31793212890625,33.88123027016685,33.29243297786767,33.614647593467595,99047600
2017-06-28,33.80474090576172,33.86964720809466,33.185810677504435,33.49411738215002,88329600
2017-06-29,33.30634307861328,33.6424692374205,32.98181162398346,33.54510980103156,125997600
2017-06-30,33.385169982910156,33.603071249121264,33.32953448819821,33.484846264999454,92096400
2017-07-03,33.26462173461914,33.681879021294286,33.171899465192595,33.584519577258064,57111200
2017-07-05,33.401390075683594,33.563655824273084,33.08381257222072,33.30866780138332,86278400
2017-07-06,33.08613586425781,33.26462999119196,33.01195873773074,33.15336253283698,96515200
2017-07-07,33.42225646972656,33.55438944203502,33.12554090823532,33.12554090823532,76806800
2017-07-10,33.626243591308594,33.83255364767231,33.23448545866642,33.406025548221365,84362400
2017-07-11,33.735198974609375,33.809379630463184,33.468619759032514,33.54975087210322,79127200
2017-07-12,33.783878326416016,33.88587141604451,33.570614260074045,33.81401112095547,99538000
2017-07-13,34.25444412231445,34.42134701782428,33.714328298946185,33.728236284050766,100797600
2017-07-14,34.54884719848633,34.616073858148916,34.152455383178136,34.300813153683656,80528400
2017-07-17,34.669395446777344,34.98001903392579,34.43990652270493,34.49785884286526,95174000
2017-07-18,34.7899284362793,34.801519604796255,34.46307658459224,34.58593518919041,71475200
2017-07-19,35.00782775878906,35.10055002760471,34.759790207159064,34.882648805047324,83692000
2017-07-20,34.8502082824707,35.174743415150814,34.81543830335063,35.1191079114296,68974800
2017-07-21,34.83397674560547,34.87338389337596,34.5117620318318,34.76907043902721,105010400
2017-07-24,35.255855560302734,35.33699018406429,34.74819291574987,34.90582498951104,85972800
2017-07-25,35.40654373168945,35.661531767224204,35.18864248543714,35.18864248543714,75415600
2017-07-26,35.573455810546875,35.68240292455881,35.4807299706773,35.54795664672388,63124000
2017-07-27,34.90119552612305,35.696302988408995,34.14549874382941,35.640667502356315,129905200
2017-07-28,34.65546798706055,34.824687676468045,34.583607716372164,34.745873414237366,68854800
2017-07-31,34.47697830200195,34.847874404325744,34.33789491647606,34.748194617761186,79383600
2017-08-01,34.78297805786133,34.82238520521248,34.402811036036134,34.56275998166212,141474400
2017-08-02,36.4265022277832,37.031524459021355,36.19933017298446,36.9225738380496,279747200
2017-08-03,36.06255340576172,36.44272029391617,35.935057657908395,36.40562997869936,108389200
2017-08-04,36.252647399902344,36.48677346215096,36.090381637099924,36.178470281390524,82239600
2017-08-07,36.813629150390625,36.839128311262435,36.31755746017154,36.407962932875485,87481200
2017-08-08,37.10800552368164,37.513671496468035,36.68843156919711,36.76492900566345,144823600
2017-08-09,37.33519744873047,37.38387894784038,36.88317011611761,36.9179400889615,104526000
2017-08-10,36.14599609375,37.23512169895586,35.98541906326039,37.21184832748684,163217200
2017-08-11,36.64867401123047,36.90234102138387,36.32054214207355,36.44388322040585,105028400
2017-08-14,37.200218200683594,37.28399737332113,36.94422529789718,37.0768771341642,88490800
2017-08-15,37.60749435424805,37.74712400433111,37.267722125441615,37.38873732966279,117862000
2017-08-16,37.456214904785156,37.81925687380376,37.270038534488236,37.68660856251723,110686400
2017-08-17,36.73711013793945,37.400362308938035,36.732454752422,37.35614502406897,111762400
2017-08-18,36.653316497802734,37.118755437457374,36.47179559541881,36.73709564898126,109712400
2017-08-21,36.585838317871094,36.74408589137797,36.09712589188919,36.653325418097694,105474000
2017-08-22,37.183937072753906,37.23513566837947,36.77435185876866,36.82322098576263,86418400
2017-08-23,37.230472564697266,37.34450642241073,36.974483190652286,37.01870047325585,77596400
2017-08-24,37.06524658203125,37.40734463100248,36.89768820902417,37.33519858208151,79275600
2017-08-25,37.202552795410156,37.365455793809865,37.065249093260334,37.15368012038072,101920400
2017-08-28,37.57721710205078,37.70055815018912,37.21882709155933,37.2676997479055,103864000
2017-08-29,37.912330627441406,37.96119972875437,37.235116101108325,37.25838946907847,118067600
2017-08-30,38.01472091674805,38.14038784850346,37.84250725743747,38.119443951713684,109078400
2017-08-31,38.16599655151367,38.28701168120585,38.0449814218215,38.08221739265257,107140400
2017-09-01,38.17764663696289,38.38476691476252,38.07990484248632,38.35218631660367,66364400
2017-09-05,37.71918487548828,38.224185869992446,37.365450167215954,38.107826095654566,117874000
2017-09-06,37.67962646484375,37.930964026792125,37.356146404293476,37.865802831215014,86606800
2017-09-07,37.528350830078125,37.75641853046921,37.318904669575105,37.721508469706514,87714000
2017-09-08,36.91630554199219,37.50275628603585,36.89303216520465,37.43526917498196,114446000
2017-09-11,37.584205627441406,37.71220208436392,37.2095270268237,37.35148608795261,126323200
2017-09-12,37.43525695800781,38.15668879075786,36.948874080640124,37.84251606174984,286856000
2017-09-13,37.1536750793457,37.22582112336586,36.74874533126742,37.20487366489882,179629600
2017-09-14,36.83484649658203,37.09549123082952,36.79062921823258,37.00007892341132,95042800
2017-09-15,37.207210540771484,37.4608740508664,36.76969655930923,36.8790750546748,196458400
2017-09-18,36.92561340332031,37.35149063859288,36.769691718988625,37.260730149175366,113077600
2017-09-19,36.9395637512207,37.18159401003139,36.87207666138976,37.12108466981991,83242400
2017-09-20,36.320533752441406,36.830186470137654,35.799240798625455,36.74640730882827,211805600
2017-09-21,35.69684982299805,36.25770476231295,35.54790946058853,36.25770476231295,150046800
2017-09-22,35.3477668762207,35.43620142795852,35.0382494961563,35.26631362582871,186581600
2017-09-25,35.03593063354492,35.333811387669186,34.712450585659106,34.90560824749289,177549200
2017-09-26,35.63866424560547,35.820185172327,35.301221679316356,35.32216558216474,146640000
2017-09-27,35.89232635498047,36.00636018473851,35.73174933689874,35.79225867763542,102016800
2017-09-28,35.671234130859375,35.90395356206332,35.53625643463908,35.81319312593445,88022000
2017-09-29,35.86673355102539,35.869063019024054,35.373369273795674,35.65496147322591,105199200
2017-10-02,35.794593811035156,35.94353418263258,35.540930350989605,35.89931689948328,74795200
2017-10-03,35.95050811767578,36.09246715768579,35.81785984643047,35.84112966630654,64921200
2017-10-04,35.71780014038086,35.80623471709769,35.48042872553934,35.7527102079886,80655200
2017-10-05,36.162288665771484,36.173925352810144,35.850445338837886,35.88069646391643,85135200
2017-10-06,36.141353607177734,36.18557089813813,35.96913982949492,36.06455571514429,69630400
2017-10-09,36.26700973510742,36.47412996923933,36.185560032391976,36.260028433475185,65051600
2017-10-10,36.28097915649414,36.769691668700844,36.094806343290436,36.318215139542396,62468000
2017-10-11,36.4322509765625,36.53231869152107,36.24607460227,36.29727319397591,67622400
2017-10-12,36.30425262451172,36.623077296490706,36.24141734683788,36.38570589375628,64500400
2017-10-13,36.534645080566406,36.602132190661905,36.39966730935674,36.4741357221856,65576800
2017-10-16,37.207210540771484,37.235135756262515,36.68824327943471,36.74642317905386,96486000
2017-10-17,37.34450149536133,37.437587882547504,37.05592801345531,37.183924459099835,75989200
2017-10-18,37.17927169799805,37.40035809744781,37.142039271107095,37.33286744361,65496800
2017-10-19,36.299583435058594,36.555576283034995,36.07617472320415,36.47877842864207,170336800
2017-10-20,36.36243438720703,36.71151375732422,36.294947271432726,36.44621357807591,95896400
2017-10-23,36.343814849853516,36.69754959082178,36.18789316395103,36.51137322446907,87937200
2017-10-24,36.560245513916016,36.63471392906621,36.35079577232983,36.37173968118282,71028800
2017-10-25,36.399662017822266,36.66496213617895,36.13436189946558,36.516021781154464,84828400
2017-10-26,36.632381439208984,36.73012321400495,36.485767001505955,36.590490078000336,68002000
2017-10-27,37.94492721557617,38.072923691360785,36.93259564921112,37.069899345498754,177816800
2017-10-30,38.79899978637695,39.11317256791725,38.10084120608133,38.140403099509236,178803200
2017-10-31,39.33890914916992,39.480868209419874,38.850200249880324,39.07360901783604,144187200
2017-11-01,38.83856201171875,39.54835728462217,38.54068129899505,39.53206521312065,134551200
2017-11-02,39.12248229980469,39.21324277903293,38.4638855706281,38.771077070181164,165573600
2017-11-03,40.14411926269531,40.553704360574216,39.822965172267914,40.4931985606318,237594400
2017-11-06,40.55137634277344,40.72359006586679,39.962596241505004,40.11386250903352,140105200
2017-11-07,40.681697845458984,40.78409500021298,40.40010922090348,40.47225170238434,97446000
2017-11-08,41.014495849609375,41.014495849609375,40.57000064516862,40.64679852481168,97638000
2017-11-09,40.93071746826172,40.98191605569224,40.293064593639,40.751522412254914,117930400
2017-11-10,40.79524230957031,40.9610687035548,40.70182129794561,40.89800756062739,100582000
2017-11-13,40.63176727294922,40.755551758229636,40.4986385451282,40.521995587695365,67928400
2017-11-14,40.01750564575195,40.51731561124466,39.980135810403205,40.41455034592742,99130000
2017-11-15,39.48966979980469,39.77928067598578,39.32618122606682,39.69753460722504,116632400
2017-11-16,39.961448669433594,40.14128429391195,39.77460308353181,39.98013002061895,94550000
2017-11-17,39.73956298828125,40.02917379150812,39.62045067823078,39.94742774333957,87598000
2017-11-20,39.69987106323242,39.83533404998422,39.60177791360881,39.77227289530339,65049600
2017-11-21,40.43791198730469,40.56870286213054,39.88671932640713,39.88671932640713,100525200
2017-11-22,40.86297607421875,40.87231674998271,40.41688307609669,40.489284895562776,102355600
2017-11-24,40.865299224853516,40.98908363677367,40.79055958396017,40.89566264943922,56106800
2017-11-27,40.659786224365234,40.89100807834741,40.484619125107635,40.88400167947981,82867200
2017-11-28,40.42156219482422,40.84196038887473,40.13895770201275,40.70883524443442,105715200
2017-11-29,39.583091735839844,40.38652538961808,39.04124336985359,40.31879568028869,166665600
2017-11-30,40.136627197265625,40.204356915053424,39.34019984279144,39.80497431661484,166108800
2017-12-01,39.94977951049805,40.09458318069577,39.35421062507689,39.69286632422728,159037200
2017-12-04,39.6578369140625,40.3164634359694,39.61813279428302,40.28376571592841,130169600
2017-12-05,39.62046813964844,40.059554875264176,39.330857208785076,39.4850051347503,109400800
2017-12-06,39.473331451416016,39.751263895202484,38.87776600191327,39.12066287798593,114240000
2017-12-07,39.54573059082031,39.807312348742876,39.44997171022931,39.47799730892554,102693200
2017-12-08,39.557395935058594,39.93809352249656,39.428942929726325,39.81898119319847,93420800
2017-12-11,40.3281364440918,40.379519077673,39.42193752142367,39.517696389805344,141095200
2017-12-12,40.10157775878906,40.26273202232786,40.04552658105934,40.206677280815214,77636800
2017-12-13,40.234710693359375,40.5313243770046,40.17164954795385,40.28842759896534,95273600
2017-12-14,40.2230339050293,40.43557082231696,40.08990521053588,40.26507229458504,81906000
2017-12-15,40.63176727294922,40.678477794299205,40.27909873840484,40.55235903027581,160677200
2017-12-18,41.203975677490234,41.38614918992754,40.839628652615616,40.84430077348899,117684400
2017-12-19,40.76490020751953,40.96342441582973,40.65980062350208,40.879344035858765,109745600
2017-12-20,40.72051239013672,40.97041559422269,40.46359922352152,40.84195901091509,93902400
2017-12-21,40.87466812133789,41.110562157478896,40.66213469383395,40.67848177420286,83799600
2017-12-22,40.87466812133789,40.97042701593404,40.75555574567405,40.7975941498667,65397600
2017-12-26,39.83766555786133,40.047864621663386,39.62979720830644,39.89138246282705,132742000
2017-12-27,39.84467697143555,39.8867153639745,39.636812159497616,39.72789890711573,85992800
2017-12-28,39.9567756652832,40.13661484956386,39.81664058801304,39.938090750728314,65920800
2017-12-29,39.52470397949219,39.8423404676631,39.52236970108952,39.82599339127674,103999600
2018-01-02,40.23238754272461,40.24173178593631,39.53171898080042,39.741921687648436,102223600
2018-01-03,40.22536087036133,40.76721266246271,40.162303297491356,40.29542840399965,118071600
2018-01-04,40.412208557128906,40.51497380334749,40.19033099212951,40.29776479406131,89738400
2018-01-05,40.872314453125,40.95872906327247,40.41688080483249,40.507967534490994,94640000
2018-01-08,40.72051239013672,41.0147918288002,40.622415680131866,40.72051239013672,82271200
2018-01-09,40.715843200683594,40.88633818873765,40.50097197485756,40.76722583770547,86336000
2018-01-10,40.70649337768555,40.708831219637595,40.405207559899,40.442577393297114,95839600
2018-01-11,40.937721252441406,40.98676961148585,40.753213463964485,40.77656694044623,74670800
2018-01-12,41.36045455932617,41.42351571282372,41.024133159050905,41.147917623904476,101672400
2018-01-16,41.15025329589844,41.897632166104536,41.13857477715793,41.54963226482539,118263600
2018-01-17,41.82990264892578,41.86493464152241,40.88867176747151,41.14090924173439,137547200
2018-01-18,41.86726760864258,42.06345745239051,41.63137721705079,41.89295892367008,124773600
2018-01-19,41.6804313659668,41.942013108967615,41.435196700011545,41.7154633623387,129700400
2018-01-22,41.339439392089844,41.52161290769802,41.24601835570046,41.40950695127393,108434400
2018-01-23,41.34876251220703,41.90929918387385,41.29738345865893,41.40948936747926,130756400
2018-01-24,40.690155029296875,41.40950843945654,40.451926745023115,41.397829918542136,204420400
2018-01-25,39.963783264160156,40.8606378070579,39.82832030240219,40.75787255580819,166116000
2018-01-26,40.05720901489258,40.171652797102226,39.71855335232489,40.171652797102226,156572000
2018-01-29,39.22808837890625,39.74191114188095,39.0202235699117,39.74191114188095,202561600
2018-01-30,38.996864318847656,39.09028533816567,38.466690946570125,38.66054294724928,184192800
2018-01-31,39.104305267333984,39.34019926438187,38.88709975409863,38.97351439091905,129915600
2018-02-01,39.1860466003418,39.38223289119997,38.94781835356621,39.043577220693535,188923200
2018-02-02,37.48576354980469,38.95716806545105,37.39234251164283,38.77032242534317,346375200
2018-02-05,36.5492057800293,38.27518570798291,36.434761975477315,37.15878751717038,290954000
2018-02-06,38.07664489746094,38.2377991521167,35.967633920841486,36.161485881964886,272975200
2018-02-07,37.261558532714844,38.16308570290203,37.15179038575243,38.09068384342706,206434400
2018-02-08,36.236236572265625,37.602541525249535,36.208210973651525,37.43671508461974,217562000
2018-02-09,36.6794548034668,37.02652618717998,35.23253859813122,36.8342311855885,282690400
2018-02-12,38.156856536865234,38.433574681948436,36.937410211584435,37.1695747743934,243278000
2018-02-13,38.53908920288086,38.635238454795484,37.908261368175474,37.97861456660843,130196800
2018-02-14,39.249656677246094,39.28952266255722,38.196716602413595,38.23423521438623,162579600
2018-02-15,40.56760025024414,40.591048937964494,39.63191065718639,39.8171706769248,204588800
2018-02-16,40.436279296875,40.99675777482494,40.28150648157054,40.41986557057159,160704400
2018-02-20,40.300270080566406,40.865432606579574,40.19942960756967,40.3471710450307,135722000
2018-02-21,40.117347717285156,40.83259536786897,40.10327420960197,40.53008115148343,149886400
2018-02-22,40.452693939208984,40.79273036100625,40.267433900844,40.28853879540828,123967600
2018-02-23,41.15623092651367,41.19140576093691,40.69659281293284,40.727080054976184,135249600
2018-02-26,41.96995544433594,42.06844851198474,41.32271375193818,41.35554477448778,152648800
2018-02-27,41.83393859863281,42.32406012321284,41.780002687557435,42.000441078447615,155712400
2018-02-28,41.770626068115234,42.35689694186854,41.75421234437313,42.03796544341421,151128400
2018-03-01,41.0389518737793,42.15990124440952,40.49020331894779,41.86910966865419,195208000
2018-03-02,41.32271957397461,41.34382446752006,40.44096585273092,40.52304520982578,153816000
2018-03-05,41.46575927734375,41.68150648370561,40.92638947228277,41.08820077163233,113605600
2018-03-06,41.43059539794922,41.80111907072272,41.30396244619029,41.7213870796777,95154000
2018-03-07,41.04599380493164,41.238292358234624,40.86776875758587,41.024888913465674,126814000
2018-03-08,41.49390411376953,41.5361138952039,41.055374685629104,41.1515203805562,95096400
2018-03-09,42.206817626953125,42.21150879652509,41.59944177584291,41.73311327128927,128740800
2018-03-12,42.6148681640625,42.77198836793643,42.26076175637478,42.27951928008762,128828400
2018-03-13,42.204463958740234,43.03227806800687,42.033273881705256,42.818874631326786,126774000
2018-03-14,41.84566879272461,42.333446569678834,41.69792739335634,42.286545617307205,117473600
2018-03-15,41.894927978515625,42.26779908740857,41.758916243258284,41.85975314669296,90975200
2018-03-16,41.7471809387207,42.00513799817259,41.65337544393605,41.894918778246705,157618800
2018-03-19,41.109317779541016,41.61820051060324,40.72472419771771,41.58302568659741,133787200
2018-03-20,41.09524154663086,41.461073973434026,41.02488833109644,41.09524154663086,78597600
2018-03-21,40.16425704956055,41.06007732991229,40.16190967530038,41.0483511935547,148219600
2018-03-22,39.596744537353516,40.494908555129875,39.53811743769994,39.866427764434306,165963200
2018-03-23,38.679813385009766,39.84766413405887,38.679813385009766,39.48886659321659,164115200
2018-03-26,40.51601028442383,40.59339847247877,39.031571938963225,39.413821710118775,150164800
2018-03-27,39.47713851928711,41.074139961517155,39.144137060144445,40.72941236810116,163690400
2018-03-28,39.04094314575195,39.871104581868025,38.738428994894235,39.22151554961201,166674000
2018-03-29,39.34580993652344,40.27680835477367,39.13944144734554,39.35284490062601,153594000
2018-04-02,39.087852478027344,39.61784367192837,38.569590996327946,39.078473717905176,150347200
2018-04-03,39.488868713378906,39.57329187918707,38.66574553048491,39.31298741613807,121112000
2018-04-04,40.243980407714844,40.337782321799516,38.63994405999684,38.665740123117175,138422000
2018-04-05,40.523040771484375,40.858385971022656,40.35419448498673,40.47144865181492,107732800
2018-04-06,39.48652267456055,40.4480048978712,39.44430930489733,40.09389852773458,140021200
2018-04-09,39.878150939941406,40.59105484435307,39.83124997936275,39.838284944533854,116070800
2018-04-10,40.62858581542969,40.804467139306006,40.22523102640815,40.56995870747091,113634400
2018-04-11,40.438621520996094,40.78569288629012,40.26508404919231,40.38937319172964,89726400
2018-04-12,40.83728790283203,41.03896524660504,40.579327261385,40.66609779258834,91557200
2018-04-13,40.975643157958984,41.235947570635815,40.76927824238423,40.98736929116872,100497200
2018-04-16,41.23125457763672,41.31802151105579,40.99909005243207,41.04599100081229,86313600
2018-04-17,41.798770904541016,41.962926039032276,41.36962018116944,41.38838127915609,106421600
2018-04-18,41.70496368408203,41.93478444114706,41.47983767421081,41.697928719918146,83018000
2018-04-19,40.523040771484375,41.13041649685922,40.490209747905006,40.748166767939104,139235200
2018-04-20,38.862728118896484,40.152524178994675,38.79471868641738,40.00713013182585,261964400
2018-04-23,38.750160217285156,39.144132519307874,38.48047347353814,39.12302762705238,146062000
2018-04-24,38.2108039855957,39.00578741660262,37.80744920153703,38.8510109947003,134768000
2018-04-25,38.3773078918457,38.79238886628853,38.086519692748105,38.13576446529168,113528400
2018-04-26,38.510963439941406,38.86506977787231,38.311629901195275,38.48751117244882,111852000
2018-04-27,38.065391540527344,38.536751967120935,37.66907191427153,38.45936379350475,142623200
2018-04-30,38.754852294921875,39.22386903924131,37.9528340915333,38.020843523315335,169709600
2018-05-01,39.655357360839844,39.678806045271095,38.757190088094916,39.02452942313891,214277600
2018-05-02,41.40713882446289,41.68385694481844,40.757549728374016,41.092894933040135,266157600
2018-05-03,41.48219299316406,41.625243268091204,40.9076480975209,41.24534078445149,136272800
2018-05-04,43.10967254638672,43.20816562887036,41.78235436081041,41.80111545913781,224805200
2018-05-07,43.421566009521484,44.010180667150244,43.32541672929725,43.42625360003483,169805600
2018-05-08,43.630287170410156,43.67015316776499,43.07215605081431,43.381708846718794,113611200
2018-05-09,43.93748474121094,43.946863500783344,43.43563701372067,43.74753354962685,92844800
2018-05-10,44.56595230102539,44.64334046342072,44.00547765062809,44.02658611550856,111957200
2018-05-11,44.39646911621094,44.74252598594442,44.1280988490821,44.608342648435915,104848800
2018-05-14,44.29288864135742,44.61775924769171,44.224620553416436,44.4953436639537,83115200
2018-05-15,43.890323638916016,44.038634719363614,43.574871631970964,43.97036305701652,94780800
2018-05-16,44.299964904785156,44.36588377258651,43.78676688805345,43.80324750303207,76732400
2018-05-17,44.01980209350586,44.47179384137474,43.871491010321456,44.2575675194664,69176000
2018-05-18,43.85972595214844,44.21284489257208,43.81735340351118,44.066890213339356,73190800
2018-05-21,44.17047119140625,44.55654774584451,44.00097381705662,44.25757271162898,73603200
2018-05-22,44.05982971191406,44.46473973224768,43.970371760969364,44.347033414525384,60962800
2018-05-23,44.34233093261719,44.375288562931686,43.73025655007666,43.86915275622062,80233600
2018-05-24,44.29288864135742,44.455323944524565,43.836191117930454,44.43884692692997,92936000
2018-05-25,44.39411926269531,44.64600893764281,44.17518362391239,44.31172339594766,69844000
2018-05-29,44.23403549194336,44.43413768126005,43.991560749846364,44.16341457064285,90056400
2018-05-30,44.13987350463867,44.25757983398438,43.970376103011894,44.19166457691975,74762000
2018-05-31,43.99155044555664,44.3117117182037,43.81970025712518,44.07394629059,109931200
2018-06-01,44.7849006652832,44.78960633163015,44.19872191503412,44.255222240202905,93770000
2018-06-04,45.15922164916992,45.5335270047389,45.04622455151217,45.11449265848313,105064800
2018-06-05,45.50761795043945,45.65592906665708,45.28397665552099,45.451121214441805,86264000
2018-06-06,45.66535186767578,45.68889457314305,45.18040230879515,45.58295958276537,83734400
2018-06-07,45.542938232421875,45.71714131505994,45.27927359062222,45.70301712912846,85388800
2018-06-08,45.12861251831055,45.19923704461529,44.674267745149045,45.00384407842098,106627200
2018-06-11,45.01795959472656,45.19216624711074,44.777841280495316,45.046211555074656,73234000
2018-06-12,45.2651481628418,45.34283477544598,44.99913069472254,45.055631029010755,67644400
2018-06-13,44.893184661865234,45.40638602703127,44.83197867553465,45.29809464432641,86553600
2018-06-14,44.91672897338867,45.097997698028564,44.780189221644086,45.0932884397997,86440400
2018-06-15,44.4553337097168,44.76608020005466,44.318793911730104,44.73547539936942,246876800
2018-06-18,44.43178176879883,44.54477882716092,44.06924430139088,44.22932676017291,73939600
2018-06-19,43.71378707885742,43.864451070897154,43.18646131066189,43.58430936879681,134314000
2018-06-20,43.90445327758789,44.069241391842866,43.723184555851674,43.869142821715926,82514800
2018-06-21,43.659637451171875,44.33997995639365,43.537221851113515,44.08102457013798,102847600
2018-06-22,43.53250503540039,43.82206157732559,43.48071396713906,43.81499948548194,108801600
2018-06-25,42.88511276245117,43.532497410209515,42.546118044887194,43.174669253657406,126652400
2018-06-26,43.41716003417969,43.91152811252894,42.972230200510374,43.07816878309416,98276800
2018-06-27,43.35359573364258,44.0880820733022,43.32299093878607,43.60548540849269,101141200
2018-06-28,43.66905212402344,43.836196707291755,43.268851286592344,43.339475808988986,69460800
2018-06-29,43.577239990234375,44.06689878053816,43.05933282868056,43.855025219825926,90950800
2018-07-02,44.06454086303711,44.09279282544298,43.17939053675064,43.27355775791656,70925200
2018-07-03,43.297096252441406,44.24580899048829,43.20763829163599,44.20814210255842,55819200
2018-07-05,43.6455078125,43.88327690941216,43.381846770178385,43.6125501822098,66416800
2018-07-06,44.250526428222656,44.35881426089544,43.598432229846274,43.65022331229424,69940800
2018-07-09,44.864952087402344,44.88849120176237,44.563624123537615,44.61070594437035,79026400
2018-07-10,44.81079864501953,45.02973068179138,44.770775334103476,44.89554734134358,63756400
2018-07-11,44.22932815551758,44.67661073672415,44.16576573663476,44.375282843511165,75326000
2018-07-12,44.97087860107422,45.06033655826407,44.5659685524734,44.617759623255736,72164400
2018-07-13,45.0414924621582,45.161551593060615,44.94026317789405,44.982639313107995,50055600
2018-07-16,44.94263458251953,45.3522503374858,44.827281078772934,45.086236457750054,60172400
2018-07-17,45.06975173950195,45.16862462279862,44.54007326976923,44.66955094745963,62138000
2018-07-18,44.822574615478516,45.15215453583667,44.7119303641148,45.14744527625814,65573600
2018-07-19,45.17098617553711,45.32871224004053,44.655431831739946,44.655431831739946,81147200
2018-07-20,45.06739807128906,45.30045429470257,44.76842300145352,45.14743750979245,82704800
2018-07-23,45.10741424560547,45.189810103073654,44.62481763495967,44.888478631479195,63957600
2018-07-24,45.43464660644531,45.59001983518572,45.211005281986324,45.305168915828304,74791600
2018-07-25,45.86309051513672,45.87015260670079,45.300450878380246,45.44876198544905,66839600
2018-07-26,45.719505310058594,46.1314775644568,45.578256243134014,45.81366895993299,76304000
2018-07-27,44.95911407470703,45.95020307009098,44.75195335224335,45.903121250990715,96096000
2018-07-30,44.707210540771484,45.24630384815853,44.5094648064374,45.17567934529309,84118000
2018-07-31,44.796669006347656,45.23218382059381,44.57302772015845,44.799025431663516,157492000
2018-08-01,47.43565368652344,47.496859688442385,46.449274010313836,46.877726800083444,271742800
2018-08-02,48.822227478027344,49.05528728580015,47.16492406575627,47.21906796740019,249616000
2018-08-03,48.96348190307617,49.14004140332828,48.372593809947276,48.737484162224085,133789600
2018-08-06,49.21772003173828,49.2600925807124,48.746894774097065,48.96582679468664,101701600
2018-08-07,48.75632095336914,49.31895712244186,48.67392507741745,49.27658456368668,102349600
2018-08-08,48.789268493652344,48.921098994216976,48.14659300734389,48.50677405071217,90102000
2018-08-09,49.17298126220703,49.384851149096185,48.777486256673434,49.32599800361465,93970400
2018-08-10,49.02653503417969,49.39743090242757,48.82336994816407,48.986374954988406,98444800
2018-08-13,49.34309005737305,49.83446612894163,49.06669169299889,49.44703548083893,103563600
2018-08-14,49.55097198486328,49.74232438693092,49.19897570143508,49.647830530631445,82992000
2018-08-15,49.6667366027832,49.78485574116098,49.21552062904969,49.42577255117373,115230400
2018-08-16,50.39435577392578,50.5101102336531,49.95731347801585,50.02345991349157,114001600
2018-08-17,51.40071487426758,51.48812186646989,50.35654232295401,50.42268873943836,141708000
2018-08-20,50.89990234375,51.778705445399396,50.81721750232455,51.523571270388054,121150800
2018-08-21,50.80067443847656,51.308588866242836,50.5620750907815,51.216456087953674,104639200
2018-08-22,50.80303955078125,51.11251110082186,50.51718966438757,50.578613920231255,76072400
2018-08-23,50.90697479248047,51.275505835068344,50.69672292307025,50.70853195017927,75532800
2018-08-24,51.06525421142578,51.24006818622289,50.817203360887305,51.169199604391174,73905600
2018-08-27,51.48576736450195,51.6747586949245,51.10542361873389,51.29913711900238,82100400
2018-08-28,51.90155029296875,52.09998958647139,51.717284719757714,51.738545300195106,91107200
2018-08-29,52.67640686035156,52.796890681463665,51.83303813611593,52.00785214367495,109019200
2018-08-30,53.16069412231445,53.923742675038724,52.53938635946585,52.74019031767683,195175200
2018-08-31,53.77491760253906,54.067850745143865,53.38984807574226,53.51032829361586,173360400
2018-09-04,53.94737243652344,54.14108594690396,53.53868123150636,53.95918507117456,109560400
2018-09-05,53.595367431640625,54.25683521318291,53.17722834943758,54.0961949430119,133332000
2018-09-06,52.70475387573242,53.708766416493766,52.27952431399747,53.444177131020055,137160000
2018-09-07,52.279537200927734,53.241025220168055,52.14015746721869,52.40946898858465,150479200
2018-09-10,51.5778923034668,52.40945186811711,51.13848905901792,52.19683530193969,158066000
2018-09-11,52.8819465637207,52.98825308112941,51.15976728379987,51.5023121086548,142996000
2018-09-12,52.225196838378906,53.15361152271487,51.93462116666355,53.13943780306241,197114800
2018-09-13,53.48670196533203,53.94500473781186,52.57954796881852,52.80397358083536,166825600
2018-09-14,52.87957000732422,53.58828477062552,52.56773738592069,53.33078593842304,127997200
2018-09-17,51.47159957885742,52.66932583005766,51.327494078328534,52.48033447784941,148780400
2018-09-18,51.55664825439453,52.409468667615585,51.292058905319834,51.450338134874215,126286800
2018-09-19,51.58735275268555,51.88265060670735,50.86210309765727,51.61806488301106,108495200
2018-09-20,51.9795036315918,52.51103971221684,51.77161281099577,52.02911525185576,106435200
2018-09-21,51.41962814331055,52.293709113672655,51.33221752297712,52.156690470038114,384986800
2018-09-24,52.15904235839844,52.27007462582272,51.17629396428062,51.22117980915976,110773600
2018-09-25,52.48978805541992,52.638619336797795,51.90155339518817,51.9133660310406,98217600
2018-09-26,52.07164001464844,52.85831390102555,51.91572188840217,52.20865864637607,95938800
2018-09-27,53.141807556152344,53.49380393867976,52.8087106711476,52.87486071483223,120724800
2018-09-28,53.32841873168945,53.352040391595345,52.92208869233163,53.10398953197318,91717600
2018-10-01,53.68750762939453,54.19778315474895,53.47253354452783,53.850512611497464,94403200
2018-10-02,54.164710998535156,54.33480284363987,53.53868101635113,53.685147592248526,99152800
2018-10-03,54.82381820678711,55.15455034988667,54.28283053842638,54.346615881992015,114619200
2018-10-04,53.85996627807617,54.88996531394605,53.56230374089691,54.51906948736873,128168000
2018-10-05,52.98587417602539,53.959178192789615,52.10943230916903,53.852871703900746,134322000
2018-10-08,52.863037109375,53.1063622318355,52.01966478038702,52.49450599592842,118655600
2018-10-09,53.595367431640625,53.68986488883776,52.50394793515697,52.83231893890951,107564000
2018-10-10,51.11250305175781,53.47252424243993,51.03926977797818,53.26227236412998,167962400
2018-10-11,50.661293029785156,51.854296937675905,50.15810799817568,50.677831437884706,212497600
2018-10-12,52.470882415771484,52.65278689341281,51.22590572066078,52.07163916179051,161351600
2018-10-15,51.348758697509766,52.404744221133875,51.32749811495075,52.24646498756588,123164000
2018-10-16,52.48033905029297,52.678781969991945,51.20701470538468,51.71965140479342,116736000
2018-10-17,52.253543853759766,52.59608862651848,51.816501609567986,52.51576847933284,91541600
2018-10-18,51.03219223022461,51.9109988853349,50.31875164361143,51.46686978304842,130325200
2018-10-19,51.809417724609375,52.27008165957751,51.36528859514771,51.51411986825671,132314800
2018-10-22,52.125980377197266,52.766187767619336,51.722014895673645,51.92281529140717,115168400
2018-10-23,52.617347717285156,52.74019262431789,50.72035473904034,50.98730513181056,155071200
2018-10-24,50.8124885559082,52.97170619640665,50.68255678665356,52.58664026806459,163702000
2018-10-25,51.925174713134766,52.2984316284464,51.204647237524014,51.43143757260694,119423200
2018-10-26,51.09833908081055,52.01730581697299,50.240792997824286,51.003841608951056,189033600
2018-10-29,50.13920974731445,51.89918406854014,48.68634228122267,51.78106493819332,183742000
2018-10-30,50.38962173461914,50.8337472135886,49.43758183225462,49.88170731122408,146640000
2018-10-31,51.70310592651367,52.07872389622704,51.17393092438422,51.23535517923457,153435600
2018-11-01,52.49686050415039,52.52993371263148,51.21881079657871,51.747985736985505,233292800
2018-11-02,49.01472091674805,50.4723107785911,48.53043168631862,49.503735922442594,365314800
2018-11-05,47.62327194213867,48.28473981849687,46.81533749201692,48.26347923934601,264654800
2018-11-06,48.138282775878906,48.362708455674046,47.64690664485731,47.70124044834841,127531600
2018-11-07,49.59823989868164,49.6242262608656,48.22333460282318,48.65801229325388,133697600
2018-11-08,49.4251708984375,49.81158038382015,49.01268077134279,49.77839177248752,101450400
2018-11-09,48.472171783447266,48.83724645780114,47.94589272105692,48.72819972871447,137463200
2018-11-12,46.030418395996094,47.37693507821474,45.94033350176253,47.175430536045816,204542000
2018-11-13,45.57053756713867,46.74399658446505,45.38562904888302,45.42830219317391,187531600
2018-11-14,44.283287048339844,46.10392577764723,44.0770401608399,45.96642905840981,243204000
2018-11-15,45.376136779785156,45.50889120917199,44.30698252406285,44.66020697297825,185915200
2018-11-16,45.878726959228516,46.22009769888961,44.91388401046676,45.160427535061785,147713200
2018-11-19,44.06044006347656,45.20782179086691,43.85419682883502,45.04187875050665,167701200
2018-11-20,41.95532989501953,43.0197420672639,41.60684765041812,42.28484670118081,271300800
2018-11-21,41.90790557861328,42.735254948939726,41.853382220203116,42.60723918206282,124496800
2018-11-23,40.84351348876953,41.86525632644665,40.79847463359336,41.471731544933824,94496000
2018-11-26,41.395851135253906,41.474082191574425,40.36225852694691,41.305769848179885,179994000
2018-11-27,41.3057746887207,41.43141753463873,40.50924447872487,40.65859140621429,165549600
2018-11-28,42.89409637451172,42.97706609276824,41.469348200420384,41.89606149396926,184250000
2018-11-29,42.56459045410156,43.335043902303134,42.12602319821,43.301855283072136,167080000
2018-11-30,42.33464050292969,42.74950006234562,41.96719274113221,42.74001553244895,158126000
2018-12-03,43.81390380859375,43.84235015808843,42.95810782751556,43.72856114282213,163210000
2018-12-04,41.88657760620117,43.2378332586359,41.78701178099935,42.89646264806565,165377200
2018-12-06,41.41957473754883,41.43379791374435,40.40020490851023,40.71786790117009,172393600
2018-12-07,39.942665100097656,41.365040213085045,39.8976226427538,41.127977694253815,169126400
2018-12-10,40.205806732177734,40.32196505738388,38.71942364894465,39.11531764191258,248104000
2018-12-11,39.97586441040039,40.72497942132242,39.589451243722934,40.69416374537951,189126800
2018-12-12,40.08727264404297,40.755787053863365,40.06830720881082,40.395451019026375,142510800
2018-12-13,40.525848388671875,40.90989223808346,40.19396221489692,40.41680162469782,127594400
2018-12-14,39.22910690307617,40.08253346781374,39.1816951199879,40.063568031120994,162814800
2018-12-17,38.86403274536133,39.909479397667184,38.57718548508604,39.221995872633826,177151600
2018-12-18,39.368980407714844,39.71508971376303,38.97071343268076,39.205406665323395,135366000
2018-12-19,38.140995025634766,39.69612483606224,37.71428169538635,39.352384848493756,196189200
2018-12-20,37.17851638793945,38.43020623587975,36.815811012529885,38.02482772479942,259092000
2018-12-21,35.7324333190918,37.4938097578085,35.47166671241152,37.185627752379936,382978400
2018-12-24,34.80790710449219,35.92684303021916,34.75101076991177,35.12082790146262,148676800
2018-12-26,37.25911331176758,37.27333648323871,34.78181086894606,35.156370059261675,234330000
2018-12-27,37.017311096191406,37.16429231852565,35.575974156047664,36.94382229366778,212468400
2018-12-28,37.036293029785156,37.5791684687524,36.638029554590304,37.337363577504895,169165600
2018-12-31,37.39424514770508,37.77828529250411,37.095544041939455,37.58152295661812,140014000
2019-01-02,37.436912536621094,37.657382560104914,36.56215126344113,36.71861339400552,148158800
2019-01-03,33.70792770385742,34.54475829394252,33.66288523639479,34.132268116287044,365248800
2019-01-04,35.146888732910156,35.215638890994725,34.089591894725444,34.262646525522236,234428400
2019-01-07,35.068660736083984,35.282019198115606,34.587424056502364,35.2511999095662,219111200
2019-01-08,35.737178802490234,35.990837462958424,35.2085303378544,35.45507379403959,164101200
2019-01-09,36.34404754638672,36.63326405592934,35.471659372694184,35.86518033295423,180396400
2019-01-10,36.46022415161133,36.50052435461603,35.7632596139456,36.152042085783165,143122800
2019-01-11,36.10224914550781,36.436508162841335,35.91734067151202,36.24211877976571,108092800
2019-01-14,35.55937194824219,35.86044231024415,35.37446350349424,35.76087650286344,129756800
2019-01-15,36.28717041015625,36.36302855383263,35.57124041452966,35.62339447087061,114843600
2019-01-16,36.73046875,36.95330810558897,36.27056686587589,36.28953230223316,122278800
2019-01-17,36.94857406616211,37.3752874359603,36.332209907866066,36.55504931305445,119284800
2019-01-18,37.1761474609375,37.42743316241718,36.977012187831065,37.33734824404253,135004000
2019-01-22,36.34169006347656,37.15481288318813,36.180485646601795,37.07895474729043,121576000
2019-01-23,36.488670349121094,36.77788697397383,35.96239115421121,36.543193727393664,92522400
2019-01-24,36.199459075927734,36.621430223629844,35.9718810007093,36.53371821727361,101766000
2019-01-25,37.39897537231445,37.48669094926986,36.583483483347614,36.85847320975805,134142000
2019-01-28,37.05287551879883,37.05998710557618,36.4270305613809,36.93197130900929,104768400
2019-01-29,36.66883850097656,37.48670730390051,36.53371471002909,37.041028491557945,166348800
2019-01-30,39.174591064453125,39.387945938010034,37.98453590853503,38.700465907848546,244439200
2019-01-31,39.45669174194336,40.06357129642498,39.011012986557645,39.37846066569241,162958400
2019-02-01,39.47565460205078,40.058826416325836,39.33578495633769,39.579962696906414,130672400
2019-02-04,40.59695816040039,40.69415466560486,39.655819629284345,39.68663891563872,125982000
2019-02-05,41.29155349731445,41.50491196410588,40.85773221114225,40.97863281022283,144406400
2019-02-06,41.3057746887207,41.62106827364478,40.97625793139639,41.40296757255128,112958400
2019-02-07,40.52347183227539,41.23465946396211,40.38123285902311,40.869581120682014,126966800
2019-02-08,40.57109069824219,40.630610517833716,40.09731162648508,40.23301855889848,95280000
2019-02-11,40.337764739990234,40.7615491383027,40.29491221963111,40.723455587227264,83973600
2019-02-12,40.685367584228516,40.71155645006401,40.402052662772235,40.497286553447424,89134000
2019-02-13,40.516326904296875,41.06390993130662,40.454427604228414,40.80440440861806,89960800
2019-02-14,40.663944244384766,40.773458685532184,40.325872081987775,40.40443868514226,87342800
2019-02-15,40.57347106933594,40.87821226167595,40.41395838528309,40.77107731063168,98507200
2019-02-19,40.69487380981445,40.81629652053351,40.35204283107856,40.40442054299657,75891200
2019-02-20,40.95677185058594,41.26389610818391,40.70917103649229,40.756786158494805,104457600
2019-02-21,40.7258415222168,41.03772480134233,40.544902575152015,40.902021499244135,68998800
2019-02-22,41.18056869506836,41.18771078203653,40.80202355455081,40.84963867860566,75652800
2019-02-25,41.48054122924805,41.87099100234358,41.41387933868056,41.463877573006464,87493600
2019-02-26,41.504371643066406,41.73530889273905,41.22819873769259,41.35676361524355,68280800
2019-02-27,41.632911682128906,41.663863142959855,41.12342230100702,41.237702941244116,111341600
2019-02-28,41.223419189453125,41.64244097925039,41.16866198112314,41.5019750987165,112861600
2019-03-01,41.65672302246094,41.69957553997126,41.16151778980415,41.4924477730699,103544800
2019-03-04,41.86624526977539,42.3185944748955,41.418655034914266,41.82815171089323,109744800
2019-03-05,41.79004669189453,41.90194421992407,41.5543469478492,41.88766004746085,78949600
2019-03-06,41.54959487915039,41.780532059793444,41.41150846773898,41.58530531623897,83241600
2019-03-07,41.06867218017578,41.53054652391406,40.95439515303267,41.39483960253065,99185600
2019-03-08,41.166290283203125,41.204383840899425,40.35443904470858,40.54966580330091,95997600
2019-03-11,42.592376708984375,42.64475443502301,41.747198271035906,41.78052922098767,128044000
2019-03-12,43.070926666259766,43.48994492286504,42.70428251302859,42.854273633241505,129870400
2019-03-13,43.261383056640625,43.63992820049974,43.07329841068218,43.38994425600369,124130000
2019-03-14,43.7422981262207,43.83038991608697,43.46374584894839,43.78277116143453,94318000
2019-03-15,44.311309814453125,44.59938731167194,43.744683657393075,44.00895177597191,156171600
2019-03-18,44.76366424560547,44.85175241081099,44.23274487113642,44.235127988769825,104879200
2019-03-19,44.408931732177734,44.994608411166446,44.263703213231885,44.84223780381357,126585600
2019-03-20,44.7969970703125,45.11364294068705,43.98038327138836,44.33750218240909,124140800
2019-03-21,46.446876525878906,46.74209608153798,45.189818470815716,45.23981670799699,204136800
2019-03-22,45.485042572021484,47.06588868608585,45.42076015573601,46.50640098152946,169630800
2019-03-25,44.935081481933594,45.70645597035694,44.42559200356954,45.59455842593482,175381200
2019-03-26,44.470829010009766,45.9207346479957,43.94467581313153,45.63027762337992,199202000
2019-03-27,44.87080001831055,45.17792067619841,44.413688258793016,44.93746192285677,119393600
2019-03-28,44.930320739746094,45.13030645740991,44.647005823321656,44.98507795541089,83121600
2019-03-29,45.223167419433594,45.254118894428224,44.88747469662212,45.194599062701464,94256000
2019-04-01,45.5302848815918,45.635036717993124,44.84937796457391,45.62551514479362,111448000
2019-04-02,46.192134857177734,46.29689030333463,45.48503922841955,45.49456079952432,91062800
2019-04-03,46.5087890625,46.782578782918094,45.98501173731516,46.00882111856958,93087200
2019-04-04,46.58972930908203,46.751621456363765,45.98262649117338,46.37545580304311,76457200
2019-04-05,46.90161895751953,46.92542833904499,46.64687237984307,46.770674624732635,74106400
2019-04-08,47.63966369628906,47.67061153128953,46.744483310155175,46.76353008781775,103526800
2019-04-09,47.49680709838867,48.2943739839882,47.432524688138955,47.69203381366528,143072800
2019-04-10,47.76346206665039,47.792034049404215,47.182548065607946,47.30158770081168,86781200
2019-04-11,47.36587142944336,47.853934673821236,47.24445230598995,47.81822423539419,83603200
2019-04-12,47.346824645996094,47.64918634491624,46.71353653021887,47.42539124332817,111042800
2019-04-15,47.43252944946289,47.58014105940189,47.142072464719895,47.277779385224925,70146400
2019-04-16,47.43729782104492,47.942024745778596,47.273022532160425,47.487296069627796,102785600
2019-04-17,48.36104202270508,48.42056183866063,47.28492273304426,47.50633470465432,115627200
2019-04-18,48.53483200073242,48.603873379039385,48.21580670422305,48.35865206262389,96783200
2019-04-22,48.69435119628906,48.79196456564161,48.172957030939074,48.28961717719952,77758000
2019-04-23,49.39668273925781,49.46096515519979,48.544358571646036,48.67054028599068,93292000
2019-04-24,49.32050323486328,49.63476598723901,49.29431436943186,49.36811836306549,70162400
2019-04-25,48.8729133605957,49.463348946368356,48.834819804661606,49.241936964004154,74172800
2019-04-26,48.63960266113281,48.806257447808854,48.12058788799669,48.782448064225754,74596400
2019-04-29,48.71340560913086,49.03719360171723,48.534846134531065,48.66340735781012,88818800
2019-04-30,47.775360107421875,48.42531540799,47.4039570785258,48.34436933918975,186139600
2019-05-01,50.120452880859375,51.260851075448706,49.81332856402731,49.96808228138352,259309200
2019-05-02,49.79426956176758,50.627546867778136,49.551431362489616,49.958544811914926,127985200
2019-05-03,50.41328048706055,50.4347067473906,50.05139901490421,50.208532189593264,83569600
2019-05-06,49.634761810302734,49.7204704869746,48.4491281436762,48.63720915572776,129772400
2019-05-07,48.2967643737793,49.38240534277165,47.81346371111648,49.01576483871082,155054800
2019-05-08,48.30628204345703,48.88719603885827,48.03249233826774,48.06820277536153,105358000
2019-05-09,47.78728103637695,48.01583514746375,46.820679585801074,47.71109391081329,139634400
2019-05-10,47.125240325927734,47.52436694654239,46.07127049602343,47.18260069191322,164834800
2019-05-13,44.3863639831543,45.28498816826159,43.700446219509786,44.86196762071345,229722400
2019-05-14,45.08900833129883,45.3375626885166,44.31227095065522,44.55126706777633,146118800
2019-05-15,45.62913131713867,45.82749850185416,44.458051979718945,44.51780099992997,106178800
2019-05-16,45.42837905883789,45.99957959112661,45.132022582428725,45.38775015951254,132125600
2019-05-17,45.170265197753906,45.624356352136516,44.63491259367641,44.67554149512822,131516400
2019-05-20,43.75780487060547,44.05894235797274,43.08622626273383,43.860575112945824,154449200
2019-05-21,44.596675872802734,44.93126897024765,44.14258107279463,44.26686007189899,113459200
2019-05-22,43.68370056152344,44.38396092978839,43.62873248755831,44.13301433164852,118994400
2019-05-23,42.93803405761719,43.14834811570733,42.495889877163144,42.971493360958156,146118800
2019-05-24,42.77313232421875,43.53074952387793,42.68948223047205,43.067096506223606,94858800
2019-05-28,42.59626770019531,43.16029856021304,42.51979085562523,42.76117556874994,111792800
2019-05-29,42.39311981201172,42.86394231443668,42.06330410151559,42.16368200323392,113924800
2019-05-30,42.613006591796875,42.83527122076542,42.22344177055687,42.52935649566115,84873600
2019-05-31,41.84104537963867,42.53891349401557,41.821925255667836,42.118278060238815,108174400
2019-06-03,41.41801834106445,42.52217898232048,40.6938605637744,41.96771001391318,161584400
2019-06-04,42.933265686035156,42.97867553532043,41.70960663780382,41.929482645108415,123872000
2019-06-05,43.6263427734375,44.21188608599536,43.29174972065366,44.04219726486092,119093600
2019-06-06,44.26685333251953,44.32660235130905,43.533133631324745,43.755401877552906,90105200
2019-06-07,45.44511795043945,45.86814217087965,44.39831725901368,44.57517208185239,122737600
2019-06-10,46.025875091552734,46.692672688774024,45.79643720247085,45.841847050596854,104883600
2019-06-11,46.55883026123047,46.843236207404864,46.2696470186837,46.570780795743644,107731600
2019-06-12,46.41065216064453,46.83606491698479,46.21945455574318,46.353291785136825,73012800
2019-06-13,46.401100158691406,47.032049836512535,46.26965519618882,46.53254876798576,86698400
2019-06-14,46.06410598754883,46.26725046842475,45.48095496613412,45.779700067531756,75046000
2019-06-17,46.33895492553711,46.59468250985322,45.927881330772394,46.102347467348565,58676400
2019-06-18,47.42877960205078,47.86853159056381,46.65443450201509,46.85519036892868,106204000
2019-06-19,47.290164947509766,47.77054952176629,47.156327692900156,47.722747376441426,84496800
2019-06-20,47.67015838623047,47.94500241181626,47.32839210507154,47.88764204137815,86056000
2019-06-21,47.50764465332031,48.002368332728025,47.35707594275429,47.512425596440636,191202400
2019-06-24,47.45985412597656,47.837468466439844,47.36186483291884,47.45029223813148,72881600
2019-06-25,46.74047088623047,47.62236346699699,46.67354862052132,47.42399625849341,84281200
2019-06-26,47.75143051147461,48.0358365075775,47.165890685446655,47.26626862875501,104270000
2019-06-27,47.737091064453125,48.17445444512132,47.6964621576315,47.86853602607943,83598800
2019-06-28,47.3021125793457,47.67972689411709,47.09418711775815,47.48374832133551,124442400
2019-07-01,48.16967010498047,48.87231930153746,47.95457140270037,48.55684266357657,109012000
2019-07-02,48.45168685913086,48.5472875040307,48.12426331147925,48.136213847940695,67740800
2019-07-03,48.85320281982422,48.86037241242283,48.44212915914246,48.583136009304106,45448000
2019-07-05,48.81017303466797,49.013321180685026,48.49230778045325,48.59985894410412,69062000
2019-07-08,47.803993225097656,48.13380531003123,47.41920942034976,47.99279850902678,101354400
2019-07-09,48.095577239990234,48.160103562324515,47.51481481144376,47.60802314605108,82312000
2019-07-10,48.5711784362793,48.69067649133362,48.1720553700128,48.2413662841474,71588400
2019-07-11,48.21747970581055,48.84842948025281,48.207921463121686,48.590313166145656,80767200
2019-07-12,48.58790969848633,48.75520624546054,48.32501251981883,48.38476154708042,70380800
2019-07-15,49.04439926147461,49.20213394156513,48.75521232885727,48.776721106125294,67789600
2019-07-16,48.87470626831055,49.25949016524323,48.6357101496391,48.896215043761046,67467200
2019-07-17,48.59986114501953,49.01571204861512,48.580741018322186,48.7671576951322,56430000
2019-07-18,49.15193557739258,49.20451500768722,48.68350164752872,48.75520120218422,74162400
2019-07-19,48.418209075927734,49.352684510163414,48.36324100532279,49.18299570943903,83717200
2019-07-22,49.52478790283203,49.52717655174781,48.6620115612455,48.67156980370085,89111600
2019-07-23,49.91194152832031,49.928673004733994,49.541496867121964,49.821125495815984,73420800
2019-07-24,49.87131118774414,49.98602828414967,49.512817070534965,49.63231510960469,59966400
2019-07-25,49.47697448730469,50.00754613010088,49.40766357491906,49.92389603495717,55638400
2019-07-26,49.649044036865234,50.124643874002366,49.505644938626475,49.58690272579285,70475600
2019-07-29,50.11270523071289,50.3421431129715,49.81635237266849,49.821133316221555,86693600
2019-07-30,49.897605895996094,50.22742168380975,49.546281334227054,49.89282495285342,135742800
2019-07-31,50.91571807861328,52.90655565930485,50.49986727583003,51.72352591348529,277125600
2019-08-01,49.813961029052734,52.10832530830055,49.41006063749324,51.12127013624457,216071600
2019-08-02,48.75998306274414,49.33596086524618,48.18878255632911,49.12086584402196,163448400
2019-08-05,46.20750427246094,47.47657295728015,46.02586855255384,47.31883830566207,209572000
2019-08-06,47.08224105834961,47.33796868663929,46.374810857148454,46.917333133084945,143299200
2019-08-07,47.56978988647461,47.69406889981579,46.32223339634937,46.70223638200557,133457600
2019-08-08,48.61897277832031,48.64287384600723,47.65343018049829,47.84701642967316,108038000
2019-08-09,48.21833801269531,48.64296573649967,47.810498015760096,48.292707715938555,98478800
2019-08-12,48.09598159790039,48.472632859788966,47.77690864820563,47.889663888347634,89927600
2019-08-13,50.13277053833008,50.893266254855526,48.09598298618555,48.225533277199396,188874000
2019-08-14,48.64056396484375,49.52581081950047,48.60217842422012,48.73892553994931,146189600
2019-08-15,48.39826583862305,49.213938506270125,47.90166247767573,48.81090128055658,108909600
2019-08-16,49.54020690917969,49.69854452652455,48.90206099247231,49.00761940403555,110481600
2019-08-19,50.463829040527344,51.0347983108864,50.387057971202324,50.528600512043504,97654400
2019-08-20,50.46623229980469,51.18354695733414,50.45663774540958,50.590983470819914,107537200
2019-08-21,51.01322555541992,51.255527463503284,50.76372681466608,51.09719348410533,86141600
2019-08-22,50.97003173828125,51.44504087828492,50.559794076019166,51.14516072362289,89014800
2019-08-23,48.61418151855469,50.87168066728109,48.22073882087,50.24312924415703,187272000
2019-08-26,49.537818908691406,49.70575111430029,49.19475400377483,49.386678093319645,104174400
2019-08-27,48.97883605957031,50.03201521587099,48.827695261576054,49.866480753429116,103493200
2019-08-28,49.30750274658203,49.35308512364201,48.77731659181928,48.96444154769402,63755200
2019-08-29,50.14236831665039,50.21674168290386,49.5785957240762,50.02001851007021,83962000
2019-08-30,50.07758712768555,50.48782112129382,49.70813273439135,50.418250537454604,84573600
2019-09-03,49.348289489746094,49.6553665497577,48.993232325479035,49.52341851756975,80092000
2019-09-04,50.185550689697266,50.255121283851096,49.73693109197349,49.99362663387558,76752400
2019-09-05,51.1667594909668,51.33229394881414,50.74212809831234,50.859682455783634,95654800
2019-09-06,51.16196060180664,51.44025031008519,50.98203247914074,51.35148694097706,77449200
2019-09-09,51.38026428222656,51.92484765262386,50.63656371615153,51.540999601287744,109237600
2019-09-10,51.98722839355469,52.00642116476611,50.790109031997794,51.30590148845998,127111600
2019-09-11,53.64017105102539,53.66896203989214,52.23433250615887,52.3159027038598,177158400
2019-09-12,53.52021789550781,54.31909918340094,53.46504096397798,53.930455617643666,128906800
2019-09-13,52.47903823852539,52.96844114444219,52.0640050410945,52.77891845703125,159053200
2019-09-16,52.754920959472656,52.81010154946968,52.19354612874398,52.23432939484169,84632400
2019-09-17,52.94685745239258,52.97564844630967,52.56780836820528,52.76933068303424,73274800
2019-09-18,53.44344711303711,53.46263988380928,52.64456587529819,53.0332094166562,101360000
2019-09-19,53.00922775268555,53.68095650952987,52.86768150832097,53.26112420617858,88242400
2019-09-20,52.23432922363281,53.393066700070236,52.17195546286078,53.10998156197395,221652400
2019-09-23,52.47184371948242,52.740535235702495,52.21514448401354,52.5270206571389,76662000
2019-09-24,52.22233200073242,53.37627400150818,52.1047813136798,53.026012342649935,124763200
2019-09-25,53.0260124206543,53.13876766068672,52.092785451052755,52.43105117115003,87613600
2019-09-26,52.75252151489258,53.00442159553428,52.49822371066928,52.778911116876884,75334000
2019-09-27,52.495826721191406,53.009221444627215,52.12637228824465,52.90845848244411,101408000
2019-09-30,53.731327056884766,53.87766871925499,52.96843003744191,52.99481963756266,103909600
2019-10-01,53.88007354736328,54.75092680553321,53.78651107289727,53.995230177972914,139223200
2019-10-02,52.529415130615234,53.63777114984615,52.28231048438784,53.5130199648798,138449200
2019-10-03,52.975643157958984,53.00922959696973,51.610587778437704,52.4022686494978,114426000
2019-10-04,54.46064376831055,54.57580040442291,53.712143936815686,54.131976230110034,138478800
2019-10-07,54.47263717651367,55.161160934101474,54.17995381280001,54.28311450360741,122306000
2019-10-08,53.834495544433594,54.712545705751026,53.817704155676886,54.17516269518079,111820000
2019-10-09,54.46543884277344,54.64776467881045,54.13197222093732,54.46543884277344,74770400
2019-10-10,55.19955825805664,55.28352619499082,54.53022712941724,54.681364290991986,113013600
2019-10-11,56.667762756347656,57.01082394508319,55.73213434401569,55.88567285866777,166795600
2019-10-14,56.5861930847168,57.12837882948465,56.29830882465834,56.353485756513194,96427600
2019-10-15,56.45425033569336,57.01322382343534,56.34869191650956,56.710945890847526,87360000
2019-10-16,56.22633361816406,56.43505271476371,55.94564620616464,55.986429471773434,73903200
2019-10-17,56.44464874267578,56.65336418407442,56.02241875184439,56.39906636796876,67585200
2019-10-18,56.71574401855469,56.99643144981467,56.20714470406706,56.279116685052266,97433600
2019-10-21,57.6993522644043,57.81450890497435,56.93406101508978,56.98204111833702,87247200
2019-10-22,57.567405700683594,58.104788693598735,57.48583550156147,57.85528996983772,82293600
2019-10-23,58.33989334106445,58.35429066597053,57.869683225583834,58.08080006310815,75828800
2019-10-24,58.43586349487305,58.72854690180575,58.01123205028258,58.65897263620099,69275200
2019-10-25,59.155574798583984,59.19155896233175,58.267930039881136,58.335102919308554,73477200
2019-10-28,59.74812316894531,59.7961032619008,59.18914611743011,59.357078273097535,96572800
2019-10-29,58.36627960205078,59.91606203658459,58.19355198019087,59.728937090643406,142839600
2019-10-30,58.35908508300781,58.84849162305364,57.867284479823844,58.71894132571627,124522000
2019-10-31,59.67855453491211,59.77691611414118,56.91965683308477,59.313902865640614,139162000
2019-11-01,61.372291564941406,61.39867751158636,59.774528783015874,59.86568988585981,151125200
2019-11-04,61.775325775146484,61.859293701624026,61.26673008968638,61.73453884355642,103272000
2019-11-05,61.686553955078125,61.940851762991464,61.492232183395174,61.66735752356005,79897600
2019-11-06,61.71294021606445,61.772916252605114,61.264320634147275,61.600184974516274,75864400
2019-11-07,62.42520523071289,62.646582976782156,62.107579164156355,62.25917375697998,94940400
2019-11-08,62.59604263305664,62.66822702461764,61.804386203655085,62.24713427287051,69986400
2019-11-11,63.09172821044922,63.15669416268931,62.14847721788769,62.15328706288794,81821200
2019-11-12,63.033973693847656,63.233696083194374,62.7837295735389,62.93531679624955,87388800
2019-11-13,63.637916564941406,63.712509519446904,62.819795315245415,62.83423218751927,102734400
2019-11-14,63.19759750366211,63.73659382314395,63.06765826833198,63.46468706949581,89182800
2019-11-15,63.94832992553711,63.95313976898309,63.28661295972906,63.447827162802454,100206400
2019-11-18,64.27078247070312,64.35018529631039,63.580191577203664,63.95796632642828,86703200
2019-11-19,64.0759048461914,64.48737071515923,63.859344249012416,64.46330679474434,76167200
2019-11-20,63.3299446105957,64.02534539799291,62.65860039168933,63.895413492352866,106234400
2019-11-21,63.045997619628906,63.52724639081918,62.84627526735179,63.4502448250431,121395200
2019-11-22,62.99066162109375,63.32753434710897,62.76447407435324,63.18556681769094,65325200
2019-11-25,64.0950927734375,64.11193823660105,63.168687761962495,63.21440696582311,84020400
2019-11-26,63.594642639160156,64.28523368669366,63.16392278576093,64.23229601005646,105207600
2019-11-27,64.4488525390625,64.48254348721751,63.84007296737668,63.90503892603565,65235600
2019-11-29,64.30685424804688,64.48732250131548,63.982009923508976,64.15044989720182,46617600
2019-12-02,63.56333541870117,64.54748822564592,63.39249416954193,64.3116736959124,94487200
2019-12-03,62.43001174926758,62.4492584727649,61.66963766381255,62.155696372325146,114430400
2019-12-04,62.98103332519531,63.358815426886686,62.72597202752109,62.819819076069386,67181600
2019-12-05,63.9050178527832,63.97961816434409,63.21924426325192,63.47430551157911,74424400
2019-12-06,65.1394271850586,65.20921031494399,64.31889712610206,64.36221509760516,106075600
2019-12-09,64.22746276855469,65.16107919501087,63.74380541469702,64.96858262823653,128042400
2019-12-10,64.60285186767578,64.98544384355337,63.97240967069265,64.63172562536087,90420400
2019-12-11,65.15386962890625,65.23327979738657,64.60765485527283,64.68224783580021,78756800
2019-12-12,65.31987762451172,65.58456585235227,64.32369673116669,64.43438186525576,137310400
2019-12-13,66.2077865600586,66.24387874288264,65.19235153806613,65.31988214622592,133587600
2019-12-16,67.34113311767578,67.56491936417281,66.64814109575056,66.65295093960472,128186000
2019-12-17,67.4735107421875,67.8007565074222,67.08610151418986,67.27138706190554,114158400
2019-12-18,67.31227111816406,67.83202073279126,67.16308515663923,67.32670799551974,116028400
2019-12-19,67.37964630126953,67.65877150492523,67.12218375712777,67.25452424857191,98369200
2019-12-20,67.2400894165039,68.01249175897426,67.02833874913236,67.91143361344899,275978000
2019-12-23,68.33731842041016,68.39747451056897,67.46385081638057,67.50235159527494,98572000
2019-12-24,68.40228271484375,68.55147598321106,68.07744571038954,68.50334817492838,48478800
2019-12-26,69.7594223022461,69.77626777302233,68.50577120530262,68.53464495904811,93121200
2019-12-27,69.73292541503906,70.73633206646946,69.32867831741062,70.05055128172064,146266000
2019-12-30,70.14682006835938,70.4283538378636,68.6308893370176,69.6511344086115,144114400
2019-12-31,70.65935516357422,70.66657360200388,69.66557519453796,69.76423208192604,100805600
2020-01-02,72.27156066894531,72.33171678614215,71.0299375288093,71.28259028372564,135480400
2020-01-03,71.56893920898438,72.32690487229227,71.34516019907684,71.50156464654093,146322800
2020-01-06,72.13919067382812,72.17769145821572,70.44279162661955,70.693043053502,118387200
2020-01-07,71.79991149902344,72.40387369288733,71.58094243439095,72.14881244029856,108872000
2020-01-08,72.95491027832031,73.25569076947626,71.50394548271495,71.50394548271495,132079200
2020-01-09,74.50455474853516,74.69705138445374,73.67921459070213,73.92945874874111,170108400
2020-01-10,74.67296600341797,75.2360335553344,74.17247048793807,74.73793929040194,140644800
2020-01-13,76.26832580566406,76.29479831442737,74.87029829848657,74.98820927579929,121532000
2020-01-14,75.23846435546875,76.415121645485,75.11575085804331,76.20577951248254,161954400
2020-01-15,74.916015625,75.91701422144251,74.48529580198468,75.03873644474652,121923600
2020-01-16,75.85443878173828,75.96513130059404,75.09647333767747,75.45740996278018,108829200
2020-01-17,76.69420623779297,76.69660748800922,75.7966747158336,76.10226501476049,137816400
2020-01-21,76.17449951171875,76.76402512908348,76.03734178472061,76.32368552637206,110843200
2020-01-22,76.44636535644531,76.99738987709428,76.35251832728817,76.65810863389025,101832400
2020-01-23,76.81454467773438,76.89394751401544,75.95310504727735,76.49932724037184,104472000
2020-01-24,76.59317016601562,77.80110229414466,76.40307478925112,77.05998219911793,146537600
2020-01-27,74.34091186523438,75.01946709734743,73.36156878763045,74.60800142643146,161940000
2020-01-28,76.44398498535156,76.61482629516499,75.12055046053683,75.21920736994338,162234000
2020-01-29,78.04411315917969,78.88870711130171,77.33186702648361,78.0705856603743,216229200
2020-01-30,77.93102264404297,77.98396030536023,76.69902690059489,77.12974662934549,126743200
2020-01-31,74.47566986083984,77.64468949943712,74.18210776179268,77.22359674590982,199588400
2020-02-03,74.27111053466797,75.43332287942775,72.72148917947348,73.22198458149025,173788400
2020-02-04,76.72308349609375,76.91317880860565,75.467023963902,75.87127115182567,136616400
2020-02-05,77.34872436523438,78.14519062464261,76.74716330264357,77.84681134417079,118826800
2020-02-06,78.25347900390625,78.25588759836752,77.06239232642683,77.61823424457238,105425600
2020-02-07,77.18978881835938,78.00261640454451,76.70016229061778,77.75418535570422,117684000
2020-02-10,77.55641174316406,77.55641174316406,75.69921076977592,75.77880204777287,109348800
2020-02-11,77.08848571777344,78.12321641331339,76.87141125259707,78.05086071182195,94323200
2020-02-12,78.91917419433594,78.92399545470602,77.53712126556233,77.53712126556233,113730400
2020-02-13,78.35717010498047,78.68278545723169,77.99055564537478,78.19315895415963,94747600
2020-02-14,78.37647247314453,78.62490351773702,77.86996050397198,78.32581612373606,80113600
2020-02-18,76.94134521484375,77.12224179450247,75.88249370210502,76.06339028176376,152531200
2020-02-19,78.05567169189453,78.28481031761038,77.18254532561073,77.18254532561073,93984000
2020-02-20,77.25491333007812,78.30411519495496,76.75081563386378,77.81690294978998,100566000
2020-02-21,75.50624084472656,77.29109325633112,74.89119532498566,76.84970141309908,129554000
2020-02-24,71.91967010498047,73.36684305832843,69.76097486599113,71.69777437412706,222195200
2020-02-25,69.48359680175781,72.96887474112613,69.0132699904686,72.58778908763885,230673600
2020-02-26,70.58585357666016,71.84730854807512,69.10250289246999,69.10973846221914,198054800
2020-02-27,65.9717788696289,68.98190082835502,65.8367100023176,67.80004455903044,320605600
2020-02-28,65.93318176269531,67.15122314774298,61.835273603866604,62.049941078008516,426510000
2020-03-02,72.07162475585938,72.70597008087806,66.98481268602946,68.08466354649526,341397200
2020-03-03,69.7826919555664,73.32344054146022,68.93367898581513,73.24384925589773,319475600
2020-03-04,73.01952362060547,73.17871353455695,70.70163838902825,71.49999490851802,219178400
2020-03-05,70.65099334716797,72.2501134253378,70.28678576484225,71.27809579631553,187572800
2020-03-06,69.71273040771484,70.14447238483373,67.83140857783133,68.01712645055636,226176800
2020-03-09,64.19902038574219,67.07406711242609,63.4344272820737,63.61532393782106,286744800
2020-03-10,68.8227310180664,69.08804757078283,64.9708381447339,66.84493210656007,285290000
2020-03-11,66.43248748779297,67.82901176054172,65.57141762175021,66.90523605779914,255598800
2020-03-12,59.8719596862793,65.1227869054102,59.81648575015455,61.73157866504394,418474000
2020-03-13,67.04512786865234,67.51546213922724,61.01041412848334,63.890293287918134,370732000
2020-03-16,58.41996765136719,62.48893115530333,57.88692394072501,58.3572544616731,322423600
2020-03-17,60.98869323730469,62.13436816241869,57.5010047474182,59.69829586216656,324056000
2020-03-18,59.49568557739258,60.29886692649559,57.19226812473029,57.831438322361606,300233600
2020-03-19,59.03983688354492,60.983872113197,58.51644306635794,59.669357314419855,271857200
2020-03-20,55.291656494140625,60.74026183260014,54.99257275597992,59.6187005747609,401693200
2020-03-23,54.11703109741211,55.11316965220814,51.28057345030364,55.011867987706175,336752800
2020-03-24,59.54634475708008,59.74171251843163,56.51210499986582,57.008967128821915,287531200
2020-03-25,59.21831130981445,62.28872853386047,58.92405254951491,60.47976255514235,303602000
2020-03-26,62.334564208984375,62.392448772259634,59.42092219277503,59.45951435519265,252087200
2020-03-27,59.75377655029297,61.7146935301043,59.58735106071219,60.962164721931764,204216800
2020-03-30,61.45903015136719,61.63028059072722,60.154161498746404,60.477366294133525,167976400
2020-03-31,61.3336067199707,63.311409233664314,60.78127060250106,61.64957594039169,197002000
2020-04-01,58.106414794921875,59.990151255793265,57.67708705496906,59.454696896013616,176218400
2020-04-02,59.076011657714844,59.12907496179199,57.13921209995254,57.96892520332119,165934000
2020-04-03,58.22700119018555,59.26172817079223,57.63848363538416,58.56226275717802,129880000
2020-04-06,63.30657958984375,63.460940873525914,60.14933155714907,60.51594604650854,201820400
2020-04-07,62.57335662841797,65.53283058918733,62.46964431369385,65.31574871652275,202887200
2020-04-08,64.17486572265625,64.48841681732436,63.00748079939509,63.371680870128074,168895200
2020-04-09,64.63797760009766,65.13966834587349,63.84444973045493,64.80923169926753,161834800
2020-04-13,65.90667724609375,66.01521817669068,64.11700321080237,64.71517076301717,131022800
2020-04-14,69.23513793945312,69.52457536922498,67.0643792982631,67.53471328146745,194994800
2020-04-15,68.60321807861328,69.06148794812431,67.68667833959124,68.11359162380347,131154400
2020-04-16,69.14832305908203,69.51253053826382,68.10153570587103,69.31474850581405,157125200
2020-04-17,68.2100830078125,69.21105020012682,66.77738117936849,68.66594602627303,215250000
2020-04-20,66.79425811767578,67.93993657233999,66.77496571925322,67.04028220194732,130015200
2020-04-21,64.72962188720703,66.87143866583018,64.02050667372501,66.6374787843657,180991600
2020-04-22,66.59408569335938,67.02823469257027,65.65342462126695,65.99350383291697,116862400
2020-04-23,66.33598327636719,67.95681696931808,66.29739112168969,66.53858656789843,124814400
2020-04-24,68.25108337402344,68.2607332539519,66.81114610399659,66.8593881429372,126161200
2020-04-27,68.29935455322266,68.62979131491335,67.52270450340819,67.96891043082711,117087600
2020-04-28,67.1922378540039,68.94090519524222,67.10058974876348,68.76000857373481,112004800
2020-04-29,69.39918518066406,69.86710504839203,68.47299532638776,68.67559866694484,137280800
2020-04-30,70.86322021484375,71.0392955430697,69.5487094297081,69.93703057079283,183064000
2020-05-01,69.72237396240234,72.11744313333922,68.94572428038448,69.04220099303798,240616800
2020-05-04,70.7088623046875,70.8366956047244,69.05908623299008,69.746494769706,133568000
2020-05-05,71.77013397216797,72.59984709930193,71.02242643355622,71.16714520888473,147751200
2020-05-06,72.51058959960938,73.14010619347668,72.08608325049667,72.46958313423785,142333600
2020-05-07,73.26073455810547,73.6056497913607,72.83382108121585,73.13531552100616,115215200
2020-05-08,75.00447082519531,75.05767778640492,73.59207657746659,73.91857350395145,133838400
2020-05-11,76.18468475341797,76.67805029133442,74.30551752010811,74.51351103092436,145946400
2020-05-12,75.31400299072266,77.31650723109308,75.19307880379056,76.86666541777984,162301200
2020-05-13,74.40464782714844,76.41199367992591,73.33084049882564,75.49296546688427,200622400
2020-05-14,74.86176300048828,74.92222510630167,72.92455476842612,73.64526572674791,158929200
2020-05-15,74.41915893554688,74.46511071572239,72.6052961832284,72.6391584973057,166348400
2020-05-18,76.17254638671875,76.54499487384902,75.05037399647745,75.73964319895468,135178400
2020-05-19,75.73242950439453,77.03356800567484,75.7009880240271,76.18951925102249,101729600
2020-05-20,77.20526885986328,77.27539958314759,76.54985436932522,76.58855099973772,111504800
2020-05-21,76.62965393066406,77.60672336639306,76.39263988211127,77.0673988694635,102688800
2020-05-22,77.12303161621094,77.20525917779025,76.26688630469137,76.3684584887372,81803200
2020-05-26,76.60066223144531,78.41693907225796,76.54503443091458,78.23797358104541,125522000
2020-05-27,76.93440246582031,77.07951300360745,75.72032597361274,76.45796813210207,112945200
2020-05-28,76.96826171875,78.22345564249268,76.33462002234297,76.610323390573,133560800
2020-05-29,76.89327239990234,77.66960361164463,76.53775499591495,77.21009317848531,153532400
2020-06-01,77.83890533447266,77.95982952875313,76.71672526884876,76.84732546524727,80791200
2020-06-02,78.19924926757812,78.22343558014592,77.1326970947877,77.57286288939194,87642800
2020-06-03,78.62974548339844,78.89094587146293,77.94773126866299,78.51849729325161,104491200
2020-06-04,77.95257568359375,78.75067242701921,77.58012709236915,78.45320362768672,87560400
2020-06-05,80.17274475097656,80.23320685109042,78.172661136236,78.20168176339025,137250400
2020-06-08,80.64677429199219,80.68063661442805,79.16182879014318,79.87044290894595,95654400
2020-06-09,83.19342041015625,83.58521359796022,80.29608159235194,80.32752306209885,147712400
2020-06-10,85.33377838134766,85.80054396626458,83.70130187626772,84.13904683755014,166651600
2020-06-11,81.23688507080078,84.90330810607846,81.1353128647156,84.4800733592576,201662400
2020-06-12,81.93824005126953,84.11487578630992,80.83057755802524,83.36998591557237,200146000
2020-06-15,82.95158386230469,83.60215667626827,80.43394102615576,80.59598270848474,138808800
2020-06-16,85.14996337890625,85.42083972922715,83.36996307483841,85.00001858358407,165428800
2020-06-17,85.0314712524414,85.95291299210936,84.9105470621372,85.89245089695726,114406400
2020-06-18,85.06533813476562,85.48131766696713,84.45829630505166,84.98794487746599,96820400
2020-06-19,84.57921600341797,86.2334580419222,83.47396713214061,85.7691132840755,264476000
2020-06-22,86.7921142578125,86.93480389547132,84.92504474201495,84.97099651794542,135445200
2020-06-23,88.64469909667969,90.05951379803278,87.61442248881565,88.03282290304573,212155600
2020-06-24,87.07994079589844,89.19128014209528,86.70749216559717,88.27467257128609,192623200
2020-06-25,88.23597717285156,88.27467380594872,86.47774180640029,87.23472854623947,137522400
2020-06-26,85.52484130859375,88.35204937887517,85.37730996316603,88.13196647381191,205256800
2020-06-29,87.49591064453125,87.59023505976948,84.95650253776073,85.43294416349418,130646000
2020-06-30,88.22628021240234,88.51166689112543,87.06541101774955,87.08475563938902,140223200
2020-07-01,88.0594482421875,88.84545581764792,88.01108297361411,88.30371757359373,110737200
2020-07-02,88.0594482421875,89.59760844316996,87.94578653975651,88.96396659400729,114041600
2020-07-06,90.41503143310547,90.88179710275243,89.45247208428117,89.48391355913485,118655600
2020-07-07,90.13447570800781,91.56863486785247,90.02322751685155,90.79230361416894,112424400
2020-07-08,92.23370361328125,92.2651450795296,91.02204102383105,91.10911026733615,117092000
2020-07-09,92.63035583496094,93.17692818708905,91.58556900054663,93.12372124513385,125642800
2020-07-10,92.7923812866211,92.85042991453263,91.61700174534108,92.22645698371295,90257200
2020-07-13,92.36431884765625,96.69582436714335,92.15149108508342,94.09353334761987,191649200
2020-07-14,93.89279174804688,94.08384663898248,90.81648030417851,91.74759058853576,170989200
2020-07-15,94.5385513305664,96.01140740726693,93.34381947671102,95.76230381558776,153198000
2020-07-16,93.37525177001953,94.22897636244912,92.77788590184623,93.41394840131093,110577600
2020-07-17,93.18660736083984,93.97986982567868,92.71500002379474,93.82509068603153,92186800
2020-07-20,95.15042114257812,95.28827651192833,92.93025444088441,93.27368244127173,90318000
2020-07-21,93.837158203125,96.01379331608409,93.58805470208915,95.93882091931,103433200
2020-07-22,94.10079956054688,94.78039302096889,93.4526475751938,93.53970946249737,89001600
2020-07-23,89.8176498413086,93.91214102009206,89.00987716210209,93.83474776947158,197004400
2020-07-24,89.59515380859375,89.93858177491317,86.23829692519554,88.0207257853986,185438800
2020-07-27,91.71857452392578,91.81047808647506,90.43194679011566,90.6544431599045,121214000
2020-07-28,90.21186828613281,91.46706199244389,90.20702659484037,91.29051001469016,103625600
2020-07-29,91.94109344482422,92.12490060025137,90.6568789640174,90.69315474979174,90329200
2020-07-30,93.0535888671875,93.15758190350233,90.71007737841838,91.11638090213245,158130000
2020-07-31,102.7952651977539,102.94521005285304,97.53747498112891,99.53031118808211,374336800
2020-08-03,105.38542175292969,107.99738106099281,104.37449739019563,104.67196614624173,308151200
2020-08-04,106.08922576904297,107.17754362792036,104.85337654025795,105.57408746827389,173071600
2020-08-05,106.47377014160156,106.79301183705664,105.34675558446708,105.81110781245884,121776800
2020-08-06,110.18854522705078,110.68191802624929,106.21739865938491,106.80508849601155,202428800
2020-08-07,107.6833267211914,110.1667423327947,106.88863402123575,109.71124638392962,198045600
2020-08-10,109.24847412109375,110.26364648269501,106.6051500806847,109.12490669471406,212403600
2020-08-11,105.99943542480469,109.01102903844416,105.74018931676449,108.51434892717005,187902400
2020-08-12,109.52227783203125,109.77909878796228,106.89348975910477,107.08731438450859,165598000
2020-08-13,111.4605484008789,112.46118443380263,110.41145251692377,110.8984466622293,210082000
2020-08-14,111.36119842529297,111.45084248513194,109.55617638834046,111.28609084035034,165565200
2020-08-17,111.07046508789062,112.50479236850128,110.44537442392807,112.48056244330753,119561600
2020-08-18,111.99598693847656,112.41998472569632,110.48897736471524,110.82333108852379,105633600
2020-08-19,112.13648986816406,113.54658690439616,112.04200279341177,112.40300419709797,145538000
2020-08-20,114.6247787475586,114.73865273876372,112.16074255230501,112.17770423893735,126907200
2020-08-21,120.53170013427734,121.01384394086823,115.56971073081034,115.58182199867925,338054800
2020-08-24,121.97327423095703,124.81043082095223,120.11253119545398,124.72562238006333,345937600
2020-08-25,120.9726333618164,121.31668056382314,119.25483735042155,120.84907330953439,211495600
2020-08-26,122.61774444580078,123.07324042466944,121.22218355631982,122.285815910586,163022400
2020-08-27,121.15193939208984,123.55055438295649,120.0107741116813,123.21862581210485,155552400
2020-08-28,120.95567321777344,122.54020825717129,120.73276826199735,122.12347869162592,187630000
2020-08-31,125.05758666992188,126.9571040462872,122.1114130521541,123.6426531808452,225702700
2020-09-01,130.03887939453125,130.63975477764288,126.50153297923832,128.66270574189053,151948100
2020-09-02,127.34471893310547,133.72164832942713,123.08051792791673,133.34368512573027,200119000
2020-09-03,117.14939880371094,124.86373639811963,116.7811290254477,122.99330715589075,257599600
2020-09-04,117.22692108154297,119.88235689314044,107.46770259236347,116.36438893039704,332607200
2020-09-08,109.33811950683594,115.3176975867679,109.20244081478072,110.4332424909772,231366600
2020-09-09,113.69924926757812,115.46307981230207,111.70282771529025,113.64110336417085,176940500
2020-09-10,109.9874496459961,116.78110786689479,109.02800526992252,116.64542916296256,182274400
2020-09-11,108.5434341430664,111.6737525060593,106.6051585333688,111.03411800577045,180860300
2020-09-14,111.79972076416016,112.35212893319483,109.31873072694243,111.17947325485572,140150100
2020-09-15,111.97417449951172,115.16263852668574,110.10373838004288,114.67806966043925,184642000
2020-09-16,108.66940307617188,112.41996847950239,108.58218423592244,111.6737357351675,154679000
2020-09-17,106.93466186523438,108.73725877422822,105.35496990474392,106.33380115819288,178011000
2020-09-18,103.54267883300781,107.45799642585531,102.81582548420052,106.99281442322203,287104900
2020-09-21,106.6827163696289,106.78932214469631,99.91812965087458,101.3136907834397,195713800
2020-09-22,108.35932159423828,109.37691949106974,105.79111171031052,109.20247434858254,183055400
2020-09-23,103.81405639648438,108.65005253506956,103.47485221017152,108.17517702574132,150718700
2020-09-24,104.88008880615234,106.84743726159023,101.75946405865736,101.92421570211286,167743300
2020-09-25,108.8148193359375,108.96988497340462,104.34709232304353,105.08363931313927,149981400
2020-09-28,111.41207885742188,111.76096905147743,109.29935819072301,111.46053870423745,137672400
2020-09-29,110.56892395019531,111.75127320535319,110.06497556622581,111.0147338283158,99382200
2020-09-30,112.23585510253906,113.64110945971419,110.11344818104769,110.27819984549522,142675200
2020-10-01,113.18561553955078,114.0869140768239,112.25524404848423,114.00938127075119,116120400
2020-10-02,109.53195190429688,111.80943167027127,108.75664609356778,109.40596665096126,144712000
2020-10-05,112.9045639038086,113.0499360657336,110.04561009300302,110.39450032404892,106243800
2020-10-06,109.66761779785156,112.53626429637261,108.78569900515828,112.12922087224236,161498200
2020-10-07,111.52837371826172,111.98386964245861,110.60768842209468,111.08257124183804,96849000
2020-10-08,111.42178344726562,112.80765091391855,111.05350632008391,112.66227875286972,83477200
2020-10-09,113.36004638671875,113.38911933685253,111.37331099631979,111.72220118579409,100506900
2020-10-12,120.56075286865234,121.31667922649164,115.59876429754219,116.35469065538149,240226800
2020-10-13,117.36256408691406,121.52016535632359,115.95731749807723,121.40386618032196,262330500
2020-10-14,117.4498291015625,119.23303935883797,115.92828283428057,117.26569052723717,150712000
2020-10-15,116.98463439941406,117.459509897586,114.50364375467132,115.0560520589753,112559200
2020-10-16,115.3467788696289,117.79870373934006,115.14326081684207,117.53703239008934,115393800
2020-10-19,112.4006118774414,116.70357893346838,112.09048805904365,116.25777640664253,120639300
2020-10-20,113.88337707519531,115.30801072573557,112.06139340503645,112.61380161708941,124423700
2020-10-21,113.26312255859375,115.04633232866423,112.85607911635273,113.06929058754238,89946000
2020-10-22,112.17768859863281,114.39701481541562,111.05348531931205,113.825219728469,101988000
2020-10-23,111.48961639404297,112.95301658165369,110.75306957595657,112.79795098039979,82572600
2020-10-26,111.49930572509766,112.95301241046303,109.39627110087882,110.49140153597219,111850700
2020-10-27,113.00148010253906,113.66049418453407,111.00505835146696,111.92573641878347,92276800
2020-10-28,107.76813507080078,111.86759177611111,107.67122275639692,111.49932202380221,143937800
2020-10-29,111.76097869873047,113.32129125851726,108.73726588721904,108.90202494425338,146129200
2020-10-30,105.5003433227539,108.53374202736012,104.39552680317541,107.63244356202665,190272600
2020-11-02,105.4131088256836,107.26416545991421,104.00786205893465,105.74261950243951,122866900
2020-11-03,107.03158569335938,108.04917599163862,105.37436086993179,106.27565935922766,107624400
2020-11-04,111.40237426757812,112.02262179632525,108.88261775780121,110.61737510643056,138235500
2020-11-05,115.35647583007812,115.92827100011738,113.26314194201399,114.30980518907859,126387100
2020-11-06,115.22541809082031,115.72052575840337,112.74013995422038,114.86621579666993,114457900
2020-11-09,112.9245834350586,118.42907262853805,112.66246807633155,116.98256825674697,154515300
2020-11-10,112.58480834960938,114.15751541071181,110.79851455087879,112.1770700305599,138023400
2020-11-11,116.0020523071289,116.13796507649292,113.04108708119541,113.7691943770842,112295000
2020-11-12,115.730224609375,117.011693129965,115.10890698767624,116.12826014557999,103162300
2020-11-13,115.77877807617188,116.17680624012897,114.42935305539847,115.95352413531403,81581900
2020-11-16,116.78841400146484,117.45826768159665,114.7011715913371,115.44869182782028,91183000
2020-11-17,115.90496826171875,117.14760347947474,115.48751979887665,116.06030136728332,74271000
2020-11-18,114.58468627929688,116.32243681277677,114.55556316864666,115.14775777417243,76322100
2020-11-19,115.17687225341797,115.58461058534773,113.4002885699786,114.1575190169027,74113000
2020-11-20,113.9148178100586,115.3030761134196,113.86628176431465,115.17687350645622,73604300
2020-11-23,110.52668762207031,114.18664449638574,110.42960812922888,113.75948583985478,127959300
2020-11-24,111.80818176269531,112.46833283440283,109.30349027827336,110.58496654102227,113874200
2020-11-25,112.64307403564453,113.34205836437563,111.80817691040372,112.17708942095175,76499200
2020-11-27,113.18672943115234,114.06045987456068,112.82753448702884,113.1673164909398,46691300
2020-11-30,115.57491302490234,117.43886611768262,113.40029367663415,113.55562680437811,169410200
2020-12-01,119.13777160644531,119.86587890611962,116.50687811909167,117.47768785199075,127728200
2020-12-02,119.4872817993164,119.76881755329892,117.36120579212971,118.45821829004096,89004200
2020-12-03,119.35137176513672,120.16684852789926,118.64267727747634,119.91443587941438,78967600
2020-12-04,118.68148803710938,119.27368255768253,117.9727936839563,119.02126995710454,78260400
2020-12-07,120.1377182006836,120.93378197653361,118.68150343461471,118.73974965511624,86712000
2020-12-08,120.74932861328125,121.33182045894168,119.4969829958177,120.73962584742733,82225500
2020-12-09,118.2252197265625,122.27349493369557,117.46798924542293,120.89494675486756,115089200
2020-12-10,119.64259338378906,120.25420827611856,116.64279476467264,116.98257670113864,81312200
2020-12-11,118.83682250976562,119.17660443365664,117.03111582087004,118.85623544540636,86939800
2020-12-14,118.2252197265625,119.74939086099992,117.99222744160214,119.021283489644,79184500
2020-12-15,124.14715576171875,124.16657610565406,120.50661897640848,120.71048814758292,157243700
2020-12-16,124.07920837402344,124.62285953660047,122.86569602420569,123.69089034743503,98208600
2020-12-17,124.9432144165039,125.79753175425047,124.30247641319399,125.13737340779682,94359800
2020-12-18,122.9627685546875,125.33154675459895,122.43853039208297,125.1956339798523,192541500
2020-12-21,124.48694610595703,124.56461267355205,119.84647608918172,121.37064729644923,121251600
2020-12-22,128.03042602539062,130.48657411125797,125.86550908536934,127.76830318074434,168904800
2020-12-23,127.13725280761719,128.56432952785477,126.96249934769376,128.30222155804168,88223700
2020-12-24,128.11778259277344,129.56429466422506,127.27318272727676,127.48676208852152,54930100
2020-12-28,132.69998168945312,133.33100207588342,129.61279910731304,130.07879843395568,124486200
2020-12-29,130.93312072753906,134.73869359094937,130.41859268818658,134.02030377703682,121047300
2020-12-30,129.8166961669922,132.02043870547348,129.50602990016534,131.6224031061202,96452100
2020-12-31,128.81675720214844,130.80692029298538,127.87507049302144,130.16618225748783,99116600
2021-01-04,125.63249969482422,129.70989788960378,123.05985224509121,129.62252856286995,143301900
2021-01-05,127.18575286865234,127.8944545005243,124.68106247063794,125.12764137820962,97664900
2021-01-06,122.9045181274414,127.22462614380248,122.69093878823239,123.99182776037331,155088000
2021-01-07,127.09841918945312,127.7877006759222,124.12774352599207,124.61314843344341,109578200
2021-01-08,128.19544982910156,128.75852134682515,126.42856870658443,128.56434751676753,105158200
2021-01-11,125.21504211425781,126.37030813032683,124.74905756448756,125.41891868730954,100384500
2021-01-12,125.04031372070312,125.90433390902683,123.15694021026238,124.7490677981864,91951100
2021-01-13,127.06929779052734,127.61294892404966,124.73936012875102,125.00146811666775,88636800
2021-01-14,125.14710235595703,127.17609140406186,125.00147198922038,126.98193239512918,90221800
2021-01-15,123.42877960205078,126.41887610200494,123.29286679811581,125.02090736816824,111598500
2021-01-19,124.09862518310547,124.9529425933155,123.23460500719132,124.05008172781939,90757300
2021-01-20,128.1759796142578,128.62255851090404,124.79756663573178,124.90435627536169,104319500
2021-01-21,132.874755859375,135.5930267381697,129.69050034270776,129.8943769543058,120150900
2021-01-22,135.01052856445312,135.76775903778582,131.07874583699044,132.30196087543968,114459400
2021-01-25,138.74810791015625,140.85476298969073,132.55433784796116,138.8937382399215,157611700
2021-01-26,138.98117065429688,140.08789352147755,137.24341236503608,139.40832944748692,98390600
2021-01-27,137.91326904296875,140.08788882014454,136.31143843564914,139.24327402981456,140843800
2021-01-28,133.0883331298828,137.8453107957744,132.70971784009862,135.44740902267984,142621100
2021-01-29,128.10806274414062,132.7485322226158,126.40914566020653,131.86509178375854,177523800
2021-02-01,130.22442626953125,131.42823575703017,127.1081202867018,129.84581103922318,106239800
2021-02-02,131.0496368408203,132.33109823624255,130.68072432979122,131.7680267032869,83305400
2021-02-03,130.03030395507812,131.80688817183957,129.70993485237824,131.797170590512,89880900
2021-02-04,133.37957763671875,133.38928040334213,130.66130683037125,132.32139835278772,84183100
2021-02-05,132.96633911132812,133.60803459447885,132.09131060559002,133.53998407473009,75693800
2021-02-08,133.11216735839844,133.16078334273837,131.17736393158722,132.25657350766537,71297200
2021-02-09,132.23712158203125,134.0552584795755,132.08157120488215,132.83020097423812,76774200
2021-02-10,131.6343536376953,133.18997643259982,130.6718103643523,132.6941140635208,73046600
2021-02-11,131.38156127929688,132.6066041234454,130.05928645451803,132.13019115518452,64280000
2021-02-12,131.6149139404297,131.7704791984505,129.98152323777,130.62321880046613,60145100
2021-02-16,129.49539184570312,132.23715902657875,129.1064787039169,131.7315941955358,80576300
2021-02-17,127.2105712890625,128.55229564276027,125.87857903593999,127.6092016891494,97918500
2021-02-18,126.11189270019531,126.3938416655148,123.87569099593317,125.6160304420086,96856700
2021-02-19,126.26744842529297,127.08415840410441,125.22713755275306,126.62719484726894,87668800
2021-02-22,122.50482940673828,126.1216398427311,122.11592370284757,124.4590677731543,103916400
2021-02-23,122.36871337890625,123.19513336260104,115.10592588579131,120.32696770808406,158273000
2021-02-24,121.87284851074219,122.07702231944482,118.83940058972168,121.47422557501572,111039900
2021-02-25,117.63379669189453,122.9520628532438,117.19628243074794,121.22144033722896,148199500
2021-02-26,117.89631652832031,121.38672834698384,117.83797585116562,119.18941742406001,164560400
2021-03-01,124.24517822265625,124.38129410804099,119.38387540817448,120.31724465842385,116307900
2021-03-02,121.64923095703125,125.14936711599789,121.5422817134225,124.84796874824156,102260900
2021-03-03,118.67411804199219,122.22287046374831,118.46021953832745,121.34783450228308,112966300
2021-03-04,116.79766845703125,120.17141407750445,115.3295602258347,118.3727333702154,178155000
2021-03-05,118.0518798828125,118.5574595470923,114.30867806869652,117.62409026429847,153766600
2021-03-08,113.13223266601562,117.6435208042625,112.98639210708664,117.57546286579684,154376600
2021-03-09,117.73101806640625,118.6741119196786,115.49482341109125,115.72816384952438,129525800
2021-03-10,116.65182495117188,118.78107052799325,116.13652062478559,118.31438961434448,111943300
2021-03-11,118.57687377929688,119.79219924122525,117.89629448772017,119.14078657389355,103026500
2021-03-12,117.67267608642578,117.80879195023273,115.85455386939371,117.06015469929451,88105100
2021-03-15,120.55058288574219,120.56030756816384,117.07961303714333,118.04215631738552,92403800
2021-03-16,122.08674621582031,123.69097746560344,121.26032630464678,122.21313740579694,115227900
2021-03-17,121.2992172241211,122.36870224795845,118.9463412703685,120.60891318675553,111932600
2021-03-18,117.18655395507812,119.76304569936237,116.98238014530207,119.47136458953443,121229700
2021-03-19,116.66155242919922,118.06161012823361,116.3601540036749,116.57405253188959,185549500
2021-03-22,119.96723937988281,120.43392774935558,116.92406625712914,116.99212420499393,111912300
2021-03-23,119.14082336425781,120.7936635357698,118.75191761279609,119.90891018351063,95467100
2021-03-24,116.75875854492188,119.49081556265351,116.73931659895885,119.41303294328375,88530500
2021-03-25,117.24488830566406,118.28521414548541,115.6989976953015,116.22401924724316,98844700
2021-03-26,117.84769439697266,118.11020888610055,115.62121696029041,117.0115497729694,94071200
2021-03-29,118.0226821899414,119.1796743693097,117.38099422217321,118.27547195555081,80819200
2021-03-30,116.57403564453125,117.06016589541106,115.56288383257017,116.7782094597697,85671900
2021-03-31,118.7616195678711,120.09361168317854,117.78935908416811,118.27548932601961,118323800
2021-04-01,119.58805084228516,120.73531861862071,119.0921958715762,120.22974638293907,75089100
2021-04-05,122.4075927734375,122.66038256872103,119.65609390540438,120.43390523654203,88651200
2021-04-06,122.7090072631836,123.60348521908364,122.16454371050696,122.99096372232243,80171300
2021-04-07,124.35210418701172,124.37154613081405,121.66866345905004,122.33952549547996,83466700
2021-04-08,126.74388122558594,126.77304785417073,124.95492543996741,125.3729903400282,88844600
2021-04-09,129.31068420410156,129.34956810781136,125.87860482522545,126.19945266403965,106686700
2021-04-12,127.5994644165039,129.16480430519968,127.00638495965602,128.84395658242786,91420000
2021-04-13,130.7009735107422,130.9246041100814,128.27032223067465,128.76618458654,91266500
2021-04-14,128.36752319335938,131.25513740306803,128.0077916382119,131.19680416012676,87222800
2021-04-15,130.76904296875,131.2551732400093,129.93289830876327,130.10791292088626,89347100
2021-04-16,130.43849182128906,130.93433940993674,129.5828977054859,130.57460771830137,84922400
2021-04-19,131.09962463378906,131.71215360069297,129.6412336348906,129.80651616783663,94264200
2021-04-20,129.41757202148438,131.77044021985614,128.15363063610712,131.2745927965494,94812300
2021-04-21,129.7967529296875,130.03981801008018,127.657783189335,128.68837675651753,68847100
2021-04-22,128.28004455566406,130.42873181562496,127.7647477103965,129.34952213608938,84566500
2021-04-23,130.5940399169922,131.37183646308597,128.49395363729542,128.49395363729542,78657500
2021-04-26,130.98294067382812,131.3135056957382,129.85511489088012,131.08988992627178,66905100
2021-04-27,130.66207885742188,131.6537886519638,130.38984712331498,131.26487557787047,66015800
2021-04-28,129.87452697753906,131.27458412202594,129.38839684878747,130.58427281157245,107760100
2021-04-29,129.77732849121094,133.26775499092827,128.77590135452442,132.6843927517533,151101000
2021-04-30,127.81336975097656,129.8551078660134,127.43418875564703,128.12448539137938,109839500
2021-05-03,128.8634033203125,130.35097557067442,128.1731066561789,128.37727305832388,75135100
2021-05-04,124.30351257324219,127.84254787757098,123.18541143255057,127.55086673903944,137564700
2021-05-05,124.54656982421875,126.83137298490321,124.42017121810461,125.61604742001238,84000900
2021-05-06,126.14110565185547,126.150822917844,123.60349727215355,124.342417464098,78128300
2021-05-07,126.81310272216797,127.83569855183693,126.10213618024181,127.43640587981206,78973300
2021-05-10,123.54072570800781,126.16054372317713,123.50176833952001,126.03394527871879,88071200
2021-05-11,122.6252670288086,122.97586852300613,119.56717642454035,120.2781354744355,126142800
2021-05-12,119.56716918945312,121.38838724678817,119.06073823482639,120.18073848547931,112172300
2021-05-13,121.70977783203125,122.85899423262195,121.01830123774441,121.32995276517451,105861300
2021-05-14,124.12506866455078,124.55359227820217,122.56681111085221,122.95637735686638,81918000
2021-05-17,122.9758529663086,123.61863839013512,121.90455135695586,123.51150748616402,74244600
2021-05-18,121.5928955078125,123.67706631560182,121.52472197411315,123.25828391420353,63342900
2021-05-19,121.43708038330078,121.66107596519278,119.65481977612977,119.94699632595916,92612000
2021-05-20,123.98873138427734,124.38803886132331,121.83638680726905,121.96300011967811,76857100
2021-05-21,122.15779113769531,124.66074485833978,121.94352929361253,124.48544038866837,79295400
2021-05-24,123.7842025756836,124.60229244585756,122.65446862112498,122.72264215777629,63092900
2021-05-25,123.58942413330078,124.97238470676444,123.02455343641832,124.4854213164092,72009500
2021-05-26,123.54072570800781,124.06663903705564,123.12194328471185,123.64785661375969,56575900
2021-05-27,122.0116958618164,124.3101288080937,121.81691643126096,123.1414373640431,94625600
2021-05-28,121.35918426513672,122.5181420121491,121.30075191834936,122.29413896553177,71311100
2021-06-01,121.03780364990234,122.07988937761128,120.70667707771455,121.81693636030687,67637100
2021-06-02,121.79742431640625,121.97272876206887,120.81377861108228,121.03777419532105,59278900
2021-06-03,120.31708526611328,121.59290756486408,119.91777779316642,121.42734431379967,76229200
2021-06-04,122.60578155517578,122.86874195718396,120.61900017592295,120.83326200560104,75169300
2021-06-07,122.61550903320312,123.02455024570587,121.57342360305104,122.878461975424,71057600
2021-06-08,123.43360137939453,125.10873859219605,122.91742922255409,123.29725429760116,74403800
2021-06-09,123.81341552734375,124.41724357225148,123.2193286818069,123.89133026159469,56877900
2021-06-10,122.8200454711914,124.84578425664763,122.65448221103098,123.7063015458541,71186400
2021-06-11,124.02769470214844,124.11535064804697,122.81030467281765,123.2290871401218,53522400
2021-06-14,127.07601928710938,127.13445162281361,123.75498360492641,124.48541752266156,96906500
2021-06-15,126.25794219970703,127.19290419262148,126.01446421684268,126.5501187512876,62746300
2021-06-16,126.754638671875,127.47533888931655,125.10873990323489,126.96890049704093,91815000
2021-06-17,128.35186767578125,129.0920503743114,126.26769639966578,126.41379212945316,96721700
2021-06-18,127.05656433105469,128.07916002857564,126.84230250511071,127.30004232774398,108953300
2021-06-21,128.84852600097656,128.95565688666113,125.83914229499234,126.90070252359433,79663300
2021-06-22,130.4846954345703,130.58209255634193,128.18626305147518,128.6829675675103,74783600
2021-06-23,130.21205139160156,130.81588702946803,129.75431149256474,130.2802323751994,60214200
2021-06-24,129.92962646484375,131.12753427569476,129.4621379224508,130.9424885852543,68711000
2021-06-25,129.6374053955078,130.3970554405537,129.34522887186355,129.978280483212,70783700
2021-06-28,131.2638397216797,131.72157948620062,129.87115289056985,129.9295852246422,62111300
2021-06-29,132.7734375,132.92926700154416,130.84509571572818,131.28335318569188,64556100
2021-06-30,133.38694763183594,133.82520490715183,132.32537262718398,132.6175490976321,63261400
2021-07-01,133.68890380859375,133.74733615062,132.218287184251,133.03638455477136,52485800
2021-07-02,136.30874633789062,136.34769628382654,134.15639402212219,134.30247489528134,78852600
2021-07-06,138.31497192382812,139.41548226335163,136.4158466947496,136.4158466947496,108181800
2021-07-07,140.79844665527344,141.11009072715532,138.9382714107099,139.79530375392193,104911600
2021-07-08,139.503173828125,140.30177401839643,137.00021261100082,137.88647618396286,105575500
2021-07-09,141.3243865966797,141.85029259632174,138.92855627210733,139.02595342720224,99890800
2021-07-12,140.73025512695312,142.50278173643568,140.24329922685985,142.39565084398657,76299700
2021-07-13,141.84051513671875,143.61304176059716,139.8829577523025,140.2725165312551,100827100
2021-07-14,145.25901794433594,145.66807420000345,143.827365631668,144.23642188733552,127050800
2021-07-15,144.6064453125,146.08679566961968,143.25270826705687,145.3466279214185,106820300
2021-07-16,142.57098388671875,145.85306272785598,142.07429409288326,144.58698895603396,93251400
2021-07-19,138.73374938964844,140.31149679803218,137.97409928442224,139.99983785193092,121434600
2021-07-20,142.33721923828125,143.26244743833868,139.23045273850917,139.717408691922,96350000
2021-07-21,141.60678100585938,142.31774737595725,140.85687956010295,141.73339430532917,74993500
2021-07-22,142.97030639648438,144.3337774603304,142.00612801944465,142.1327413542018,77338200
2021-07-23,144.68435668945312,144.84018616778306,143.0871416883638,143.7007109713398,71447400
2021-07-26,145.10313415527344,145.92121655552194,143.8467795270844,144.4019164234274,72434100
2021-07-27,142.94105529785156,145.3174027377309,141.7528815779119,145.22973937162135,104818600
2021-07-28,141.19773864746094,143.13582861718922,138.82139130869905,141.03217541296894,118931200
2021-07-29,141.84051513671875,142.72677844865797,140.80817099785102,140.91530189117023,56699500
2021-07-30,142.0547637939453,142.51250349030116,140.3504182873009,140.61337861218294,70440600
2021-08-02,141.72364807128906,143.1163348001012,141.46068772656318,142.54173040964227,62880000
2021-08-03,143.51568603515625,144.17793912255732,141.39254995347815,142.0061193250026,64786600
2021-08-04,143.11636352539062,143.9344460279435,142.4638442773508,143.42802249439222,56368300
2021-08-05,143.22349548339844,143.98314564998552,142.35671440302508,143.14558074057953,46397700
2021-08-06,142.54074096679688,143.48685218422662,142.0433070322341,142.74557545925379,54126800
2021-08-09,142.49195861816406,143.08693557693016,141.93600483737242,142.59925003312128,48908700
2021-08-10,142.01400756835938,144.0720407420302,141.72139332469942,142.83331554422432,69023100
2021-08-11,142.2676239013672,143.10644361120174,141.94574966449076,142.45294678468827,48493500
2021-08-12,145.22299194335938,145.37905487994794,142.24810732768088,142.58949314109574,72282600
2021-08-13,145.42782592773438,145.7594485046543,144.61826619020815,145.30102293180235,59375000
2021-08-16,147.3980712890625,147.46635440777192,142.8626017681946,144.88161214330344,103296000
2021-08-17,146.4910125732422,147.94430623200614,145.41809822926902,146.53002087530285,92229700
2021-08-18,142.7553253173828,147.00794422226895,142.55049082276733,146.1106045300614,86326000
2021-08-19,143.08692932128906,144.35491465635323,140.9411159989395,141.45806146213795,86960300
2021-08-20,144.54025268554688,144.84261535990314,143.16497579607238,143.80872432514332,60549600
2021-08-23,146.02281188964844,146.49098584387335,144.24762936861552,144.65728343893502,60131800
2021-08-24,145.93502807617188,147.14449367144724,145.4766024407117,145.7692167650667,48606400
2021-08-25,144.70603942871094,146.61777310120064,144.15983406027962,146.12032437546637,58991300
2021-08-26,143.90626525878906,145.4473535938561,143.87700531241939,144.69632845972228,48597200
2021-08-27,144.94015502929688,145.08645474475415,143.21374397198983,143.84772924961433,55802400
2021-08-30,149.34881591796875,149.70971334019745,144.9498976782118,145.33029180641267,90956700
2021-08-31,148.09059143066406,149.03670255975587,147.56388271808643,148.90015120519527,86453100
2021-09-01,148.7538299560547,151.16299758315895,148.5880186674378,149.0659558284964,80313700
2021-09-02,149.8657684326172,150.90942268736845,148.64655451799135,150.08035127222993,71115500
2021-09-03,150.49977111816406,150.82164538297303,149.3195654805312,149.97306236375573,57808700
2021-09-07,152.83090209960938,153.38685589495006,150.58754556278473,151.15326259436534,82278300
2021-09-08,151.28982543945312,153.1722846868866,150.1876512353804,153.11376479693286,74420200
2021-09-09,150.27540588378906,152.2651560265842,150.1583512521099,151.6604308143289,57305700
2021-09-10,145.301025390625,151.65068551937273,145.03767104191758,151.18251158621138,140893200
2021-09-13,145.8667449951172,147.69068411470718,145.0864451705449,146.9201475258426,102404300
2021-09-14,144.47195434570312,147.34931083330153,143.29176371635268,146.64704249063803,109296300
2021-09-15,145.3595428466797,145.7594485393446,142.76505234502355,144.9011172737186,83281300
2021-09-16,145.12547302246094,145.30104757606733,143.59414799108714,144.78410203525485,68034100
2021-09-17,142.46270751953125,145.15474141357228,142.17009319848557,145.15474141357228,129868800
2021-09-20,139.41954040527344,141.272739448902,137.79067253613061,140.25836010441694,123478900
2021-09-21,139.89747619628906,141.03867353306788,139.2634909051742,140.38516176883357,75834000
2021-09-22,142.25790405273438,142.82360628582634,140.16084691647131,140.89237536058963,76404300
2021-09-23,143.21371459960938,143.45755733068214,142.05302081842638,143.03814009408782,64838200
2021-09-24,143.30152893066406,143.83798604484667,141.97502355876833,142.07256662788618,53477900
2021-09-27,141.78970336914062,142.36518367517027,140.2778899497781,141.8872464401241,74150700
2021-09-28,138.41490173339844,141.18495179250712,138.20031892345534,139.72189529724798,108972300
2021-09-29,139.31227111816406,140.89236770909372,138.53197117688373,138.9611368887371,74602000
2021-09-30,138.01498413085938,140.82405712165914,137.80040133945224,140.1217888739592,89056700
2021-10-01,139.1366729736328,139.40002732180153,135.68386603878685,138.40514469326044,94639600
2021-10-04,135.713134765625,138.7075311976416,134.86456666800945,138.26860229461653,98322000
2021-10-05,137.63462829589844,138.73680249578317,135.92772872481194,136.0545317412187,80861100
2021-10-06,138.5027313232422,138.64903107214994,134.962128569818,136.0350430050937,83221100
2021-10-07,139.76092529296875,140.66802820004892,139.20497147758243,139.53659409609236,61732700
2021-10-08,139.38055419921875,140.62902828496263,139.048931525846,140.48272854170557,58773200
2021-10-11,139.29275512695312,141.2434974770439,138.31738395190774,138.76606124094116,64452200
2021-10-12,138.0247802734375,139.72193160685052,137.56635459515326,139.70242001460875,73035900
2021-10-13,137.43951416015625,137.9174363658586,135.77162340821164,137.76138833625006,78762700
2021-10-14,140.21934509277344,140.3363997461316,138.024760100328,138.60998871817293,69907100
2021-10-15,141.27276611328125,141.33128600610704,139.97552058470157,140.2291266309253,67940300
2021-10-18,142.9406280517578,143.22347910319027,139.63412084083484,139.91697189226727,85589200
2021-10-19,145.09620666503906,145.49611240776287,142.94064476173952,143.38930715549284,76378900
2021-10-20,145.5839080810547,146.0618453536086,144.4719854463032,145.03770255984122,58418800
2021-10-21,145.79849243164062,145.95455540585698,144.22814410067642,145.14499547046705,61421000
2021-10-22,145.02792358398438,146.48121692115393,144.97915205496275,146.00329463249273,58883400
2021-10-25,144.97915649414062,145.69117321411855,143.98427382696465,145.0181647887637,50720600
2021-10-26,145.64242553710938,147.12497895180522,145.34004798248478,145.6521738906202,60893400
2021-10-27,145.18399047851562,146.04230690415662,144.83285629616836,145.68142436893194,56094900
2021-10-28,148.8123779296875,149.39759166799496,146.03256430303534,146.1301073675776,100077900
2021-10-29,146.110595703125,146.2471470636249,142.804088225394,143.59413644564216,124953200
2021-11-01,145.29127502441406,146.0130400607468,144.15984105888933,145.32053496464482,74588300
2021-11-02,146.32518005371094,147.8370082711022,144.98891149464504,144.9986747309846,69122000
2021-11-03,147.7589569091797,148.22713081802038,146.13008913879244,146.686042864982,54511500
2021-11-04,147.2420654296875,148.67584762072252,146.92993945409776,147.8467909036605,60394600
2021-11-05,147.76951599121094,148.6681654176707,146.57782514412813,148.36536141475236,65463900
2021-11-08,146.948974609375,148.0527572213007,146.67547332752292,147.8964665160418,55020900
2021-11-09,147.31044006347656,147.91604814668477,146.57784387067653,146.7145945638109,56787900
2021-11-10,144.4874725341797,146.64619541359409,144.41910465453822,146.53874739869644,65187100
2021-11-11,144.43861389160156,145.96241109507744,144.25302053135974,145.50333134171993,41000000
2021-11-12,146.50942993164062,146.90990439693277,144.05766590459464,144.9856178095641,63804000
2021-11-15,146.5192108154297,148.35558969382197,145.96243066007273,146.88062009926887,59222800
2021-11-16,147.49598693847656,147.97462166575806,145.87450429964008,146.46058703081326,59256200
2021-11-17,149.92822265625,151.40317727562876,147.48623592599793,147.49599850722544,88807000
2021-11-18,154.20657348632812,154.98801222203343,149.49843081431837,150.14311888912806,137827700
2021-11-19,156.82437133789062,157.28346597858675,152.89765298958213,153.9916581394781,117305600
2021-11-22,157.28343200683594,161.8548224569828,157.2638919463219,157.92810495680857,117467900
2021-11-23,157.66445922851562,158.04540862120066,155.36898538496055,157.38118037733318,96041900
2021-11-24,158.18212890625,158.3774848564214,155.9354982175197,157.01974088138022,69463600
2021-11-26,153.1711883544922,156.72672078738918,152.73163368073872,155.867151508964,76959800
2021-11-29,156.52159118652344,157.44954318891868,155.10522691977297,155.67176964553224,88748200
2021-11-30,161.4641571044922,161.67905311784355,156.20899716750552,156.27737994661885,174048100
2021-12-01,160.94644165039062,166.3481143018466,160.7120055934647,163.59354652559932,152052500
2021-12-02,159.95985412597656,160.38964606969503,154.1381675375188,155.05635670733542,136739200
2021-12-03,158.08444213867188,161.13205157338396,156.01364225594332,160.21386222018816,118023100
2021-12-06,161.4837188720703,163.98431110380426,160.46784396248754,160.47760654451426,107497000
2021-12-07,167.20770263671875,167.598429443289,164.4336093812365,165.15644279486372,120405400
2021-12-08,171.01718139648438,171.87676531869016,166.73881675330688,168.13564062689133,116998900
2021-12-09,170.50930786132812,172.64849098301357,169.88415974900647,170.85119202317716,108923700
2021-12-10,175.2858123779297,175.46164318083981,170.63627480069655,171.1442122366866,115402700
2021-12-13,171.66188049316406,177.90359710458122,171.4567470785072,176.9170250648393,153237000
2021-12-14,170.2846221923828,173.6154957034132,168.21382219359762,171.18327152968024,139380400
2021-12-15,175.13929748535156,175.33465344975855,168.31149697974806,171.04652519555987,131063300
2021-12-16,168.26268005371094,176.9366233262029,166.7877251559473,175.11978425979464,150185800
2021-12-17,167.1686553955078,169.44458898529163,165.75230596796482,165.98672717242667,195432700
2021-12-20,165.8109130859375,166.6216545378973,163.5740596088574,164.37502357405398,107499100
2021-12-21,168.9757080078125,169.1808265329912,165.1955026634982,167.57888393978646,91185900
2021-12-22,171.564208984375,171.77910499631244,168.15519034473417,169.02453697313442,92135300
2021-12-23,172.18936157226562,172.74614168304623,171.2028043307869,171.76934702247985,68356600
2021-12-27,176.14537048339844,176.23327841950962,172.96102548062714,172.9805506410723,74919600
2021-12-28,175.1295166015625,177.12218615208815,174.38715798933583,175.9793381325386,79144300
2021-12-29,175.21742248535156,176.43841575185178,174.0061917992903,175.16857977375096,62348900
2021-12-30,174.06480407714844,176.3798175385403,173.95735606919604,175.30533745901636,59773000
2021-12-31,173.449462890625,175.07093096003192,173.14664397725932,173.95738546431582,64062300
2022-01-03,177.78643798828125,178.63625970371407,173.58623175687953,173.70344237774987,104487900
2022-01-04,175.5299530029297,178.69477226616056,174.96341045492974,178.39196838293813,99310400
2022-01-05,170.86090087890625,175.98907226585013,170.58739959731207,175.44206970266174,94537600
2022-01-06,168.00869750976562,171.23212317548703,167.65705080251047,168.69245085589924,96904000
2022-01-07,168.17471313476562,170.09899955917385,167.06116796216358,168.8780063916408,86709100
2022-01-10,168.19427490234375,168.4970788622131,164.2675561955421,165.1564429133354,106765600
2022-01-11,171.01718139648438,171.11485190283432,166.8560422275084,168.32123396506768,76138300
2022-01-12,171.45675659179688,173.06846173538992,170.7632407657719,172.0330618342014,74805200
2022-01-13,168.19427490234375,172.52146809219963,167.80354809549323,171.70096415486904,84505800
2022-01-14,169.0538330078125,169.74734876331195,167.11976914653764,167.36396777404897,80440800
2022-01-18,165.8597412109375,168.53614912039677,165.47879187832885,167.53005178287384,90956700
2022-01-19,162.37258911132812,167.11004966883394,162.08932518842298,166.0551095373263,94815000
2022-01-20,160.69247436523438,165.74250066133902,160.3701303584997,163.10515822088573,91420500
2022-01-21,158.64120483398438,162.4702376425932,158.5337568383858,160.604556493883,122848900
2022-01-24,157.86953735351562,158.53376542721094,151.11012055841888,156.30667494751387,162294600
2022-01-25,156.072265625,158.98310983768695,153.3763174519784,155.29082683573563,115798400
2022-01-26,155.98434448242188,160.57527648713483,154.15774320444362,159.70592982008216,108275300
2022-01-27,155.52523803710938,160.03802433796415,154.60704872462142,158.68028043462846,121954600
2022-01-28,166.37745666503906,166.3969967339565,159.02219316405643,161.86466955096992,179935700
2022-01-31,170.72415161132812,170.9390476064095,165.57644011866424,166.2113655240236,115541600
2022-02-01,170.55810546875,170.78276405312576,168.31147491088436,169.97202274767105,86213900
2022-02-02,171.75953674316406,171.7986168687593,169.30778797894317,170.69483434355706,84914300
2022-02-03,168.88778686523438,172.15029228212393,168.12588824034546,170.43112418107953,89418100
2022-02-04,168.60415649414062,170.27660988825676,166.93170310002452,167.90974218054592,82465400
2022-02-07,167.89022827148438,170.12993168140494,167.19581380846196,169.06387243592252,77251200
2022-02-08,170.99058532714844,171.49916986063508,167.66524328351184,167.95865801143464,74829200
2022-02-09,172.40875244140625,172.77062217708496,171.05905354274313,172.1838075995271,71285000
2022-02-10,168.340087890625,171.62629991772872,167.78261335475796,170.31573108381698,90865900
2022-02-11,164.93653869628906,169.2790353586412,164.34970917619486,168.54550592037077,98670700
2022-02-14,165.1712646484375,165.8558891027738,162.9022065441299,163.69441590726865,86185500
2022-02-15,168.99534606933594,169.1518358853044,166.51113366652052,167.21532291468824,62527400
2022-02-16,168.7606201171875,169.53326430436957,166.315522795651,168.07599585189521,61177400
2022-02-17,165.1712646484375,168.1347222265384,164.7702649952927,167.27404295611913,69589300
2022-02-18,163.62596130371094,166.79479876362558,162.54033719370844,166.0906242687398,82772700
2022-02-22,160.71141052246094,163.02935867994262,158.58905229899906,161.35690506054718,91162800
2022-02-23,156.55474853515625,162.50121399005073,156.24176881453315,161.90460945584556,90009200
2022-02-24,159.16610717773438,159.27369208830245,148.66196063900136,149.22922517438823,141147500
2022-02-25,161.22976684570312,161.4938266826065,157.3371601146723,160.24193771015948,91974200
2022-02-28,161.4938507080078,161.78726549413435,158.86292250111,159.4790920596061,95056600
2022-03-01,159.61598205566406,162.94132403155473,158.41299811175085,161.08304074169718,83474400
2022-03-02,162.9022216796875,163.68465609606667,159.37149924746353,160.77987821220702,79724800
2022-03-03,162.57943725585938,165.20058983386846,161.91437782369874,164.77025023720336,76678400
2022-03-04,159.58663940429688,161.91437725608384,158.54014531943216,160.87765818976635,83737200
2022-03-07,155.80165100097656,161.39603654297554,155.5473512521712,159.7724878532729,96418800
2022-03-08,153.9824981689453,159.30303394754864,152.3785144348394,155.33219707675556,131148300
2022-03-09,159.37149047851562,159.82139509337992,155.90923815043413,157.9337716080875,91454900
2022-03-10,155.0387420654297,156.8676701680238,152.55451471855633,156.681840375499,105342000
2022-03-11,151.33197021484375,155.78205064733166,151.10702542359093,155.43973102802846,96970100
2022-03-14,147.31222534179688,150.73536174739257,146.80365582087973,148.12399948025242,108732100
2022-03-15,151.68406677246094,152.15353624322603,147.07751138372214,147.58608092484786,92964300
2022-03-16,156.08526611328125,156.48626575095446,151.06793536575267,153.60105321090987,102300200
2022-03-17,157.0926513671875,157.46431103838808,154.16832371335292,155.12679794973494,75615400
2022-03-18,160.3788299560547,160.86784945274542,156.25150421008976,156.98503345512586,123511700
2022-03-21,161.7480926513672,162.69679166385907,159.43013010111937,159.91914959524135,95811400
2022-03-22,165.11256408691406,165.69937857870127,161.2884277154457,161.8752422072329,81532000
2022-03-23,166.47206115722656,168.8486892835288,163.9682682338466,164.3008129085659,98062700
2022-03-24,170.24728393554688,170.31573891650316,166.4720521767643,167.30337650948087,90131400
2022-03-25,170.8829803466797,171.430679815148,168.95624226558783,170.06143114397722,80546200
2022-03-28,171.74365234375,171.8707872641407,168.22270601580345,168.38897085299945,90371900
2022-03-29,175.0299072265625,175.07879724912362,172.46743429498167,172.80975399507543,100589400
2022-03-30,173.8660125732422,175.66560091058673,172.8195035873902,174.628881866762,92633200
2022-03-31,170.77542114257812,174.1203133341303,170.5700263491638,173.93448350287292,103049300
2022-04-01,170.4820098876953,171.0394993928561,168.1640617684755,170.20816010667752,78751300
2022-04-04,174.5212860107422,174.57019094673097,170.60912991069844,170.73627975953104,76468400
2022-04-05,171.21551513671875,174.38436705774205,170.589570736433,173.6019328264619,73401800
2022-04-06,168.0564727783203,169.81694627331598,166.3938091700385,168.57483234577828,89058800
2022-04-07,168.35968017578125,169.5528892849942,166.11997680279987,167.40120586506256,77594700
2022-04-08,166.35467529296875,168.00756384278074,165.48422104719532,168.00756384278074,76575500
2022-04-11,162.11000061035156,165.31796805598518,161.8654908055094,165.00500326610816,72246700
2022-04-12,163.97804260253906,166.13950070260202,162.9804385205217,164.33013728303388,79265200
2022-04-13,166.6578826904297,167.28382721520924,163.10761035124472,163.71398991233582,70618900
2022-04-14,161.66006469726562,167.50874884154206,161.41555493977322,166.87301451784703,75329400
2022-04-18,161.44493103027344,162.94132974863555,159.977872292766,160.32017704396847,69023900
2022-04-19,163.7237548828125,164.1345444765827,160.31040765157212,161.39603175237912,67723800
2022-04-20,163.55746459960938,165.1712379709988,162.45229063171516,165.0538631380032,67929800
2022-04-21,162.76527404785156,167.7630547165198,162.266479452362,165.20059691129774,87227800
2022-04-22,158.2369384765625,164.1834179598548,157.95331370568275,162.8043941791054,84882400
2022-04-25,159.3030242919922,159.58664908398902,154.98009296481885,157.5816658069576,96046400
2022-04-26,153.35655212402344,158.7748828167284,153.2783071958642,158.6868628689345,95623200
2022-04-27,153.13162231445312,156.2808951707583,151.9677531448404,152.4861127865459,88063200
2022-04-28,160.0463104248047,160.906989569117,155.43973990755873,155.75271956865106,130216800
2022-04-29,154.1878662109375,162.55010393809633,153.79665651995063,158.28585264208988,131747600
2022-05-02,154.49105834960938,154.75511815394006,149.9040527150275,153.26850950984627,123055300
2022-05-03,155.9776611328125,157.18065989099466,152.88706912402677,154.67686742533908,88966500
2022-05-04,162.37408447265625,162.82397418149506,155.76252942825218,156.16352911233957,108256500
2022-05-05,153.3272247314453,160.47668960295778,151.5471860479713,160.25174474333807,130525300
2022-05-06,154.05203247070312,156.16770488216497,151.0156499387557,152.80809337522012,116124600
2022-05-09,148.9391326904297,152.63176175523802,148.38083908771665,151.75022430191655,131577900
2022-05-10,151.33885192871094,153.52309446613708,149.79127784510368,152.328132388233,115366700
2022-05-11,143.49325561523438,152.25956414663153,142.81741468212965,150.3495886480442,142689800
2022-05-12,139.6341094970703,143.19940187956024,135.95128476595931,139.83980605277625,182602000
2022-05-13,144.09072875976562,145.06041547307086,140.17282438448345,141.6224448185645,113990900
2022-05-16,142.5529327392578,144.49230601105745,141.22084476017127,142.56273706460962,86643800
2022-05-17,146.17703247070312,146.69615365751025,143.66956086149628,145.80482673464496,78336300
2022-05-18,137.92984008789062,144.33560760113403,137.0287088681347,143.83608013972986,109742900
2022-05-19,134.5310821533203,138.7526228149115,133.79647489353653,137.0091561140078,136095600
2022-05-20,134.7661590576172,137.81233136722793,129.88837059779613,136.2353737096039,137426100
2022-05-23,140.17283630371094,140.31975175202894,134.82488980062982,134.96201586760006,117726300
2022-05-24,137.47927856445312,139.05623582746938,134.51146690573626,137.92003986063096,104132700
2022-05-25,137.635986328125,138.87991021944293,135.50072064953915,135.58886991195646,92482700
2022-05-26,140.82907104492188,141.37757526410218,134.32535040420584,134.57021942674126,90601500
2022-05-27,146.56881713867188,146.6079896103765,142.27870662441157,142.4060433122878,90978500
2022-05-31,145.78524780273438,147.567901829154,143.8262952175465,146.01053811087894,103718400
2022-06-01,145.6579132080078,148.62572491730577,144.6490389655957,146.8234773391278,74286600
2022-06-02,148.1066131591797,148.16537934399943,143.84588541228797,144.79597858853165,72348100
2022-06-03,142.39625549316406,144.93309527765794,141.49513917786348,143.88504856420633,88570300
2022-06-06,143.14064025878906,145.52077501341512,141.92608448379778,144.01237341190438,71598400
2022-06-07,145.6579132080078,145.94195473174813,141.14252729935507,141.3873963509184,67808200
2022-06-08,144.92327880859375,146.79406665216868,144.43354079753493,145.5305491597089,53950200
2022-06-09,139.71246337890625,144.91347882072873,139.60472041542363,144.06133943857793,69473000
2022-06-10,134.3155975341797,137.8710865448469,134.24702701533337,137.4009420785548,91437900
2022-06-13,129.17333984375,132.4251934035628,128.7423678783914,130.14301182018457,122207100
2022-06-14,130.0352783203125,131.14209140798755,128.78154975446083,130.39769474252046,84784300
2022-06-15,132.65045166015625,134.52125474775525,129.4475753177957,131.5338494146611,91533000
2022-06-16,127.390625,129.67280549424058,126.39155546124401,129.36917037599494,108123900
2022-06-17,128.85987854003906,130.34868645706888,127.14579529566508,127.40046865716874,134520300
2022-06-21,133.0814208984375,134.24699991857628,130.58376865027734,130.68170729877417,81000500
2022-06-22,132.5720977783203,134.93262385029735,131.16164978530637,132.0235786011109,73409200
2022-06-23,135.43218994140625,135.74561458048865,132.84637315008302,134.01195231906672,72433800
2022-06-24,138.75259399414062,138.99746302987265,136.90138468183136,137.0287064173905,89116800
2022-06-27,138.75259399414062,140.5450371291734,138.0767530642211,139.7712426067131,70207900
2022-06-28,134.61923217773438,140.47649657650823,134.50169979812208,139.2129786588069,67083400
2022-06-29,136.3724822998047,137.78293057588337,133.86502534038587,134.63881999394516,66242400
2022-06-30,133.91395568847656,135.53008505921423,131.02450456880948,134.4330767564404,98964500
2022-07-01,136.07861328125,136.1863562547321,132.87573705664798,133.2479278277153,71051600
2022-07-05,138.65460205078125,138.70357883350502,134.11962398076668,134.94239507192506,73353800
2022-07-06,139.98670959472656,141.16207781793045,138.18447732277275,138.44894003031942,74064300
2022-07-07,143.34632873535156,143.54222096010838,140.33933002838788,140.34911940865916,66253700
2022-07-08,144.02220153808594,144.52174406124357,142.0240762823262,142.27873476282176,64547800
2022-07-11,141.89671325683594,143.63039032716094,140.8290877786715,142.68029721118097,63141600
2022-07-12,142.86639404296875,145.40323372369386,142.07302074051665,142.76844044820817,77588800
2022-07-13,142.50401306152344,143.4443019452147,139.20316774910646,140.05532229787818,71185600
2022-07-14,145.4228057861328,145.89295009063997,140.30993976956114,141.12290665908233,78140700
2022-07-15,147.08792114257812,147.7637620290884,145.15835206929646,146.70592606919652,76259900
2022-07-18,144.0515594482422,148.45920196700573,143.6891431225671,147.64623499784832,81420900
2022-07-19,147.90090942382812,148.1261847699647,143.89485526545627,144.88412086859606,82982400
2022-07-20,149.89901733398438,150.56506886066487,147.2838179131366,148.01842499581136,64823400
2022-07-21,152.16162109375,152.3771070356204,148.821603940378,151.32906041419434,65086600
2022-07-22,150.92747497558594,153.07253011561605,150.2614383736218,152.20079694797485,66675400
2022-07-25,149.81085205078125,151.85795331530994,149.15460492057616,150.84909422530328,53623900
2022-07-26,148.48855590820312,149.9479654683096,147.70497218066316,149.13499865872834,55138700
2022-07-27,153.57208251953125,154.1010080911438,149.03711741300498,149.44849566558014,78620700
2022-07-28,154.12060546875,154.40464702646852,151.2409426865888,153.75818906606037,81378700
2022-07-29,159.17465209960938,160.2716754702952,156.22643448443253,157.93072824104914,101786900
2022-08-01,158.19517517089844,160.23248719622674,157.58790478823227,157.70543713439505,67829400
2022-08-02,156.7259521484375,159.07670355733856,156.35376142488207,156.81411634866453,59907000
2022-08-03,162.72036743164062,163.1709180629882,157.45078129075776,157.53893055181024,82507500
2022-08-04,162.40692138671875,163.7586031177134,161.0552396557241,162.60281360750764,55474100
2022-08-05,162.18136596679688,162.67178435198056,159.876393569881,160.08237587686597,56697000
2022-08-08,161.7105712890625,164.5942341050474,161.05341237675853,163.18182660608474,60276900
2022-08-09,161.7595977783203,162.64235984823435,160.12160217379457,160.87685067478762,63135500
2022-08-10,165.99681091308594,166.09488560468589,163.70164162721542,164.46669306704544,70170500
2022-08-11,165.2611541748047,167.713245527213,164.96690021924013,166.80105976160058,57149200
2022-08-12,168.802001953125,168.87065273956517,166.1537308916434,166.56569547580565,68039400
2022-08-15,169.87110900878906,170.06727335382837,168.0663730882192,168.2331135298216,54091700
2022-08-16,169.71417236328125,170.38114909928223,168.3704308785935,169.46896318920653,56377100
2022-08-17,171.20504760742188,172.7743773350279,169.26299514755854,169.45915949271176,79542000
2022-08-18,170.81265258789062,171.5482798857995,169.8023922960725,170.42032401555616,62290100
2022-08-19,168.23309326171875,170.41055165199725,168.02711099609633,169.7141510996703,70346300
2022-08-22,164.3588104248047,166.6049198473659,163.9370428679026,166.43817940694694,69026800
2022-08-23,164.02528381347656,165.4769326102334,163.45639684713305,163.87816432492966,54147100
2022-08-24,164.319580078125,164.88846719098774,163.06411023124903,164.11361274111158,53841500
2022-08-25,166.77163696289062,166.87952958176348,165.12383874706296,165.54559127859812,51218200
2022-08-26,160.48448181152344,167.7721056277997,160.42563400937078,167.3013082441995,78961000
2022-08-29,158.28741455078125,159.77827539995786,156.7573118566176,158.06181135805244,73314000
2022-08-30,155.86473083496094,159.4447780510849,154.6975330126192,159.02302554257605,77906200
2022-08-31,154.20713806152344,157.50274977749038,154.12866933419335,157.23791969354875,87991100
2022-09-01,154.9329376220703,155.38411402360973,151.70597720803465,153.6382262791269,74229900
2022-09-02,152.8241729736328,157.2869832188541,152.00027368828214,156.6886721974106,76957800
2022-09-06,151.56869506835938,154.07963464254792,150.7447958267751,153.4715206737186,73714800
2022-09-07,152.9712677001953,153.66765323664163,150.66629592998046,151.85311468464747,87449600
2022-09-08,151.50001525878906,153.36359865770876,149.75411248649127,151.67655864828822,84923800
2022-09-09,154.35423278808594,154.79562117924561,151.7844459877441,152.49064945394716,68028800
2022-09-12,160.29812622070312,161.11222243462,156.24728104104713,156.53171708379904,104956000
2022-09-13,150.89190673828125,157.46350930410847,150.43091231518306,156.8357744463717,122656600
2022-09-14,152.333740234375,154.08944624806267,150.66632089509483,151.82370097735972,87965400
2022-09-15,149.45008850097656,152.2651001071562,148.4790697119515,151.68639505914092,90481100
2022-09-16,147.81207275390625,148.44962552428208,145.5267216779744,148.31230899881908,162278800
2022-09-19,151.5196533203125,151.5981220543988,146.24276190884032,146.44872924023372,81474200
2022-09-20,153.89328002929688,155.05067517637016,150.14649142825516,150.46035140561636,107689800
2022-09-21,150.77423095703125,155.6980357811973,150.65653533272163,154.32485530993193,101696800
2022-09-22,149.81301879882812,151.5098622787984,148.01808565192604,149.45991695080835,86652500
2022-09-23,147.54725646972656,148.5673350111051,145.7130966439831,148.29270193451399,96029900
2022-09-26,147.88076782226562,150.82327820825114,146.77241745430226,146.7920383807957,93339400
2022-09-27,148.85177612304688,151.75505941669135,147.07646404392761,149.81300689014782,84442700
2022-09-28,146.96856689453125,147.75323924438212,142.06438341593866,144.81072915722658,146691400
2022-09-29,139.7496337890625,143.9083875278427,137.98412442041132,143.30027345445623,128138200
2022-09-30,135.55162048339844,140.35772899315157,135.35545614892226,138.5725991267457,124925300
2022-10-03,139.7201690673828,140.32829792951577,135.05139229305564,135.5614315097669,114311700
2022-10-04,143.30023193359375,143.41792753527417,141.4954812316815,142.25072959734777,87830100
2022-10-05,143.59446716308594,144.55569777280346,140.2694318056122,141.30913113651346,79471000
2022-10-06,142.64306640625,144.71263233032042,142.43709909152813,143.0157891213956,68402200
2022-10-07,137.4053955078125,140.35772324812106,136.7776606833551,139.80844218113944,85925600
2022-10-10,137.72909545898438,139.1709266873786,135.91455644051044,137.72909545898438,74899000
2022-10-11,136.3166961669922,138.64128959242282,135.57126557653487,137.2190642395612,77033700
2022-10-12,135.68894958496094,137.67024396939837,135.51240615749046,136.46381898254117,70433700
2022-10-13,140.24981689453125,140.83830981626429,131.79499606499104,132.40312487373902,113224000
2022-10-14,135.72817993164062,141.75051634248345,135.5418185741853,141.54453406151188,88598000
2022-10-17,139.68096923828125,140.16156968133146,137.5819791306435,138.36665154683308,85250900
2022-10-18,140.9952850341797,143.88875049899616,137.91545818930572,142.70194639396894,99136600
2022-10-19,141.1031494140625,142.17225768233465,138.78837451258266,138.97473585531196,61758300
2022-10-20,140.6421661376953,143.09425775385319,139.91634163141597,140.2792613677454,64522000
2022-10-21,144.44781494140625,145.0167019837592,139.916339525803,140.13212478208789,86548600
2022-10-24,146.58602905273438,147.35108041478094,143.20214572577777,144.36934369172494,75981900
2022-10-25,149.42066955566406,149.5678040506047,146.49778017936205,147.2137868289863,74732300
2022-10-26,146.4879608154297,149.07736899312695,145.20305222207165,148.06710843299678,88194300
2022-10-27,142.02513122558594,146.19368643958677,141.3679725525205,145.23247083964995,109180200
2022-10-28,152.75550842285156,154.48177557471033,144.98728378991743,145.35999154749908,164762400
2022-10-31,150.40147399902344,151.2842358798015,149.0086878845991,150.22493060269468,97943200
2022-11-01,147.76303100585938,152.4710497811702,146.27217011734126,152.10814502054632,80379300
2022-11-02,142.250732421875,149.2539052221096,142.22130852087065,146.09561013902547,93604600
2022-11-03,136.2186279296875,140.06350662558899,136.09111434862288,139.3376819611652,97918500
2022-11-04,135.9533233642578,140.16808578570755,132.02346880241154,139.59825507529519,140814800
2022-11-07,136.4838409423828,136.70980337190065,133.29083425573356,134.7055842324109,83374600
2022-11-08,137.05369567871094,138.9498435557623,135.0789489012502,137.94774130575934,89908500
2022-11-09,132.50489807128906,136.12037292800636,132.22980938548775,136.07124673599705,74917800
2022-11-10,144.29444885253906,144.29444885253906,137.0536956773793,138.7631880310501,118854000
2022-11-11,147.0748291015625,147.3793904835366,141.83829520447486,143.26287971945007,93979700
2022-11-14,145.6797332763672,147.64466090619808,144.8446330372058,146.35763570725214,73374100
2022-11-15,147.40884399414062,150.89659305740093,145.95480194485347,149.55062261259357,89868300
2022-11-16,146.18075561523438,147.2418181251695,144.70706018330316,146.51480463978803,64218300
2022-11-17,148.0769500732422,148.8236171893066,143.5870831617381,143.8621718356149,80389400
2022-11-18,148.63693237304688,150.02220984195606,147.34008803390304,149.63904958366277,74829600
2022-11-21,145.41444396972656,147.73305885560603,145.12953609848137,147.52674987775407,58724100
2022-11-22,147.54640197753906,147.7821986794849,144.3533947208252,145.53236323934706,51804100
2022-11-23,148.4208221435547,149.16748927839564,146.72114887646376,146.82922050043365,58301400
2022-11-25,145.51268005371094,146.26918120067512,144.5400357218998,145.70916976960694,35195900
2022-11-28,141.69091796875,144.06847835661756,140.86565204725017,142.59478278627932,69246000
2022-11-29,138.69436645507812,142.27053289123535,137.88875420397602,141.7596476885835,83763800
2022-11-30,145.43408203125,146.11198429763354,138.08525867650403,138.9203437218135,111380900
2022-12-01,145.70919799804688,146.51482547786148,144.03901260255705,145.61096061666942,71250400
2022-12-02,145.21798706054688,145.40465760065473,143.09586143280922,143.40043783526434,65447400
2022-12-05,144.05865478515625,148.2734173934748,143.21373541725012,145.17866278529172,68826400
2022-12-06,140.4039306640625,144.7169469269184,139.43128592921317,144.49098440956536,64727200
2022-12-07,138.46844482421875,140.85582456681212,137.54492649061714,139.69652452502783,69721100
2022-12-08,140.14842224121094,141.0031757409908,138.62561570092225,139.86351440208722,62128300
2022-12-09,139.6670379638672,143.0172426533997,138.42912415381502,139.84387422747133,76097000
2022-12-12,141.95620727539062,141.9660265170688,138.58634846990296,140.1975885864345,70462700
2022-12-13,142.9190216064453,147.34010905974955,141.71059523341404,146.87834983755218,93886200
2022-12-14,140.69863891601562,144.0881358235322,138.68458524913544,142.8011107216781,82291200
2022-12-15,134.10629272460938,139.3133532425607,133.6445335943197,138.63545090272245,98931900
2022-12-16,132.15118408203125,135.23611943482993,131.38486361161162,134.29296269794702,160156900
2022-12-19,130.04872131347656,132.82909551472687,129.01714637272462,132.74067737544078,79592600
2022-12-20,129.9799346923828,130.91327209557377,127.61219386559817,129.08588923628005,77432800
2022-12-21,133.07470703125,134.41085828161889,130.42205800232537,130.64802045895354,85928000
2022-12-22,129.91116333007812,132.20030541745464,128.01501569466643,131.9939964474779,77852100
2022-12-23,129.5476531982422,130.09783042542833,127.36658276817921,128.62413499923468,63814900
2022-12-27,127.74976348876953,129.1055682957193,126.46273834186272,129.07609558176017,69007800
2022-12-28,123.82971954345703,128.73221106602657,123.66270252163467,127.39605990024205,85438400
2022-12-29,127.33715057373047,128.19188939568883,125.49012108364987,125.74555630862793,75703700
2022-12-30,127.6515121459961,127.67116561919678,125.19536018378078,126.15817798931155,77034200
2023-01-03,122.87672424316406,128.60448143197522,121.99250548899685,127.99535878679536,112117500
2023-01-04,124.14413452148438,126.40380440814197,122.88658197418445,124.66483917038782,89113600
2023-01-05,122.8276138305664,125.52938912334946,122.57217865426507,124.90061292758642,80962700
2023-01-06,127.34696197509766,128.00521096875735,122.69991206962038,123.80027430194448,87754700
2023-01-09,127.86764526367188,131.07048653770673,127.6122100970975,128.18204084518473,70790800
2023-01-10,128.4374542236328,128.95815869987555,125.87322378783952,127.97569516112263,63896200
2023-01-11,131.14910888671875,131.16874737067045,128.1722445262406,128.94838439618852,69458900
2023-01-12,131.07046508789062,131.90555010610956,129.13501070565974,131.53222415316628,71379600
2023-01-13,132.39678955078125,132.55398732492168,129.3511613806362,129.71466811603167,57809700
2023-01-17,133.55616760253906,134.88248509762596,131.77791004071557,132.46563188904346,63646600
2023-01-18,132.83892822265625,136.1792989256054,132.6620769549058,134.42069543585905,69672800
2023-01-19,132.89788818359375,133.86069855178562,131.42419241972087,131.7287538123279,58280400
2023-01-20,135.45225524902344,135.59963378756996,131.8662690124696,132.9076780568954,80223600
2023-01-23,138.63548278808594,140.80673462294286,135.48176704430378,135.6979103035641,81760300
2023-01-24,140.03057861328125,140.64953566811175,137.8396883115422,137.84950755371702,66435100
2023-01-25,139.37232971191406,139.93232634052288,136.37581181311944,138.41933852785135,65799300
2023-01-26,141.43551635742188,141.72042430582104,139.4116280346841,140.65936144448216,54105100
2023-01-27,143.37094116210938,144.64814715401417,140.57092820918845,140.64952711543583,70555800
2023-01-30,140.49232482910156,142.99761054282715,140.34496125408572,142.41796049282078,64015300
2023-01-31,141.75965881347656,141.80878498914117,139.7849124778732,140.19754536928863,65874500
2023-02-01,142.8797149658203,144.03903014040526,138.84180280794712,141.44532609516176,77663600
2023-02-02,148.1752166748047,148.52888929698446,145.5716782733727,146.28887274258696,118339000
2023-02-03,151.79063415527344,154.6201342687517,145.23760339877686,145.43409313083382,154357300
2023-02-06,149.06919860839844,150.4151839414419,148.1358611817687,149.89447943002094,69858300
2023-02-07,151.93801879882812,152.50784959474223,147.99834440627268,147.99834440627268,83322600
2023-02-08,149.2559051513672,151.86926257026718,148.51905726950346,151.18154087876943,64120100
2023-02-09,148.22427368164062,151.62360422246954,147.78216807435706,151.083246261921,56007100
2023-02-10,148.58837890625,148.913088785703,146.82709018156558,147.06324691592152,57450700
2023-02-13,151.38284301757812,151.78625678187208,148.49982115470684,148.52933886882354,62199000
2023-02-14,150.74325561523438,151.30412220458746,148.44078385852455,149.68057287811524,61707600
2023-02-15,152.839111328125,153.0063833860837,150.42840282421838,150.6547103127393,65573800
2023-02-16,151.2450714111328,153.82305157694913,150.8908438680814,151.04826665403036,68167900
2023-02-17,150.10369873046875,150.5464794908576,148.4309630722788,149.90690894964015,59144100
2023-02-21,146.09893798828125,148.87372305726493,146.03006833094608,147.79135689260553,58867200
2023-02-22,146.52206420898438,147.54538003263738,144.80012742797703,146.48269724609548,51011300
2023-02-23,147.00418090820312,147.92910925221886,144.8788305804024,147.6831183102613,48394200
2023-02-24,144.35733032226562,144.82962872471046,143.38320079150859,144.75090982195374,55469600
2023-02-27,145.54791259765625,146.77786725557394,145.0854484451516,145.34128862301924,44998500
2023-02-28,145.0460968017578,146.689314426437,144.47539603761436,144.6918692589824,50547000
2023-03-01,142.9797821044922,144.86899086128216,142.68458995191014,144.4754113339038,55479000
2023-03-02,143.57015991210938,144.3573339453376,141.59238308918532,142.0646965175798,52238100
2023-03-03,148.60806274414062,148.68678165578146,144.96739941181147,145.66600535471582,70732300
2023-03-06,151.36317443847656,153.7935665673354,150.9991125857975,151.32380747304748,87558000
2023-03-07,149.1689453125,151.55997057615258,148.70648104096165,151.2352606611938,56182000
2023-03-08,150.41854858398438,151.00893289820618,149.39523278864294,150.35951315538156,47204800
2023-03-09,148.17510986328125,152.06176399701366,147.82088228318355,151.09748364556307,53833600
2023-03-10,146.11865234375,148.51952687879202,145.2429249942403,147.80123737088158,68572400
2023-03-13,148.0570526123047,150.68423448355665,145.33146834316847,145.43970497520198,84457100
2023-03-14,150.14303588867188,150.94004418166887,147.6929755826584,148.85404568502526,73695900
2023-03-15,150.53662109375,150.7924462663543,147.51584514285557,148.76548332238644,77167900
2023-03-16,153.35076904296875,153.9509875803486,149.20827470890512,149.71994010489203,76161100
2023-03-17,152.51438903808594,154.22649145558808,151.80593390078133,153.57707174404283,98944600
2023-03-20,154.87588500976562,155.28916298853815,151.6780028890537,152.5832627325511,73641400
2023-03-21,156.72573852539062,156.8438093660786,154.0296725549558,154.79717806171172,73938300
2023-03-22,155.2990264892578,159.5399085601911,155.27934300701256,156.7454546452784,75701800
2023-03-23,156.38136291503906,158.9593583364734,155.15140813839363,156.28297554136526,67622100
2023-03-24,157.68019104003906,157.76874417421377,155.3186840441415,156.31248202721346,59196500
2023-03-27,155.7417755126953,158.19185056660328,155.33834678641222,157.37515888196728,52390300
2023-03-28,155.1219024658203,155.94844355059743,153.47868455836303,155.4367781198492,45992200
2023-03-29,158.19186401367188,158.46737267599337,156.7946372221569,156.8143056879684,51305700
2023-03-30,159.75636291503906,159.86459953343115,158.68384597812414,158.93967116064357,49501700
2023-03-31,162.25563049316406,162.35403288236776,159.31358823359025,159.8350878653574,68749800
2023-04-03,163.5052490234375,163.6233198649464,161.586522778444,161.6357239671043,56976200
2023-04-04,162.9739532470703,164.16454121432164,162.46228779099377,163.92839947620809,46278300
2023-04-05,161.13389587402344,162.4032175003463,159.2053353608918,162.09819114468434,51511700
2023-04-06,162.01950073242188,162.31469290771022,159.40215313314846,159.82525040692016,45390100
2023-04-10,159.431640625,159.431640625,157.5129143705151,158.8314221542027,47716900
2023-04-11,158.22140502929688,159.75638637804428,157.93604707794614,159.74655214369014,47644200
2023-04-12,157.53262329101562,159.46118408911326,157.2177476424543,158.6346580327857,50133100
2023-04-13,162.90504455566406,163.14120127307194,158.83143501847854,159.03807402297244,68445600
2023-04-14,162.56065368652344,163.6528540223282,161.19294470872245,161.95058596716467,49386500
2023-04-17,162.580322265625,162.73776006518966,161.39956879707992,162.44256794452966,41516200
2023-04-18,163.80047607421875,164.72540456754612,162.99361844758067,163.43641422586148,49923000
2023-04-19,164.94183349609375,165.46333303592274,162.88533803142178,163.14117819260926,47720200
2023-04-20,163.9775848388672,165.1780220485777,162.90506774605808,163.42656743390464,52456400
2023-04-21,162.3737335205078,163.78079474740133,161.85223383363555,162.40325123756864,58337300
2023-04-24,162.67874145507812,162.9444158925364,161.26183114076272,162.35403159020615,41949600
2023-04-25,161.1437530517578,163.64301445601814,161.1043860925183,162.54097982284455,48714100
2023-04-26,161.13389587402344,162.62952495549953,160.18929909610858,160.44512426219072,45498800
2023-04-27,165.70933532714844,165.85692388096987,162.54097091629146,162.54097091629146,64902300
2023-04-28,166.95896911621094,167.12625617335198,165.1878463008649,165.78806481489534,55275900
2023-05-01,166.87042236328125,167.71663185783257,165.9356597273935,166.56539597816914,52472900
2023-05-02,165.8372344970703,167.61822139630092,164.85327080237903,167.36238122666072,48425700
2023-05-03,164.7647247314453,168.17908009941613,164.47938185396285,166.7818533947913,65136000
2023-05-04,163.13137817382812,164.36133312270948,161.6751157183002,162.24581661627295,81235400
2023-05-05,170.78662109375,171.50491053581004,168.02166992672903,168.23814318555767,113453200
2023-05-08,170.7176971435547,171.06209043449635,169.34998823962542,169.71404999386525,55962800
2023-05-09,169.01547241210938,170.7570775926942,168.84820036158354,170.27494492179522,45326900
2023-05-10,170.77676391601562,171.23922812803062,169.14338031673282,170.24543004162442,53724500
2023-05-11,170.96371459960938,171.79024060925457,169.40904995436452,171.06211698775132,49514700
2023-05-12,170.03750610351562,171.50563041723674,168.49053896760506,171.07208510437357,45533100
2023-05-15,169.5448455810547,170.66811525184778,168.95364468701064,170.6188460048669,37266700
2023-05-16,169.5448455810547,170.5991352991019,169.27880367524853,169.46601779285794,42110300
2023-05-17,170.15574645996094,170.39221479568312,167.91905489711874,169.19013234108013,57951600
2023-05-18,172.48110961914062,172.6683237371227,170.04735615510018,170.46119076780954,65496700
2023-05-19,172.58950805664062,173.80145343851697,172.37273538217633,173.80145343851697,55809500
2023-05-22,171.6436004638672,172.14612580242743,170.9046067635048,171.42682777563832,43570900
2023-05-23,169.04232788085938,170.83562631420236,168.7664381272472,170.58929510312979,50747300
2023-05-24,169.31820678710938,169.8896969643689,168.01758589409968,168.57921320123526,45143500
2023-05-25,170.45135498046875,171.34798918728478,169.17042964019168,169.87986475065702,56058300
2023-05-26,172.85556030273438,173.19058223460047,170.56961408423973,170.77653895289623,54835000
2023-05-30,174.69810485839844,176.36330631715728,173.9788219031772,174.36309800636275,55964400
2023-05-31,174.64878845214844,176.71797616284587,174.1659739770229,174.72761622573182,99625300
2023-06-01,177.44715881347656,177.47671735788407,174.33352850038895,175.0922328882,68901800
2023-06-02,178.2945098876953,179.11233123154489,176.62930866038764,178.37333767160567,61996900
2023-06-05,176.94464111328125,182.2358308287415,175.4272324012079,179.949884959394,121946500
2023-06-06,176.58006286621094,177.4766970018392,174.82617090162998,177.328904296753,64848400
2023-06-07,175.21047973632812,178.55073052308683,174.71781728969785,175.82137635899298,61944600
2023-06-08,177.92013549804688,178.18616241252352,174.85577426667564,175.28930462040762,50214900
2023-06-09,178.30441284179688,179.555764726174,177.97925379814166,178.83648170922714,48900000
2023-06-12,181.09283447265625,181.19137296447727,178.31422641468646,178.60982685528654,54274900
2023-06-13,180.61985778808594,181.44752687931387,179.76263016037564,180.11734763302488,54929100
2023-06-14,181.25050354003906,181.684048880549,179.34883379218707,180.67901332162722,57462900
2023-06-15,183.28025817871094,183.78278344228747,181.08298811392547,181.26035439367692,65433200
2023-06-16,182.20626831054688,184.245897953939,181.56581317602513,183.98970387223915,101256200
2023-06-20,182.29493713378906,183.36895259993452,181.7037512704965,181.7037512704965,49799100
2023-06-21,181.26040649414062,182.68912483867976,179.91050092451889,182.18659943066018,49515700
2023-06-22,184.2557373046875,184.3050065515812,180.97460392176268,181.0435838743865,51245300
2023-06-23,183.94044494628906,184.80753566864925,182.29495416898448,182.82703803401998,53117000
2023-06-26,182.5511474609375,185.29034946556595,182.51172604562308,184.08825189117624,48088700
2023-06-27,185.3001708984375,185.6253298715582,182.94524533692336,183.1620179856705,50730800
2023-06-28,186.47274780273438,187.11320300977505,184.84696764032918,185.1721116449177,51216800
2023-06-29,186.80772399902344,187.2806907250245,186.16726889716722,186.3052137668684,46347300
2023-06-30,191.12344360351562,191.62595381515632,188.45320690668942,188.81778728912292,85213200
2023-07-03,189.63563537597656,191.03479491877454,188.94589592351636,190.9362564156046,31458200
2023-07-05,188.52220153808594,190.1479814937267,187.82261429340878,188.75868490984942,46920300
2023-07-06,188.99513244628906,189.20205725316632,186.42343432149448,187.0540415419299,45094300
2023-07-07,187.88169860839844,189.8425000907618,187.4481683880748,188.60099643398274,46815000
2023-07-10,185.8421173095703,187.20187038994513,184.29515010539157,186.48257243692333,59922200
2023-07-11,185.3199005126953,186.52199803845542,183.86162393721375,186.3840531601648,46638100
2023-07-12,186.985107421875,188.88677723101014,185.70418206587038,186.8964167558296,60750200
2023-07-13,187.74375915527344,188.38422922243208,186.99491780606402,187.70435278315148,41342300
2023-07-14,187.89158630371094,188.37438582770977,186.8471444335954,187.4383302857117,41616200
2023-07-17,191.1431427001953,191.4683016532262,188.99512705028692,189.0838026643331,50520200
2023-07-18,190.88699340820312,191.47819437683242,189.5962201627232,190.5125801606121,48288200
2023-07-19,192.2368927001953,195.32094939257118,189.8228346836756,190.26624291356026,80507300
2023-07-20,190.2957763671875,193.58675746858663,189.6750169550875,192.22700448393437,59581200
2023-07-21,189.1232452392578,192.10877819186132,188.4236580132484,191.25155042374644,71951700
2023-07-24,189.92137145996094,192.04967681854123,189.42870901778204,190.57168949200457,45377800
2023-07-25,190.77859497070312,191.58656857428397,190.08887057427083,190.49285737606127,37283200
2023-07-26,191.6456756591797,192.7689453418544,190.48299959942145,190.82785426220883,47471900
2023-07-27,190.38446044921875,194.30604897209747,189.72429463258098,193.1433729163405,47460200
2023-07-28,192.9561767578125,193.74443968391378,191.2909752730755,191.81319626670884,48291400
2023-07-31,193.56704711914062,193.6064685292723,192.394508242959,193.18277106210203,38824100
2023-08-01,192.7393798828125,193.8429388199064,192.41422090280528,193.36013930235927,35175100
2023-08-02,189.75384521484375,192.3156805851802,189.03456234552243,192.17773571935334,50389300
2023-08-03,188.3645477294922,189.54693452970886,187.8915960163783,188.75868668614032,61235200
2023-08-04,179.3192596435547,184.6301595328746,179.25027969317492,182.79745486603875,115956800
2023-08-07,176.22532653808594,180.44251500174,174.74733950545405,179.45719031331873,97576100
2023-08-08,177.16140747070312,177.62451134366992,174.97398514494694,177.05302113799038,67823000
2023-08-09,175.57504272460938,178.2748232727554,174.41235154839882,178.21570618554995,60378500
2023-08-10,175.35824584960938,178.0974474344709,174.99368050557445,176.84608080013524,54686900
2023-08-11,175.4174346923828,176.23636037713308,174.19399178686675,174.953720563952,52036700
2023-08-14,177.06517028808594,177.2920967961584,174.9438523177461,175.59504844195268,43675600
2023-08-15,175.08200073242188,177.08491002448199,174.68734458769583,176.4929258073929,43622600
2023-08-16,174.21376037597656,176.15745776554937,174.14468726786023,174.7662850202376,46964900
2023-08-17,171.6780242919922,175.14117901733323,171.16495931429398,174.77612136953763,66062900
2023-08-18,172.16151428222656,172.76337470680727,169.6652772069575,170.0007364455324,61172200
2023-08-21,173.49346923828125,173.77960771425435,171.4215020828672,172.7337554755455,46311900
2023-08-22,174.86489868164062,175.308890515181,173.8979807911273,174.69716910253268,42038900
2023-08-23,178.70301818847656,179.12728783194132,175.9502562936072,176.1377232252428,52722800
2023-08-24,174.02626037597656,178.6832744289853,173.66118769058747,178.25900483655056,54945800
2023-08-25,176.22650146484375,176.75928869570708,173.47373983758078,175.0129196769248,51449600
2023-08-28,177.7854461669922,178.1801023209798,176.1673318473753,177.68677460091166,43820700
2023-08-29,181.66297912597656,182.4325690983829,177.1046362040057,177.30196426395187,53003900
2023-08-30,185.1458740234375,185.34321714142652,182.27471834075723,182.47204640358012,60813900
2023-08-31,185.36294555664062,186.59626480914432,184.97815055206615,185.33334709899387,60794500
2023-09-01,186.93174743652344,187.38560051082152,185.76748618147488,186.96134589549212,45766500
2023-09-05,187.16851806640625,187.44478036173828,185.10641198511868,185.76746926717502,45280000
2023-09-06,180.46913146972656,186.32986658571798,179.04834537431464,185.88585963952747,81755800
2023-09-07,175.1905059814453,175.83184093509863,171.22414761118458,172.8422616393004,112488800
2023-09-08,175.80223083496094,177.83475336123297,175.4174358773743,175.96997548136457,65551300
2023-09-11,176.9664764404297,177.89393473288615,174.9734287303741,177.6670082534011,58953100
2023-09-12,173.9473419189453,177.72623373133553,172.487096210491,177.09477490699047,90370200
2023-09-13,171.88525390625,174.93401565723292,171.65831231126361,174.15454941477398,84267900
2023-09-14,173.39480590820312,173.75000241444866,171.2636268707299,171.67802028548886,60895800
2023-09-15,172.67457580566406,174.1446979390041,171.50046839224674,174.1249606133089,109259500
2023-09-18,175.59503173828125,176.98621921988467,173.81904932082622,174.12491003199494,67257600
2023-09-19,176.68040466308594,177.23292932503867,174.76629061620125,175.1510856525732,51826900
2023-09-20,173.14816284179688,177.3019736755132,173.0593524132158,176.8678428874874,58436200
2023-09-21,171.6089630126953,173.94734650075085,171.53990496478352,172.22069958579337,63149100
2023-09-22,172.45748901367188,174.7169382879251,171.7273736602944,172.33909518451154,56725400
2023-09-25,173.7302703857422,174.6083930174941,171.82601779128095,171.87535356826675,46172700
2023-09-26,169.66526794433594,172.8620217812148,169.3692683155077,172.4871029695211,64588900
2023-09-27,168.15565490722656,170.730825832551,166.79408083596385,170.31643241476104,66921800
2023-09-28,168.41221618652344,169.7343308371659,165.38317681816312,167.08022534636603,56294400
2023-09-29,168.92529296875,170.76047278128746,168.0668924554359,169.72448150635748,51861100
2023-10-02,171.43136596679688,171.9740294168616,168.6489906711008,168.93512915166482,52164500
2023-10-03,170.09938049316406,171.31297744317223,168.54047825044546,169.96124934298015,49594600
2023-10-04,171.34259033203125,171.88525384459265,168.68848474300435,168.80687858022958,53020300
2023-10-05,172.57591247558594,173.10869980697885,170.3756599300563,171.47084810780015,48527900
2023-10-06,175.1214599609375,175.61478762599208,170.86896284182788,171.48069938400815,57266700
2023-10-09,176.60147094726562,176.66066786762835,173.45403753652568,174.45055415802327,42390800
2023-10-10,176.00946044921875,177.32171396949087,175.57532965392068,175.72333700059065,43698000
2023-10-11,177.400634765625,177.4499705441094,175.22999600880442,175.82198018511957,47551100
2023-10-12,178.29849243164062,179.906730392158,176.6507647716162,177.6670336186698,56743100
2023-10-13,176.46334838867188,179.5022341867499,175.76281633481818,178.99904528395493,51427100
2023-10-16,176.33506774902344,176.6902643223361,174.15455252434904,174.3913552582801,52517000
2023-10-17,174.7859649658203,176.03902130181154,172.4673342483031,174.29263735930638,57549400
2023-10-18,173.49346923828125,175.21025492862336,172.77321506438722,173.23694427289632,54764400
2023-10-19,173.1185760498047,175.466805839834,172.85217485644313,173.69082297603654,59302900
2023-10-20,170.572998046875,173.0790962513972,170.3361953203569,172.97056355030566,64244000
2023-10-23,170.6913604736328,171.6878768692555,167.662321590194,168.62925458750877,55980100
2023-10-24,171.12550354003906,171.35243005141567,169.1620540054936,170.74070856198063,43816600
2023-10-25,168.8167266845703,170.75056262830392,168.37271975850888,169.5863166088348,57157000
2023-10-26,164.66290283203125,169.09299056011605,163.45918215856796,168.0964590692853,70625300
2023-10-27,165.9751739501953,166.70530437202822,164.60372353518264,164.6826577744484,58499100
2023-10-30,168.0175323486328,168.8857938712959,166.61648356307745,166.76449089816728,51131000
2023-10-31,168.49114990234375,168.61940486913602,165.65943861592592,167.09010101577766,44846000
2023-11-01,171.64842224121094,171.9049471971035,167.84979334743332,168.71805482147735,56934900
2023-11-02,175.20037841796875,175.40756758774253,173.11853525669227,173.17773216234193,77334800
2023-11-03,174.29266357421875,174.46040823420765,171.03671292563865,171.91483559510309,79829200
2023-11-06,176.83822631835938,177.03555436857033,173.858538133294,174.02626772873157,63841300
2023-11-07,179.39369201660156,180.00541354681909,176.58171810512866,176.7889073081916,70530000
2023-11-08,180.4494171142578,181.00194176498167,179.16676200069597,179.91662978825056,49340300
2023-11-09,179.9757843017578,181.6629563158929,179.38378514108624,180.51844768984608,53763500
2023-11-10,184.1548309326172,184.32279657138264,181.31940452226758,181.75410719319203,66133400
2023-11-13,182.57412719726562,183.78930789371245,181.99123723697815,183.58184574005094,43627500
2023-11-14,185.18234252929688,185.8442707665973,184.05607409829287,185.43920547847273,60108400
2023-11-15,185.74546813964844,187.21752694473682,185.51824264456812,185.5874067506803,53790500
2023-11-16,187.42498779296875,188.6599317940755,186.37774261703024,187.2866746678448,54412900
2023-11-17,187.40524291992188,188.08693448765234,186.29873780998344,187.9584954748911,50922700
2023-11-20,189.14404296875,189.59850904887813,187.592960955599,187.6028350817968,46505100
2023-11-21,188.34378051757812,189.21318592585277,187.45462685911554,189.10451024981845,38134500
2023-11-22,189.0057373046875,190.60622016215154,188.53152295340232,189.18357710829596,39617700
2023-11-24,187.68186950683594,188.60066069963858,186.97054048498805,188.57102324664504,24048300
2023-11-27,187.50401306152344,188.37341847212542,186.62473352580105,187.6324520630897,40552600
2023-11-28,188.10667419433594,188.77849160556613,187.11871894105684,187.49414676130317,38415400
2023-11-29,187.08909606933594,189.77633577367203,186.6939199672285,188.60066651864972,43014200
2023-11-30,187.662109375,188.02766309314677,185.92331344476767,187.55343368717286,48794400
2023-12-01,188.9365692138672,189.25270705783993,186.95076949469112,188.0375263099119,45704800
2023-12-04,187.14834594726562,187.7608884211111,185.19219887595256,187.69172432124148,43389500
2023-12-05,191.0902862548828,192.0584780958342,187.88930609245244,187.91895861640964,66628400
2023-12-06,190.00357055664062,192.41416882595195,189.79609331061306,192.1079050949125,41089700
2023-12-07,191.93006896972656,192.6512720749557,191.2582515665674,191.29777821822415,47477700
2023-12-08,193.35272216796875,193.62934842275146,191.33728508312288,191.86090014217592,53406400
2023-12-11,190.8531951904297,191.15947399253523,189.11439931154695,190.78404615931,60943700
2023-12-12,192.36477661132812,192.3746507369947,189.4107849369075,190.75440470261375,52696900
2023-12-13,195.5756378173828,195.6151493963814,192.50309623143957,192.74019585543422,70404200
2023-12-14,195.72381591796875,197.21562292408947,193.79730618821,195.63490356313392,66831600
2023-12-15,195.19032287597656,196.01031245444227,194.62718115642724,195.1507962246044,128538400
2023-12-18,193.53053283691406,194.2616250715381,192.04860011875655,193.72812085100188,55751900
2023-12-19,194.56790161132812,194.57777573643529,193.5305456250714,193.79729775296602,40714100
2023-12-20,192.48330688476562,195.29897006409448,192.48330688476562,194.52836624027822,52242800
2023-12-21,192.33509826660156,194.7061996333918,191.16931844438724,193.73800782299358,46482500
2023-12-22,191.2681427001953,193.0563392932213,190.64572606781581,192.82909873139974,37149600
2023-12-26,190.72476196289062,191.55464074590694,190.5074106042434,191.27801448490152,28919300
2023-12-27,190.8235321044922,191.16932243864449,188.78834689776542,190.17149315937536,48087700
2023-12-28,191.2483673095703,192.3153607227681,190.8433020640508,191.80161980345068,34049900
2023-12-29,190.21102905273438,192.0585006042798,189.4206618129017,191.56452296375952,42672100
2024-01-02,183.40399169921875,186.1702691079172,181.6750702031571,184.89579853453512,82488700
2024-01-03,182.03073120117188,183.64110287378972,181.22060076525406,182.00109375351622,58414500
2024-01-04,179.7189483642578,180.88472835710988,178.70135563320858,179.95604798314233,71983600
2024-01-05,178.99774169921875,180.5587129492039,177.99991223040004,179.79799818956093,62379700
2024-01-08,183.32498168945312,183.36450834315934,179.313885613353,179.89677561800764,59144500
2024-01-09,182.91001892089844,182.91989304556353,180.52904335165846,181.7047124117811,42841800
2024-01-10,183.94737243652344,184.15483457675245,181.70471001714742,182.129538572139,46792900
2024-01-11,183.3546600341797,184.7970817161186,181.40838646762757,184.29321475650065,49128400
2024-01-12,183.6806182861328,184.49074873898914,182.95941525310155,183.818931403084,40477800
2024-01-16,181.41822814941406,182.04062970854807,178.7507369031224,179.96593271976667,65603000
2024-01-17,180.4796600341797,180.72664884969066,178.12833676151584,179.08665457169852,47317400
2024-01-18,186.35800170898438,186.86185345428623,183.59172402252184,183.8485869578717,78005800
2024-01-19,189.252685546875,189.6379874512041,186.54569809210085,187.04954979006996,68903000
2024-01-22,191.55465698242188,192.97731505960866,189.94428498185601,189.9838116367789,60133900
2024-01-23,192.82908630371094,193.39222799671276,191.49535584528522,192.67102493067515,42355600
2024-01-24,192.15728759765625,194.0146482092326,191.999211146671,193.06620457832125,53631300
2024-01-25,191.8312530517578,193.9059649333701,190.78402298627717,192.86860899256396,54822100
2024-01-26,190.1023406982422,192.41415228379137,189.6281264159501,191.93006387634745,44594000
2024-01-29,189.42062377929688,189.88496387415157,187.2965263815559,189.69724999644458,47145600
2024-01-30,185.77508544921875,189.48980657471878,185.21195883551243,188.64016451675863,55859400
2024-01-31,182.17892456054688,184.84641553917146,182.129538862794,184.78712556686926,55467800
2024-02-01,184.6092987060547,184.69821105096443,181.60592170299904,181.77387226838383,64885400
2024-02-02,183.6114959716797,185.07366557426653,177.0909850527091,177.6936383802958,102551700
2024-02-05,185.41941833496094,186.97051518171523,183.60158444736317,185.88375846902116,69668800
2024-02-06,187.01991271972656,187.02978684421677,184.5203873987695,184.60929974417922,43490800
2024-02-07,187.1286163330078,188.74886241631054,186.33824908078662,188.3437971267345,53439000
2024-02-08,186.0517120361328,187.25700339151908,185.09339438123675,187.10881615622526,40962000
2024-02-09,186.81344604492188,187.9411516715375,185.97260641439556,186.61559077121817,45155200
2024-02-12,185.1317596435547,186.63537211912902,184.7756412965565,186.38806813077576,41781900
2024-02-13,183.0445098876953,184.2019058140478,181.53101071537256,183.76664838776776,56529500
2024-02-14,182.16409301757812,183.52921572281525,180.4725423642709,183.32148884677065,54630500
2024-02-15,181.8772430419922,182.50045391335385,179.39431647047905,181.57058851615943,65434500
2024-02-16,180.34393310546875,182.85654973235168,179.7108355866275,181.44196326564102,49752500
2024-02-20,179.60203552246094,180.46264852115328,178.0588611409836,179.82955095197704,53665600
2024-02-21,180.35385131835938,180.91769653606136,178.71174929095213,179.9779444437335,41371400
2024-02-22,182.38169860839844,182.96534735847135,180.4923080429841,181.50129721585435,52292200
2024-02-23,180.5517120361328,183.04452553646294,180.26483093781445,183.01485026342843,45119700
2024-02-26,179.20635986328125,180.78909628027105,178.7018500832812,180.27471486922383,40867400
2024-02-27,180.66049194335938,181.9365737231629,177.62359209867634,179.14699293032547,54318900
2024-02-28,179.46351623535156,181.14517996041016,178.1874345829099,180.54175776029825,48953900
2024-02-29,178.80078125,180.6011615069905,177.59393659501978,179.31517776545977,136682600
2024-03-01,177.7225341796875,178.5831471920378,175.46712311031385,177.6137198257161,73563100
2024-03-04,173.21170043945312,174.9922768844708,171.91581500377694,174.25036500096815,81510100
2024-03-05,168.285400390625,170.1846930657021,167.7907924514621,168.91849794898403,95132400
2024-03-06,167.29617309570312,169.39332087872134,166.8609157238647,169.21525418377138,68587700
2024-03-07,167.177490234375,168.88882954707424,166.67299554984157,167.32586658446218,71765100
2024-03-08,168.88880920410156,171.82678133583968,167.11811956465033,167.17747009753631,76267000
2024-03-11,170.88705444335938,172.49948126334272,170.1946063009313,171.07500788792643,60139500
2024-03-12,171.3618621826172,172.15323790323208,169.16580172767317,171.28272310113206,59825400
2024-03-13,169.28451538085938,171.32229764254458,168.91849524765144,170.90682879160028,52488700
2024-03-14,171.1343536376953,172.43022407386235,170.19460153541087,171.04532782778392,72913500
2024-03-15,170.75845336914062,170.75845336914062,168.45357838204507,169.3240932528417,121752700
2024-03-18,171.84658813476562,175.79356502758816,171.64874797271588,173.67664359575858,75604200
2024-03-19,174.18113708496094,174.70542030322298,171.16402557801365,172.45989598897214,55215200
2024-03-20,176.7432098388672,176.7432098388672,173.2018149693641,173.82502584048726,53423100
2024-03-21,169.52191162109375,175.57592275278003,168.9976284397713,175.1406653733646,106181300
2024-03-22,170.422119140625,171.18381963278856,168.22605856941686,169.90772263085663,71160100
2024-03-25,169.00753784179688,170.08577952012527,167.6226265638577,168.7305586050563,54288300
2024-03-26,167.87985229492188,169.57140318495337,167.75124938607289,168.16671829054096,57388400
2024-03-27,171.44100952148438,171.72789059246503,168.27552158079686,168.5722893771007,60273300
2024-03-28,169.6307373046875,170.37264922530974,168.67119667981044,169.89782982249778,65672700
2024-04-01,168.19639587402344,169.40324060587884,167.6523240532299,169.3438900607447,46240500
2024-04-02,167.01922607421875,167.51383407497934,166.4158037095213,167.2566433485096,49329500
2024-04-03,167.82046508789062,168.83935621904524,166.76201196368757,166.96973884210524,47691700
2024-04-04,166.9994354248047,170.06599565718972,166.9994354248047,168.4535689105981,53704400
2024-04-05,167.751220703125,168.55248310289795,167.12800990586356,167.76110742740823,42104800
2024-04-08,166.6334228515625,167.37533481002382,166.4256959559663,167.20716991074772,37425500
2024-04-09,167.8402862548828,168.24586846008486,166.53452891117558,166.8807454739117,42373800
2024-04-10,165.97064208984375,167.2665125006067,165.30786924976792,166.97964653177021,49709300
2024-04-11,173.15234375,173.5678277091418,166.34654865134516,166.5246002673459,91070300
2024-04-12,174.64610290527344,176.43658160486194,172.3313408879349,172.38078961681583,101670900
2024-04-15,170.82769775390625,174.72521085075485,170.63974431610336,173.46890241983837,73531800
2024-04-16,167.5533905029297,171.88614579113815,166.45536027289515,169.8978273072319,73711200
2024-04-17,166.18829345703125,168.8097099054139,166.18829345703125,167.78093187309736,50901200
2024-04-18,165.23863220214844,166.8213838226369,164.7539260277304,166.21796146542746,43122900
2024-04-19,163.22059631347656,164.60549230510932,162.31051964837013,164.4175539945718,68149400
2024-04-22,164.05154418945312,165.45622881020677,162.9930911354229,163.7350029833429,48116400
2024-04-23,165.10012817382812,165.24851961582092,163.14148491226467,163.56685559955991,49537800
2024-04-24,167.19729614257812,167.47427542099652,164.4176015378687,164.74402954196006,48251800
2024-04-25,168.05789184570312,168.77012851479734,166.33665071301928,167.70177351115603,50558300
2024-04-26,167.4742431640625,169.49223681731962,167.35552700029277,168.04799015720317,44838400
2024-04-29,171.6289520263672,174.1316669492416,171.2332717193323,171.50034913417457,68169400
2024-04-30,168.49314880371094,173.10289859543835,168.1667057400835,171.46079655206535,65934800
2024-05-01,167.4742431640625,170.84747276952126,167.28628974114312,167.75122238913238,50383100
2024-05-02,171.16403198242188,171.54982559320527,169.04711048582428,170.64963546996492,94214900
2024-05-03,181.4023895263672,184.98334572031666,180.6901529770176,184.6371141692426,163224100
2024-05-06,179.75042724609375,182.21356516877455,178.47433028646978,180.38352481626606,78569700
2024-05-07,180.4329833984375,182.90602327557747,179.36464345444207,181.4716631656838,77305800
2024-05-08,180.76930236816406,181.09574539643793,179.49320552179933,180.878116710922,45057100
2024-05-09,182.57960510253906,182.6686309202814,180.1461270912472,180.59127127419717,48983000
2024-05-10,181.32156372070312,183.34229448527321,180.4102525825865,183.1540861312051,50759500
2024-05-13,184.52105712890625,185.33332156582821,182.87672798687535,183.68899242379732,72044800
2024-05-14,185.66018676757812,186.52198207892377,184.5309518112327,185.73943318211036,52393600
2024-05-15,187.92860412597656,188.84981551266446,185.60078753373725,186.13569714479723,70400000
2024-05-16,188.0474395751953,189.2955517477419,187.86914647323638,188.6714956614686,52845200
2024-05-17,188.07716369628906,189.0082902438942,187.3936765447615,187.72056236134898,41282900
2024-05-20,189.2361297607422,190.10782534306233,187.22529890901677,187.54228461702792,44361300
2024-05-21,190.5337677001953,190.91016932460286,189.11726241831752,189.28565540299905,42309400
2024-05-22,189.09744262695312,190.99932654838926,188.47340160760692,190.45451683728567,34648500
2024-05-23,185.11541748046875,189.19651013997458,184.86777806929078,189.1766947549615,51005900
2024-05-24,188.18612670898438,188.7804673088457,186.26444256610336,187.0370913918068,36327000
2024-05-28,188.196044921875,191.1776178733189,187.31444925751387,189.70168159973719,52280100
2024-05-29,188.49322509765625,190.43472491238563,187.7205912720781,187.8196530916493,53068000
2024-05-30,189.4837646484375,190.36536034504638,188.83000809203267,188.9587703074631,49889100
2024-05-31,190.43472290039062,190.7517086279001,188.11682144814546,189.6323735603605,75158300
2024-06-03,192.19789123535156,193.14883318833753,190.7021546904014,191.07855630297723,50080500
2024-06-04,192.51487731933594,193.47571940906454,191.2073340206378,192.80213237542046,47471400
2024-06-05,194.02052307128906,195.04079624688396,193.02996541617088,193.5549597642067,54156800
2024-06-06,192.6436309814453,194.64456149457678,192.3365605546928,193.8422122853953,41181800
2024-06-07,195.03089904785156,195.08042995429523,192.3068654552658,192.8120444256859,53103900
2024-06-10,191.29649353027344,195.43703247512377,190.33565137548777,195.04080033594326,97010200
2024-06-11,205.19398498535156,205.20390023400174,191.80165814772772,191.82145841561143,172373300
2024-06-12,211.05810546875,218.12077055688877,204.94635205432962,205.4119153142898,198134300
2024-06-13,212.21707153320312,214.70336573665497,209.60200000148347,212.71235034689784,97862700
2024-06-14,210.48361206054688,213.13829945342002,209.30484597389386,211.8307711431916,70122700
2024-06-17,214.62411499023438,216.88258512602053,210.71141546378874,211.35527186274084,93728300
2024-06-18,212.26657104492188,216.56560230529576,210.9887584540523,215.5354139875743,79943300
2024-06-20,207.70013427734375,212.21709015086526,206.8779846754286,211.91000456307782,86172500
2024-06-21,205.53082275390625,209.8892705909824,205.15440599094305,208.40343403997312,241805100
2024-06-24,206.17465209960938,210.69159220230495,204.63928484253907,205.75861973380415,80727000
2024-06-25,207.0959014892578,209.3840873125504,206.64023830581658,207.1751328027417,55549700
2024-06-26,211.2364044189453,212.8312027309874,208.65104852463386,209.5029286499739,66213200
2024-06-27,212.07838439941406,213.70289822966825,210.3449086305272,212.6628097453943,49772700
2024-06-28,208.6312255859375,214.0297763055812,208.3142550307382,213.73260601871965,82542700
2024-07-01,214.703369140625,215.4561875080808,209.91897391071575,210.0873668962765,60402900
2024-07-02,218.1901397705078,218.29910171758146,213.068958487467,214.10903193760322,58046200
2024-07-03,219.45802307128906,219.45802307128906,216.96181387179615,217.92265588190668,37369800
2024-07-05,224.2028045654297,224.3117665065084,219.55708698216947,219.55708698216947,60412400
2024-07-08,225.6688690185547,225.69858454124022,221.14201294311235,224.945750993976,59085900
2024-07-09,226.52072143554688,227.23392416937492,224.23253562897796,225.77780318070188,48076100
2024-07-10,230.78012084960938,230.87918266211804,227.08534498663496,227.1348758928893,62627700
2024-07-11,225.42120361328125,230.19568345608255,223.63819688403007,229.2051258414663,64710600
2024-07-12,228.36314392089844,230.44332094014862,226.5207061684713,226.7584454352943,53046500
2024-07-15,232.18670654296875,234.9899864993383,230.88907844301437,234.24706826366577,62631300
2024-07-16,232.6027374267578,234.03904289009895,230.13624361936286,232.7810305355119,43234300
2024-07-17,226.71884155273438,229.2744821236097,224.49998695797876,227.2834515580279,57345900
2024-07-18,222.06321716308594,228.26411801705945,220.17126344980832,228.10562515807683,66034600
2024-07-19,222.19198608398438,224.65848009632384,221.1717129043359,222.6971801635164,49151500
2024-07-22,221.84530639648438,225.62922890399747,220.98351093014816,224.86649525231948,48201800
2024-07-23,222.8853759765625,224.7971601400939,220.57737479075328,222.25141967209163,39960300
2024-07-24,216.47647094726562,222.67737176080064,215.07979609138368,221.88492258576645,61777600
2024-07-25,215.43638610839844,218.76466037633443,212.59347540961954,216.86277641061952,51391200
2024-07-26,215.90194702148438,217.41749898154802,213.9703475571551,216.6349499920164,41601300
2024-07-29,216.17930603027344,217.22929471632008,213.71281205128278,214.91139345300462,36311800
2024-07-30,216.7340087890625,218.24956072806748,214.07930652606245,217.1203256536185,41643800
2024-07-31,219.98301696777344,221.70659250258416,218.54671157945197,219.34906075635598,50036300
2024-08-01,216.2981719970703,222.36038006072013,214.97082835556836,222.25141811315143,62501000
2024-08-02,217.78399658203125,223.46980270062375,215.65430376795194,217.08069402896655,105568600
2024-08-05,207.29400634765625,211.4840610296135,194.14930192882554,197.21012147966275,119548600
2024-08-06,205.2732696533203,208.00721860156926,199.17144565753833,203.36150053141452,69660500
2024-08-07,207.83880615234375,211.62272838414273,204.441185671316,204.9463646139573,63516400
2024-08-08,211.2958526611328,212.17744837655164,206.8581585633277,211.097744151489,47161100
2024-08-09,214.19818115234375,214.7330756065884,209.96849596255686,210.09727328743648,42201600
2024-08-12,215.7254180908203,217.68898821235913,213.81143620679725,214.27753840147545,38028100
2024-08-13,219.43438720703125,220.04923895369578,217.19312608520667,217.19312608520667,44155300
2024-08-14,219.8806610107422,221.17979111862692,217.8774142480331,218.7402072098891,41960600
2024-08-15,222.8557586669922,223.48053712623224,220.9120118672479,222.7367590108339,46414000
2024-08-16,224.1747283935547,224.94825642777528,221.79462933024135,222.06239369045758,44340200
2024-08-19,224.0160675048828,224.115243980586,221.18970440160442,223.84747960195193,40687800
2024-08-20,224.63092041015625,225.28544883578485,223.57971634413767,223.8970689622142,30299000
2024-08-21,224.5218048095703,226.08869912173634,223.1830133382552,224.64081959285892,34765500
2024-08-22,222.66732788085938,226.44571820828537,222.04254943445835,225.90027790842765,43695300
2024-08-23,224.95819091796875,226.32674764036014,222.4690186706249,223.78798715352852,38677300
2024-08-26,225.2953643798828,225.39454085782168,222.0326640536948,224.87885041051024,30602200
2024-08-27,226.13832092285156,226.95152567852384,223.02437015551794,224.1251624880706,35934600
2024-08-28,224.61111450195312,227.953153182598,223.80782130021973,226.0292444010517,38052200
2024-08-29,227.88369750976562,230.98773644426686,226.98125820388418,228.19113851748892,51906300
2024-08-30,227.1002655029297,228.4886453526855,225.59287085733376,228.28039594132485,52990800
2024-09-03,220.92196655273438,227.1002799762046,219.33523365285652,226.65401607692846,50190600
2024-09-04,219.01788330078125,219.94016096302124,215.67582978550038,219.82116129878526,43840200
2024-09-05,220.53518676757812,223.60946073514918,219.6823205428289,219.79140861107143,36615400
2024-09-06,218.98814392089844,223.3714749735505,217.94685141211724,222.09216799264019,48423000
2024-09-09,219.07737731933594,219.4343914347755,214.91222272734436,218.98812757352732,67180000
2024-09-10,218.28402709960938,219.64265710486697,214.9320618304677,217.10389659918582,51591000
2024-09-11,220.8128662109375,221.2392917639212,216.08243282408242,219.6228241682371,44587100
2024-09-12,220.92196655273438,221.6954946800681,217.99644195502805,220.65420216028613,37455600
2024-09-13,220.6541748046875,222.18139254741286,220.06907298412548,221.72521710949164,36766600
2024-09-16,214.52545166015625,215.41797935337752,212.14535259122513,214.7436126542421,59357400
2024-09-17,214.99156188964844,215.10064996456288,212.72056577105593,213.96019610771708,45519300
2024-09-18,218.85919189453125,220.86243852013078,215.7353147340035,215.745241460142,59894900
2024-09-19,226.9713592529297,227.913490447656,222.76654268786407,223.1235568426533,66781300
2024-09-20,226.30690002441406,231.15633305592988,225.7317097608303,228.06222073119503,318679900
2024-09-23,224.5912322998047,227.54650632766106,223.93670395169437,225.45401003818398,54146000
2024-09-24,225.4837646484375,227.44734973367454,223.85737047004787,226.75314473243895,43556100
2024-09-25,224.49208068847656,225.40444676008957,222.1615848378298,223.06402418257602,42308700
2024-09-26,225.63255310058594,226.60441901953834,223.54005654723983,225.4143769570366,36636700
2024-09-27,225.90029907226562,227.6159582791164,225.41437368594384,226.56475422029098,34026000
2024-09-30,231.06707763671875,231.06707763671875,227.74486252768645,228.13162655878588,54541900
2024-10-01,224.3334197998047,227.74486962890148,221.88390914906273,227.6159583693189,63285000
2024-10-02,224.898681640625,225.48378349827837,221.16987922367838,224.0160654907427,32880600
2024-10-03,223.79788208007812,224.928424248049,221.46738631978812,223.27228007150777,34044200
2024-10-04,224.9185028076172,226.1085447535635,222.27065455992025,226.00936828631617,37245100
2024-10-07,219.85089111328125,223.81770763530983,219.49387702101052,222.63757729885364,39505400
2024-10-08,223.89706420898438,224.10531361949606,221.3979653574062,222.43925780658088,31855700
2024-10-09,227.6357421875,227.8440066972751,222.96482456123263,223.36150013045767,33591100
2024-10-10,227.139892578125,227.59608310657336,225.28541081733943,225.89035090278009,28183500
2024-10-11,225.66229248046875,227.5068628874906,225.4540279414576,227.39777482080956,31759200
2024-10-14,229.38119506835938,229.80762063057296,226.70359663127624,226.80275797652766,39882100
2024-10-15,231.9100341796875,235.51983687729248,230.44230106244424,231.67201972311165,64751400
2024-10-16,229.857177734375,230.1943535005289,227.93326933706737,229.67867825777722,34082200
2024-10-17,230.22413635253906,231.91004568892726,228.6076687095473,231.49351658619665,32993800
2024-10-18,233.0504913330078,234.2206950473064,232.0686987091599,234.2206950473064,46431500
2024-10-21,234.51820373535156,234.88514457730523,232.5050454306036,232.5050454306036,36254500
2024-10-22,233.90333557128906,234.26034966164363,230.67038557078126,231.9496772340994,38846600
2024-10-23,228.8456573486328,233.18932661738793,225.87054472777703,232.13812257917175,52287000
2024-10-24,228.6572265625,228.9051525928802,226.5151420282862,228.0721096303277,31109500
2024-10-25,229.49026489257812,231.28524701350278,227.665532857223,227.83412074973037,38802300
2024-10-28,231.46371459960938,232.78268277566139,230.62077525324707,231.38439159353035,36087100
2024-10-29,231.7315216064453,232.38605001867157,230.3927299983884,231.1662580738538,35417200
2024-10-30,228.19114685058594,231.53318522639518,227.64570650368097,230.68031899274527,47070900
2024-10-31,224.035888671875,227.92336713292326,223.5003599556127,227.43742665071557,64370100
2024-11-01,221.060791015625,223.4805517303345,218.44269248362247,219.13688241025088,65276700
2024-11-04,220.168212890625,220.94174084677013,217.88730565861934,219.15668564471403,44944500
2024-11-05,221.59628295898438,222.0921350198155,219.30544885909725,219.9599772111233,28111300
2024-11-06,220.87234497070312,224.19455985797964,219.3550388628842,220.76325691115125,54561100
2024-11-07,225.59288024902344,225.9895710313294,222.70703236030374,222.7665321945981,42137700
2024-11-08,225.32481384277344,227.01256271730918,224.77877343219782,225.53329235935942,38328800
2024-11-11,222.61447143554688,224.07388164377818,219.90414468405433,223.37892800863307,42005600
2024-11-12,222.61447143554688,223.96467356190874,221.75074442821315,222.9321731823864,40398300
2024-11-13,223.49807739257812,225.0170530189228,221.15507983350162,222.39607398240116,48566200
2024-11-14,226.57571411132812,227.22102491001456,223.37891246327882,223.39877260828746,44923900
2024-11-15,223.37892150878906,225.28508648780175,222.65418524957263,224.76882873863602,47923700
2024-11-18,226.37716674804688,228.08477571151616,223.54769435597734,223.62711979019133,44633700
2024-11-19,226.6352996826172,228.50175961033486,225.02697621656037,225.34466282087314,36211800
2024-11-20,227.35011291503906,228.27340522879027,224.26251907255318,226.4168829534927,35169600
2024-11-21,226.87356567382812,228.50174921258224,224.08381355701644,227.2309725554499,42108300
2024-11-22,228.2138214111328,229.05770336713667,226.41686457306912,226.41686457306912,38168300
2024-11-25,231.19224548339844,231.56951255942457,228.08480637706975,229.79241557012372,90152800
2024-11-26,233.366455078125,233.87279036398945,231.6489234928732,231.6489234928732,45986200
2024-11-27,233.23736572265625,233.99189975911068,232.12543996222107,232.78068842055708,33498400
2024-11-29,235.62010192871094,236.0966394139658,232.28430923421996,233.11825362062933,28481400
2024-12-02,237.8638153076172,239.0551666028684,235.45133007089746,235.5605381566453,48137100
2024-12-03,240.90176391601562,241.01097200063165,237.17878168890522,238.08222901174219,38861000
2024-12-04,241.25917053222656,242.35125137710352,239.51185632927692,241.12017980186528,44383900
2024-12-05,241.28897094726562,242.77816394602775,240.38553870781277,242.23213863223197,40033900
2024-12-06,241.09039306640625,242.86750503393802,240.33587413565135,241.15989600483465,36870600
2024-12-09,244.97222900390625,245.45870413211114,240.0082527322972,240.08767817050534,44649200
2024-12-10,245.98486328125,246.42169557945553,243.57236314301568,245.11119868483894,36914800
2024-12-11,244.71412658691406,248.99307203962232,244.48577275361333,246.17353693536344,45205800
2024-12-12,246.1735076904297,246.9478867446912,243.90992066775823,245.11120954102955,32777500
2024-12-13,246.34228515625,247.49391610940148,244.46590277835176,246.0345210589055,33155300
2024-12-16,249.2313232421875,249.56888515433104,245.86574781090837,246.2033097230519,51694800
2024-12-17,251.6537322998047,252.0012166921119,247.98039295462073,248.2782345553336,51356400
2024-12-18,246.26287841796875,252.4479889260113,245.95511429725673,250.34326772719038,56774100
2024-12-19,247.9903106689453,250.18439476471843,245.30976661195103,245.71681628677703,60882300
2024-12-20,252.65647888183594,253.16279902630112,243.919877297432,246.2529371403228,147495300
2024-12-23,253.4308319091797,253.8080837794399,251.6239373953799,252.9344343151273,40858800
2024-12-24,256.3397216796875,256.34962902881983,253.45066898797964,253.64924013847912,23234700
2024-12-26,257.1538391113281,258.2260750496306,255.77386933789322,256.32983230675023,27237100
2024-12-27,253.74851989746094,256.8361287043752,251.2367492695516,255.9723714358678,42355300
2024-12-30,250.38296508789062,251.67360197393796,248.9434149702759,250.4127477342041,35557500
2024-12-31,248.61581420898438,251.4552095671021,247.6329413411861,250.62126509380025,39480700
2025-01-02,242.09310913085938,247.30528379202167,240.07773614045146,247.1364952815275,55740700
2025-01-03,241.60665893554688,242.42074318433572,240.14724866814672,241.60665893554688,40244100
2025-01-06,243.23484802246094,245.54806288478193,241.4478134561986,242.5498168429892,45045600
2025-01-07,240.46495056152344,243.78088314896328,239.61114601786818,241.22939201717418,40856000
2025-01-08,240.95140075683594,241.95413364050106,238.32049944087447,240.17702168463396,37628900
2025-01-10,235.1435546875,238.42970445265777,231.32128701842691,238.28077607985776,61710900
2025-01-13,232.71121215820312,232.9792711307645,228.06493742769467,231.84748509521594,49630700
2025-01-14,231.59927368164062,234.41880854341963,230.7951119565212,233.05868390458076,39435300
2025-01-15,236.15621948242188,237.2383779015073,232.74100113522098,232.94949481929564,39832000
2025-01-16,226.61544799804688,236.29520209930612,226.3871093224655,235.6399687194268,71759100
2025-01-17,228.3230438232422,230.61639839146835,226.83385097126646,230.44762501944012,68488300
2025-01-21,221.03594970703125,222.80312416686704,217.79944241349193,222.38615194982364,98070400
2025-01-22,222.21737670898438,222.5052806842356,218.2064751614249,218.2064751614249,64126500
2025-01-23,222.04859924316406,225.394314538592,220.69839703644928,223.1208199792776,60234800
2025-01-24,221.1749267578125,224.00439930767484,219.81480209957203,223.160517277336,54697900
2025-01-27,228.20391845703125,230.47741293083342,222.36627749626697,222.4059977899183,94863400
2025-01-28,236.54339599609375,238.4594987479956,229.147074251248,229.18679454547646,75707600
2025-01-29,237.63548278808594,238.13188043636077,232.32402189200354,232.43322998057818,45486100
2025-01-30,235.8782196044922,239.05516137192973,235.50096771104396,236.95044029141235,55658300
2025-01-31,234.29966735839844,245.40904807772534,231.7581140684966,245.40904807772534,100959800
2025-02-03,226.3672332763672,230.15971829856622,224.0738787357251,228.33297872450572,73063300
2025-02-04,231.12274169921875,231.45036595591674,225.01704170433482,225.61272492539547,45067300
2025-02-05,230.7951202392578,230.99367626573292,226.625383087866,226.88350440739822,39620300
2025-02-06,231.53973388671875,232.11555701043588,228.7698263631288,229.62363097431557,29925300
2025-02-07,225.989990234375,232.31409120281862,225.62264568638093,230.9241838961893,39707200
2025-02-10,226.25833129882812,229.1803610121675,225.81108525741098,228.16660736242451,33115600
2025-02-11,231.19793701171875,233.7919821040532,226.7353950927951,226.8049592810601,53718400
2025-02-12,235.42196655273438,235.51142789245534,229.26980470124647,229.78663009476247,45243300
2025-02-13,240.05348205566406,240.85852795215618,234.1299251101732,235.4617298072221,53614100
2025-02-14,243.104736328125,244.0489258287467,239.5168040933544,239.77520922194773,40896200
2025-02-18,242.97549438476562,243.68114548283563,240.36156738576827,242.65744334610832,48822500
2025-02-19,243.37306213378906,244.50609250836237,241.6735241546838,243.16435439309654,32204200
2025-02-20,244.3271942138672,245.27138364211797,242.7966000469895,243.4426355672204,32316900
2025-02-21,244.0489044189453,247.1697083342209,243.72091995824803,244.44645306890683,53197400
2025-02-24,245.5894317626953,247.33866705271078,242.92580728065096,243.43268408373555,51326400
2025-02-25,245.52980041503906,248.47171215983582,243.41283173998391,246.48393846255715,48013300
2025-02-26,238.89065551757812,243.48240813544444,237.66817887883008,242.8363877176575,44433600
2025-02-27,235.84934997558594,240.9778097055873,235.61081167459415,237.94645181292123,41153600
2025-02-28,240.361572265625,240.61004395755495,228.79273089598732,235.50146657809572,56833400
2025-03-03,236.57489013671875,242.53821134874983,234.66662916873,240.31189930334125,47184000
2025-03-04,234.4877166748047,238.60242278275774,233.24535811530478,236.25684921580154,53798100
2025-03-05,234.2988739013672,235.1039197629907,227.82866128733946,233.98082285378285,47227600
2025-03-06,233.8914031982422,236.4059358119138,231.73467047090975,233.00684447444675,45170400
2025-03-07,237.60853576660156,239.89446338205195,233.32487071745646,233.67273718007357,46273600
2025-03-10,226.08938598632812,234.71633209649934,222.84932017741133,234.10011191080184,72071200
2025-03-11,219.48997497558594,224.45940937640347,216.12069905845206,222.44182022291236,76137400
2025-03-12,215.653564453125,220.39440897367027,213.5962265598192,218.7942505386503,62547500
2025-03-13,208.398193359375,215.51442704761877,207.14590135231947,214.62986833256545,61368300
2025-03-14,212.1848907470703,212.64207016591416,208.29878985935505,209.95857893569573,60107600
2025-03-17,212.69180297851562,213.90434624612,208.68643986463772,212.00601857046763,48073400
2025-03-18,211.38978576660156,213.83473880015984,210.19712464056028,212.85080057479257,42432400
2025-03-19,213.9241943359375,217.42266485537363,212.44329758558237,212.91042558181826,54385400
2025-03-20,212.7911834716797,216.16045933121794,210.92267131595005,212.6818553101102,48862900
2025-03-21,216.9356689453125,217.50217651661012,209.98839498228966,210.26668206389348,94127800
2025-03-24,219.3806610107422,220.12607621910902,217.24381014629506,219.6490147320974,44299500
2025-03-25,222.3822021484375,222.73006864258363,218.73463890959596,219.42042332259138,34493600
2025-03-26,220.17576599121094,223.6444367672013,219.12224829293882,222.14365782695532,34466100
2025-03-27,222.48158264160156,223.61461307047793,219.21168633594712,220.03661426059983,37094800
2025-03-28,216.56793212890625,222.44180687800483,216.34927581514728,220.31488968867507,39818600
2025-03-31,220.77207946777344,224.24073468961828,214.90813825561798,215.683368745432,65299300
2025-04-01,221.82559204101562,222.31258685550372,217.56180927777046,218.46624988397502,36412700
2025-04-02,222.5213165283203,223.8133724100327,219.66886624627372,219.9670353213626,35905900
2025-04-03,201.94786071777344,206.22157697816277,200.0197179050274,204.28348559152053,103419000
2025-04-04,187.22840881347656,198.65810753704542,186.19475800144227,192.70471987275084,125910900
2025-04-07,180.3507080078125,192.96311894309866,173.55251067175698,176.11674047268428,160466300
2025-04-08,171.36598205566406,189.1764339595553,168.1756135141289,185.5586861535385,120859500
2025-04-09,197.6343994140625,199.38363475051753,170.83920418374143,170.89883496621582,184395900
2025-04-10,189.25592041015625,193.58926741380884,181.88128226075605,187.9141823452429,121880000
2025-04-11,196.93869018554688,198.32019241914816,184.9226007761468,184.96236474624945,87435900
2025-04-14,201.28196716308594,211.63826622013798,199.9302804535287,210.14743595954587,101352900
2025-04-15,200.90428161621094,202.26590170954893,198.57859009217825,200.6259945192588,51343900
2025-04-16,193.0823974609375,199.47308245703653,191.19400339685228,197.1473909296092,59732400
2025-04-17,195.77581787109375,197.61451451967758,193.2314700862815,195.99447418061752,52164700
2025-04-21,191.9791717529297,192.6152586778503,188.64964501381652,192.08849990403363,46742500
2025-04-22,198.51895141601562,200.35763286451953,194.7719939992729,194.92107095045932,52976400
2025-04-23,203.34925842285156,206.72846769395255,201.56025903470575,204.7406939661261,52929200
2025-04-24,207.09620666503906,207.5534013078127,201.69940812530302,203.6374845300284,47311000
2025-04-25,208.00062561035156,208.46775361357263,204.9394524859384,205.10841141990002,38222300
2025-04-28,208.8553924560547,210.2070792460064,206.1917828448175,208.71624889674396,38743100
2025-04-29,209.91885375976562,210.94255602883885,207.096203506044,207.41425458581946,36827600
2025-04-30,211.20095825195312,212.2743578831654,205.4065960245207,208.0205233254963,52286500
2025-05-01,212.01596069335938,213.2483707428857,207.62296725165953,207.80187477964563,57365700
2025-05-02,204.0946807861328,205.72465469395448,200.92417915168144,204.8301473855031,101010600
2025-05-05,197.6741485595703,202.85230555244996,196.99831280299983,201.85841873478097,69018500
2025-05-06,197.29647827148438,199.42339557924856,195.81559653234874,196.99832434112832,51216500
2025-05-07,195.05029296875,198.2207944248892,192.0686324392914,197.9524407308952,68536700
2025-05-08,196.28271484375,198.82706269335065,193.48988012199126,196.51130456752412,50478900
2025-05-09,197.3163604736328,199.3140676367793,196.33240700583877,197.78348851905432,36453900
2025-05-12,209.776123046875,210.2538252478288,205.75556156059073,209.95526516858178,63775800
2025-05-13,211.90582275390625,212.37356332026266,207.99473291206186,209.41784747983854,51909300
2025-05-14,211.30873107910156,212.91098786371114,209.56714827780408,211.40824098508043,49325800
2025-05-15,210.43296813964844,211.93571508448807,208.53215118256114,209.9353730316401,45029500
2025-05-16,210.24388122558594,211.54759317457453,208.76105751069144,211.33859654598928,54737900
2025-05-19,207.7758026123047,208.47243269467637,203.2775387890809,206.90999202317107,46140500
2025-05-20,205.8650360107422,207.46729276724128,204.04383620537516,206.67113760639387,42496600
2025-05-21,201.1179962158203,206.0441849710538,199.7446439816099,204.18318404217405,59211800
2025-05-22,200.39149475097656,201.77480849030061,198.7394754118135,199.7446272097534,46742400
2025-05-23,194.33078002929688,196.74908474491085,192.52948833207407,192.73846975457602,78432900
2025-05-27,199.24703979492188,199.77448939448533,196.4803970243206,197.34622283817185,56288500
2025-05-28,199.4560089111328,201.75489573800118,198.9385057789635,199.6251894151235,45339700
2025-05-29,198.98826599121094,202.8297005493605,197.55518975609246,202.60081106845576,51396800
2025-05-30,199.88394165039062,200.98860329086406,195.83351057352263,198.4110493394953,70819900
2025-06-02,200.7298583984375,201.15779807678393,199.15745607510846,199.31669015009302,35423300
2025-06-03,202.29232788085938,202.78992300957722,199.9934408158467,200.38156440883068,46381600
2025-06-04,201.844482421875,205.24803106286797,201.12794426741362,201.93404589483336,43604000
2025-06-05,199.6649932861328,203.765171611367,199.1872911078447,202.521183994692,55126100
2025-06-06,202.93917846679688,204.7106157617459,201.07817770068002,202.0236053289331,46607700
2025-06-09,200.48104858398438,205.0091667110405,199.05793398755327,203.4069099948636,72862600
2025-06-10,201.6951904296875,203.36711781582227,199.60530017876516,199.63515466910712,54672600
2025-06-11,197.8238983154297,203.51638723180633,197.45568281643992,202.5211970741936,60989900
2025-06-12,198.24188232421875,198.71956936233477,196.4107360236097,198.12246436103902,43904600
2025-06-13,195.50509643554688,199.4062398916536,194.758703844025,198.7693188209708,51447300
2025-06-16,197.46563720703125,197.73434281232372,195.61458283187793,196.3510290449251,43020700
2025-06-17,194.69900512695312,197.4357781067605,194.27108064091922,196.25149936947125,38856200
2025-06-18,195.63449096679688,196.61973472966923,194.13175923439314,194.99756984742208,45394700
2025-06-20,200.03323364257812,200.72986375748766,195.9131467510872,197.28651411005004,96813500
2025-06-23,200.5308074951172,201.32696262150702,198.00303129313016,200.6601870689569,55814300
2025-06-24,199.33657836914062,202.4614746491071,199.23705328583006,201.61555699715424,54064000
2025-06-25,200.59051513671875,202.6903668657116,199.65503400834336,200.4810436177515,39525700
2025-06-26,200.03323364257812,201.66534499125092,198.5006473897771,200.461158146952,50799100
2025-06-27,200.1128387451172,202.24254507531293,199.03803155248616,200.91894034324127,73188600
2025-06-30,204.1831512451172,206.39247448465787,198.30157410241034,201.03834688076608,91912800
2025-07-01,206.82041931152344,209.17901505124104,205.1484920031366,205.6759415551798,78788900
2025-07-02,211.418212890625,212.31387801499196,207.13889190503232,207.90519262679368,67941800
2025-07-03,212.52285766601562,213.61755770997246,210.7912213537831,211.12958235725722,34955800
2025-07-07,208.94017028808594,215.18996325511674,207.79570768244494,211.65703516300363,50229000
2025-07-08,208.99989318847656,210.41306148236814,207.44739887083225,209.08947184941582,42848900
2025-07-09,210.12445068359375,210.31353924447487,206.22330706177223,208.52219391164948,48749400
2025-07-10,211.38833618164062,212.45318170934252,209.01977884626095,209.49746585002458,44443600
2025-07-11,210.14437866210938,211.1097144278367,208.8506282887781,209.55722005399844,39765800
2025-07-14,207.61656188964844,209.89555581124029,206.54175471753558,208.92025854176603,38840100
2025-07-15,208.10421752929688,210.87084499335577,207.9151289669034,208.21368905566166,42296300
2025-07-16,209.149169921875,211.37838618562168,207.63647661047767,209.28849593835915,47490500
2025-07-17,209.00982666015625,210.7812638030366,208.58188702565155,209.55718424596662,48068100
2025-07-18,210.16424560546875,210.77131219576944,208.69136845628208,209.85573909301036,48974600
2025-07-21,211.4580078125,214.74213848423943,210.61210526026528,211.07984586548804,51377400
2025-07-22,213.36875915527344,213.91611676733493,211.20919838168209,212.1148250502387,46404100
2025-07-23,213.11996459960938,214.11515474984876,211.38834345684663,213.96588230147148,46989300
2025-07-24,212.73184204101562,214.65256693634578,212.50295255730364,212.87116805528336,46022600
2025-07-25,212.8512725830078,214.2047317845148,212.37357038101962,213.6673206036272,40268800
2025-07-28,213.02047729492188,213.8166325366559,212.03523347491873,213.000569237894,37858000
2025-07-29,210.2538299560547,213.7767964509494,209.80599741985404,213.14982178903043,51411700
2025-07-30,208.0445098876953,211.36844143995228,206.72090512781878,210.88079278566187,45512500
2025-07-31,206.57162475585938,208.83069544134486,206.16359315375274,207.48719786288635,80698400
2025-08-01,201.40658569335938,212.5527122409286,200.53081350952442,209.85574027592583,104434500
2025-08-04,202.37193298339844,206.88014336875773,200.70995198839026,203.52634207300898,75109300
2025-08-05,201.94398498535156,204.35234334482283,201.18764593221573,202.42167200915333,44155100
2025-08-06,212.22430419921875,214.3440641251077,204.60114383647723,204.6409599471833,108483100
2025-08-07,218.97169494628906,219.78775818606874,215.53829184895108,217.82723230897543,90224800
2025-08-08,228.2468719482422,229.88892965735022,218.19544514014734,219.76784743364436,113854000
2025-08-11,226.3438720703125,228.71511750604432,223.9327805410339,227.08115402328403,61806100
2025-08-12,228.80479431152344,229.95057099439725,226.23430307406312,227.17083074525974,55626200
2025-08-13,232.47125244140625,234.1351043372746,229.58191650034667,230.2195756343437,69878500
2025-08-14,231.92327880859375,234.25466305951576,230.0003892485326,233.1985666998313,51916300
2025-08-15,230.73764038085938,233.41774239633352,228.49592139875156,233.13877413921495,56038700
2025-08-18,230.0402374267578,232.26202593201924,229.26310933608104,230.8472538899505,37476200
2025-08-19,229.71144104003906,232.01293684851592,228.50590285589897,230.4287923573085,39402600
2025-08-20,225.17819213867188,229.6217843388592,224.93908515924198,229.13358225147155,42263900
2025-08-21,224.07228088378906,225.68632903786573,222.9564077521854,225.43724912794482,30621200
2025-08-22,226.9217529296875,228.2468598588307,224.58041092619504,225.33760837029214,42477800
2025-08-25,226.32395935058594,228.45608264282492,225.3973742361901,225.64645413109014,30983100
2025-08-26,228.46604919433594,228.6453946309622,223.86305742355088,226.03502689374838,54575100
2025-08-27,229.64170837402344,230.05018785299507,227.41990473660533,227.76862267507164,31259500
2025-08-28,231.7041015625,232.55097936868034,228.49595098757067,229.97051505486425,38074700
2025-08-29,231.28562927246094,232.52107103838586,230.51845893056873,231.65426265633033,39418400
2025-09-02,228.8745574951172,230.00040359535532,226.13467838242784,228.4062860305561,44075600
2025-09-03,237.59234619140625,237.9709525201245,233.49747185558658,236.33698891571112,66427800
2025-09-04,238.8975067138672,239.0170601981439,235.8687018920251,237.57239985348932,47549400
2025-09-05,238.80784606933594,240.43185187342493,237.61226559630578,239.1167027112504,54870400
2025-09-08,237.0045166015625,239.2661511981365,235.47017586985078,238.41928864081726,48999500
2025-09-09,233.4875030517578,237.90119155812317,232.5011411802574,236.12774389612645,66313900
2025-09-10,225.955322265625,231.56460664903227,225.118417424808,231.33545739080094,83440800
2025-09-11,229.1833953857422,229.60184779162614,225.81583028738913,226.04499474029723,50208600
2025-09-12,233.2085418701172,233.6469097348115,228.17712472443904,228.37638560886936,55824200
2025-09-15,235.82884216308594,237.31336381412066,234.16499028444412,236.1277410783948,42699500
2025-09-16,237.2735137939453,240.33222235518573,235.45026224943368,236.30708253667353,63421100
2025-09-17,238.1104278564453,239.21634322602875,236.85505542454314,238.09049720761,46508000
2025-09-18,237.0045166015625,240.31228984200703,235.77903252032195,239.08682096339746,44249600
2025-09-19,244.59645080566406,245.3935094903633,239.32592704772566,240.342162048153,163741300
2025-09-22,255.13751220703125,255.69547916115815,247.2068166293636,247.38616206443075,105517400
2025-09-23,253.49359130859375,256.3928850249964,252.64672876089196,254.9382669065294,60275200
2025-09-24,251.3813934326172,254.7987775332095,250.11606329601622,254.28068708944184,42303700
2025-09-25,255.9246063232422,256.22352044118514,250.7836088309123,252.27808820484515,55202100
2025-09-26,254.51980590820312,256.6519291955366,252.84598111295833,253.16481067495934,46076300
2025-09-29,253.49359130859375,254.06150078407975,252.07881928540593,253.62311772285494,40127700
2025-09-30,253.69287109375,254.97811672142575,252.17846100632588,253.92202035086734,37704300
2025-10-01,254.50985717773438,257.8375764362911,253.99176669154556,254.10136246357334,48713900
2025-10-02,256.18365478515625,257.229778167004,253.21461153357077,255.63566078088252,42630200
2025-10-03,257.07037353515625,258.2858846694617,253.01536064819075,253.73271197999827,49155600
2025-10-06,255.74526977539062,258.11651518827176,254.11130630837613,257.0404730386864,44664100
2025-10-07,255.53607177734375,256.45266881763376,254.48991791397023,255.86484387966763,31955800
2025-10-08,257.1102600097656,257.5685585594684,255.16742442767125,255.57591915435188,36496900
2025-10-09,253.1050262451172,257.0504585775582,252.2083446799687,256.8611554198282,38322000
2025-10-10,244.3673095703125,255.436420799504,243.10197943699816,254.00171816056968,61999100
2025-10-13,246.74851989746094,248.7710475029622,244.6562426215344,248.46219085423505,38142900
2025-10-14,246.8581085205078,247.93413549962378,243.79940008876653,245.69241642712313,35478000
2025-10-15,248.42233276367188,250.89321639065437,246.559219921403,248.57178982967116,33893600
2025-10-16,246.53929138183594,248.1234359576197,244.22783772705108,247.33635013275978,39777000
2025-10-17,251.36146545410156,252.44746537322095,246.35995200283696,247.10719170360767,49147000
2025-10-20,261.27484130859375,263.4069798400544,254.68918336894043,254.94822099113512,90483000
2025-10-21,261.8028564453125,264.313600971564,260.8663137101643,260.916147926868,46695900
2025-10-22,257.4988098144531,261.882609922878,254.4899051977633,261.6833338430701,45015300
2025-10-23,258.6246032714844,259.66078406832133,257.06040475940137,258.98329410338334,32754900
2025-10-24,261.8527526855469,263.1579290692685,258.2261343576155,260.2287466983284,38253700
2025-10-27,267.8206787109375,268.1295353654346,263.67598537979285,263.90514984178776,44888200
2025-10-28,268.0099792480469,268.89671830922975,267.1631014853557,268.00000632210845,41534800
2025-10-29,268.7073974609375,270.4110953948544,266.1269030442272,268.28892986747474,51086700
2025-10-30,270.401123046875,273.1310593223432,267.49188695276854,270.98894793982623,69886500
2025-10-31,269.37493896484375,276.29937269597025,268.16940070155243,275.9705701844509,86167100
2025-11-03,268.05975341796875,269.8531467885877,265.2700709373508,269.424736694289,50194600
2025-11-04,269.0461730957031,270.49081837885313,266.6350661079627,267.3424445625432,49274800
2025-11-05,269.14581298828125,270.7000692568828,265.94760492323326,267.6214146886098,43683100
2025-11-06,268.7771301269531,272.3937751745226,266.90407480138714,266.90407480138714,51204000
2025-11-07,267.48193359375,271.2878818962731,265.7881780523408,268.80702532983145,48227400
2025-11-10,268.6986083984375,272.9869540449525,266.7339548671466,268.22988302493957,41312400
2025-11-11,274.5028076171875,275.16101963639426,269.0675899882029,269.07757258136417,46208300
2025-11-12,272.7276306152344,274.9815052844664,270.9624464716027,274.25347600982695,48398000
2025-11-13,272.2090759277344,275.9488963676571,271.3513946141157,273.36590026791555,49602800
2025-11-14,271.6705017089844,275.21085247368256,268.8681323529343,270.31417782757546,47431300
2025-11-17,266.73394775390625,269.7557213346742,265.00866346949266,268.09027174019775,45018300
2025-11-18,266.71405029296875,269.9751630894399,264.59980979362433,269.25711627506445,45677300
2025-11-19,267.8309631347656,271.47104873805114,264.77927226211665,264.80918960656476,40424500
2025-11-20,265.5272521972656,274.68232536305425,265.1981613886433,270.09480618650156,45823600
2025-11-21,270.75299072265625,272.5879921198442,264.9488130991126,265.2280517805383,59030800
2025-11-24,275.1710205078125,276.24807542504453,270.164627965921,270.164627965921,65585800
2025-11-25,276.2181701660156,279.6189174225992,274.50283786370125,274.52277261748515,46914200
2025-11-26,276.79656982421875,278.7712060098946,275.8790842359358,276.2081750495132,33431400
2025-11-28,278.0930480957031,278.242634823177,275.2407959413455,276.50736791500816,20135600
2025-12-01,282.3315124511719,282.65065109438723,275.3904143522869,277.2553332443013,46587700
2025-12-02,285.4131164550781,286.619823290159,281.86278279875575,282.231773534172,53669500
2025-12-03,283.378662109375,287.8365294074879,282.5309633672564,285.4231155973949,43538700
2025-12-04,279.9380187988281,283.95707766942763,277.83373081751637,283.3287830094401,43989100
2025-12-05,278.02325439453125,280.37686403379615,277.29522501275557,279.77848663840757,47265800
2025-12-08,277.1356506347656,278.9108174051644,275.4003533668138,277.374989388386,38211800
2025-12-09,276.4275817871094,279.2698514894354,276.16830825817004,277.40493251311347,32193300
2025-12-10,278.02325439453125,278.9906225605669,275.6896099437804,276.99605153243056,33038300
2025-12-11,277.2752685546875,278.8310314000742,273.0667227973629,278.34237127554803,33248000
2025-12-12,277.5246276855469,278.46207855775873,276.06859927253834,277.1456542987284,39532900
2025-12-15,273.3658752441406,279.3894873363706,272.0993337942639,279.3894873363706,50409100
2025-12-16,273.8645324707031,274.752131096348,271.0522107383373,272.07941349564567,37648600
2025-12-17,271.10205078125,275.41033087528734,270.9026119684932,274.2634587890498,50138700
2025-12-18,271.4511413574219,272.88723490520505,266.22537510199504,272.8672697170699,51630700
2025-12-19,272.9271240234375,273.8545921928022,269.1673383776201,271.4112306527045,144632000
2025-12-22,270.23443603515625,273.13654030849926,269.7756932559407,272.1192896847017,36571800
2025-12-23,271.62066650390625,271.7603010837797,268.8282792538215,270.1048034873943,29642000
2025-12-24,273.06671142578125,274.6823088952694,271.46109654935304,271.60070067851706,17910600
2025-12-26,272.6578063964844,274.6224597374741,272.11926379011726,273.4157529954652,21521800
2025-12-29,273.0168762207031,273.61522314661676,271.6107000753325,271.9497734782625,23715200
2025-12-30,272.33868408203125,273.3359694836473,271.54086793463244,272.06942798009953,22139600
2025-12-31,271.12200927734375,272.9370761103812,271.0123224859311,272.3187639976345,27293600
2026-01-02,270.2743225097656,277.0857683126949,268.2697691424855,271.52092924369913,37838100
2026-01-05,266.5345153808594,270.7729784841199,265.41756056202854,269.9053450243044,45647200
2026-01-06,261.6477966308594,266.82371056256306,261.40845786144683,266.27521573774703,52352100
2026-01-07,259.623291015625,262.964203143993,259.1047135716701,262.48552563718374,48309800
2026-01-08,258.3368225097656,258.58614386359903,255.00587765735156,256.3222864925608,50419300
2026-01-09,258.6659240722656,259.5036402038468,255.52448097015204,258.3767027680543,39997000
2026-01-12,259.54351806640625,260.5906555331263,256.1028713590674,258.45648066308013,45263800
2026-01-13,260.3413391113281,261.0992857475004,257.6885867541948,258.0176775418968,45730800
2026-01-14,259.25433349609375,261.10930037675524,256.0131555781144,258.78560808748875,40019400
2026-01-15,257.5090637207031,260.3313985459844,256.35220896361545,259.9424426175537,39388600
2026-01-16,254.8363494873047,258.1971965798445,254.23797213114116,257.1999111311508,72142800
2026-01-20,246.0303192138672,254.09835490933511,242.75922413209136,252.04394930256512,80267500
2026-01-21,246.97775268554688,250.8771427168815,244.51445623630568,248.02490552393743,54641700
2026-01-22,247.67584228515625,250.31864258405668,247.47637302553753,248.52352576906395,39708300
2026-01-23,247.36668395996094,248.7329754164565,244.01580413580567,246.6486524137701,41689000
2026-01-26,254.7166748046875,255.86354695988197,249.12190294519746,250.7973351598156,55969200
2026-01-27,257.5688781738281,261.23891141767155,257.50904348719195,258.4664593428383,49648300
2026-01-28,255.743896484375,258.15731035497566,253.8191275531099,256.95060341967536,41288000
2026-01-29,257.5788879394531,258.94516415300217,253.7193980705993,257.29964922744847,67253000
2026-01-30,258.775634765625,261.1890484668085,251.49543285360957,254.47732177254832,92443400
2026-02-02,269.2770690917969,269.7557466562268,258.50636737104884,259.3241487899344,73913400
2026-02-03,268.7485046386719,271.1419837262723,266.88355520832346,268.4692659190308,64394700
2026-02-04,275.7394104003906,278.19275421850585,271.55083028665655,271.55083028665655,90545700
2026-02-05,275.1610412597656,278.7412924914769,272.48832346973,277.37501624935936,52977400
2026-02-06,277.364990234375,280.1474248180158,276.1782182606431,276.3677049075235,50453400
2026-02-09,274.13079833984375,277.70443813431814,271.2160169672847,277.41494619870406,44623400
2026-02-10,273.19244384765625,274.87943562430115,272.4537718732244,274.40031021957236,34376900
2026-02-11,275.00921630859375,279.6808719096702,273.9610989943363,274.2106536370846,51931300
2026-02-12,261.2637634277344,275.22883180172755,259.71650632997444,275.0990585104662,81077200
2026-02-13,255.32435607910156,261.7628783299504,254.9949421084194,261.5432690161623,56290700
2026-02-17,263.4099426269531,265.8156532326085,255.08478749757862,257.5903108294174,58469100
2026-02-18,263.8791198730469,266.3447212846438,261.9825104325609,263.13045584681157,34203300
2026-02-19,260.11578369140625,264.00886051677537,259.5867290635135,262.13220471573277,30845300
2026-02-20,264.1086730957031,264.2783836675007,257.7001265171608,258.50868117461044,42070500
2026-02-23,265.705810546875,268.95002088588865,262.91081074777924,263.0206001676805,37308200
2026-02-24,271.6552429199219,274.4003442568012,267.233111068832,267.38283777638213,47014600
2026-02-25,273.74151611328125,274.45024283739696,270.567157599074,271.29586819299504,33714300
2026-02-26,272.4637756347656,275.61811956353745,270.31758130113775,274.4602128097023,32345100
2026-02-27,263.70941162109375,272.3240439665745,262.4217314181026,272.3240439665745,72366500
2026-03-02,264.2484130859375,266.05518620599753,259.73647625260065,261.94253069595567,41827900
2026-03-03,263.2801818847656,265.08695529305965,259.6666350681776,263.0106738027697,38568900
2026-03-04,262.0523376464844,265.67587606267574,260.95432154975975,264.17854815272653,39803100
2026-03-05,259.8263244628906,261.09405110124777,256.79173142961054,260.3254337562426,49658600
2026-03-06,257.0013427734375,258.3090066542827,253.916851068475,258.16927189629365,41120000
2026-03-09,259.41705322265625,260.68477987096253,253.22808575123491,255.2345148744848,38218500
2026-03-10,260.3653564453125,262.01244158439727,256.4922936817907,257.19102845716964,30590800
2026-03-11,260.34539794921875,261.6630538494394,259.08763272962494,260.624897946549,26218900
2026-03-12,255.3043975830078,258.48873275942157,253.7272102811576,258.1992408199258,40794000
2026-03-13,249.6744384765625,255.87336762960538,249.07551643845036,255.024890934378,36930000
2026-03-16,252.36964416503906,253.43773019062647,249.4348789230203,251.66090222791988,32074200
2026-03-17,253.77711486816406,254.67552076289968,251.7307636559193,252.5093881906664,32361600
2026-03-18,249.49476623535156,254.48585937367065,248.55643828829037,252.1799767808244,35757900
2026-03-19,248.5165252685547,251.38140795985734,246.85947863088072,248.95572868612365,34864100
2026-03-20,247.54823303222656,248.75606899357115,245.56177255944445,247.53824109812177,88331100
2026-03-23,251.04200744628906,254.14646797882926,249.83415620831627,253.51758537106093,40546100
2026-03-24,251.1917266845703,254.37604644028636,249.10545347620703,249.90403139868116,45152300
2026-03-25,252.16998291015625,254.5457480998694,251.15181088451408,253.6473574345128,28476700
2026-03-26,252.43951416015625,256.5421934269488,250.32329549316128,251.67088153367666,41796700
2026-03-27,248.35679626464844,255.03488128462607,247.6281009352486,253.4477020992108,47900000
2026-03-30,246.19065856933594,250.4230956915925,245.07264337813007,249.62453299565456,39446200
2026-03-31,253.33790588378906,255.02489784868362,246.65983587287727,247.4683905467953,49598100
2026-04-01,255.1746368408203,255.72364490973627,252.8787309132899,253.6273948962928,40059400
2026-04-02,255.464111328125,255.6737439434535,250.20349485503914,253.74717405681358,31289400
2026-04-06,258.39886474609375,261.6930045642991,256.0031460821725,256.0530752925303,29329900
2026-04-07,253.0484161376953,255.7436185540334,245.2623079794448,255.70368128016966,62148000
2026-04-08,258.4388122558594,259.28730423338584,256.07303883918246,257.9896321241455,41032800
2026-04-09,260.0259704589844,260.6548530924392,255.61386101634736,258.5386343954405,28121600
2026-04-10,260.0159912109375,261.7229364827484,258.5585701252562,259.5168819122501,31291500
2026-04-13,258.73828125,259.71651601158027,256.2027973984465,259.2673359057164,36234700
2026-04-14,258.3689270019531,261.4634109961452,256.7318642110386,258.7881922504944,48370700
2026-04-15,265.95538330078125,266.08515659729386,257.35074355126085,257.7001261657452,49913500
2026-04-16,262.9307861328125,266.68409800240715,260.80457553569033,266.3247234477873,43323100
2026-04-17,269.7486267089844,271.8149160854778,266.24486962975914,266.4844323486072,61436200
2026-04-20,272.5635681152344,273.7913879220191,269.80850557942483,269.84841238867654,36590200
2026-04-21,265.69586181640625,272.3140256362382,264.9272139873882,271.0163536236942,50209800
2026-04-22,272.68341064453125,273.2523721409737,266.39461467279705,267.3429346055621,43249200
2026-04-23,272.9429016113281,275.2787294551341,271.1660737405759,274.56001085217736,33399600
2026-04-24,270.5771179199219,272.5735550213531,269.16962610782736,272.2741016414235,38157100
2026-04-27,267.1332702636719,267.88193422863776,264.59781690250213,265.6159889280984,41466800
2026-04-28,270.2277526855469,272.7432830913257,268.181416710472,271.8548539018017,40018900
2026-04-29,269.688720703125,270.55716597281076,266.56429174844374,267.07336249706583,30047900
2026-04-30,270.86663818359375,275.50834883767226,267.6623648300734,270.018146234023,91848200
2026-05-01,279.6409912109375,286.70836594964845,277.8741246788477,278.3632420760759,79915400
2026-05-04,276.3368225097656,280.13007120517506,274.3703307853319,279.16179801165765,46668400
2026-05-05,283.67376708984375,284.0630869835518,276.00745521106614,276.43668191704,49311700
2026-05-06,286.99786376953125,287.5169265187869,280.5693330033821,281.4178249779708,58336100
2026-05-07,286.927978515625,291.6096265406606,285.2709318587503,288.75470528792926,45224300
2026-05-08,292.7974853515625,294.2349225642168,289.48339230776435,289.49338424193445,52692800
2026-05-11,292.42779541015625,293.6267735875138,289.979924827367,291.72841688276577,42247300
2026-05-12,294.54595947265625,295.0155556946294,292.3078994315659,292.3078994315659,45748100
2026-05-13,298.6124572753906,300.6607090744109,293.24708951115105,293.24708951115105,52684300
2026-05-14,297.9530334472656,300.1911240450107,295.12548538387824,299.5616620172475,35324900
2026-05-15,299.9713134765625,302.93875555297063,296.26448829773227,297.643304079477,54862800
2026-05-18,297.5833435058594,300.4009207908792,294.6558756451712,299.98126929450746,34483000
2026-05-19,298.7123718261719,300.2510533099592,296.09463441963413,296.7140952726279,42243600
2026-05-20,301.98956298828125,302.5390768782648,297.82314269813475,297.9230626302997,38229800
2026-05-21,304.7271728515625,305.27671719779084,300.1411318265125,300.80056674721834,42965100
2026-05-22,308.55389404296875,311.13165741506583,305.57645096183757,305.85620846339293,43670200
2026-05-26,308.0643005371094,311.5513139598484,307.4048960873393,309.29325163060713,48000500
2026-05-27,310.5821533203125,312.9900803339556,308.0343323058515,308.0643052358437,50430900
2026-05-28,312.24072265625,312.5304508120942,309.30325358892543,310.412282475935,48220400
2026-05-29,311.7911071777344,314.7285763294451,309.2632884033746,311.5113496628706,70026800
2026-06-01,306.0460510253906,310.67206624496237,304.7571540774977,309.363197507879,48849900
2026-06-02,314.92840576171875,315.1781903378333,306.42572903356995,307.1950545511415,44534700
2026-06-03,309.9926452636719,316.6668815001487,308.5838566628498,313.9092501546009,50836700
2026-06-04,310.9618225097656,313.26982953176514,309.38316692864953,312.96009909963743,44869100
2026-06-05,307.0751647949219,314.8984348439246,306.8853260765596,312.5903972939029,65310500
2026-06-08,301.2801818847656,317.1265012321255,300.9105055796523,308.4739595974908,77949100
2026-06-09,290.29962158203125,300.4908444635933,287.5320194610898,300.0212482417878,70108800
2026-06-10,291.3287353515625,294.4960172141002,287.1323727394638,290.4894628291428,52793300
2026-06-11,295.375244140625,296.7440586571729,289.3404406054596,293.4668864344149,42572500
2026-06-12,290.879150390625,296.88398158337014,289.3704417369658,295.7749221682621,38742100
2026-06-15,296.1645812988281,297.5233947188816,291.4486474146935,293.8665449684006,45732600
2026-06-16,298.9821472167969,300.2210994929347,293.71669913987887,294.99559499590845,39874400
2026-06-17,295.6949768066406,301.8096980081642,294.10632015937927,300.59074812548096,42745100
2026-06-18,297.7532043457031,300.31099586682666,295.3652492546472,297.8530937792582,85962200
2026-06-22,296.75408935546875,302.1594314563154,296.5043047694293,297.05381866220307,44879900
2026-06-23,294.04638671875,301.3800886038737,293.9264950024863,297.2836155142734,52010900
2026-06-24,292.8274230957031,299.4417438827621,292.68755959702736,295.1054570720635,53081900
2026-06-25,274.91290283203125,288.55113481081804,273.5141152813601,287.1523472601469,107013700
2026-06-26,283.53546142578125,285.70360492137456,273.9737007161028,274.7630284991681,261775500
2026-06-29,281.4972229003906,288.12151489662153,279.6088673150861,286.4829438934296,66427000
2026-06-30,289.11065673828125,289.69017405322865,280.45814550695326,280.9277417485351,65100200
2026-07-01,294.1263427734375,296.33442991747245,288.95081360688545,293.1871503157195,50164200
2026-07-02,308.3640441894531,309.15337194761725,293.4269150966668,293.866538367699,75352800
2026-07-06,312.3905944824219,313.9292760509671,306.7354678654279,307.0951430290638,53590000
2026-07-07,310.3923034667969,315.20815732134815,309.88273318392555,315.0183186077797,42490000
2026-07-08,313.1199645996094,314.5487250421545,306.7854009831778,311.6412289475945,41323500
2026-07-09,315.947509765625,316.2572401947346,307.8944576262147,310.24243869469103,48124500
2026-07-10,315.0483093261719,316.6369356310425,311.9010296470402,314.4488202226986,34132300
2026-07-13,317.03656005859375,323.171283634363,315.5078797345754,316.7468014245228,43257800
2026-07-14,314.58868408203125,315.91755515351207,311.64124426456783,313.48965629761443,36336800
2026-07-15,327.2178039550781,328.44675508114506,317.0465830462295,317.34631234952286,60957600
2026-07-16,332.97283935546875,334.3915986652446,326.50841333986017,327.72736328456057,62970600
2026-07-17,333.452392578125,334.7013154010385,328.71648699084636,331.693929977533,63407100
2026-07-20,326.3085632324219,333.4224228207836,323.4010672140761,333.2226134619852,53468000
2026-07-21,327.45758056640625,329.3159936819017,321.94234806189104,322.85156758462244,41338900
2026-07-22,325.60919189453125,328.7164973399543,323.0613709608057,327.58746619388995,38755900
2026-07-23,321.3828430175781,323.0214140443725,319.0748358849152,321.4527900194849,40840800
2026-07-24,332.7330322265625,334.0818750563203,321.3428614810286,321.5127284115298,47489400
2026-07-27,336.61968994140625,339.277401491225,333.73216560461384,334.2517370375488,49604300
2026-07-28,339.78692626953125,342.59453283396704,335.31080637618777,339.73698155301014,51859000
2026-07-29,337.8985900878906,344.2730974331505,337.0593175600121,339.43727163464206,56090800
2026-07-30,333.1426696777344,334.4615395264105,329.30598233808786,332.8129674612056,74817800
2026-07-31,308.6438293457031,310.4222943774597,299.7415030462749,304.54735603914753,132489100
2026-08-03,303.1585693359375,311.5313230344714,302.29929450581176,309.313234694189,75052000
2026-08-04,309.1134033203125,310.1525156602479,301.0603512911937,302.46913991298527,68001000
2026-08-05,310.7320251464844,311.4414048335362,305.40663118634393,309.09342362565195,49438800
2026-08-06,312.14080810546875,316.0174696892129,308.96355554648414,314.06913775686996,46139900
2026-08-07,313.05999755859375,314.53873325457766,310.47223295908327,311.1816431226555,34437200
2026-08-10,308.260009765625,308.260009765625,304.6099853515625,306.8299865722656,44812500
2026-08-11,304.9100036621094,309.9700012207031,302.7900085449219,307.75,37476700
2026-08-12,302.25,305.6600036621094,300.57000732421875,305.1000061035156,41657800
2026-08-13,305.260009765625,306.0,302.04998779296875,304.2099914550781,40349300
2026-08-14,305.92999267578125,307.489990234375,304.29998779296875,306.0,28229400
2026-08-17,305.5899963378906,307.6600036621094,302.94000244140625,306.2099914550781,38169300
2026-08-18,310.0299987792969,311.489990234375,305.739990234375,307.5799865722656,53424500
2026-08-19,316.8299865722656,319.2799987792969,309.6000061035156,310.1400146484375,50505600
2026-08-20,311.29998779296875,320.2799987792969,310.6499938964844,317.4599914550781,40959200
2026-08-21,309.3500061035156,312.3800048828125,307.010009765625,312.04998779296875,46876800
2026-08-24,310.3399963378906,313.3599853515625,309.9700012207031,311.4700012207031,34673600
2026-08-25,309.8999938964844,313.5899963378906,308.2099914550781,310.7900085449219,25869800
2026-08-26,313.45001220703125,315.42999267578125,308.79998779296875,310.29998779296875,34024500
2026-08-27,314.5799865722656,315.3999938964844,309.3999938964844,310.54998779296875,32419200
2026-08-28,319.70001220703125,322.3699951171875,315.45001220703125,316.8500061035156,38649400
2026-08-31,316.8500061035156,321.239990234375,312.79998779296875,319.6000061035156,41211400
