Date,Close,High,Low,Open,Volume
2015-01-02,26.244779586791992,26.554532899502213,26.162011701799678,26.39593746405713,26480000
2015-01-05,25.74471664428711,26.167468351017355,25.659969304037432,26.125837680596216,41182000
2015-01-06,25.10934829711914,25.831443710375485,25.055326743278943,25.79625615665274,54456000
2015-01-07,25.035505294799805,25.349718543930422,24.96116562266541,25.322957320689344,46918000
2015-01-08,25.122732162475586,25.151971940893755,24.533455909070756,24.85510481517705,73054000
2015-01-09,24.815950393676758,25.20648840777159,24.71336161380152,25.18567307381611,42000000
2015-01-12,24.634559631347656,24.79414385487283,24.32976151581034,24.742600854209794,57138000
2015-01-13,24.869476318359375,25.206488103596488,24.64447220299611,24.90763776348392,60958000
2015-01-14,25.074161529541016,25.189638426748395,24.689077839172885,24.801083623360086,52800000
2015-01-15,24.979007720947266,25.263483974305565,24.87988626492731,25.22086263679171,51068000
2015-01-16,25.29867172241211,25.31799916670313,24.933408926318027,24.936382815574586,49658000
2015-01-20,25.272897720336914,25.553906605480144,25.244648610014988,25.41315449636776,46796000
2015-01-21,25.79080581665039,25.863164147556414,25.255551166824418,25.317501831447743,46356000
2015-01-22,26.628877639770508,26.705200537838397,25.866142101657765,25.92016177385231,56068000
2015-01-23,26.859331130981445,27.030810910604092,26.55205635090726,26.665054685544487,45966000
2015-01-26,26.60013198852539,26.837031674172664,26.369675414714727,26.837031674172664,30932000
2015-01-27,25.830455780029297,26.40486259510123,25.814100334107508,26.33646881268687,39148000
2015-01-28,25.396303176879883,26.053475930577424,25.392338621727873,26.019279042838015,35822000
2015-01-29,25.435955047607422,25.533093275569083,24.952738682816666,25.419599601712203,79018000
2015-01-30,26.641265869140625,26.91632698706166,25.681278179058026,25.721918180369666,121108000
2015-02-02,26.37611961364746,26.589230083829285,25.856724995545918,26.481186958707738,75378000
2015-02-03,26.43063735961914,26.63631216743334,26.108988420819763,26.26411277765697,47062000
2015-02-04,26.07379722595215,26.60161623215957,26.020766335374578,26.422702674265885,33896000
2015-02-05,26.2586612701416,26.301282607769842,26.051001356029268,26.164495035906885,33176000
2015-02-06,26.45937728881836,26.77359050472962,26.200176294139396,26.31713918089302,42938000
2015-02-09,26.231401443481445,26.45937945754581,26.145661549000884,26.319618003565182,30314000
2015-02-10,26.770618438720703,26.81224910728996,26.22594863435518,26.373639197387053,47430000
2015-02-11,26.6635684967041,26.85933284449532,26.56444704470312,26.749308391985274,38306000
2015-02-12,27.060548782348633,27.17602378617039,26.614007874627994,26.745838323988515,48590000
2015-02-13,27.315786361694336,27.384180145322926,27.089789675842,27.134889568269575,47382000
2015-02-17,27.010988235473633,27.406976823710487,26.924257673078415,27.315786372559078,39174000
2015-02-18,26.894023895263672,27.136871347537287,26.74038744742315,26.952010008323782,31164000
2015-02-19,27.082355499267578,27.102675500805194,26.799860591400662,26.88510515311722,30834000
2015-02-20,26.851898193359375,27.138357648954596,26.66852474199983,27.138357648954596,38234000
2015-02-23,26.5148868560791,26.72799731289808,26.366205625657223,26.71312975703122,32906000
2015-02-24,26.695781707763672,26.732950594733598,26.31664204541188,26.343900489579347,28406000
2015-02-25,27.1259708404541,27.236985964571776,26.664065116521776,26.68537767602754,40836000
2015-02-26,27.71870994567871,27.760340610431687,27.01494941884077,27.047164974126453,54032000
2015-02-27,27.88424301147461,28.220759455093763,27.60670334519146,27.662210900331228,68328000
2015-03-02,28.49829864501953,28.54637242506507,27.910014951143882,28.100824071990036,50406000
2015-03-03,28.68514060974121,28.787234048504715,28.274282627014827,28.56421128033863,50526000
2015-03-04,28.662343978881836,28.825892759461063,28.374396638494353,28.59494086554753,37964000
2015-03-05,28.815980911254883,28.90370213034802,28.657387359996303,28.7262764692727,35918000
2015-03-06,28.393232345581055,28.88288994111933,28.351601675638612,28.844233160541986,37592000
2015-03-09,28.45270347595215,28.519609367304604,28.20242224124893,28.29510057915022,23478000
2015-03-10,27.7464656829834,28.2376111419813,27.744977793088943,28.174172583647778,40080000
2015-03-11,27.540292739868164,27.96106118160014,27.52641585110867,27.74398618289766,40524000
2015-03-12,27.811887741088867,27.84509207686113,27.532366711675163,27.67856939310433,35602000
2015-03-13,27.4069766998291,27.9699851890346,27.2746509124563,27.71573939114492,35428000
2015-03-16,27.83517837524414,27.93975037349583,27.32371293550188,27.60174793295068,36856000
2015-03-17,27.63545036315918,27.785617587486943,27.476856804383935,27.669150029196047,28892000
2015-03-18,28.059194564819336,28.076540677379196,27.431756842115977,27.641398082816263,35324000
2015-03-19,27.935789108276367,28.098842569575453,27.85897087835574,27.97791511238868,24660000
2015-03-20,27.999223709106445,28.105778934942602,27.975931709633382,28.08645149089933,44320000
2015-03-23,28.020042419433594,28.23166689728938,27.90555806894263,28.051265424112948,30234000
2015-03-24,28.623193740844727,28.83828553670261,28.154844920307802,28.1771481453736,79156000
2015-03-25,28.100826263427734,28.748582121193227,28.100826263427734,28.62468077249256,53070000
2015-03-26,27.93429946899414,28.110241033898784,27.670143236250304,27.984356472002673,49842000
2015-03-27,27.632478713989258,27.95561363609928,27.6017510440595,27.844596623489593,34552000
2015-03-30,27.81039810180664,27.860950437875008,27.59481098237255,27.766290767931963,24788000
2015-03-31,27.491228103637695,27.87532109785129,27.489740213804282,27.651802989420585,34932000
2015-04-01,27.23301887512207,27.67955788637858,27.061539092238778,27.49767232716191,38902000
2015-04-02,26.827611923217773,27.159171248163606,26.78449336787867,27.1299314719162,47760000
2015-04-06,26.958454132080078,27.037255581958114,26.54957932668498,26.705199003367664,33718000
2015-04-07,27.00355339050293,27.26622362354651,26.94061205493485,27.009996502109804,27318000
2015-04-08,27.2008056640625,27.332638013644075,27.06005353668732,27.06005353668732,28386000
2015-04-09,27.16016387939453,27.227071661384997,26.859332198747314,27.219142550402573,32366000
2015-04-10,27.185937881469727,27.250862444137194,27.009502863217026,27.23698555383175,26104000
2015-04-13,27.190893173217773,27.42035908757238,27.07492282847532,27.112093610627248,29326000
2015-04-14,26.751787185668945,27.08830365798358,26.55156294738857,27.08830365798358,47206000
2015-04-15,26.814231872558594,26.92078709831587,26.384541747207937,26.66158609041061,46962000
2015-04-16,26.937145233154297,27.021892576648604,26.66852719767583,26.680916198298643,31722000
2015-04-17,26.40287971496582,26.752777742690338,26.217524924254324,26.629371732868915,49234000
2015-04-20,26.987199783325195,27.05014301376542,26.433112943817477,26.45293761309919,38508000
2015-04-21,26.907405853271484,27.147774753032532,26.872218296543842,27.0754164165487,29128000
2015-04-22,27.217655181884766,27.30785496543711,26.82810971129072,26.9143449392759,31806000
2015-04-23,27.628015518188477,27.811886195200906,27.262259277790157,27.278614723488467,78184000
2015-04-24,28.430896759033203,28.978045104866734,28.167729307687242,28.74758854399547,92168000
2015-04-27,28.057209014892578,28.523077349711357,27.86788779183222,28.38678701678215,48062000
2015-04-28,27.970481872558594,28.14196167233209,27.801480629128978,27.968003316214705,37178000
2015-04-29,27.822790145874023,28.04333438673213,27.70434124760871,27.779176252716862,33622000
2015-04-30,27.19733428955078,27.808911867134874,27.09573617574743,27.68253197332567,47240000
2015-05-01,27.315786361694336,27.31876025105877,26.953497441714816,27.28357080240002,36572000
2015-05-04,27.399045944213867,27.589853169169277,27.12894004951826,27.30735827526502,35260000
2015-05-05,26.913352966308594,27.38764764249091,26.880146742846165,27.26622297225077,28528000
2015-05-06,26.518848419189453,26.957460173612652,26.378096315701264,26.893526287547562,39034000
2015-05-07,26.863788604736328,27.02040081513466,26.438064973676827,26.559487741160744,31844000
2015-05-08,27.206256866455078,27.397064101020007,27.16066164152565,27.202292310885273,28226000
2015-05-11,27.04914665222168,27.425312420181257,27.040226875708704,27.183455648249264,21858000
2015-05-12,26.69974708557129,26.90938831122803,26.51488574885268,26.901952643020685,35282000
2015-05-13,26.73741340637207,26.953000521461846,26.71213629355505,26.78598251843409,24238000
2015-05-14,27.218643188476562,27.24292963379811,26.886588532513976,26.959442196725856,31736000
2015-05-15,27.084333419799805,27.28802874263808,26.88658776543782,27.277621076619027,33440000
2015-05-18,27.0932559967041,27.17602199457633,26.87419777930131,26.95200855581982,26706000
2015-05-19,27.222612380981445,27.426801172723838,27.115561817989402,27.159173819951512,47126000
2015-05-20,27.3826904296875,27.559125432010088,27.015446312308498,27.30388898382948,30840000
2015-05-21,27.595802307128906,27.63545164395248,27.223602948915225,27.26820750754953,34170000
2015-05-22,27.48230743408203,27.666673439218293,27.437702877393217,27.479333544891528,24266000
2015-05-26,27.119028091430664,27.423328968163663,26.90988221001843,27.386158191445507,37474000
2015-05-27,27.46892738342285,27.520470387519477,27.08879890982551,27.192875584275104,34844000
2015-05-28,27.4654598236084,27.543765946042303,27.297946468092004,27.44613237751743,23544000
2015-05-29,27.02635383605957,27.45356543973055,27.012476945654978,27.416889990553614,43446000
2015-06-01,27.21914291381836,27.286544139237684,26.940117229939606,27.19535368996906,33210000
2015-06-02,27.45406150817871,27.69393509781223,27.0873126783403,27.130926573887642,31842000
2015-06-03,27.520471572875977,27.654285256039536,27.36485188762693,27.51105457128175,26710000
2015-06-04,27.342050552368164,27.553675001960343,27.21467999425036,27.36633510831988,26866000
2015-06-05,27.235000610351562,27.423331174446826,27.12844538349845,27.357415949659583,24396000
2015-06-08,26.93515968322754,27.251851475545493,26.908891903617572,27.238965252296495,27336000
2015-06-09,26.869739532470703,27.00256253799241,26.705693525935672,26.93218553449735,30016000
2015-06-10,27.38715171813965,27.495194837500968,27.015944917009286,27.045184695899923,30316000
2015-06-11,27.26028060913086,27.497675644465684,27.217162046364518,27.480824864006333,25872000
2015-06-12,27.132909774780273,27.201301671703717,27.041717427908065,27.1170496607985,25468000
2015-06-15,26.911373138427734,26.96341147913101,26.72353977873465,26.897991580734807,27150000
2015-06-16,27.004045486450195,27.094245256964758,26.840496722084165,26.984718044530883,32526000
2015-06-17,27.08978843688965,27.17701432839109,26.852393428151306,27.031306990289004,24440000
2015-06-18,27.56458282470703,27.617611834365874,27.159177189668906,27.159177189668906,41192000
2015-06-19,27.630990982055664,27.650320318126486,27.37030395517798,27.58143119960647,59290000
2015-06-22,27.738040924072266,28.031936061316575,27.69987947651755,27.72466125776834,34752000
2015-06-23,27.921911239624023,27.996748134353187,27.61265321703896,27.74349300424153,31396000
2015-06-24,27.683027267456055,27.884739386043286,27.595801376204903,27.876810275179828,28924000
2015-06-25,27.652299880981445,27.909519559398742,27.628015324453695,27.76876744192622,26684000
2015-06-26,27.409950256347656,27.75390050141618,27.349982808657753,27.739528278542238,43676000
2015-06-29,26.82463836669922,27.30289758364111,26.774581366485872,27.097220918867528,37756000
2015-06-30,26.764671325683594,27.055095326147413,26.73988954645435,27.01495065875698,34510000
2015-07-01,26.92624282836914,27.050639514014577,26.750798467883854,26.94408427525865,30760000
2015-07-02,27.12646484375,27.15917384525205,26.939620273525954,26.99760638907242,28124000
2015-07-06,27.041221618652344,27.18792152600106,26.86676793026259,26.87420170867222,25614000
2015-07-07,27.25977897644043,27.307852753644358,26.75525387292484,27.130922423314423,33578000
2015-07-08,26.846940994262695,27.173049784548095,26.82216110479443,27.040228669517685,27662000
2015-07-09,26.993144989013672,27.202786214751,26.991658989722236,27.19138788176363,29766000
2015-07-10,27.56110954284668,27.7187124396398,27.35741608895417,27.442163425290254,43436000
2015-07-13,28.33524513244629,28.390752690220616,27.689470659040033,27.72961532803799,41792000
2015-07-14,28.952272415161133,29.226342864162607,28.45617174161919,28.472527186718814,74832000
2015-07-15,28.941370010375977,29.175791129481436,28.75551800388741,28.930467010280154,41466000
2015-07-16,29.824539184570312,29.9593435209613,29.137629389055252,29.215935502528435,112642000
2015-07-17,34.67353820800781,34.84105531593802,33.60204202278473,33.70116157376959,257162000
2015-07-20,34.3375244140625,34.58334579271048,33.78889187304995,34.14622371557703,102436000
2015-07-21,34.46192169189453,34.969914178196255,33.906842308639256,33.94302053316761,75604000
2015-07-22,34.449527740478516,35.35301529416289,34.27705729641545,34.39600151755617,83100000
2015-07-23,33.439979553222656,34.497602700601234,33.28435799117702,34.288454913798745,76232000
2015-07-24,32.45075225830078,33.591636814301346,32.37195269661923,33.54108636611897,82622000
2015-07-27,32.62422561645508,33.06035710383967,32.29117638468269,32.292167051213774,58382000
2015-07-28,32.69310760498047,32.91315652421472,32.38335422908402,32.797184285541384,34364000
2015-07-29,32.780818939208984,32.874985152450016,32.355093428647585,32.82195426822638,36756000
2015-07-30,32.93594741821289,33.10891318899729,32.29810210792912,32.583077432489894,39606000
2015-07-31,32.5860481262207,32.957752097242235,32.57118057236677,32.9428845433883,34922000
2015-08-03,32.94388198852539,33.04052488963097,32.593983943233816,32.593983943233816,31348000
2015-08-04,32.77339172363281,33.10644086790557,32.735232166361655,32.92504684878457,26188000
2015-08-05,33.36861801147461,33.696706283986344,32.986504393071506,32.99492883810552,36448000
2015-08-06,33.21299362182617,33.440971638654986,32.74613269704463,33.40330741518573,40660000
2015-08-07,32.927520751953125,33.146079837471305,32.65394566881739,33.095529399522924,27544000
2015-08-10,32.865577697753906,33.28585086162707,32.72135634608677,33.0613401653713,34458000
2015-08-11,34.211639404296875,34.890620148578996,33.91526759336305,34.671561901112895,109880000
2015-08-12,34.269622802734375,34.49412968459339,33.726439036613,34.41929279691754,58498000
2015-08-13,34.0238037109375,34.396498393418426,33.80920725770289,34.15712015996569,36354000
2015-08-14,34.16554641723633,34.308777098420755,33.844891943728335,33.901390170715075,27598000
2015-08-17,34.40046310424805,34.431684213332495,33.85281755086952,34.09962954970426,24680000
2015-08-18,34.133827209472656,34.482235435141625,33.96482409415733,34.24979943405285,27710000
2015-08-19,34.396995544433594,34.70228712828461,34.03817773243055,34.20222374884591,50194000
2015-08-20,33.67538833618164,34.50205762291191,33.467235015314685,34.1521634230982,57798000
2015-08-21,31.91847038269043,33.348788168366774,31.872377936983362,33.25709861004432,91880000
2015-08-24,30.63386344909668,31.108158143680015,29.393857486865784,29.766058732191347,129788000
2015-08-25,30.354341506958008,32.06566444109095,30.314692171714228,32.039400443131456,71430000
2015-08-26,32.69707489013672,32.83287181779501,31.241481484335505,31.87238665964209,87740000
2015-08-27,33.10445022583008,33.40280709495463,32.2688611776306,33.30417909994481,58974000
2015-08-28,32.694583892822266,33.05686894395837,32.40019349458504,32.99541362019108,38836000
2015-08-31,32.106300354003906,32.92851160724675,32.03344858546862,32.42943521087094,38936000
2015-09-01,31.201330184936523,31.9387904110552,30.978307405501834,31.41196207473094,51458000
2015-09-02,31.962085723876953,31.96951950219816,31.254857758307587,31.619623353866338,37630000
2015-09-03,31.57253646850586,32.27629508534311,31.411959701328758,32.11175376314428,34572000
2015-09-04,31.17159652709961,31.446162336324935,31.049678402912033,31.208271976277192,40478000
2015-09-08,31.911039352416992,31.968528245350733,31.366864858576886,31.768304005182337,39092000
2015-09-09,31.887744903564453,32.57911268977165,31.76334445418812,32.30752268742045,40978000
2015-09-10,32.26787185668945,32.45719118225331,31.802992314442267,31.912026089272192,27850000
2015-09-11,32.477012634277344,32.477507967301655,32.08597935151328,32.22475200285083,34892000
2015-09-14,32.33676528930664,32.50774975168234,32.18956816113716,32.49337752829689,29942000
2015-09-15,32.96123123168945,33.148569261945255,32.3798840225711,32.546902049302936,35546000
2015-09-16,32.9835319519043,33.109909969228006,32.81899059410103,32.98501795138993,26252000
2015-09-17,33.28832244873047,33.79978598966484,32.9577537909289,33.08115978789395,47752000
2015-09-18,32.755550384521484,33.197629512042184,32.71143926968984,32.96072794530577,72544000
2015-09-21,33.055885314941406,33.15599932181878,32.61083418235534,32.98303353526446,39094000
2015-09-22,32.37294387817383,32.65147613367,31.968033609625667,32.58456834738646,54362000
2015-09-23,32.37739944458008,32.72382630500335,32.25052234156102,32.35807011212192,29160000
2015-09-24,32.45768737792969,32.54987226837911,31.826288939385908,32.1633007154674,38692000
2015-09-25,31.726173400878906,32.639575130457445,31.70188884672717,32.639575130457445,48480000
2015-09-28,30.938161849975586,31.859989942040148,30.620479413288177,31.671657499718638,47646000
2015-09-29,30.856887817382812,31.45508199249841,30.629900459161505,31.000116609769144,42130000
2015-09-30,31.637962341308594,31.68454823486196,31.181013730693444,31.313834856690693,52954000
2015-10-01,31.8178653717041,31.90905960932847,31.278647963516832,31.616650455244166,42506000
2015-10-02,32.56077575683594,32.56127108995864,31.396599234081275,31.62011736040597,48788000
2015-10-05,33.288818359375,33.35572613748524,32.505265699364045,32.78925036593479,37960000
2015-10-06,33.286834716796875,33.64168602035817,32.86259519334945,33.17333916842883,42774000
2015-10-07,33.20555114746094,33.63871040034504,32.61627503368593,33.57229796707901,44354000
2015-10-08,33.05687713623047,33.29923116028979,32.43687508179516,33.17830181482657,39308000
2015-10-09,33.26701354980469,33.40825910734561,32.826915760129864,33.081161544872245,32124000
2015-10-12,33.524234771728516,33.60105300332614,33.06877404682733,33.16541694805807,26684000
2015-10-13,33.858272552490234,34.12044745912008,33.35969140514747,33.416688744844,42446000
2015-10-14,33.72148513793945,34.1987518384409,33.64664824313249,33.8860264836559,31292000
2015-10-15,34.34644317626953,34.40294140008548,33.91873627043757,33.96135760485421,47156000
2015-10-16,34.46043014526367,34.50503659309897,34.15216658111849,34.46439659129056,36316000
2015-10-19,34.68989562988281,34.704267851376585,34.30629608488316,34.39500986038618,30172000
2015-10-20,33.7011604309082,34.59325148419371,33.38793600556143,34.58779903940569,52434000
2015-10-21,33.29476547241211,33.944007230147726,33.24024858484378,33.86025056649631,31952000
2015-10-22,33.757659912109375,34.10012412527046,33.289808369972846,33.47516503152422,88632000
2015-10-23,35.65038299560547,37.29430679239175,35.58149387443765,37.17337743989221,126726000
2015-10-26,36.23469924926758,36.42451770751591,35.684576990935064,35.684576990935064,48776000
2015-10-27,36.31895065307617,36.474572217524646,35.888767078294165,36.009197304687824,38778000
2015-10-28,36.52214813232422,36.54444946438141,36.043887029364974,36.32787169266698,39604000
2015-10-29,36.915164947509766,37.01131250679854,36.43492248417375,36.50777804388651,36520000
2015-10-30,36.54544448852539,36.987523642429196,36.50282315164418,36.95035475123488,39984000
2015-11-02,37.05839538574219,37.080201385856626,36.251051580222104,36.40370114336064,39914000
2015-11-03,37.11192321777344,37.25465478149302,36.73228629765651,36.94391075877386,36306000
2015-11-04,37.43356704711914,37.66104972269201,37.13075214613092,37.165444369600564,41840000
2015-11-05,37.699214935302734,37.9807191831101,37.540621365667356,37.60703003608926,45486000
2015-11-06,37.745304107666016,37.81567921821528,37.4196887710579,37.63577499594881,33544000
2015-11-09,37.40680694580078,37.82956055422192,37.12629713680896,37.59265896817112,35538000
2015-11-10,37.579769134521484,37.69574136007943,37.09160134799156,37.342871352393196,29798000
2015-11-11,37.92619705200195,38.11601170751877,37.653612619408186,37.783957057754314,41866000
2015-11-12,37.49403381347656,37.953460969461254,37.46082758747694,37.674928718742756,35452000
2015-11-13,36.67826843261719,37.43455892881181,36.64852953927133,37.37062692516379,48188000
2015-11-16,37.19121551513672,37.25514751447282,36.3937859551659,36.68520440328706,50704000
2015-11-17,36.971168518066406,37.41572809996909,36.87551629012614,37.29281742591975,38864000
2015-11-18,37.666500091552734,37.72052164679922,37.041045656192885,37.14908876668584,36266000
2015-11-19,37.66303634643555,37.826087912696245,37.52872544515207,37.65510345403689,28078000
2015-11-20,38.50853729248047,38.62351886219233,37.86920966677689,38.126922805875544,55478000
2015-11-23,38.49367141723633,38.8009481336951,38.335573169914916,38.531834758148385,34648000
2015-11-24,38.14327621459961,38.45848202792042,37.57233859575199,38.30831289958813,47880000
2015-11-25,38.124935150146484,38.31029180751803,37.98963360038769,38.24536536448898,23612000
2015-11-27,38.259239196777344,38.35984851819912,38.01292256172853,38.11997499363222,14434000
2015-11-30,37.807254791259766,38.41089945752972,37.7215130113585,38.2542872339572,33586000
2015-12-01,38.84504699707031,38.90501632777497,37.960888829521004,38.00995327058177,40398000
2015-12-02,38.550662994384766,39.303981443709375,38.480284102269266,38.91740988542644,46876000
2015-12-03,38.07240295410156,38.8792476496772,37.78743138943323,38.68497119885509,41950000
2015-12-04,38.61806106567383,38.777149950338305,37.93908419536366,38.147237522852826,49800000
2015-12-07,38.30979919433594,38.706776533144634,37.99905140758588,38.6601887536702,36626000
2015-12-08,38.416351318359375,38.5903077598013,37.7908968809331,37.88902576778048,31082000
2015-12-09,37.79238510131836,38.46343669002451,37.27001663204008,38.216129344869636,46550000
2015-12-10,37.66798782348633,37.96684005687459,37.41820381678531,37.84392938594175,32458000
2015-12-11,37.19121551513672,37.53913218505111,37.10349240272854,37.12084040444098,43184000
2015-12-14,37.791893005371094,37.87168701732499,36.489442833566024,37.23285093204639,53864000
2015-12-15,37.67046356201172,38.397018824998334,37.56688223860328,38.05207796899853,49386000
2015-12-16,38.488216400146484,38.731561091220215,37.51980609187143,37.99162035531099,53120000
2015-12-17,38.15319061279297,38.73602001090656,38.12692283136897,38.71470934211346,36510000
2015-12-18,37.509883880615234,38.36678733367221,37.49699765952648,38.02432315226678,67794000
2015-12-21,37.70565414428711,37.98071525171718,37.37607614845334,37.817164586506095,34848000
2015-12-22,38.01936721801758,38.17845609210087,37.725475913693664,37.87762634398881,36338000
2015-12-23,38.087764739990234,38.255777187749835,37.54953806978515,38.19580785297315,30594000
2015-12-24,37.955440521240234,38.12196319539318,37.88357940810952,38.08826163783811,10412000
2015-12-28,38.76823425292969,38.79697869910714,38.049112640688186,38.16161375975132,31156000
2015-12-29,39.34907913208008,39.583500220610354,38.96448894615831,39.00363916230817,38430000
2015-12-30,39.167686462402344,39.47298177902375,39.014050028558806,39.34908045336454,28566000
2015-12-31,38.55859375,39.070057330670686,38.524396859254466,39.04478021715522,32752000
2016-01-04,37.63825607299805,37.77504364540484,37.04848444557318,37.77504364540484,67382000
2016-01-05,37.74183654785156,38.12196502838937,37.45042185407198,37.86920900632644,45216000
2016-01-06,37.6328010559082,37.949988183144754,37.07128236216746,37.188740590244564,48206000
2016-01-07,36.7243537902832,37.43356488866591,36.440868240395986,36.99644289815317,63132000
2016-01-08,36.22429275512695,37.176349463904224,36.12566474837627,37.06136790213144,47506000
2016-01-11,36.33134078979492,36.43095946102782,35.66177899428217,36.27583323290967,50896000
2016-01-12,36.93944549560547,37.08812860515437,36.497861727011106,36.7119628335669,46816000
2016-01-13,35.662269592285156,37.31907919727576,35.523996051534446,37.13768521410877,51728000
2016-01-14,36.24808120727539,36.66934501648407,34.94017866316869,35.90363562560155,55558000
2016-01-15,35.21226501464844,35.889755900212855,34.76721012583254,35.187483235583336,76676000
2016-01-19,35.63798904418945,35.94873684367419,35.180547018054305,35.69101993729111,48724000
2016-01-20,35.612213134765625,36.02802440729934,34.08673868477514,34.98477366599079,82440000
2016-01-21,36.014156341552734,36.559321507615586,35.242994485192334,35.69201208578,51938000
2016-01-22,36.945396423339844,37.09903665794988,36.699578854067745,36.77391663401098,47146000
2016-01-25,36.358604431152344,37.29232636958022,36.303096866334485,36.86511474128454,45340000
2016-01-26,36.36702346801758,36.64803236370286,36.02902101646879,36.437402361090456,30940000
2016-01-27,35.56365203857422,36.47110233263639,35.358966020838345,36.47110233263639,42428000
2016-01-28,37.086151123046875,37.22789202186136,36.20892749174018,36.58509330238042,62104000
2016-01-29,37.73291778564453,37.919265141814634,36.88295256749383,37.118863488071085,75808000
2016-02-01,38.199771881103516,38.537774306433036,37.73439701671805,38.224054544631905,111522000
2016-02-02,38.70232391357422,40.1613863671648,38.68695724186778,39.67321473396329,135846000
2016-02-03,37.13967514038086,39.2236927447917,36.4894389002937,38.96845629431944,131114000
2016-02-04,36.1806755065918,36.93449306742715,35.812442617613954,36.9022775106316,104922000
2016-02-05,34.878726959228516,36.016635830138306,34.699318038187755,35.9561749329995,109556000
2016-02-08,34.8985481262207,34.9163914623654,33.80078025883181,34.08178917080497,89410000
2016-02-09,34.742923736572266,35.73116240356489,34.122426404442294,34.34297062627472,84300000
2016-02-10,35.03186798095703,35.84317456954782,34.959511525434124,35.2766986924489,60314000
2016-02-11,35.0075798034668,35.302960920712195,34.255747344927826,34.510983794143755,65004000
2016-02-12,35.03384780883789,35.485342040891325,34.77067846599984,35.297508703609395,46538000
2016-02-16,35.566619873046875,35.82631808715158,35.19689721827331,35.61667498149331,43444000
2016-02-17,36.276824951171875,36.3655387343742,35.51557735433482,36.03050826976582,49154000
2016-02-18,35.56017303466797,36.47654668406308,35.463034826388444,36.3754458116233,47276000
2016-02-19,35.78815841674805,35.88331531266133,35.34260816350773,35.48038639498227,34918000
2016-02-22,36.13210678100586,36.41955878626943,35.85456900001686,36.154903446967474,37516000
2016-02-23,35.54927062988281,36.22378947175091,35.46898508217872,35.98590104579814,41332000
2016-02-24,35.72818374633789,35.74404574740212,34.79248449261738,35.21820623274173,37092000
2016-02-25,36.13557434082031,36.15489989203504,35.348055292943855,35.82879303143744,36146000
2016-02-26,35.92445373535156,36.48448648674226,35.77973704655751,36.35761313540331,42474000
2016-02-29,35.545806884765625,36.20892557094318,35.52697288328393,35.733144889867106,45068000
2016-03-01,36.782344818115234,36.79027392922235,35.61618318536407,35.74801363779594,60112000
2016-03-02,36.64902114868164,36.82942069825182,36.340258490563805,36.81703359021594,36292000
2016-03-03,36.25798797607422,36.72435352074923,36.16084975667321,36.6490213002305,40534000
2016-03-04,36.19009780883789,36.42699560867357,35.96211600549095,36.41708516473931,48516000
2016-03-07,35.32675552368164,36.04092390784,34.94712232745194,35.938828550907324,61690000
2016-03-08,35.3629264831543,35.795095159191,34.8906169202476,35.10818536697889,52530000
2016-03-09,35.95170974731445,35.99284508425381,35.31981213693724,35.444208814018566,39544000
2016-03-10,36.28673553466797,36.50331330145577,35.846637775808276,36.069658653644055,44616000
2016-03-11,36.91615676879883,36.917642768168925,36.51124651804563,36.672320531192405,35380000
2016-03-14,37.18230056762695,37.381534150223594,36.856189854893664,36.921116310014405,32824000
2016-03-15,37.19865798950195,37.319587353164096,36.815553674672216,36.97315660153113,29832000
2016-03-16,37.5351676940918,37.616447699373644,36.99694099741152,37.12331900339101,29306000
2016-03-17,37.59067916870117,37.93066299993851,37.53517160441752,37.54954382865745,44564000
2016-03-18,37.43852615356445,37.7720668497483,37.26060324758979,37.74679351633985,56222000
2016-03-21,37.77306365966797,37.83154322264555,37.23334712919507,37.36418692731438,28774000
2016-03-22,37.66848373413086,37.9138097466535,37.560939731292294,37.588693510240155,22096000
2016-03-23,37.54507827758789,37.93313963659312,37.46925071748372,37.83203496273128,24678000
2016-03-24,37.4102783203125,37.54508077994394,37.195186515983465,37.22987874248815,31116000
2016-03-28,37.33296203613281,37.581755382538326,37.271506699205716,37.47618893008847,21676000
2016-03-29,37.95792007446289,38.02185586264317,37.08565730125596,37.35278555411374,40062000
2016-03-30,38.079341888427734,38.52390146744234,38.04167766593799,38.07289877678006,40396000
2016-03-31,37.80973434448242,38.116016589411664,37.57927587992362,38.07934303204804,32554000
2016-04-01,38.145259857177734,38.16359474513441,37.428115802807774,37.525257812808825,31674000
2016-04-04,37.91975784301758,38.28254208599755,37.75472116728307,38.13732629724727,26924000
2016-04-05,37.59513854980469,37.80824901513122,37.44794142227508,37.57333254825152,24478000
2016-04-06,38.06595993041992,38.0833079327249,37.48263146233071,37.55895435390131,25312000
2016-04-07,37.67195129394531,38.129888603393354,37.54210218863811,37.9296643911301,25498000
2016-04-08,37.639739990234375,38.019373125392455,37.45636842498476,37.95692712159632,23434000
2016-04-11,37.54408264160156,38.023829719360386,37.53417219935936,37.936106613668265,31774000
2016-04-12,37.88010787963867,37.90984299079159,37.24821029945785,37.588197869959586,27388000
2016-04-13,38.25627136230469,38.44658135582549,37.893487147241345,38.17697269579462,35426000
2016-04-14,38.42874526977539,38.637889282636884,38.32119748343934,38.42725927040718,26992000
2016-04-15,38.6572151184082,38.70330756283231,38.40594134467896,38.43419423596172,31712000
2016-04-18,39.037837982177734,39.08095842713556,38.53876534016277,38.666629332331645,33540000
2016-04-19,38.47136306762695,39.19990349495738,38.17499129722178,39.17760216297834,43952000
2016-04-20,38.40544891357422,38.64036915114674,38.22455401609145,38.615587370705235,34262000
2016-04-21,38.6572151184082,38.74047644951721,38.23842801630515,38.52389867825192,77628000
2016-04-22,36.56427764892578,37.364679263945675,36.19753073330452,36.8685785600778,140798000
2016-04-25,36.784324645996094,36.91665042613653,36.43194997166625,36.44434086152567,49442000
2016-04-26,35.94972610473633,36.95183790200524,35.69944298609248,36.89385367997835,55864000
2016-04-27,35.75594711303711,36.03794291031844,35.14238439386352,35.94724779247575,66262000
2016-04-28,34.94314956665039,36.14251740082826,34.850968452731756,35.84664094305175,62590000
2016-04-29,35.08291244506836,35.29255178349334,34.87971243700678,34.896565106078796,58278000
2016-05-02,35.40654754638672,35.456107331870726,35.00758503431117,35.28314152526506,33476000
2016-05-03,35.11066818237305,35.35499975761387,35.0556559553128,35.311883088071774,38620000
2016-05-04,35.25587463378906,35.438255508178365,34.89309043605963,35.02789665021826,34172000
2016-05-05,35.421409606933594,35.562159829605726,35.1607207139638,35.43578182905848,29668000
2016-05-06,35.9403076171875,35.98045228573488,35.28462270775316,35.29701359772488,39952000
2016-05-09,36.13607406616211,36.39180585332225,35.8570464982338,36.015640059791885,38074000
2016-05-10,36.644073486328125,36.67479926638615,36.2589878822856,36.42501523603503,32634000
2016-05-11,36.20644760131836,36.71444382174103,36.0751124911191,36.70056693297408,29834000
2016-05-12,36.08353805541992,36.44533162193915,35.89520938504354,36.2783098372931,27094000
2016-05-13,35.92296600341797,36.24312514648565,35.857544217073524,36.01167979091152,25244000
2016-05-16,36.19405746459961,36.312011021571976,35.68358456812591,35.89768568229312,22538000
2016-05-17,35.6930046081543,36.469123617440545,35.58446992737269,36.23173047141519,33404000
2016-05-18,35.77180862426758,35.95964198907056,35.436778120837985,35.60924859488498,32536000
2016-05-19,35.451141357421875,35.70836289434013,35.203338710774595,35.599329124828394,30598000
2016-05-20,35.768333435058594,36.065200563188185,35.436278749684575,35.5081436446972,34798000
2016-05-23,35.54729461669922,35.857047974776364,35.53193172736978,35.682596184229425,24816000
2016-05-24,36.32936096191406,36.387345186715635,35.66623846927793,35.676152694085864,37884000
2016-05-25,36.58062744140625,36.66934121713391,36.30804678424015,36.42699100225502,32216000
2016-05-26,36.522640228271484,36.72930753892124,36.327868472798635,36.47654778783713,27202000
2016-05-27,37.051456451416016,37.06681933979715,36.526607550448304,36.55138933003234,34802000
2016-05-31,37.113407135009766,37.342871138134186,36.9508471306871,37.108945355955505,42484000
2016-06-01,37.094078063964844,37.23829940116446,36.88988739091535,37.09457339706675,20788000
2016-06-02,36.88642120361328,37.03659032386361,36.526113625402196,36.97711631927044,33916000
2016-06-03,36.46961975097656,36.74864735721158,36.372976845215106,36.74864735721158,24608000
2016-06-06,36.182167053222656,36.600458897930075,36.09444770854137,36.600458897930075,29992000
2016-06-07,36.23320770263672,36.5117361210108,36.21883548197695,36.34125080527608,24314000
2016-06-08,36.820003509521484,36.86361550464302,36.465152208483616,36.65000974528757,32314000
2016-06-09,36.7996940612793,36.869573852584395,36.50134089137893,36.52959000781421,19180000
2016-06-10,36.33728790283203,36.65695168217192,36.20446679145563,36.47407546012849,29050000
2016-06-13,36.272369384765625,36.62523942759257,36.170274038212575,36.170274038212575,23354000
2016-06-14,36.34025955200195,36.476551774894105,36.00572822072335,36.144992442150475,26584000
2016-06-15,36.28772735595703,36.53354490623551,36.244111576435685,36.423025129934736,23234000
2016-06-16,35.89421844482422,36.198519338651344,35.46254510250856,36.0780853347088,45002000
2016-06-17,34.903011322021484,35.752477423089736,34.74788507951657,35.752477423089736,82262000
2016-06-20,34.996185302734375,35.47890450188707,34.96050240792923,35.20334800704552,45654000
2016-06-21,35.132469177246094,35.454613382412084,34.92332519006179,35.1904533948385,30318000
2016-06-22,35.211273193359375,35.39662987357787,34.98379051052334,35.388700762412896,29058000
2016-06-23,35.429344177246094,35.429839510418546,34.7047700563492,35.215243030499835,42500000
2016-06-24,33.95887756347656,34.94017783883471,33.944505340796354,34.205194243838825,95436000
2016-06-27,33.757659912109375,33.8661983542022,33.33738681334,33.82456768890201,58146000
2016-06-28,34.25920867919922,34.33255955786295,33.9415262846072,34.26466112350218,38246000
2016-06-29,34.45398712158203,34.667592907590276,34.32959045030317,34.40789845547613,43124000
2016-06-30,34.8673210144043,34.879216571077094,34.43961411896773,34.57590634410154,42250000
2016-07-01,35.20037078857422,35.313367235564,34.87723588818272,34.94513433546539,30984000
2016-07-05,34.934722900390625,35.09480245207923,34.64925601845009,34.94067067851813,28440000
2016-07-06,35.136932373046875,35.33666125894129,34.64281304625508,34.684443712146134,28902000
2016-07-07,35.05218505859375,35.19640640559248,34.7255828073127,35.19343440677907,21174000
2016-07-08,35.57356262207031,35.57951040082197,35.094310801704346,35.21573548005896,29946000
2016-07-11,36.04042434692383,36.126162354660075,35.627584968812826,35.65484341634406,28822000
2016-07-12,36.3035888671875,36.4567299895535,36.055290847819876,36.274349087941154,26468000
2016-07-13,36.153419494628906,36.45276707350309,36.13062282737658,36.45276707350309,20436000
2016-07-14,36.466644287109375,36.48349317584354,36.20843204232315,36.37445938869399,21408000
2016-07-15,36.45821762084961,36.72435517948532,36.40914939468756,36.72435517948532,32342000
2016-07-18,37.32899475097656,37.425142309719995,36.50183005838749,36.57121450478288,38698000
2016-07-19,37.33940124511719,37.49700034530785,37.095561255359605,37.16395502993372,30436000
2016-07-20,37.52128601074219,37.697722888389535,37.37111690963713,37.37111690963713,22502000
2016-07-21,37.38896179199219,37.57431845346093,37.245731128879726,37.517321119359636,19062000
2016-07-22,37.63032150268555,37.63874594615947,37.30222950976269,37.53318328327575,20920000
2016-07-25,37.5430908203125,37.65708169901628,37.37210639284095,37.551019930095954,21466000
2016-07-26,37.549537658691406,37.629331659822384,37.3066921048537,37.54309454738367,23792000
2016-07-27,37.76363754272461,37.886548205500176,37.46429377726735,37.61495821672331,32172000
2016-07-28,37.955440521240234,38.11056675261623,37.62090539242534,38.10412364097325,73464000
2016-07-29,39.21923828125,39.843698350495174,39.15282582798798,39.53493942906403,101810000
2016-08-01,39.69501876831055,40.01963969201051,38.90700423628228,38.98778891264218,60594000
2016-08-02,39.65437698364258,39.76341076894341,39.377334522302355,39.51610341953292,39928000
2016-08-03,39.59490203857422,39.625631597185055,39.302496695090355,39.473481146964616,29206000
2016-08-04,39.51213836669922,39.6583410470677,39.347101683565626,39.56120281558096,21520000
2016-08-05,39.991886138916016,40.00625836248688,39.53989275264562,39.65388365608966,36146000
2016-08-08,39.907630920410156,40.025089146429046,39.732184690456634,39.94579047542505,24426000
2016-08-09,40.019142150878906,40.309070832717715,39.849643696051665,39.87095436353792,32154000
2016-08-10,40.06919860839844,40.18764750692168,39.970079045546875,39.997832825638824,18370000
2016-08-11,40.05482864379883,40.336332906820004,39.94579484981263,40.16732976990756,25646000
2016-08-12,39.997833251953125,40.00477169705007,39.828830122768984,39.90069502059594,17946000
2016-08-15,39.943809509277344,40.21143685461679,39.84815728255682,40.00576017862901,18596000
2016-08-16,39.70741271972656,39.85956319211585,39.4997509005059,39.82189518331985,21158000
2016-08-17,39.91704559326172,39.92745515071366,39.46505224829601,39.648427587107115,21322000
2016-08-18,39.78471755981445,40.044911107351545,39.72921000633118,39.91407133397404,17292000
2016-08-19,39.63108444213867,39.709392455669665,39.49380531421707,39.638022887567416,22416000
2016-08-22,39.49726486206055,39.61373241191116,39.36741575715113,39.574578412862294,17056000
2016-08-23,39.479427337646484,39.697990248322824,39.4496922247707,39.67221780054036,18350000
2016-08-24,39.331241607666016,39.572105842480816,39.19048759845139,39.49280717004967,25672000
2016-08-25,39.21725082397461,39.386749279023256,39.01554059168102,39.25194304797067,24054000
2016-08-26,39.312400817871094,39.61868678267327,39.12357684208882,39.27622260087633,24978000
2016-08-29,39.441261291503906,39.575073058599536,39.16867686442419,39.303978411853706,15474000
2016-08-30,39.247982025146484,39.549310943987535,39.12655734549554,39.2955604744987,23348000
2016-08-31,39.145389556884766,39.230632226606836,39.014054439331254,39.1329986666843,21428000
2016-09-01,39.22220993041992,39.29605616138342,38.97093990552401,39.25095437731109,26070000
2016-09-02,39.493309020996094,39.50470924686095,39.31439542655257,39.41401411664723,26998000
2016-09-06,40.045902252197266,40.18813846911417,39.42193381995579,39.568631815748255,39790000
2016-09-07,40.0444221496582,40.173772163242816,39.83279767772674,40.04144636958012,22906000
2016-09-08,39.789180755615234,40.06573167418405,39.69848563628367,39.90713810334589,23554000
2016-09-09,39.077491760253906,39.73516180638812,39.056181092467966,39.58746935008597,37752000
2016-09-12,39.58994674682617,39.656850743766306,38.83067675148479,38.88123097546408,37274000
2016-09-13,39.08938980102539,39.43978318070156,38.871817548900104,39.35156472404743,36180000
2016-09-14,39.17562484741211,39.46654801187649,39.03041282235245,39.03041282235245,25842000
2016-09-15,39.709381103515625,39.82931597416285,39.08640341134073,39.15331118069357,31144000
2016-09-16,39.54781723022461,39.59985745380484,39.33223012075355,39.59985745380484,42612000
2016-09-19,39.41995620727539,39.84617712750247,39.32926109015037,39.70344178287008,22990000
2016-09-20,39.63752365112305,39.784720771284974,39.56219142514791,39.6484285419383,20984000
2016-09-21,39.89771270751953,39.94132848467912,39.4516671806335,39.710870053634515,26970000
2016-09-22,40.43892288208008,40.59305467798148,40.03054527609575,40.144037066542495,35186000
2016-09-23,40.389854431152344,40.49095532045387,40.279334650563136,40.39877420816866,28234000
2016-09-26,39.77976608276367,40.14800279099259,39.670732292642924,40.1351165669417,29454000
2016-09-27,40.180213928222656,40.31700149683172,39.73912544335639,39.73912544335639,27346000
2016-09-28,40.147003173828125,40.15642206466654,39.7862040715392,39.850631402328354,29406000
2016-09-29,39.779266357421875,40.33781302237875,39.691047912546445,40.006749023428284,27000000
2016-09-30,39.84964370727539,40.04937260689852,39.72277036855375,39.82684704043529,33204000
2016-10-03,39.667259216308594,39.8238676524735,39.46158255675984,39.77480321025814,29784000
2016-10-04,39.786705017089844,39.970575706893506,39.63207788891614,39.8962341417,25174000
2016-10-05,39.709381103515625,40.06968482964518,39.68360866181408,39.94578351367153,24276000
2016-10-06,39.80107116699219,39.992870939078,39.67370250612061,39.85063094250187,21998000
2016-10-07,39.68360900878906,39.942811864794116,39.49081858969774,39.94231653176999,23262000
2016-10-10,40.35070037841797,40.50978927104781,39.75944280719498,39.843199475461454,29922000
2016-10-11,40.12272262573242,40.63270019741241,40.013688843900894,40.350700632667106,34432000
2016-10-12,40.23175048828125,40.36704824828533,40.072166285023414,40.24116559706248,18158000
2016-10-13,39.85063171386719,39.97354237945815,39.58003238503504,39.949259714890836,27380000
2016-10-14,39.876407623291016,40.14849675617935,39.76341117187792,40.017656968726286,22238000
2016-10-17,39.987422943115234,40.317000969617915,39.83824826691566,39.94529694018663,21128000
2016-10-18,40.7134895324707,41.07627002777751,40.309074583380195,40.352686588642314,45786000
2016-10-19,40.978633880615234,41.12533567303027,40.782376088112784,40.782376088112784,30002000
2016-10-20,40.720420837402344,41.05941393798658,40.666894615949964,41.01431215997838,27878000
2016-10-21,40.840850830078125,40.85225105307842,40.55587928558725,40.63963594883086,32316000
2016-10-24,41.41971969604492,41.52875347649293,41.08766502371231,41.13970524844202,28952000
2016-10-25,41.063385009765625,41.556509937947624,40.902310994187594,41.556509937947624,37814000
2016-10-26,40.743717193603516,41.0217541063501,40.4587456170646,40.99251054595216,35898000
2016-10-27,40.508304595947266,40.96574662120339,40.37250769817948,40.78881816877954,59470000
2016-10-28,40.617835998535156,41.58129299817785,40.49095887092723,41.1322753918429,87098000
2016-10-31,40.13908004760742,40.76998701876254,40.04491759336466,40.76007279336702,44854000
2016-11-01,39.92001724243164,40.340294140599404,39.56219012609149,40.187149246945864,47118000
2016-11-02,39.07451629638672,39.983456277242425,38.90501785420698,39.983456277242425,47014000
2016-11-03,38.7657585144043,39.152825443136244,38.58932160574731,38.88024096872275,43504000
2016-11-04,38.71173858642578,39.07749486201576,38.211176067363354,38.226043624564454,39412000
2016-11-07,39.7490348815918,39.89622820947668,39.29654622677632,39.39814622472811,39852000
2016-11-08,40.24216079711914,40.443375684766835,39.6295925762535,39.74903591151429,35382000
2016-11-09,39.925472259521484,40.22878250545127,39.253929097339096,39.73912491173354,61970000
2016-11-10,38.67158889770508,40.14700470009912,38.073888220024,40.144032701512025,118192000
2016-11-11,38.248348236083984,38.5229102698523,37.940576193879345,38.49912293487872,71852000
2016-11-14,37.32998275756836,38.249827611630046,36.85271611075875,38.24883694549051,73766000
2016-11-15,38.4173469543457,38.66911609645367,37.92471734287861,37.93710445273136,58878000
2016-11-16,38.65622329711914,38.83067506453903,37.979723111489506,38.18242398817948,35968000
2016-11-17,38.96250534057617,39.09830222267161,38.64978002647622,38.78111512985382,30674000
2016-11-18,38.45748519897461,39.216751382413634,38.426759424297934,39.012564505928886,36126000
2016-11-21,38.89511489868164,38.981843578197704,38.47384726811776,38.563056394674085,32616000
2016-11-22,38.9050178527832,39.33966317653558,38.8425718543337,39.10276540512424,27884000
2016-11-23,38.60765838623047,39.12903619409103,38.29294792320219,39.12903619409103,26260000
2016-11-25,38.668617248535156,38.800943029061486,38.567512578130156,38.786570806756636,12270000
2016-11-28,38.944175720214844,39.63554355069087,38.56305279931008,38.57544368984835,51508000
2016-11-29,39.12507247924805,39.47199474377138,38.921872452049314,39.072536915833474,31240000
2016-11-30,38.45302963256836,39.22766260966127,38.31773184188402,39.10822304194183,45582000
2016-12-01,37.88059997558594,38.58782972059604,37.33692089027786,38.585353055267866,57342000
2016-12-02,37.88703918457031,38.186386696794855,37.61643989303396,37.76016587180275,34376000
2016-12-05,38.569000244140625,38.65721869535998,38.01144420526524,38.161613327470754,33770000
2016-12-06,38.467891693115234,38.91889434740982,38.32615081063354,38.6666299096024,34682000
2016-12-07,39.22568130493164,39.25194530512058,38.336562090933924,38.654743684930345,40588000
2016-12-08,39.40904998779297,39.598868441112515,39.04924153017298,39.299025538983344,32250000
2016-12-09,40.11677551269531,40.14155729303852,39.55178570762326,39.61373637731246,38090000
2016-12-12,40.03995132446289,40.21093575232887,39.87293334208191,39.88730556256662,32572000
2016-12-13,40.40868377685547,40.852748003181055,40.24017977755392,40.262481110196426,42564000
2016-12-14,40.53506851196289,40.85076964828635,40.2818133802911,40.43743494937671,35994000
2016-12-15,40.424049377441406,40.788319592312604,40.243150712118606,40.508796707943475,35394000
2016-12-16,40.136104583740234,40.59998971310493,40.05085813360837,40.55588237929308,51978000
2016-12-19,40.26793670654297,40.45230272271957,39.87145089419559,40.10835247157643,25272000
2016-12-20,40.40174102783203,40.465676801564655,40.19358771634222,40.31104592648063,25438000
2016-12-21,40.25306701660156,40.42751879857945,39.901187672850476,40.42751879857945,29192000
2016-12-22,40.128173828125,40.197062939293644,39.94727515879461,40.099429384242015,22632000
2016-12-23,40.03500747680664,40.192115069278465,39.90169100279048,40.045417036423366,15310000
2016-12-27,40.14056396484375,40.44139754446835,39.9358817294239,40.07861329342723,19520000
2016-12-28,39.87491989135742,40.30906990444392,39.76935722258876,40.30906990444392,24296000
2016-12-29,39.79116439819336,39.933400626733366,39.55624794002993,39.76390595197104,21148000
2016-12-30,39.27424621582031,39.811482218593085,39.13398754627137,39.80751577268925,34718000
2017-01-03,40.045406341552734,40.21539633309131,39.49429347266178,39.67915101867974,39180000
2017-01-04,40.03350830078125,40.314021829698994,39.852118097521355,40.13857562292714,30306000
2017-01-05,40.2937126159668,40.329395510286695,39.94183322333099,40.02013745756547,26810000
2017-01-06,40.897850036621094,41.08370203879968,40.21837402767961,40.39133980705089,40342000
2017-01-09,40.995487213134766,41.15655745011335,40.719930741233476,40.95534254188256,28178000
2017-01-10,40.937496185302734,41.10600396926916,40.79525996159658,40.99003174348583,23948000
2017-01-11,41.12830352783203,41.13028486015535,40.712492202902794,40.96772864276651,26508000
2017-01-12,41.11194610595703,41.154072100875595,40.689687928366546,41.05494877650703,26990000
2017-01-13,41.181827545166016,41.365694418692534,41.11145243977034,41.18479954349188,25804000
2017-01-17,41.00936508178711,41.14416754095251,40.79823594340619,41.135247763073316,28818000
2017-01-18,41.086673736572266,41.12582773780253,40.84184306736323,41.12533240471116,20554000
2017-01-19,40.85622024536133,41.28393096872298,40.83590402381334,41.08568805423583,21410000
2017-01-20,41.044551849365234,41.09758274480478,40.86761960763241,41.090145185351695,26124000
2017-01-23,41.85041046142578,41.90542269538141,41.07082407418029,41.21504543836583,49148000
2017-01-24,42.10316467285156,42.20178890178117,41.74384775276099,41.97678288288327,33768000
2017-01-25,42.54524612426758,42.56209501388649,42.113572732334454,42.30240053724448,33108000
2017-01-26,42.47238540649414,42.67161896467169,42.15222629321086,42.574976074738686,69866000
2017-01-27,41.8801383972168,42.96898266382683,41.72501594817724,42.572500649471166,75050000
2017-01-30,40.829463958740234,41.493573423489586,40.69069126142439,41.48514897811699,70338000
2017-01-31,40.649051666259766,40.79178699776014,40.312535227867485,40.61485477791599,40404000
2017-02-01,40.40372848510742,40.83787846618756,40.25554071210372,40.83787846618756,45020000
2017-02-02,40.55339431762695,40.8656280521258,40.24562614261807,40.391828787189525,33784000
2017-02-03,40.646080017089844,40.943442457728054,40.60742134952776,40.794763127993235,30562000
2017-02-06,40.71992874145508,40.758088297109275,40.35664916664008,40.6852365176018,27018000
2017-02-07,41.097084045410156,41.230404285066534,40.80269734758303,40.91222647155495,33332000
2017-02-08,41.129295349121094,41.34587690892009,40.89289290319513,41.161510906122565,26044000
2017-02-09,41.138214111328125,41.23337099953263,40.96178100473547,41.2209801101324,23884000
2017-02-10,41.375614166259766,41.48960128266358,41.16052237575254,41.28144793701142,28302000
2017-02-13,41.57931137084961,41.71708960786363,41.44500046583355,41.51686158319596,25914000
2017-02-14,41.63233947753906,41.729973045318005,41.42418611762927,41.61945325318715,27266000
2017-02-15,41.49802780151367,41.71857202844514,41.4435109111559,41.57187024511174,27144000
2017-02-16,41.73839569091797,41.76416435500744,41.495051022567885,41.55650635601559,20102000
2017-02-17,41.95547103881836,41.97480037379348,41.619945242974794,41.69577280236272,29224000
2017-02-21,42.09027862548828,42.235490637284414,41.955472390602445,42.02684195425863,25206000
2017-02-22,42.193851470947266,42.314281677290204,41.963393051908156,42.02732882456287,24488000
2017-02-23,42.1760139465332,42.25630328259752,41.754750161082434,42.179980392493995,27734000
2017-02-24,42.017913818359375,42.04517226224547,41.77754493531882,42.00998470796554,26924000
2017-02-27,42.110107421875,42.15966720796952,41.78003402847185,41.87618160158633,20206000
2017-02-28,41.87518310546875,42.06847268053751,41.70221731345511,41.995121784261,27662000
2017-03-01,42.46098709106445,42.522937755754555,42.07788287989889,42.19484576508315,36374000
2017-03-02,42.1190185546875,42.44810121418315,42.06301566759092,42.43917765645255,25018000
2017-03-03,42.08085632324219,42.16709343616341,41.86427854651128,42.073917878808004,20100000
2017-03-06,41.99115753173828,42.073923543000454,41.68883793447684,41.97083752879055,20958000
2017-03-07,42.183448791503906,42.29149190852137,41.90442500295243,41.99065833838675,20774000
2017-03-08,42.30685806274414,42.46991341707875,42.188409160073036,42.281085614279405,20576000
2017-03-09,42.51500701904297,42.65724702285325,42.25877990388001,42.309334129275925,26954000
2017-03-10,42.69194793701172,42.83170752261373,42.50361922968854,42.755879950251234,26732000
2017-03-13,42.84904479980469,42.97542279504392,42.66269747193541,42.66319280501073,23332000
2017-03-14,42.91496658325195,42.99773258986403,42.628505225449814,42.807914128630856,21234000
2017-03-15,43.037872314453125,43.11171854157127,42.686488295708166,43.01557098073358,26658000
2017-03-16,43.11766815185547,43.25197905533206,42.994757472865295,43.14393593278652,22090000
2017-03-17,43.2351188659668,43.3367188588941,43.03687599178794,43.30004152612913,37366000
2017-03-20,43.01408004760742,43.13451026081453,42.85350516960849,43.09188893072754,30844000
2017-03-21,42.133392333984375,43.289639682663555,42.011967664493994,43.120636567802215,50760000
2017-03-22,42.11655044555664,42.39161160614587,41.9777777511476,42.10068844035117,27334000
2017-03-23,41.613502502441406,41.714607176249935,41.28392826337118,41.699739620342264,65754000
2017-03-24,41.389984130859375,41.82909124642192,41.09064035218255,41.72996791020843,42114000
2017-03-27,41.5570068359375,41.69924685439289,40.8527527512607,41.040586106484,38692000
2017-03-28,41.662071228027344,41.89847366187221,41.24774213070934,41.61548345132188,30384000
2017-03-29,42.12001419067383,42.20525686407022,41.6992457070174,41.76714415832058,29146000
2017-03-30,42.100677490234375,42.22556947966653,41.96637039169879,42.2245788135681,18988000
2017-03-31,42.017425537109375,42.104653328418124,41.8905521871777,41.96935175243299,28820000
2017-04-03,42.46098709106445,42.57249753127294,42.004036659110454,42.06450132458039,39388000
2017-04-04,42.25382614135742,42.27513680788109,42.0030476928391,42.02733413909203,26970000
2017-04-05,42.07243347167969,42.65130016133401,42.003544357821276,42.35988548407028,37104000
2017-04-06,41.88360595703125,42.30437438274066,41.82908907024227,42.10166972301874,30672000
2017-04-07,41.73493194580078,41.922269977744456,41.49704346176193,41.87865797127684,22232000
2017-04-10,41.71510696411133,41.96489478600898,41.67000895845332,41.70717785219175,20924000
2017-04-11,41.624900817871094,41.860312598342034,41.363221258622275,41.71510059658797,19486000
2017-04-12,41.703208923339844,41.81521470207392,41.51140914188397,41.55452580837863,22716000
2017-04-13,41.6397705078125,41.81571207639956,41.52429739175912,41.68239184329021,21474000
2017-04-17,42.380699157714844,42.40597626996582,41.68189382198905,41.69924182363564,20982000
2017-04-18,42.32420349121094,42.4927074999402,42.188406593053166,42.2523385960061,18724000
2017-04-19,42.449092864990234,42.63196908518163,42.30140041878583,42.492704863825914,21606000
2017-04-20,42.62603759765625,42.816842984434814,42.49816978098845,42.60918492418172,23776000
2017-04-21,42.57002258300781,42.74299215834196,42.50956169089735,42.65278859097566,23458000
2017-04-24,43.56024169921875,43.611291260570106,42.924876763872255,43.04035366215166,33930000
2017-04-25,44.0513916015625,44.22039095536196,43.57759220503401,43.72528088967554,40760000
2017-04-26,44.06624984741211,44.25705894437562,43.868502306580254,44.17776028235555,26466000
2017-04-27,44.18024444580078,44.27639201017554,43.96911909561874,44.108878662805296,46846000
2017-04-28,45.819705963134766,46.38370129282146,45.75527484990753,46.0417361843028,76918000
2017-05-01,46.231056213378906,46.37973932796528,45.635340651178225,45.80136798647077,46556000
2017-05-02,46.44268035888672,46.735089474021684,46.140856133815674,46.25336102579873,35026000
2017-05-03,47.00569152832031,47.092420198641435,46.349511264168214,46.39114193340288,36496000
2017-05-04,47.31643295288086,47.5354911780535,46.95216272647354,47.09687939461371,38752000
2017-05-05,47.09638595581055,47.50080086615173,46.988342838162104,47.41555441527387,32310000
2017-05-08,47.5131950378418,47.627182160736,46.95365385715427,46.95613430406658,37534000
2017-05-09,47.41506576538086,47.687154930311074,47.30058330110826,47.64403825626475,33758000
2017-05-10,47.322383880615234,47.415060330649936,47.07458119479416,47.39077766389666,22920000
2017-05-11,47.37441635131836,47.478496798056966,47.01361724400896,47.146438353236135,20622000
2017-05-12,47.33724594116211,47.477996156404416,47.18460016990346,47.47155682649474,24298000
2017-05-15,47.539459228515625,47.71192969416229,47.22227207833396,47.34468742758331,26754000
2017-05-16,47.806583404541016,47.87051540098594,47.59545808200146,47.754051631024964,22030000
2017-05-17,46.6944465637207,47.62717384443515,46.58987078891105,47.56324184890123,48982000
2017-05-18,47.1072883605957,47.28966924747286,46.64984258180071,46.74549480420257,36010000
2017-05-19,47.312965393066406,47.556310082819124,47.18163027095271,47.22227027476678,27206000
2017-05-22,47.779823303222656,47.816995972765646,47.407623961704566,47.42942996162873,27748000
2017-05-23,48.100982666015625,48.297240470161576,47.801139732696996,48.07174288489161,30908000
2017-05-24,48.450870513916016,48.47614384326781,48.154498756297336,48.33440296593665,22660000
2017-05-25,49.1571159362793,49.3513961881127,48.46128628439158,48.51976962755554,39082000
2017-05-26,49.22700119018555,49.38162832649171,48.9340966935156,49.164056065275076,32728000
2017-05-30,49.3707160949707,49.442580987516145,49.13233231350549,49.18883053640427,30324000
2017-05-31,48.92070770263672,49.54070971552412,48.6525850301285,49.37270104668252,34482000
2017-06-01,48.980186462402344,49.220555379999716,48.63326041932421,49.11251225507558,26128000
2017-06-02,49.36824035644531,49.38608369193357,48.91971811537373,48.995050341042834,34710000
2017-06-05,49.75283432006836,49.927286117281035,49.335037825254716,49.45596717433367,27578000
2017-06-06,49.395992279052734,49.987249838305026,49.30282050256548,49.7245796151397,31042000
2017-06-07,49.6348762512207,49.75431580885932,49.35584868643712,49.51543291241337,27482000
2017-06-08,49.77266311645508,49.838081127895656,49.39302992954994,49.7701826693419,33758000
2017-06-09,48.07966613769531,49.833118842679596,47.249525674177555,49.83262350957983,72958000
2017-06-12,47.66781997680664,47.974601334339155,46.4283112185291,47.51467885518779,84042000
2017-06-13,48.098506927490234,48.465749208188235,47.67773463394431,48.17482982848164,40108000
2017-06-14,47.97112274169922,48.55445113928811,47.55382166345364,48.346297823798146,30110000
2017-06-15,47.5870361328125,47.6118179142151,46.605244267306134,46.98438207951829,48552000
2017-06-16,47.509727478027344,47.57564460341839,47.01808849479323,47.47453991599619,51184000
2017-06-19,48.332427978515625,48.53463354571621,47.98451128807248,48.056372402283216,29376000
2017-06-20,48.0236701965332,48.608484738210265,47.9845161889745,48.33689091349504,25946000
2017-06-21,48.499446868896484,48.547025317543245,48.04646283107705,48.11287528216437,23232000
2017-06-22,48.40181350708008,48.59410863498552,48.23776749236839,48.41420061654638,20190000
2017-06-23,48.87115478515625,48.89742256780183,48.29476469113797,48.346309590090705,31280000
2017-06-26,48.17730712890625,49.26268420952801,48.09007933469461,49.06493661831554,30358000
2017-06-27,46.98784255981445,47.93593650924799,46.9382827854049,47.657408081495156,48872000
2017-06-28,47.62816619873047,47.73868597420335,46.39658666647233,47.11521665475445,54912000
2017-06-29,46.478858947753906,47.164778070780955,46.071472053120615,47.14941518243859,64134000
2017-06-30,46.075443267822266,46.83470957946583,46.07197215461578,46.78465446331391,45754000
2017-07-03,45.568931579589844,46.30143853515024,45.36325489435197,46.25088430623894,33896000
2017-07-05,46.203304290771484,46.403033190473344,45.52779469892269,45.803846491367764,41882000
2017-07-06,45.976810455322266,46.3955975731588,45.58825756221596,45.84349401015739,40298000
2017-07-07,46.627044677734375,46.81785378438156,46.08088513544928,46.140359134982674,33266000
2017-07-10,47.13206481933594,47.2376312623935,46.683542613114795,46.683542613114795,29030000
2017-07-11,47.2574577331543,47.32486085061425,46.84065570012791,47.108283056276136,29224000
2017-07-12,47.957740783691406,48.05537432981423,47.431409721640954,47.6207290361843,32042000
2017-07-13,48.0167236328125,48.50489518715585,47.816004078409435,48.11336652127208,30492000
2017-07-14,48.41618728637695,48.44740839936554,48.081156801169975,48.27196593581249,21592000
2017-07-17,48.36909866333008,48.73535021983549,48.11336688491202,48.38694199812751,33210000
2017-07-18,48.91377258300781,49.107058377746775,48.1748262960982,48.240244300221576,28266000
2017-07-19,49.202213287353516,49.34246818180392,48.91674260498172,49.06542572469646,28242000
2017-07-20,49.1734733581543,49.495118512014514,48.79829819261832,49.41185716730162,28368000
2017-07-21,49.25524139404297,49.31818272639614,48.77598961873557,49.01536783984661,29266000
2017-07-24,49.47677230834961,49.86731027483853,49.07830523196353,49.26812366112276,79690000
2017-07-25,48.0256462097168,48.407260673759815,47.76644330533619,48.108412214209615,118672000
2017-07-26,47.84128189086914,48.26948415119623,47.58951653667015,48.21149992515632,44432000
2017-07-27,47.2069091796875,48.0499359525538,46.44119975233449,48.03308328192818,74358000
2017-07-28,47.49534606933594,47.66682584766215,46.850066956415866,46.98289184788559,36276000
2017-07-31,46.8594856262207,47.637090512680594,46.67263917948342,47.57811184474154,45670000
2017-08-01,46.912017822265625,47.30503249084778,46.83272293468783,46.97396848928554,28052000
2017-08-02,46.96554183959961,47.03790206049044,46.21618609228472,47.001720059460794,40788000
2017-08-03,46.601768493652344,47.082506267901046,46.55914716133103,47.03790360323974,22478000
2017-08-04,46.87385940551758,46.96058807274835,46.5769922859456,46.78266517801303,25092000
2017-08-07,46.87187576293945,47.0309684423769,46.760365312332446,46.95959888030009,28916000
2017-08-08,46.7945671081543,47.20592051065196,46.70981976179728,46.79952422103852,30102000
2017-08-09,46.59086990356445,46.77325079908729,46.28557455411366,46.51008523231916,28018000
2017-08-10,45.773616790771484,46.40352927799407,45.68391234009637,46.33910194132853,54148000
2017-08-11,46.09575271606445,46.25781358530884,45.65615031944239,45.77955630613229,32334000
2017-08-14,46.533878326416016,46.638450343479775,46.313829400141685,46.540816772008725,23012000
2017-08-15,46.49174499511719,46.73905233162708,46.42037921774103,46.63794766270363,22130000
2017-08-16,46.79853057861328,47.0775543831921,46.58888744415516,46.64885678461591,26906000
2017-08-17,45.97532653808594,46.775728140756264,45.97433587184806,46.73310680551456,33914000
2017-08-18,45.901973724365234,46.141847284811,45.76667594634429,45.94162305923549,26748000
2017-08-21,45.6388053894043,46.0045615955936,45.52630428424928,45.88165471483993,26024000
2017-08-22,46.60672378540039,46.68403733649491,45.90147537262859,45.94062937182572,35502000
2017-08-23,46.71477127075195,46.85601683106976,46.3509963645414,46.43822036629247,22690000
2017-08-24,46.43277359008789,46.89963073895669,46.12797356117121,46.77077606353896,25892000
2017-08-25,46.1160774230957,46.623079194734785,46.09625275617519,46.54774697290428,23746000
2017-08-28,45.998619079589844,46.331664408163554,45.89850507908296,46.184471077660405,20988000
2017-08-29,46.37626647949219,46.49719581148799,45.561492721843514,45.593212944659875,23172000
2017-08-30,46.76680374145508,46.87732351475696,46.292013759786286,46.372303091145284,22406000
2017-08-31,47.34220886230469,47.43934709229802,46.89665860177395,46.89913526742773,33866000
2017-09-01,47.18113327026367,47.495348398435155,47.096385933708824,47.452727063600626,20858000
2017-09-05,46.66025161743164,47.151395165415344,46.368833174520205,46.92688450036222,29148000
2017-09-06,46.68701934814453,46.809926244696065,46.224121083581174,46.77870513271865,27830000
2017-09-07,47.07705307006836,47.10728729361272,46.4644848628017,46.797533967855586,22332000
2017-09-08,46.65678024291992,47.11719801251509,46.587395800037086,47.06763823633714,19998000
2017-09-11,46.749961853027344,47.215333013693765,46.636466283147236,46.94374298511641,26748000
2017-09-12,46.916481018066406,46.98784679715842,46.463001668046026,46.92986257429225,25696000
2017-09-13,47.10431671142578,47.2237600572142,46.821821798411804,46.8594898034371,21908000
2017-09-14,46.59334945678711,46.98487816597808,46.50562633537142,46.88426882051995,28548000
2017-09-15,46.35346984863281,46.67363273199346,46.153245631201095,46.591362067009804,39886000
2017-09-18,46.07891082763672,46.43128553737296,45.863323690861876,46.339599749304405,29474000
2017-09-19,46.4312858581543,46.48481208814709,45.92577001565454,46.26030517194039,24854000
2017-09-20,46.96058654785156,47.08250654852219,46.462999883410056,46.47440010677012,40080000
2017-09-21,46.961082458496094,47.221276017276935,46.55617601288195,46.9898306837938,27414000
2017-09-22,46.74847412109375,47.082513952160944,46.62853921508398,46.724191452459976,21496000
2017-09-25,46.30342102050781,46.57451571656359,45.819212074576235,46.55964815986738,37468000
2017-09-26,46.459529876708984,46.789107884135284,46.345047431969284,46.422856321484545,33454000
2017-09-27,47.57316207885742,47.84723256535289,46.683551278535504,46.722705285511765,46692000
2017-09-28,47.81650161743164,47.88439628409451,47.357569818764226,47.39226204234586,28018000
2017-09-29,48.258087158203125,48.36166849958184,47.875478237584396,47.875478237584396,40622000
2017-10-02,47.948333740234375,48.457320669009164,47.67475860691902,48.35373932776026,30782000
2017-10-03,48.17680740356445,48.19465073978872,47.712426921460825,47.952792049759275,21666000
2017-10-04,47.91413879394531,48.291790616970545,47.8561507851153,48.1609508237034,21156000
2017-10-05,48.82654571533203,48.8919675018557,48.087104081371635,48.21199609436879,35618000
2017-10-06,49.24532699584961,49.27605655287383,48.4954758930333,48.56932211533958,31060000
2017-10-09,49.17941665649414,49.58333245194883,49.139271987271755,49.31273310628624,25910000
2017-10-10,48.95589828491211,49.43515010374169,48.62433892462973,49.32760231576273,23268000
2017-10-11,49.84055709838867,49.9357139984548,48.962838110251894,49.01735500547375,36300000
2017-10-12,49.84055709838867,50.13246712946255,49.61505573916815,49.75085264407854,30614000
2017-10-13,49.950584411621094,50.29205424483258,49.91043973762536,50.012039755546176,26552000
2017-10-16,50.02392578125,50.155260899103,49.635868206247544,50.03780267082565,21420000
2017-10-17,50.1057014465332,50.282138347243546,49.86037921177929,49.9292683269917,20260000
2017-10-18,50.19193649291992,50.36886493827821,49.82419515077243,50.10817982526025,25596000
2017-10-19,49.65172576904297,49.92331955956214,49.4267235401262,49.79594710832545,34284000
2017-10-20,49.81181335449219,49.98923715187087,49.67304066758822,49.90994225480912,32120000
2017-10-23,48.84389114379883,49.84749275548873,48.722961802318444,49.817258529534215,32786000
2017-10-24,48.99009323120117,49.02825656773262,48.42460809612858,48.891469005822216,28902000
2017-10-25,49.137290954589844,49.28448429480109,48.456328916502514,48.88006938259667,30574000
2017-10-26,49.13530731201172,49.88317715493495,49.0882241963319,49.484710009370325,47396000
2017-10-27,51.22922897338867,52.713568136585955,50.89122656831693,51.096407878614535,103682000
2017-10-30,51.202476501464844,51.53453117344185,50.66722182411258,51.00571960753654,46804000
2017-10-31,51.198020935058594,51.59252165581403,50.86398110898537,51.19603960242486,30326000
2017-11-01,51.67181396484375,51.932502858469036,51.24559306864931,51.360574627106196,43262000
2017-11-02,51.69015121459961,51.81653300241037,50.98094005947345,51.54246254029072,26694000
2017-11-03,52.03807067871094,52.07127690536616,51.42649305198627,51.67925285991406,27770000
2017-11-06,51.675777435302734,52.16692478659665,51.64207587831288,51.99395900370159,18294000
2017-11-07,52.157012939453125,52.20756716782651,51.69164179425618,52.02121603909397,26104000
2017-11-08,52.449424743652344,52.66748854715737,51.89236400512903,52.04104335554122,24276000
2017-11-09,51.925567626953125,52.08217608112281,51.33728202346956,51.93944451687545,35892000
2017-11-10,51.74863052368164,51.87154118891258,51.60341852628027,51.73475363506423,19442000
2017-11-13,51.60243225097656,51.97611760928071,51.506284688636356,51.58260758252644,18814000
2017-11-14,51.62424087524414,51.65695176890752,51.01414924507592,51.42996440819708,21012000
2017-11-15,51.36503219604492,51.52461641894433,51.085013970454625,51.295152418212815,18106000
2017-11-16,51.96273422241211,52.12578956238235,51.443836872626704,51.48100576143099,23768000
2017-11-17,51.33926010131836,52.088120557690495,51.23221143491921,52.0286503367472,26712000
2017-11-20,51.27830505371094,51.47852928321402,51.18017238080679,51.34471372069416,17526000
2017-11-21,52.05343246459961,52.05789424399179,51.500338191404104,51.54494086065001,22206000
2017-11-22,52.13371658325195,52.30767302575227,51.90226747222542,52.09604858168285,14538000
2017-11-24,52.361698150634766,52.53763971864151,52.133720136841156,52.25613547853203,16492000
2017-11-27,53.12938690185547,53.18043646068641,52.27496376950155,52.46329622089415,35430000
2017-11-28,52.69721984863281,53.525375168035886,52.26356518870659,53.227517395810125,36424000
2017-11-29,51.413108825683594,52.473208670871344,51.03000457792416,52.344845550400976,55866000
2017-11-30,51.3531379699707,51.74813776329169,51.05082218501505,51.53998442368206,45092000
2017-12-01,50.80302429199219,51.406173700528456,50.398114017266984,51.06767587995481,37762000
2017-12-04,50.14881896972656,51.113765713436614,50.01748384877724,50.938319475973366,38778000
2017-12-05,50.53192138671875,51.37841542120458,49.675516908877654,50.10520514712618,38998000
2017-12-06,51.182159423828125,51.5221432259628,50.31930802310826,50.3792773619489,28710000
2017-12-07,51.76945114135742,51.985038270016375,51.312999769631546,51.34818732784854,30866000
2017-12-08,52.00783157348633,52.35673510892893,51.8333760245966,52.12826178788959,31170000
2017-12-11,52.136192321777344,52.33592120588788,51.747144110520345,52.09357099010315,23254000
2017-12-12,51.977603912353516,52.658070630733576,51.78431812029657,52.03856391743083,33882000
2017-12-13,52.107452392578125,52.31015329271311,51.869064820762155,52.14164928372909,27680000
2017-12-14,52.408782958984375,52.885059003392506,52.21698316259979,52.310654061679834,30962000
2017-12-15,53.1288948059082,53.28996882184345,52.53863164640709,52.7215078824856,63760000
2017-12-18,53.777645111083984,53.847029561276564,53.0481139366286,53.34943907124969,30292000
2017-12-19,53.51447296142578,53.77169452802481,53.142273615457626,53.67505163592749,26350000
2017-12-20,53.20621109008789,53.58633955901612,52.960389739453646,53.570976669893696,28728000
2017-12-21,53.071895599365234,53.40246425930516,52.98020982451567,53.296901595899925,25640000
2017-12-22,52.97327423095703,53.11501512261684,52.912809561519595,53.0297724543786,17788000
2017-12-26,52.824092864990234,52.97327130734269,52.46676109458915,52.96236641727744,18376000
2017-12-27,52.5440788269043,52.94403574205219,52.45387904424233,52.86126973732832,22324000
2017-12-28,52.33345413208008,52.77404731349402,52.20608166562187,52.64568418069929,19884000
2017-12-29,52.207069396972656,52.43752786701146,52.172377171298635,52.31065452202332,23606000
2018-01-02,53.188865661621094,53.32614856646089,52.188239770212455,52.188239770212455,31766000
2018-01-03,54.096317291259766,54.32330464034864,53.19976811908015,53.22454611875664,31318000
2018-01-04,54.30645751953125,54.71880159046256,54.23211973173727,54.37237464336709,26052000
2018-01-05,55.02656936645508,55.189624716090684,54.60580088310627,54.68757622449183,30250000
2018-01-08,55.22084426879883,55.466170286027186,55.01219558957566,55.06175536990907,24644000
2018-01-09,55.15047073364258,55.43048898324234,54.92298804577905,55.43048898324234,26808000
2018-01-10,55.01913070678711,55.149970485161695,54.713839150969285,54.86350914916023,20734000
2018-01-11,55.113792419433594,55.252561308833975,54.837740639911694,55.12667864218772,22424000
2018-01-12,56.035621643066406,56.06783342050424,54.91357113017225,55.01715246966422,38586000
2018-01-16,56.03809356689453,56.93910443488251,55.83786934969371,56.51436955500882,36462000
2018-01-17,56.454402923583984,56.465304032249215,55.680760732345256,56.318606039573176,27830000
2018-01-18,56.299278259277344,56.528246921584206,55.72883604525269,56.46679158893664,27498000
2018-01-19,56.67247009277344,56.68634698184861,56.1273049728908,56.4013754227098,30552000
2018-01-22,57.69639587402344,57.83120210982273,56.589212884694064,56.68833622900795,29550000
2018-01-23,58.2916145324707,58.40758676246016,57.84953539447559,58.01655340402417,39138000
2018-01-24,58.04975891113281,58.83083495210644,57.85696845704402,58.72824427996772,37128000
2018-01-25,58.587486267089844,58.72923093256369,58.07701338802162,58.5166158249372,29984000
2018-01-26,58.856109619140625,58.856109619140625,57.88819466183439,58.8546236197648,42170000
2018-01-29,58.802581787109375,59.373519332145875,58.68264312073924,58.87791400810849,31494000
2018-01-30,58.3510856628418,58.87444478078804,58.20934099291107,58.368433664699566,37338000
2018-01-31,58.591461181640625,58.79466120894524,58.08990800669046,58.67026074563445,36022000
2018-02-01,58.56023025512695,58.85065804242788,57.954105130048816,58.282692471951954,73514000
2018-02-02,55.4681510925293,56.06783312556541,55.07017929193355,55.87553800351339,117842000
2018-02-05,52.652618408203125,55.259503727550815,52.372603943799035,54.54682144708613,83550000
2018-02-06,53.744930267333984,53.891132935122144,51.047845342146786,51.24460223505075,76630000
2018-02-07,52.30668258666992,53.84900613964487,52.26752858567198,53.77169258499447,51942000
2018-02-08,49.942649841308594,52.72894022549498,49.79347138693803,52.52772532550437,66792000
2018-02-09,51.853702545166016,52.12380656455772,49.41185391718766,50.84316246892013,98360000
2018-02-12,52.264564514160156,52.81022503960695,51.815051558812875,52.3691365292094,56240000
2018-02-13,52.243743896484375,52.59463258044314,51.885916767767974,52.038562552436076,31586000
2018-02-14,53.1635856628418,53.30086856023521,52.02865270819885,52.2526642754772,41304000
2018-02-15,54.088382720947266,54.2241796064296,52.892486091507614,53.69635873328125,37396000
2018-02-16,54.29357147216797,54.928441093507054,54.09780522751951,54.18850034754381,39948000
2018-02-20,54.694515228271484,55.32393240316555,54.0209869356843,54.1577745058597,33754000
2018-02-21,55.19804763793945,56.310683045823986,54.88878961731304,54.96759295771181,41486000
2018-02-22,55.00723648071289,55.7783982807117,54.77182469679677,55.466663605995095,28010000
2018-02-23,55.90874481201172,55.9538465942948,54.9348820824928,55.441388558492996,25292000
2018-02-26,56.68238830566406,56.707166305802616,55.97069668563071,56.095588696095604,30912000
2018-02-27,55.3843994140625,56.70965005347081,55.34871652059115,56.68239160491353,42964000
2018-02-28,54.71086883544922,55.88694095900497,54.66527549946076,55.606922706395785,49292000
2018-03-01,53.09965896606445,55.07514217203214,52.895468265487246,54.989404159817994,55338000
2018-03-02,53.730552673339844,53.86684488441811,52.04400793079787,52.43404678360286,50162000
2018-03-05,54.25688934326172,54.57506712555628,53.142272657867274,53.43270044320101,28648000
2018-03-06,54.56119155883789,54.79561646049672,54.24400443505079,54.62066556248626,23382000
2018-03-07,55.26198196411133,55.31947463918113,54.01652538501281,54.16074673407645,30748000
2018-03-08,55.972679138183594,56.07477069501771,55.36903066846734,55.36903066846734,33862000
2018-03-09,57.53185272216797,57.53978183323075,56.216021089643974,56.47422954756245,42662000
2018-03-12,57.784114837646484,58.39023995967436,57.45057038524554,57.74049905681797,44306000
2018-03-13,56.494544982910156,58.38230849964393,56.22989343467373,58.07651783772576,43140000
2018-03-14,56.939598083496094,57.47832005395603,56.61547254547331,56.78645698136872,41870000
2018-03-15,57.02484893798828,57.61412521487739,56.28392131753864,56.97330782386672,33382000
2018-03-16,56.22246551513672,57.332125161283194,56.070810391656835,57.259768712621806,58656000
2018-03-19,54.52006149291992,55.47657622148134,53.967458786173076,55.396785995831834,63656000
2018-03-20,54.308433532714844,54.791647978247894,53.64531108359431,54.437288197411235,54598000
2018-03-21,54.2192268371582,54.947767317272806,53.88271037610836,54.14835639030033,44898000
2018-03-22,52.19468307495117,53.71965880936903,52.02072282964644,53.525877675810605,69312000
2018-03-23,50.876365661621094,52.87018724864738,50.793104327347784,52.106459236876645,49880000
2018-03-26,52.24126434326172,52.497990584854186,50.084886423756394,52.068298554475845,65984000
2018-03-27,49.90449523925781,52.75918368632202,49.44259135369218,52.72746345534428,60816000
2018-03-28,49.817256927490234,50.79905250697186,48.76756668270334,49.655196036702556,77698000
2018-03-29,51.40121078491211,51.94191790581363,49.76075831645837,50.116108767613646,69338000
2018-04-02,50.186485290527344,51.51966490505734,49.27556391877928,50.92939798969693,65068000
2018-04-03,50.48632049560547,50.79954493103003,49.424239421785515,50.360933167288586,51322000
2018-04-04,51.03298568725586,51.18315482422608,49.38757585533278,49.47281853502198,50724000
2018-04-05,51.178192138671875,51.87550773444825,50.74998989182345,51.85964951231871,35836000
2018-04-06,50.05366516113281,51.344715018516325,49.8702898150022,50.70538364441479,40134000
2018-04-09,50.556209564208984,51.77044120931999,50.512098447787814,50.553729117408686,33220000
2018-04-10,51.3694953918457,51.60292584492983,50.324263131758265,51.06023738055069,36620000
2018-04-11,50.80252456665039,51.33827462945518,50.51210053356448,51.14647482893592,34060000
2018-04-12,51.40864562988281,51.77341119861868,50.85158872405354,51.120206733658335,32896000
2018-04-13,51.34669494628906,52.18625053198667,51.05478493722999,51.88443007962059,25410000
2018-04-16,51.84528350830078,52.10943977656005,51.241634954708374,51.81802505883854,29776000
2018-04-17,53.4936637878418,53.7731867199222,52.38995184593481,52.593647211157716,54584000
2018-04-18,53.296905517578125,53.62449842197895,53.055545949331936,53.4763144158446,31126000
2018-04-19,53.99372482299805,54.3931826149773,52.981203453718166,52.981203453718166,39884000
2018-04-20,53.39256286621094,54.25640121580017,53.13385527059645,53.73700847308761,42434000
2018-04-23,53.218597412109375,53.92186456234119,52.86523206167622,53.67306743548572,69590000
2018-04-24,50.68259048461914,52.7566978691135,50.19788997744447,52.49452294582918,128220000
2018-04-25,50.69993591308594,51.348187076453996,50.4035603301651,51.03496260478963,57860000
2018-04-26,51.707008361816406,52.13868176036412,50.57405285850318,51.206941175096134,50926000
2018-04-27,51.11921691894531,52.122818602319434,50.92791623072944,51.817527009281854,40746000
2018-04-30,50.48136901855469,51.46217013051558,50.467492129684615,51.26640768706322,34492000
2018-05-01,51.58012771606445,51.62869683090459,50.08637315111999,50.36837272953787,35326000
2018-05-02,50.85158920288086,51.740209242965754,50.70835852904967,51.24559455331797,34698000
2018-05-03,50.863975524902344,51.08154775498181,49.951568166064874,50.817886859212855,39282000
2018-05-04,52.0881233215332,52.13173910453042,50.45510454455853,50.53241810458835,36892000
2018-05-07,52.50740432739258,52.78197011656023,52.05194364303157,52.23135253889775,34400000
2018-05-08,52.46428298950195,52.793365640720836,52.119837450932415,52.76313141791605,26030000
2018-05-09,53.96894454956055,54.21922767879466,52.63874068783747,52.73736869640259,47160000
2018-05-10,54.78768539428711,54.98295629979746,54.21328046432782,54.268788023782,36414000
2018-05-11,54.68410110473633,54.963128667508,54.37880954420044,54.53690776972839,30504000
2018-05-14,54.84368896484375,55.41611252991021,54.75447985203023,54.79263940641136,39338000
2018-05-15,53.76674270629883,54.47298191269587,53.46491844341866,54.36295745356396,35738000
2018-05-16,53.72807693481445,54.23805827169057,53.60616071489885,53.77764049312645,25628000
2018-05-17,53.587825775146484,54.07054491983229,53.347952202175854,53.59773999996606,25738000
2018-05-18,53.011932373046875,53.21463706086121,52.76611479652991,52.83153280104177,35482000
2018-05-21,53.72411346435547,54.18453123601435,53.42625569170418,53.475815468104265,25180000
2018-05-22,53.29293441772461,54.110188613209,53.14177464492723,54.0110690623645,22226000
2018-05-23,53.82075881958008,53.921863490513566,52.879107900126776,53.0297723497328,23740000
2018-05-24,53.79548645019531,53.87825246003901,53.143767929904314,53.867351349600916,20604000
2018-05-25,53.727577209472656,53.99966630018111,53.654230106517325,53.849992533639,22224000
2018-05-29,52.934120178222656,53.59179020131426,52.68681283654335,53.327134857439034,36076000
2018-05-30,53.39999008178711,53.47532230619452,52.85878762173306,53.20224252007157,28686000
2018-05-31,54.51658630371094,55.01219163374467,53.426256090104154,53.624495197182775,79368000
2018-06-01,56.25121307373047,56.4078253183441,55.11181447089963,55.15443959061594,63202000
2018-06-04,57.14528274536133,57.384165656018176,56.35032978563712,56.424671348332794,44754000
2018-06-05,57.045169830322266,57.544741662553,56.86873670263085,57.2255731854858,32964000
2018-06-06,56.84346008300781,57.22805034982828,56.316633579883025,57.13190278312317,34934000
2018-06-07,56.22246551513672,56.78993200477697,55.81111214714587,56.726000000493585,36108000
2018-06-08,56.13772201538086,56.43855183609698,55.667885275401936,56.06338044794622,27284000
2018-06-11,56.54361343383789,56.88261034187652,56.07278985658362,56.149112748911456,24796000
2018-06-12,56.904911041259766,56.93266481997874,56.54956058210027,56.54956058210027,26092000
2018-06-13,56.708648681640625,57.27413758686546,56.66652268104479,57.10761113571733,34302000
2018-06-14,57.495670318603516,57.78708498011049,57.02434765664887,57.104141656931496,35422000
2018-06-15,57.45404052734375,57.68399985962195,57.17749341643458,57.48625230286175,44438000
2018-06-18,58.65885925292969,58.68611769860797,57.0441754086609,57.12793207813234,33038000
2018-06-19,58.416507720947266,58.62069461126461,57.57001370560989,57.991277490301755,47282000
2018-06-20,58.68313980102539,59.5464864732717,58.58203891404472,58.64498024715416,51686000
2018-06-21,57.95807647705078,58.99339458739678,57.662695333764326,58.754515452893465,44966000
2018-06-22,57.95063781738281,58.23362804592787,57.47287202628179,58.05967159828559,34220000
2018-06-25,56.46332550048828,57.29148083846557,55.50284060341305,57.24241639411734,57682000
2018-06-26,56.13325119018555,56.839486514085834,55.953842303393166,56.704188739949835,34688000
2018-06-27,55.35614013671875,56.80677786070999,55.344244580689065,56.30076298923112,34538000
2018-06-28,55.84382247924805,56.20164961626298,54.81742418325818,55.13064487084305,29726000
2018-06-29,55.9632682800293,56.56642150321619,55.85572426238906,56.11789919914178,31562000
2018-07-02,56.603580474853516,56.64719625524921,54.843688462348,55.27734313265763,23216000
2018-07-03,55.32343292236328,56.990153192018866,55.23174714303591,56.96587052644478,16448000
2018-07-05,56.56294631958008,56.70419567032475,55.66243066280072,55.73578156105257,28594000
2018-07-06,57.24638748168945,57.301895041910846,56.3622254020404,56.58673608975874,21820000
2018-07-09,57.851016998291016,57.883232554498356,57.35293500621075,57.490217893443116,21584000
2018-07-10,57.84407424926758,58.15928000005394,57.617086935797936,57.98532357181712,21334000
2018-07-11,58.05818176269531,58.503232852715584,57.260752240428694,57.273139348302024,33252000
2018-07-12,59.535091400146484,59.57126962478235,58.139465717153676,58.22669350395603,44148000
2018-07-13,59.691707611083984,59.9900607679534,59.23921887235507,59.61141826398349,32612000
2018-07-16,59.29967498779297,59.904314107248204,59.145539428186986,59.661464768340004,26784000
2018-07-17,60.12089538574219,60.40239962833497,58.580553053225884,58.61723039144601,40162000
2018-07-18,60.112464904785156,60.542648446049114,59.69863491732243,59.89538802068597,38948000
2018-07-19,59.428035736083984,60.28939726800395,59.36013729300515,59.802216391462835,38338000
2018-07-20,59.36758041381836,60.00641649782446,59.30364462528399,59.43498353442949,37938000
2018-07-23,60.0178108215332,60.22101084249666,59.07665517549802,59.25755386181982,65446000
2018-07-24,62.354591369628906,63.18968521524455,61.66024775633295,62.99144230931588,107600000
2018-07-25,63.236270904541016,63.35025801938801,61.90358661511062,62.08051884708287,51104000
2018-07-26,63.7100715637207,63.80423779360714,62.59495948581079,62.80212216662584,54686000
2018-07-27,62.093902587890625,64.00445919209274,61.67759210645797,63.88948140697358,48362000
2018-07-30,60.961448669433594,62.09390888166624,60.6705292828928,61.70535214086744,43896000
2018-07-31,60.82168197631836,61.515034913991315,60.27503082888282,61.04420754612253,39382000
2018-08-01,61.10764694213867,61.74746986091492,60.70868447690941,61.41095717984236,36994000
2018-08-02,61.51106262207031,61.67362261914477,60.367701541046735,60.38950753990997,34704000
2018-08-03,61.36387252807617,61.77819787182049,60.93071318293383,61.71178542440933,21264000
2018-08-06,61.3395881652832,61.57698507031156,60.98572747853054,61.53485906816259,22114000
2018-08-07,62.2401008605957,62.74760175742546,62.03987663590284,62.05028241208842,42506000
2018-08-08,62.51219177246094,63.027122680520485,62.05573663959463,62.28371464888826,34344000
2018-08-09,62.66731643676758,63.03902046572219,62.451233976820184,62.58157843163508,27326000
2018-08-10,62.07506561279297,62.50574829674128,61.80991871592981,62.405634291518375,26602000
2018-08-13,61.88326644897461,62.74215137879093,61.80347622502818,62.01014356794544,27500000
2018-08-14,62.35409927368164,62.47552017672534,61.432272927249265,62.07457634588189,28080000
2018-08-15,61.069480895996094,62.04879601342514,60.77310911621707,61.667181567651326,37052000
2018-08-16,60.66506576538086,61.63843688187862,60.445512208710426,61.553685768140376,32176000
2018-08-17,60.258174896240234,60.8082971269196,59.670883777475254,60.56495623560335,33092000
2018-08-20,60.56049346923828,60.75675502616927,59.903817915973555,60.49656147030582,22218000
2018-08-21,60.33549118041992,61.096247227767634,60.21753761823671,60.613528088079974,23082000
2018-08-22,60.55058288574219,60.78748066122233,60.127829329789336,60.17738910670337,22296000
2018-08-23,60.52134323120117,61.21568682937405,60.43163878141544,60.45790656141297,24666000
2018-08-24,61.29399108886719,61.32620286432679,60.5342257537105,60.76121308703782,24454000
2018-08-27,62.261417388916016,62.34071606577263,61.48876952855175,61.660249325143624,28580000
2018-08-28,61.74549102783203,62.27578863216442,61.60226034730332,62.24307773941749,27330000
2018-08-29,62.676727294921875,62.80162307685738,62.08943617899373,62.1984699584098,36926000
2018-08-30,62.170719146728516,62.91660385525779,61.812396681776775,62.614779615086384,30104000
2018-08-31,61.04866409301758,62.07704363006448,60.748821207637796,62.06019474297571,42308000
2018-09-04,60.033164978027344,60.85389027267088,59.797753212772236,60.5887396177174,41458000
2018-09-05,59.428035736083984,60.209603268767296,58.25047398684112,59.92958505299374,53988000
2018-09-06,58.67918014526367,59.422588186507085,57.669135421665715,59.401772852100315,46854000
2018-09-07,58.361995697021484,58.90517953017783,57.94965165488326,58.08494944415617,32658000
2018-09-10,58.236602783203125,58.81150682548309,58.01605854552151,58.68958681588538,27670000
2018-09-11,58.97654342651367,59.02362654143486,57.785108455238316,58.04034491712475,29254000
2018-09-12,58.06512451171875,59.01123342912516,57.795512055893596,58.580550747320544,35716000
2018-09-13,58.587486267089844,58.87097559803753,57.94716427880943,58.466560715658176,40068000
2018-09-14,58.381324768066406,58.87792462901308,58.160285177163594,58.87792462901308,24176000
2018-09-17,57.48180389404297,58.57163896517963,57.41390543771375,58.37091937639642,34096000
2018-09-18,57.84260559082031,58.54735885337311,57.561101308588405,57.622061321995474,32314000
2018-09-19,58.197444915771484,58.29656446395933,57.421821406170636,57.93427937696299,25962000
2018-09-20,59.054847717285156,59.1752817274835,58.29558144257327,58.51463968083364,29244000
2018-09-21,58.09090042114258,59.3031508326496,58.08792842214243,59.22088015294838,91222000
2018-09-24,58.459625244140625,58.738649029218344,57.068956754362944,57.46098076733555,31150000
2018-09-25,59.16982650756836,59.31701984307357,58.18852626069421,58.69206449767602,33152000
2018-09-26,59.178253173828125,59.83146143635009,58.749060259885425,59.159918286069484,37650000
2018-09-27,59.837406158447266,60.30822971739005,59.37599770946262,59.47264059918955,36274000
2018-09-28,59.82353210449219,59.89143055329956,59.365095632347476,59.67534431659836,35612000
2018-10-01,59.89539337158203,60.67200764101724,59.630741801659894,60.116932054313466,33164000
2018-10-02,59.851280212402344,60.6878637383328,59.455788895364165,59.80320643636311,40180000
2018-10-03,60.044071197509766,60.17540630465015,59.57919165347561,60.06736319555159,26246000
2018-10-04,58.336219787597656,59.76504784574882,57.68103020510518,59.72193117816361,46576000
2018-10-05,57.87828063964844,58.58055335984854,57.20871881167546,58.28319089338021,31852000
2018-10-08,57.28801345825195,58.27624835118113,56.27103034013294,57.49021901375333,46190000
2018-10-09,56.75523376464844,57.567035523394885,56.70567398872392,57.059534645616864,33690000
2018-10-10,54.12803649902344,56.35132216631771,54.0958209407641,56.32059260740062,58980000
2018-10-11,54.057655334472656,55.31253068053545,53.32168110589757,53.477797997161574,67696000
2018-10-12,55.53456497192383,55.79673988188645,54.270274423304,55.48995852207989,49370000
2018-10-15,54.637516021728516,55.5970064651996,54.42836824178441,55.408677799683794,30074000
2018-10-16,56.15605545043945,56.31911080517514,55.09893132049518,55.184669329646496,38378000
2018-10-17,55.88396453857422,56.84593167168672,55.21043629864681,56.49900944196669,35652000
2018-10-18,54.41300964355469,56.119874667752995,53.839595376943095,56.00340710270076,46152000
2018-10-19,54.7733154296875,55.55488685474241,54.369399607612905,54.700463645484554,41286000
2018-10-22,55.08009338378906,55.59155696560373,54.516589575483515,55.136591608320536,27116000
2018-10-23,55.25553512573242,55.40868002337412,53.47631372196218,54.084915522979806,37686000
2018-10-24,52.39142990112305,55.34028389764265,52.28933456741099,55.25999456332015,49286000
2018-10-25,54.694515228271484,55.399759966530695,53.304837305994695,53.54024910750814,72956000
2018-10-26,53.71122741699219,55.35911361997111,51.653473883582606,51.955793436127905,106438000
2018-10-29,51.281768798828125,54.95420601595527,49.91736817667203,54.34510514487388,81290000
2018-10-30,52.01427459716797,52.08316370963362,50.25289656485234,50.55224034697912,59768000
2018-10-31,54.04972839355469,54.913075103966314,52.940564118102536,52.940564118102536,70916000
2018-11-01,53.82175064086914,54.51163245458862,53.41733572962472,54.09036865507806,40132000
2018-11-02,53.10361862182617,54.41746888733465,52.91380016975293,53.97142331655281,43438000
2018-11-05,52.32254409790039,53.195801263045176,51.24559536671138,53.15516126022647,45358000
2018-11-06,53.008460998535156,53.516457231001695,52.21747453889714,52.287354317475426,28660000
2018-11-07,54.92496871948242,55.008725392439125,53.55462016307726,53.69834617525537,43388000
2018-11-08,54.25044250488281,54.92397069251891,53.74145564233035,54.8783773636776,33694000
2018-11-09,53.377689361572266,53.939208047606066,52.74529644823808,53.72461159561041,34860000
2018-11-12,52.00684356689453,53.23297454810507,51.560306426195,53.18490076676925,34002000
2018-11-13,51.937950134277344,52.86473345935463,51.56277880648928,52.276947022249765,25750000
2018-11-14,52.26554489135742,52.82111953304196,51.59796447805078,52.53416287872512,34666000
2018-11-15,53.08181381225586,53.469376054780525,51.606889506378266,52.11092309230952,41584000
2018-11-16,52.944034576416016,53.15070191711665,52.28140743892691,52.79337012616156,35366000
2018-11-19,50.91948699951172,52.93065677293835,50.69398942241821,52.70217963465381,45684000
2018-11-20,51.06966018676758,51.411629140494796,49.67007170473233,49.92183708304915,54458000
2018-11-21,51.712955474853516,52.271997550112076,51.51619855780873,51.80612726347871,29698000
2018-11-23,51.052310943603516,51.69164233367512,50.97400293458793,51.22081495682277,14178000
2018-11-26,52.33295822143555,52.38549000487606,51.531562100402205,51.74120524450901,31558000
2018-11-27,52.15156555175781,52.869205012955895,51.81554816250305,52.10498154622568,33048000
2018-11-28,54.10969543457031,54.16272632477953,51.68915764114635,52.408282980563826,46042000
2018-11-29,54.24797821044922,54.524030036439406,53.62450498821442,53.700332557055866,31004000
2018-11-30,54.99484634399414,54.99484634399414,53.68298117891005,54.30001120644811,59668000
2018-12-03,55.32740020751953,56.25120780292768,55.09793241741592,56.1104575760452,57532000
2018-12-04,52.656585693359375,55.222335716900645,52.57282901926797,55.16038504432092,45630000
2018-12-06,53.43022537231445,53.49663782573573,51.665871388846796,51.79076340299534,47436000
2018-12-07,51.86906051635742,53.7746635898791,51.51172874543162,53.14028938089352,42682000
2018-12-10,52.19615936279297,52.51433711831464,51.19602898692248,51.68865850726927,33652000
2018-12-11,52.615936279296875,53.049590909799974,52.0435127720197,52.87811114602394,33852000
2018-12-12,53.214637756347656,54.10672518413741,53.12740996802285,53.38066510723212,28960000
2018-12-13,53.20521545410156,53.94267948952978,52.78147499288261,53.31078190544962,24986000
2018-12-14,52.12331008911133,53.11501614131917,52.00733786023985,52.5351587781306,36358000
2018-12-17,50.83176803588867,52.652124909165806,50.38473176235824,51.89037815425454,49932000
2018-12-18,51.71195602416992,52.5188006627195,51.071134931743245,51.24559048360209,43640000
2018-12-19,51.31794738769531,53.31275956092113,50.52349363111152,51.904247816942984,58264000
2018-12-20,50.72917175292969,51.91168686932925,49.950080861645134,50.8491066408457,53674000
2018-12-21,49.12687683105469,51.42747585544502,48.6282995178154,51.14845208991037,104656000
2018-12-24,48.80077362060547,50.16120789199509,48.45335227237143,48.78342561832322,36360000
2018-12-26,51.932003021240234,51.96173812917805,49.19625965591018,49.46091497252919,46318000
2018-12-27,52.182289123535156,52.20409512427059,49.907458541178066,50.85902371181773,45996000
2018-12-28,51.874019622802734,52.74380563761929,51.64207517305085,52.50938452237577,34398000
2018-12-31,51.788780212402344,52.68235739680241,51.19801794154297,52.42662181757519,33110000
2019-01-02,52.27051544189453,52.573330394515295,50.813434245386844,50.90859115489118,31868000
2019-01-03,50.822837829589844,52.844413130736584,50.669201388757,52.07176536650582,41960000
2019-01-04,53.42972946166992,53.52538169442098,51.38733857674224,51.66983349554936,46022000
2019-01-07,53.323177337646484,53.65919471164255,52.66501191794435,53.573456702107286,47446000
2019-01-08,53.79152297973633,54.187014353029106,52.94800088966492,53.822744092306515,35414000
2019-01-09,53.607154846191406,54.10226487887618,53.246351931681716,53.92136997908412,26998000
2019-01-10,53.4673957824707,53.51596489702843,52.76611372955683,53.274605323618616,26598000
2019-01-11,52.755706787109375,53.196795286176545,52.35723962602877,53.024820153608665,30864000
2019-01-14,52.113399505615234,52.457349745213584,51.96670149930838,52.2040946206828,28490000
2019-01-15,53.848018646240234,53.93524643013607,52.258611888034565,52.43554412141433,37518000
2019-01-16,53.9966926574707,54.633547299465775,53.92235488547541,54.020979102512705,38280000
2019-01-17,54.47298049926758,54.5512847285975,53.68694730126995,53.92137221845554,24896000
2019-01-18,54.878379821777344,55.40867737331329,54.48090337937602,54.942311820332534,44892000
2019-01-22,53.457481384277344,54.46554479169045,53.07388180032208,54.31834766794679,39632000
2019-01-23,53.743934631347656,54.16717970726836,52.909336253873256,53.86535550844567,25194000
2019-01-24,53.72362518310547,53.921868095896,53.030767545217564,53.649778951310104,29114000
2019-01-25,54.591426849365234,54.68311263158913,54.11019370892404,54.23062393672968,23260000
2019-01-28,53.518436431884766,54.1879981946818,53.258242881114185,54.024451311803865,29334000
2019-01-29,53.032745361328125,53.759799844010175,52.83252112922512,53.57691983324791,19704000
2019-01-30,54.41697311401367,54.492800671374724,53.358854642668284,53.39453753180842,29452000
2019-01-31,55.79970932006836,55.8879277682799,54.776782174572446,55.12320907469218,40232000
2019-02-01,55.43940734863281,56.2214740701124,55.22282955760962,55.62129291519569,33116000
2019-02-04,56.56938552856445,56.6149826428997,55.38439370064637,55.45873526005803,78408000
2019-02-05,57.0872917175293,57.13189816525388,55.68621744950641,55.98506590270298,82296000
2019-02-06,55.651031494140625,57.19285981317814,55.42652081207824,56.95843868754115,48256000
2019-02-07,54.80949401855469,55.11081914301035,54.198907096289624,55.102394698878804,38298000
2019-02-08,54.63454818725586,54.769354430542876,54.231127686055984,54.26284413306292,21766000
2019-02-11,54.62166213989258,55.18219400313777,54.516594791795235,54.70244681949454,18498000
2019-02-12,55.88346862792969,56.14514818740517,55.06224794643094,55.06224794643094,35036000
2019-02-13,55.935508728027344,56.64026189800341,55.8051642728651,56.154071635364986,28042000
2019-02-14,55.96375274658203,56.30720763222761,55.363575420183565,55.75559941624185,21106000
2019-02-15,55.489463806152344,56.464321008850604,55.34524245929537,56.464321008850604,27826000
2019-02-19,55.830440521240234,55.98556297395831,55.341278267413735,55.341278267413735,21980000
2019-02-20,55.53703689575195,56.04949489564427,55.09892423297482,55.94789489522291,24090000
2019-02-21,54.72523880004883,55.465674848432876,54.41647611332852,55.44733617946482,33272000
2019-02-22,55.337318420410156,55.371515315710226,54.54137849807925,54.99733458130068,29436000
2019-02-25,55.37547302246094,55.775426143808744,55.21588879663741,55.603451028090085,26208000
2019-02-26,55.6074104309082,55.82696397975012,54.84863956722688,55.22876799867742,35026000
2019-02-27,55.651031494140625,55.791781723679335,54.940829672376765,55.21093368851873,22092000
2019-02-28,55.83241653442383,56.20114852474559,55.42899610423238,55.458235880285606,27422000
2019-03-01,56.9212646484375,56.99461554133449,56.05296461528738,56.05296461528738,34086000
2019-03-04,57.16411590576172,57.76379794864619,56.41227962663273,57.22061413135729,35490000
2019-03-05,57.945682525634766,58.30747610261752,57.144290260692664,57.291978933950915,40094000
2019-03-06,57.735050201416016,58.2207413179186,57.64137930979189,58.07305265058131,23602000
2019-03-07,57.0367431640625,57.66765009649561,56.583759132984696,57.51500430906147,30086000
2019-03-08,56.993125915527344,57.16559635548918,56.01331171546796,56.19668704545784,23694000
2019-03-11,58.444759368896484,58.47697114634712,57.07242572690145,57.09373639455161,30032000
2019-03-12,59.33634948730469,59.755631944132176,58.5954219125641,58.5954219125641,42220000
2019-03-13,59.42605972290039,59.82551755099398,59.36906616109986,59.76654265658658,25888000
2019-03-14,59.1024284362793,59.70558161435647,59.0380010971497,59.42407736112218,27302000
2019-03-15,58.991905212402344,59.55788568478085,58.82884986974462,59.373523455870405,51886000
2019-03-18,58.90517044067383,59.22235753473291,58.554777125552505,58.96166865920172,24442000
2019-03-19,59.594566345214844,59.6416494618808,58.950277830825264,59.06228361960449,29788000
2019-03-20,60.78253173828125,60.95896865152829,59.45232778710967,59.54203224319541,41508000
2019-03-21,61.26326370239258,61.278626591033266,60.29435433428484,60.46385278594522,28150000
2019-03-22,59.85177993774414,61.13936242847157,59.77000460105238,60.902464643554005,34422000
2019-03-25,59.34279251098633,59.94049319456507,58.977036279224706,59.45083562608239,27576000
2019-03-26,58.9691047668457,59.85177697646782,58.56865632835753,59.729856977123,30752000
2019-03-27,58.38280487060547,59.07219131168147,57.69985775966232,59.07219131168147,29428000
2019-03-28,58.098323822021484,58.34513581703844,57.660211167264166,58.25840715432888,22402000
2019-03-29,58.327301025390625,58.678189713004706,57.80641854885906,58.49035258830934,30890000
2019-04-01,59.42209243774414,59.48255332690599,58.79663796251399,58.855117519223015,27706000
2019-04-02,59.74721145629883,59.760593013316004,59.038495611031834,59.47512231772895,18288000
2019-04-03,60.00839614868164,60.49359197451504,59.72441523156577,60.102063267327715,22180000
2019-04-04,60.43659210205078,60.49110899110266,59.92066676957939,60.03217721312419,21022000
2019-04-05,60.04010772705078,60.48318129422552,59.96973261519408,60.429159736999175,20012000
2019-04-08,59.88300704956055,60.164012178438526,59.70557948026321,60.02326194743682,21750000
2019-04-09,59.60596466064453,59.82700424629346,59.39235885352696,59.56631910220037,19668000
2019-04-10,59.79230499267578,59.915710995430445,59.50535210028214,59.72490566065685,15510000
2019-04-11,59.94792938232422,60.104046282843015,59.697650033306594,59.91373249101701,16998000
2019-04-12,60.59915542602539,60.61501364805489,60.13130384563559,60.24677696021811,24312000
2019-04-15,60.78748321533203,60.924766109664986,60.194244304362236,60.66655387590557,23796000
2019-04-16,61.05412292480469,61.255833163732206,60.71364000416009,60.95946136008473,22622000
2019-04-17,61.46200180053711,61.70782314293728,61.10318401138425,61.30638023853066,30366000
2019-04-18,61.52791976928711,61.749454667918044,61.425824430606916,61.70286688717368,24750000
2019-04-22,62.13701629638672,62.165760741296786,61.12647625838535,61.29002693191078,19084000
2019-04-23,62.97111892700195,63.1614327114639,62.04830201170659,62.279751130770016,31868000
2019-04-24,62.44874954223633,63.140121109397725,62.43685776676012,62.97111799439468,23396000
2019-04-25,62.81005096435547,63.080650314186634,62.34715649072058,62.95674897281491,31344000
2019-04-26,63.30962371826172,63.38346995170677,62.69408341161792,63.1093994684094,27228000
2019-04-29,64.24036407470703,64.27853119264928,63.026627793364206,63.46275914712026,72368000
2019-04-30,59.42110061645508,59.52121083974043,58.6301141487377,59.008261271049264,133178000
2019-05-01,58.15037536621094,59.43548136673595,58.06909535153684,59.34874890597141,74340000
2019-05-02,57.812862396240234,58.45070777675976,57.40745681106529,58.11468664076694,45098000
2019-05-03,58.954734802246094,59.04642058122197,58.16176700539989,58.3530676741448,41588000
2019-05-06,59.14851760864258,59.246151168796715,58.04331599247697,58.08494666120773,31774000
2019-05-07,58.4249382019043,59.213444295720755,57.73802834006211,58.769383799124,36604000
2019-05-08,58.02449035644531,58.69306155571075,57.868373445785245,58.347126174016815,25520000
2019-05-09,57.88521957397461,58.18753915543784,57.22457751787143,57.61908199810237,29556000
2019-05-10,57.86886978149414,58.297072067168,56.814717624040306,57.92834379162575,31650000
2019-05-13,56.33000946044922,57.09225152322604,55.78038630759309,56.75871083102753,45626000
2019-05-14,55.748661041259766,56.7403670318664,55.68274392931907,56.61398903425303,40392000
2019-05-15,58.02547073364258,58.39717471698407,55.577179286726064,55.63417283877792,59302000
2019-05-16,58.7044563293457,59.18321282512615,57.909011804030314,58.077020486795625,35308000
2019-05-17,57.92536163330078,58.793166334191085,57.8083987397392,58.27476431465895,25362000
2019-05-20,56.7299690246582,57.14330374395183,56.406834094309716,57.14330374395183,30602000
2019-05-21,57.21466827392578,57.39110518272423,56.66305999382111,57.21664960649212,20562000
2019-05-22,57.2845458984375,57.67756059152762,57.04417699291759,57.056567883327986,18826000
2019-05-23,56.763668060302734,56.99709854002608,56.16002330553748,56.799850068247544,25214000
2019-05-24,56.43012619018555,57.21070317871385,56.33595995469446,57.09374027466447,18554000
2019-05-28,56.477203369140625,57.316263612047834,56.43309225495322,56.57236026093217,20948000
2019-05-29,55.504825592041016,56.25120559403535,55.108835144160835,56.13721470312618,36230000
2019-05-30,55.577674865722656,55.8448068555838,55.304595097862816,55.51522886848909,18088000
2019-05-31,54.83873748779297,55.180702637743735,54.68262057903494,54.79611614998246,31582000
2019-06-03,51.480506896972656,52.881085736108126,50.90015425131689,52.877618404602984,96890000
2019-06-04,52.26108932495117,52.456855563196314,51.34620148086811,51.76548395586114,60512000
2019-06-05,51.772918701171875,52.37607186834259,51.19603709595773,52.28636741585876,46988000
2019-06-06,51.927547454833984,52.038562570995836,51.32043164773946,51.85072922935905,29020000
2019-06-07,52.94898986816406,53.19976833285925,52.09555736130382,52.25068359643469,43828000
2019-06-10,53.662166595458984,54.26085796278407,53.29145324063986,53.37669591083266,28510000
2019-06-11,53.5769157409668,54.71532349175553,53.50406396703009,54.36740683242931,33508000
2019-06-12,53.48077392578125,53.6502685922045,53.00994658521202,53.52289992583973,23670000
2019-06-13,54.07103729248047,54.347584407336804,53.65274928851718,53.75880728879891,20814000
2019-06-14,53.83761215209961,54.25689464476395,53.598733016073176,54.00810128348329,24582000
2019-06-17,54.21377182006836,54.580023375204505,53.92186182122396,53.97637871042667,19770000
2019-06-18,54.77628707885742,55.447334881797815,54.555742847957134,55.08653575767853,34526000
2019-06-19,54.740108489990234,54.98394851690062,54.31983533605366,54.87541006056048,26714000
2019-06-20,55.17078399658203,55.642601984797146,54.86350733737669,55.59204776177893,24018000
2019-06-21,55.7739372253418,55.83340744385582,54.99831368876088,55.005252132998756,50774000
2019-06-24,55.34425354003906,55.68473647303607,55.17624485388787,55.507804227833795,24236000
2019-06-25,53.90104675292969,55.29468720373966,53.7533543057993,55.26396142736021,31644000
2019-06-26,53.541236877441406,54.2747344708787,53.21265330808006,54.070543792942544,34698000
2019-06-27,53.35836410522461,53.9446646161465,53.31970543283321,53.8599172741758,24078000
2019-06-28,53.664146423339844,53.664146423339844,53.21810085434756,53.38809463801861,33672000
2019-07-01,54.51658630371094,54.94231185694754,54.28513719286579,54.568127412824175,29196000
2019-07-02,55.14105224609375,55.15542446848692,54.50023489215925,54.75596667777286,20630000
2019-07-03,55.65599060058594,55.90379329168681,55.252566337255466,55.433461243031786,20154000
2019-07-05,56.13572692871094,56.2338558140835,55.38389450531626,55.476570945686234,29794000
2019-07-08,55.34871292114258,55.86513362949331,55.099424235047145,55.798721178484186,29888000
2019-07-09,55.72041702270508,55.8973492604674,54.87094717312913,55.02805474218913,29472000
2019-07-10,56.54411315917969,56.61498360685667,56.03611690591419,56.11838757766129,30710000
2019-07-11,56.70122528076172,57.15520004147847,56.475727681147646,56.8043113021625,26004000
2019-07-12,56.763668060302734,56.870720522308524,56.42765067938276,56.64422848804225,21878000
2019-07-15,57.019893646240234,57.02831809039802,56.49901117144503,56.763662740337104,21164000
2019-07-16,57.16609573364258,57.41984619018782,56.83255127205369,56.83255127205369,25352000
2019-07-17,56.83305740356445,57.412914834277814,56.82710962431831,57.04022010498681,19538000
2019-07-18,56.85782241821289,56.90391486096503,56.14514401769061,56.5981242104112,25450000
2019-07-19,56.080230712890625,57.07292755273275,56.065363155273,56.96092175625529,23184000
2019-07-22,56.45985794067383,56.50000261071285,55.76601345050147,56.27450126082239,28914000
2019-07-23,56.89797592163086,56.93812059273154,56.14465740616326,56.66999790009238,20648000
2019-07-24,56.485633850097656,56.76961477535129,55.92956377645878,56.13325913788211,27192000
2019-07-25,56.297794342041016,56.67693212783193,55.691669217875564,56.4469690096886,54762000
2019-07-26,61.713775634765625,62.86209020191099,60.8603430969985,60.8603430969985,121216000
2019-07-29,61.5462532043457,61.900612992105195,60.96936785698194,61.57896409483417,41382000
2019-07-30,60.86033630371094,61.30192007994235,60.727511412745,60.810772745558424,28616000
2019-07-31,60.3746452331543,61.20280061587695,59.87804920339233,60.70521391987625,39960000
2019-08-01,60.056461334228516,61.271683505149106,59.81955978633411,60.34638998868879,35426000
2019-08-02,59.29026412963867,59.94346862631582,58.97703965700888,59.62132815732613,34910000
2019-08-05,57.23002624511719,58.32680338022532,56.63530134579319,58.13301848461888,47840000
2019-08-06,58.03935241699219,58.55081599085133,57.56604839828649,57.763795962239634,36014000
2019-08-07,58.27873229980469,58.474990088824434,57.03624777151568,57.38118868283496,30686000
2019-08-08,59.77942657470703,59.783884572900526,58.18407198963662,58.80010759750834,30116000
2019-08-09,58.92251968383789,59.693681486456704,58.72378145475183,59.47214659102437,20418000
2019-08-12,58.2088508605957,58.75946847267966,57.92239327773425,58.48143533436757,22064000
2019-08-13,59.310585021972656,59.74176309363939,58.13402127733637,58.20142061899589,28434000
2019-08-14,57.70085144042969,58.619701867209486,57.5432485539342,58.28665654098117,35430000
2019-08-15,57.95212936401367,58.30400873895716,57.63890866165507,57.908022026797056,28506000
2019-08-16,58.4422721862793,58.671739953956155,58.134503983038776,58.5205801841798,24916000
2019-08-19,59.494449615478516,59.93801853322621,58.99686291954529,59.06773336729353,24450000
2019-08-20,58.65637969970703,59.373523742290665,58.63259236659922,59.242188624158935,20206000
2019-08-21,59.05534362792969,59.50039855370916,58.87395339234102,59.26548209084223,14152000
2019-08-22,59.052371978759766,59.41218045329354,58.42741281307858,59.165368431532706,17352000
2019-08-23,57.17203903198242,59.258041630706764,56.99461148143239,58.737654535148025,36254000
2019-08-26,58.044307708740234,58.07800926706083,57.23498631942803,57.46296433534002,21166000
2019-08-27,58.02647018432617,58.729238258896096,57.7162214848398,58.6301186941335,23460000
2019-08-28,58.17167663574219,58.40708841541455,57.50261018466387,57.731578852937695,16810000
2019-08-29,59.18717956542969,59.43250181222735,58.74311529313986,58.79961352081635,19636000
2019-08-30,59.0033073425293,59.489992939484985,58.76491976593899,59.489992939484985,18064000
2019-09-03,57.963523864746094,58.93143877153899,57.67409052559713,58.573116319883106,25908000
2019-09-04,58.59392547607422,58.72327924359154,58.061646633420594,58.45416593339737,21312000
2019-09-05,60.0767822265625,60.166486668581044,59.1103495828278,59.15842335941791,26394000
2019-09-06,59.785865783691406,60.11444934410257,59.63420688812718,59.92562534134293,18972000
2019-09-09,59.73382568359375,60.491110590952744,59.13414366933151,59.823530130124,31854000
2019-09-10,59.75513458251953,59.96824502600746,59.27489213974957,59.2788585856114,27922000
2019-09-11,60.4638557434082,60.58627108775235,59.58564144603767,59.665435454120896,23522000
2019-09-12,61.20577621459961,61.5749997893835,60.59072751009033,60.6358292920011,31644000
2019-09-13,61.45655059814453,61.50710482527738,60.814742564855344,61.06403124403574,23676000
2019-09-16,61.04024124145508,61.40649279974879,60.721069014089025,60.981262572769054,28218000
2019-09-17,60.95351028442383,61.20726073791632,60.629880051304234,61.04024273315963,20806000
2019-09-18,61.090797424316406,61.26872033210829,60.288909787571,60.971357857610855,17440000
2019-09-19,61.39310836791992,61.67015080115012,61.07393993667396,61.074435269744605,16554000
2019-09-20,60.95153045654297,61.59383382640864,60.64128177196339,61.13985913301072,37692000
2019-09-23,61.19190216064453,61.43920952001521,60.65119499162064,60.78946856129921,20798000
2019-09-24,60.38108825683594,61.807439674243646,59.99996912431239,61.45506498727683,35804000
2019-09-25,61.74945068359375,61.85253668184716,59.92859493650378,60.26610204152155,26798000
2019-09-26,61.56855392456055,61.6865112623852,61.04965658565963,61.56112014695562,23166000
2019-09-27,60.75873565673828,61.70236786641997,60.22595766161573,61.595315421845264,34122000
2019-09-30,60.52035140991211,60.83109542237174,60.137746284839075,60.493588297306076,24470000
2019-10-01,59.7700080871582,61.10120643713175,59.74770675253301,60.58726238746662,24504000
2019-10-02,58.37834167480469,59.41118297863368,58.11616679366222,59.29917720496014,33030000
2019-10-03,58.948787689208984,59.02659657988289,57.64584230969986,58.64696345554862,28368000
2019-10-04,60.015830993652344,60.090172558823994,59.02511554096325,59.189656894404564,24282000
2019-10-07,59.88151550292969,60.409831749067685,59.68872505009201,59.81956483355725,17040000
2019-10-08,58.98348617553711,59.813127625197026,58.95127061430992,59.41168845801766,20086000
2019-10-09,59.59158706665039,59.89192530446098,59.37946727812041,59.5385599553945,15948000
2019-10-10,59.941978454589844,60.24677468043726,59.36658289240566,59.40325644739945,12842000
2019-10-11,60.25123977661133,60.89750960004905,60.14864910243124,60.66358380582727,22330000
2019-10-14,60.35334014892578,60.755274653708724,60.06143010552229,60.16104500809434,13296000
2019-10-15,61.56608200073242,61.80843224412297,60.509453240407424,60.53819768684944,27584000
2019-10-16,61.60374450683594,62.158324727681624,61.38220583718285,61.54476583864599,22986000
2019-10-17,62.08944320678711,62.632131718653895,61.94423118921701,62.020058754063136,20958000
2019-10-18,61.67362594604492,62.352602851732314,61.46200149482025,62.18310818244635,31624000
2019-10-21,61.66718292236328,62.124624934248146,61.45456780462975,61.88624115161413,18094000
2019-10-22,61.51453399658203,61.887723987732535,61.447626219310095,61.67709021317982,22862000
2019-10-23,62.328819274902344,62.34913927685717,61.46547631131117,61.46547631131117,21282000
2019-10-24,62.402164459228516,62.58999779095672,62.06713401479301,62.402164459228516,20224000
2019-10-25,62.65938949584961,62.84276485103948,61.90854763384837,62.04979320353552,27104000
2019-10-28,63.882537841796875,64.3910294301529,63.056367570459585,63.18968402214204,65428000
2019-10-29,62.478981018066406,63.477130099249145,62.228697912282804,63.23923788266141,52654000
2019-10-30,62.48097610473633,62.84376039695666,61.982894011231636,62.20591494117837,29204000
2019-10-31,62.38679885864258,62.769407754215464,61.92489507485113,62.446272860682996,31904000
2019-11-01,63.05339050292969,63.090563173237854,62.43190247703901,62.733726712824655,28812000
2019-11-04,63.91375732421875,64.05698798852949,63.24469089449877,63.24469089449877,30632000
2019-11-05,64.00445556640625,64.29190757525862,63.9023640108169,63.99256000959573,25148000
2019-11-06,63.9831428527832,64.08127174040926,63.549987302116946,63.937549521749176,24626000
2019-11-07,64.77265167236328,65.55124732510535,64.11894803478323,64.14521203530747,45140000
2019-11-08,64.8747329711914,65.27667118223397,64.50401964958242,64.50401964958242,30392000
2019-11-11,64.34346008300781,64.67155213215511,64.22402051116887,64.62694189825123,17234000
2019-11-12,64.2904281616211,64.89209538858405,64.14323480173866,64.35783128619119,28852000
2019-11-13,64.23937225341797,64.5535873756661,64.03964335826284,64.09068913624539,20538000
2019-11-14,64.8821792602539,65.20779842918083,64.12836536368101,64.18090092888458,28948000
2019-11-15,66.09095764160156,66.09095764160156,65.01796782618717,65.17458383535813,39286000
2019-11-18,65.41197204589844,66.10978672468397,65.22959115607703,66.03147872144557,27984000
2019-11-19,65.05267333984375,65.74849923759137,65.01203333229586,65.74849923759137,21864000
2019-11-20,64.52088928222656,65.08339870952443,63.89394873060489,64.99171291711811,28892000
2019-11-21,64.43563842773438,64.97980911504798,63.970259735627984,64.39152731265196,25546000
2019-11-22,64.11497497558594,64.77065983947482,63.90136920577825,64.57737406908203,27776000
2019-11-25,64.70820617675781,64.94461237831348,64.21111867345796,64.24333422697919,23590000
2019-11-26,65.0729751586914,65.12303026378767,64.62891476116123,64.91983028283337,21910000
2019-11-27,65.02986907958984,65.30295267218251,64.89804240112413,65.19292821457594,18808000
2019-11-29,64.63140106201172,64.9218250921024,64.58877972481791,64.7558015227708,12802000
2019-12-02,63.876590728759766,64.69830674310012,63.456313830417564,64.55556762557949,26538000
2019-12-03,64.16800689697266,64.29141668310302,63.29128242026133,63.37107264352633,25270000
2019-12-04,65.36737823486328,65.63153827654885,64.57985900377882,64.7310225855043,35506000
2019-12-05,65.76485443115234,65.8154086629345,65.13841301033878,65.7668357637966,24408000
2019-12-06,66.38087463378906,66.53352039761293,65.97646356061546,66.05179199526741,32968000
2019-12-09,66.55931091308594,67.28091682761377,66.21635129382234,66.35462865569384,30842000
2019-12-10,66.55433654785156,66.80759162623465,66.1137397137641,66.40813390129956,17606000
2019-12-11,66.62175750732422,66.90127665439235,66.4656405961161,66.82247708963801,20480000
2019-12-12,66.83187103271484,67.1336914197384,66.32189735078956,66.57019152450468,29114000
2019-12-13,66.75159454345703,66.97362476736325,66.49338609778081,66.80264032041094,33170000
2019-12-16,67.43702697753906,67.57727809571605,66.93695982340492,67.15452828398682,28128000
2019-12-17,67.1490707397461,67.61692229902084,66.94488007036423,67.52176540880079,32948000
2019-12-18,67.00138092041016,67.3740756040836,66.9295235885865,67.25364537789,23330000
2019-12-19,67.22589874267578,67.27992408819243,66.84477957442238,67.00138804031042,28922000
2019-12-20,66.96720123291016,67.60058498085277,66.94291856065604,67.55598230226205,50090000
2019-12-23,66.93795013427734,67.49401639740252,66.8076056794049,67.33938927575151,19936000
2019-12-24,66.63066864013672,67.00634289086061,66.61778997900616,66.91712999282349,13468000
2019-12-26,67.52474212646484,67.56092791296443,66.68419583939209,66.73574073401721,23662000
2019-12-27,67.13668823242188,67.75173316701557,67.05540822557307,67.60056959640701,23212000
2019-12-30,66.3967514038086,67.25365512552328,66.3040749431547,67.24424001385341,19994000
2019-12-31,66.38087463378906,66.44381596112649,66.02106622175161,66.20245642690789,19514000
2020-01-02,67.83251190185547,67.83251190185547,66.73276652225083,66.82792341596551,27278000
2020-01-03,67.47766876220703,68.08379778892568,66.77390994004057,66.80761528460377,23408000
2020-01-06,69.27620697021484,69.30148029943362,66.95627869440405,66.98749602026135,46768000
2020-01-07,69.14240264892578,69.55821779935313,68.96646485726092,69.4075533410106,34330000
2020-01-08,69.6345443725586,69.97205154999614,69.01949936379778,69.12803404922425,35314000
2020-01-09,70.36556243896484,70.8061518370151,69.89076858429041,70.47161667281351,33200000
2020-01-10,70.82003021240234,71.11640582320393,70.35614880232912,70.84531111023372,26258000
2020-01-13,71.36865234375,71.44050966672661,70.64209328646724,71.13174702309243,30730000
2020-01-14,70.90080261230469,71.49750880179123,70.76103550256398,71.36716436377095,26076000
2020-01-15,71.32752990722656,71.40583792168397,70.95384451597616,71.02124763841545,21550000
2020-01-16,71.87071990966797,71.89748302625469,71.36718158869391,71.63728563930937,26080000
2020-01-17,73.32579803466797,73.37684381090587,72.18739403885324,72.48426114877846,52424000
2020-01-21,73.46110534667969,73.83925246721381,72.86439154992613,73.30002755955512,48930000
2020-01-22,73.54138946533203,74.36954862534002,73.48142768998797,73.831821043348,28458000
2020-01-23,73.58202362060547,74.0186578379967,73.36544584943454,73.72377206652983,26650000
2020-01-24,72.66417694091797,74.0533557502206,72.51598536486014,73.98496196506716,29786000
2020-01-27,70.95732116699219,71.19769011279396,70.35119213207136,70.94790605491029,34132000
2020-01-28,71.8875503540039,72.10065700330917,70.88939752782218,71.45339660181743,29724000
2020-01-29,72.19482421875,72.56355620090642,71.63429624956653,72.28204821190393,21566000
2020-01-30,72.07341003417969,72.12296603211958,71.11936821637062,71.27300466595811,27110000
2020-01-31,71.00935363769531,72.83763974165787,70.72586425069801,72.74793528121658,43822000
2020-02-03,73.47844696044922,73.66182608356632,72.19036913116597,72.44015314026151,71636000
2020-02-04,71.63528442382812,72.72214343718149,70.47656052595002,72.08529638672556,95880000
2020-02-05,71.66699981689453,72.58535483314986,70.85569723570985,72.53728106020947,36376000
2020-02-06,73.14987182617188,73.42691809405072,71.88657563140107,71.96091341803267,37822000
2020-02-07,73.30548858642578,73.60978951764092,72.62651160369214,72.72464050558949,28360000
2020-02-10,74.7699966430664,74.78090153391359,73.11170456287006,73.21231390255865,38302000
2020-02-11,74.83938598632812,75.82168077098233,74.61091262722508,74.99847489323436,34852000
2020-02-12,75.26411437988281,75.34687659684808,74.7704903895511,75.12682771259597,31042000
2020-02-13,75.00443267822266,75.62691146706999,74.53905391439585,74.83642019839783,22914000
2020-02-14,75.26908111572266,75.3345029054228,74.6158690097316,75.06092775062079,23198000
2020-02-18,75.30426025390625,75.85537316720415,74.8864637897621,75.05150424505347,25642000
2020-02-19,75.57337188720703,75.86429500722407,75.38058521971043,75.68884877939992,22746000
2020-02-20,75.1828384399414,75.68240645418584,74.55192774826135,75.2829486635649,25962000
2020-02-21,73.52106475830078,74.88348786244822,73.27475187398645,74.56778297216329,42520000
2020-02-24,70.3690185546875,71.1877625983734,69.72126652670165,70.52711678476247,49560000
2020-02-25,68.70677185058594,71.21106293016649,68.4143664703446,70.92113799695146,51580000
2020-02-26,68.91244506835938,70.0622532674359,68.22256317384887,69.13596510821695,49776000
2020-02-27,65.16963958740234,67.86821503169102,65.13445202212935,67.35972332978776,62290000
2020-02-28,66.37395477294922,66.53254456868979,62.85317207191718,63.15549166870897,80198000
2020-03-02,68.70677185058594,68.76376163348303,65.67763179244827,66.97562400936349,55430000
2020-03-03,66.2981185913086,69.7906479427087,65.87784169688798,69.26976927543198,56602000
2020-03-04,68.47283935546875,68.53131891334556,66.26243609006487,67.35078505307477,47598000
2020-03-05,65.16020965576172,67.08663199651346,64.50997717418309,66.68617596648993,54380000
2020-03-06,64.21756744384766,64.56498121361302,62.307997902917315,62.93940012057122,64640000
2020-03-09,60.25520706176758,62.085973437860574,59.37550676498299,59.718466349939796,69252000
2020-03-10,63.1981086730957,63.23181023125932,60.19176558217221,62.16824305070715,54872000
2020-03-11,60.012847900390625,62.29412145420184,59.03353279180073,61.864928567207265,54732000
2020-03-12,55.089012145996094,58.91508605796514,54.93636636348303,55.63764838838644,94326000
2020-03-13,60.179874420166016,60.18631753199108,55.125688027826726,58.23313582495067,79400000
2020-03-16,53.17845916748047,56.77010841763743,52.88505935869878,54.00165747110648,96520000
2020-03-17,55.411651611328125,55.80516162378033,51.99395905552296,54.05270334557388,83194000
2020-03-18,54.07996368408203,54.763897729434355,51.394275053932354,52.53119691195089,93044000
2020-03-19,55.0949592590332,57.12396841730102,52.313622306797946,53.932764120819286,74064000
2020-03-20,52.941062927246094,56.4236822135708,52.638248003789414,56.048011724837686,82878000
2020-03-23,52.243247985839844,52.8766315654061,50.00013767795823,52.35426310073486,83672000
2020-03-24,56.003902435302734,56.168443781993375,53.8440533745928,54.713843223428654,72468000
2020-03-25,54.59688186645508,56.80480098996258,53.67456021178784,55.734790654308775,90324000
2020-03-26,57.63493347167969,58.0591730147804,54.121588919875315,55.24611599341707,76562000
2020-03-27,55.025081634521484,57.04665709426184,54.71483294886179,55.878018798817905,62794000
2020-03-30,56.81173324584961,57.044173024062125,54.44174969491328,56.13424235942423,58736000
2020-03-31,57.58686447143555,58.154330943122716,56.33645085139658,56.93167488332719,65228000
2020-04-01,54.620662689208984,55.97465756314441,54.19394647198858,55.70603956639152,51970000
2020-04-02,55.3606071472168,55.64508338449243,54.17611063573357,54.516589764619354,56410000
2020-04-03,54.1547966003418,55.44783157309285,53.28154321364978,55.24562600577843,51374000
2020-04-06,58.639530181884766,59.0142061972001,55.755602497061574,56.152088293952644,63320000
2020-04-07,58.608306884765625,60.50251369057454,58.34514131104988,60.315667229775336,61620000
2020-04-08,59.81956481933594,60.21109350341691,58.67719432513304,59.62627903343339,40334000
2020-04-09,59.798248291015625,60.562471582559844,59.09696632888142,60.37364759432982,54028000
2020-04-13,59.98857116699219,60.19226652151703,58.596911921148106,59.54698734678868,38702000
2020-04-14,62.70547866821289,63.22685269710416,60.887099444718835,61.453579036793315,63358000
2020-04-15,62.31246566772461,63.195137966275986,61.15770423269023,61.77770628661338,42236000
2020-04-16,62.31890869140625,63.10840925264231,61.365861219878205,62.800141873376745,57896000
2020-04-17,63.3879280090332,63.9330931634959,62.743639511197074,63.5217397961262,51050000
2020-04-20,62.503265380859375,63.27987960151955,62.26983493676543,62.93642471323275,35292000
2020-04-21,60.07530212402344,61.95067114702243,59.72044698572963,61.58937667810342,49648000
2020-04-22,62.36747360229492,63.43153606448749,61.31629358182884,61.51007469601736,46296000
2020-04-23,62.99986267089844,63.84140335500564,62.472540885834604,62.73074933312013,34202000
2020-04-24,63.268978118896484,63.32399034066813,61.65330368753236,62.19846879323134,37402000
2020-04-27,62.984500885009766,64.1362902612002,62.697048874068805,64.03220981010499,44186000
2020-04-28,61.087825775146484,63.673396721705174,60.97829665179065,63.596086939672745,80700000
2020-04-29,66.5191650390625,67.4097664682987,65.75345562296938,66.65892460884133,108358000
2020-04-30,66.74317932128906,66.90673001324649,65.49425157692038,65.98292232013938,55842000
2020-05-01,65.28707885742188,66.97759396680019,64.90744952945606,65.62260463477621,48872000
2020-05-04,65.56362915039062,65.64144560406487,64.23094864842768,64.83162512222222,30806000
2020-05-05,66.85814666748047,67.94798532924645,66.16480134457395,66.28721289666468,39666000
2020-05-06,66.68022155761719,67.83300144803609,66.66535400404054,67.30319927689018,31732000
2020-05-07,67.86225128173828,68.19530421185752,67.0326098611395,67.4672552406405,30652000
2020-05-08,68.608642578125,69.2182351185842,67.9975602569903,68.48375055855294,33326000
2020-05-11,69.56266784667969,70.1544207533012,68.17051714278251,68.23444914371004,32718000
2020-05-12,68.15464782714844,70.09493912167385,68.12144160874564,69.79212805419837,33918000
2020-05-13,66.82395935058594,68.65770538437538,65.81689032510918,68.20323154118306,40368000
2020-05-14,67.2467269897461,67.27200032810396,65.58347361898295,66.08998398898088,36660000
2020-05-15,68.04957580566406,68.1249042358689,66.3615413837583,66.82047687656434,41544000
2020-05-18,68.65026092529297,69.02592758289641,67.11487206226282,67.48063205826992,47094000
2020-05-19,68.11600494384766,69.01255036140522,68.0842884983356,68.66513655434181,31586000
2020-05-20,69.83872985839844,69.98096987690036,68.76128572867,68.84751907073908,38262000
2020-05-21,69.71928405761719,70.20051340358503,69.10671203417986,69.92941872936086,30894000
2020-05-22,70.04092407226562,70.22726760663576,69.18402059567988,69.57802589109073,28544000
2020-05-26,70.44384765625,71.6204186984946,70.34621788850302,71.46430181814073,44590000
2020-05-27,70.38983917236328,70.64111296949386,69.11712797478641,70.37596228255275,31684000
2020-05-28,70.28874206542969,71.58821644638739,69.33916194732967,69.38475528420979,35170000
2020-05-29,71.04601287841797,71.20510175495606,70.17672227813974,70.3972627024626,37044000
2020-06-01,71.11292266845703,71.4454764506555,70.4889542189017,70.65845644685386,25162000
2020-06-02,71.48165130615234,71.5158481937541,70.45574467809989,71.1193624308014,23442000
2020-06-03,71.33000183105469,71.8137116263457,70.9518547053143,71.50098628255836,27732000
2020-06-04,70.09346008300781,71.4325912261773,69.6826058547975,71.20758143939362,26982000
2020-06-05,71.3681640625,71.67940719980339,69.76239993864283,70.1598764140095,42642000
2020-06-08,71.76563262939453,71.81320729132332,70.59798511297558,70.68719800230541,33878000
2020-06-09,71.96585845947266,72.74495316037958,71.48412999551343,71.62686911667684,33624000
2020-06-10,72.59132385253906,72.99127323763385,72.07886956071756,72.43322560826746,31762000
2020-06-11,69.4789047241211,71.94206354627978,69.305938967106,71.4182053825884,47144000
2020-06-12,70.02507781982422,71.09508812261465,68.68099326977082,70.6663867539515,36676000
2020-06-15,70.41263580322266,70.62376113767836,68.75037355248693,68.8638691116069,30468000
2020-06-16,71.68782806396484,72.21812185182957,70.82150937457023,71.81321161861592,30648000
2020-06-17,71.9886703491211,72.46742689051914,71.12582262276054,72.00849880131585,30610000
2020-06-18,71.07575988769531,72.00997330472221,70.68521806962335,71.85534618092774,34862000
2020-06-19,70.6059341430664,71.59020277508219,70.32640741745521,71.36718184428655,52784000
2020-06-22,71.8954849243164,71.90986092830514,70.33582083244812,70.62426351742366,29442000
2020-06-23,72.55563354492188,73.11170737614935,71.61497701926105,71.96189927090062,37752000
2020-06-24,71.00537872314453,73.14093740058806,70.87156316474966,72.5209391776435,31592000
2020-06-25,71.42168426513672,71.48214515083893,70.35315627186846,70.93202293315196,23958000
2020-06-26,67.52820587158203,71.21947330997806,67.15452055099803,71.00190487444962,97640000
2020-06-29,69.24449920654297,69.28563832778552,66.98850239605058,67.41918513389703,45074000
2020-06-30,70.27931213378906,70.57419791827895,68.73698854618216,69.23012100555543,40286000
2020-07-01,71.46630096435547,71.78745836250906,70.08752781778017,70.3348389789325,42182000
2020-07-02,72.85050964355469,73.77184427310539,71.91579724002281,71.9539643543716,57218000
2020-07-06,74.32345581054688,74.83640917181805,73.19991930923392,73.75351267291511,44712000
2020-07-07,73.84123992919922,75.39744054043872,73.83033503772904,74.14901196321672,42364000
2020-07-08,74.51921844482422,74.89439355873654,73.95918199653875,74.38044955606385,31766000
2020-07-09,75.2656021118164,75.7849985849552,74.12224472312172,74.83293808896195,41836000
2020-07-10,76.27415466308594,76.38963154936391,74.37648449858449,74.99747336522512,35918000
2020-07-13,74.94692993164062,78.12524419545197,74.66592103825721,76.8158557336052,42954000
2020-07-14,75.37464141845703,75.47078898613607,73.64349364825239,73.98348124835574,38108000
2020-07-15,75.17739868164062,76.14134731648993,74.23327093668394,75.49210540917994,31026000
2020-07-16,75.08025360107422,75.12931805048628,73.7594610074224,74.41514596762937,26484000
2020-07-17,75.17589569091797,75.50200636800437,74.24663566725596,75.1788676895288,34264000
2020-07-20,77.50474548339844,77.76097259277284,74.47461527343725,75.08420771365807,30166000
2020-07-21,77.11222839355469,78.65505117777408,76.94867771392333,78.55494094995885,27486000
2020-07-22,77.55480194091797,77.6603646078769,76.48330192524752,77.10181793412379,24482000
2020-07-23,75.17094421386719,77.827389236186,74.7665255226966,77.60833100238632,33910000
2020-07-24,74.7477035522461,75.10553072084302,73.7257669453533,74.3006710392535,29902000
2020-07-27,75.79936218261719,76.20229106815995,74.95188130787318,74.99797375278568,27124000
2020-07-28,74.5217056274414,75.62987550532888,74.3665793891612,75.57982039046628,30910000
2020-07-29,75.50596618652344,75.99264795596048,74.4899737531513,74.58860175422343,22676000
2020-07-30,76.24243927001953,76.36733126760335,74.10142063314761,74.24018951935184,36042000
2020-07-31,73.74359893798828,74.5895976539911,72.06101661639134,74.19460163241017,91468000
2020-08-03,73.48636627197266,74.22828438434372,72.93921612706687,73.89474754858149,45482000
2020-08-04,73.01753997802734,73.99933560623647,72.55811283263415,73.68214847232768,37212000
2020-08-05,73.30448913574219,73.84519626003934,72.91444645952018,73.19199180453877,29134000
2020-08-06,74.58612823486328,74.65155001959869,72.94815610602834,73.15878990214848,33306000
2020-08-07,74.26002502441406,75.33647844212679,73.6603391959197,74.78883662265774,27718000
2020-08-10,74.18318939208984,74.69514441917217,73.22517753441542,73.88483254722767,20546000
2020-08-11,73.37635040283203,74.85821303070131,73.25988285024638,74.0434317145087,31098000
2020-08-12,74.69962310791016,74.9191804606546,73.59739725191154,73.7024683730162,22512000
2020-08-13,75.16598510742188,76.17306163204127,74.74769707911409,74.74769707911409,22388000
2020-08-14,74.57026672363281,75.32160764285088,74.29123915630834,75.01531784878155,21942000
2020-08-17,75.14564514160156,75.51933796463187,74.58858836268709,75.13226736959022,19990000
2020-08-18,77.10529327392578,77.18409283335072,75.4147856047771,75.6353260607761,28378000
2020-08-19,76.55169677734375,77.75354125629191,76.32322343836007,76.94223100784141,30472000
2020-08-20,78.11979675292969,78.31407321175054,76.048661480078,76.32173749907452,26382000
2020-08-21,78.08610534667969,78.89443614081047,77.42893057340312,77.8992550883614,34838000
2020-08-24,78.56088256835938,79.73200128949749,78.0598247678244,78.92366302638288,25638000
2020-08-25,79.58678436279297,79.73694969068394,78.20057015978882,78.31059460232726,25150000
2020-08-26,81.48395538330078,81.9131558254161,79.3454247617791,79.60908564477356,52188000
2020-08-27,80.71031951904297,81.67525859379464,80.22908264259587,81.6068648180924,31350000
2020-08-28,81.25102233886719,81.34617922901354,80.5661014503227,80.75740589680068,22418000
2020-08-31,80.76038360595703,81.50230188313334,80.55223025727368,81.45620943407884,26422000
2020-09-01,82.02664947509766,82.23183081944713,80.76038141438515,80.89072586563118,22652000
2020-09-02,85.11476135253906,85.54643467567958,82.27989831423639,82.66746052539978,49522000
2020-09-03,80.7593994140625,84.25291996362634,79.6789756844659,84.22912884691586,63726000
2020-09-04,78.36561584472656,81.03097686022531,76.22261573733604,79.74289901970272,55850000
2020-09-08,75.51042938232422,77.09388450025051,75.158546265931,75.57981382695054,54032000
2020-09-09,76.68154907226562,77.2509930776457,75.58823926894804,76.76431129264915,39242000
2020-09-10,75.63185119628906,77.99142901908637,75.33201208144567,76.82775166747923,33024000
2020-09-11,75.12187957763672,76.25879385001623,73.99487196751262,75.735933828383,30706000
2020-09-14,74.77840423583984,77.1657353739117,74.5940420485624,75.90937425897054,42660000
2020-09-15,76.08137512207031,76.86790369780455,75.43610346676509,75.72305640030964,23042000
2020-09-16,74.93999481201172,77.03541281613771,74.91521303018398,76.44614030970467,22128000
2020-09-17,73.69850158691406,74.27439632270638,72.48030722418932,73.63754157922925,40008000
2020-09-18,71.91680908203125,74.1029300776159,70.95186973377261,73.7609611021754,63056000
2020-09-21,70.87850952148438,71.3701446598767,69.51757609828891,70.95185663516155,56908000
2020-09-22,72.34944915771484,72.55512958903905,70.84677506012393,71.8786256422426,33950000
2020-09-23,69.8501205444336,72.01542196505994,69.51757431347869,71.9663575191047,37726000
2020-09-24,70.51769256591797,71.26754361712104,69.49129442637486,69.51756598383865,34552000
2020-09-25,71.32058715820312,71.6615578347478,69.76537731139764,70.62624357149211,30326000
2020-09-28,72.2919692993164,73.00217110673873,71.6784141659313,72.95261510869759,30784000
2020-09-29,72.65673828125,72.95310628877834,72.0610151428717,72.55216627798126,31816000
2020-09-30,72.63591003417969,73.65685572078714,72.14823763564146,72.4049562752615,40924000
2020-10-01,73.7411117553711,74.09646597038588,73.19098955125851,73.5309770975159,32884000
2020-10-02,72.14031982421875,73.30152440996176,71.73144688729637,72.34004873717964,31222000
2020-10-05,73.48985290527344,73.58252935432779,72.36284527360293,72.48971861393626,21602000
2020-10-06,71.91332244873047,73.57359566004143,71.61546469303617,73.12656325055715,26096000
2020-10-07,72.31575775146484,72.80293864392578,71.0316426314214,72.32418219519838,36108000
2020-10-08,73.51959228515625,73.747566532025,72.62849172768487,72.62849172768487,26076000
2020-10-09,74.85871124267578,74.92809569109109,73.69651605996611,73.98694007707145,32966000
2020-10-12,77.54191589355469,78.72294124362386,75.79292119611887,76.22410298533136,55344000
2020-10-13,77.66483306884766,78.5613860495805,77.24654502979156,78.15746645271066,39072000
2020-10-14,77.48491668701172,78.4964473454377,76.61562602854337,78.03801846578263,33174000
2020-10-15,77.08993530273438,77.8794358912877,76.37924184483666,76.54625609304018,31210000
2020-10-16,77.696044921875,78.19214177327355,77.19845829014193,77.40512182812182,34194000
2020-10-19,75.82513427734375,78.50041690354607,75.47672984424212,78.10393113108431,29734000
2020-10-20,76.87234497070312,78.00034307715951,75.35678468297974,75.48613844813754,41670000
2020-10-21,78.6025161743164,80.04721007346663,77.66830276739462,77.80260988770006,60322000
2020-10-22,79.62693786621094,79.96196457771984,78.18076166313445,78.55345638173165,30512000
2020-10-23,80.93136596679688,80.98786419123687,79.88712057504252,80.04274592114754,30548000
2020-10-26,78.51826477050781,80.76285741115254,77.70001980831707,80.04026846122382,35826000
2020-10-27,79.24134063720703,79.39596773671335,78.15646293187241,78.74821578247979,25902000
2020-10-28,74.87606048583984,77.00765664920016,74.7610827015147,76.81933175028874,45174000
2020-10-29,77.15982818603516,78.73882199136756,75.1610489137947,75.18434091952477,55406000
2020-10-30,80.09528350830078,83.32713206750934,79.37467583151599,82.63923150489403,99878000
2020-11-02,80.5021743774414,82.18326693567796,80.00259878301561,80.46351570683841,44228000
2020-11-03,81.55978393554688,82.22092126461291,79.89703016999084,80.82133683336055,31432000
2020-11-04,86.52526092529297,87.7236342649192,84.40159024527001,84.52945424402306,71342000
2020-11-05,87.35045623779297,88.80357473317719,86.28638981635821,87.74446164355514,39758000
2020-11-06,87.21316528320312,87.64781063793222,86.0707909999368,86.79735014914868,28622000
2020-11-09,87.29692077636719,90.04604232881928,87.10512476391894,89.00973736210345,53440000
2020-11-10,86.1223373413086,87.19581874690427,85.05182793444769,85.72833198232598,43022000
2020-11-11,86.59365844726562,87.37026514561057,86.38698732276887,86.65163888970832,31838000
2020-11-12,86.37509155273438,87.473354716202,86.1347226524478,86.33445155052767,26474000
2020-11-13,87.83415222167969,88.07551178373636,86.03610062019943,86.63181619049185,29744000
2020-11-16,87.92188262939453,88.92846007684724,87.2924616688754,87.4317296869086,25468000
2020-11-17,87.3088150024414,88.07601416521123,87.20127099757448,87.61608790911133,21314000
2020-11-18,86.26703643798828,87.47433321691827,86.1644457805151,87.06000792267966,20108000
2020-11-19,87.15567016601562,87.39951018398297,85.7407189638763,85.89980786283361,20106000
2020-11-20,86.0559310913086,87.64087619997211,85.98753730379259,87.32567037760874,27694000
2020-11-23,85.61878967285156,86.5321914126249,84.75743193573689,86.24622920446821,22530000
2020-11-24,87.41983032226562,87.54769432891005,85.28030128891842,85.61582709012495,27984000
2020-11-25,87.43121337890625,87.74096668564188,86.64964589230644,87.61360181278931,19600000
2020-11-27,88.565673828125,89.06078767442922,87.45155234828248,87.45155234828248,14790000
2020-11-30,86.94900512695312,88.23460252032878,86.62388510850603,88.00216651160646,32418000
2020-12-01,88.97899627685547,90.28541271304861,87.37670339819209,87.55661139988837,37350000
2020-12-02,90.44649505615234,90.83158444204322,88.47398769607074,88.97900820349736,29424000
2020-12-03,90.29136657714844,91.3811977041033,90.05148923543042,90.22693546266429,24728000
2020-12-04,90.38652038574219,90.67099282129256,89.88248305416691,90.211074164492,20544000
2020-12-07,90.05298614501953,90.66059731465431,89.35963318737376,89.97963146661887,22288000
2020-12-08,89.7704849243164,90.00044805346998,88.77680130408386,89.63122447433899,19936000
2020-12-09,88.11168670654297,90.61499424253762,87.32565738141666,89.7224040243927,31728000
2020-12-10,87.6056900024414,87.96946116697602,85.91468307292723,87.35540685042515,28688000
2020-12-11,87.96002960205078,88.08443004562467,86.86672741795577,87.2265358498586,18628000
2020-12-14,86.84294891357422,88.70345045595626,86.687822672267,87.75784057609782,33050000
2020-12-15,87.28005981445312,87.42477269145496,86.31809276182877,87.21959136940156,21352000
2020-12-16,87.0872802734375,87.67804256144234,86.6843589008534,87.67804256144234,24676000
2020-12-17,86.26060485839844,87.55909602721862,85.79672351081625,87.42131779941667,34880000
2020-12-18,85.55238342285156,86.64965590183743,84.99631718680045,86.54112123455688,85256000
2020-12-21,85.96571350097656,86.0866428328885,83.95553843795113,84.70538953138244,33974000
2020-12-22,85.2550277709961,85.86908203246823,84.53937350209927,85.70652202058871,20370000
2020-12-23,85.65200805664062,86.43902813362216,85.30359602075463,85.43890137207586,22974000
2020-12-24,85.9458999633789,86.35477287610888,85.45970970994662,85.69016438918781,9312000
2020-12-28,87.91840362548828,88.56467341724073,86.32553337453282,86.47867070685578,27650000
2020-12-29,87.11552429199219,88.63752786002674,86.98418918004275,88.5760763070987,19726000
2020-12-30,86.04948425292969,87.61113729202937,85.6406113261825,87.4743497229206,21026000
2020-12-31,86.86177062988281,87.10263105359851,86.04153690500131,86.10002401699556,21070000
2021-01-04,85.54793548583984,87.34994988769441,84.60677983237008,87.22654765590151,37324000
2021-01-05,86.23782348632812,86.57384087549532,85.0904957295957,85.49639668938146,20360000
2021-01-06,85.38684844970703,86.43208444826773,84.05962045926168,84.26579245837004,46588000
2021-01-07,87.93724060058594,88.10970726571644,85.57914501224703,85.57914501224703,41936000
2021-01-08,89.10142517089844,89.1772527342026,87.2870085349712,88.07700817599742,35484000
2021-01-11,87.04266357421875,88.43482172822067,86.83699069876916,88.07005241001238,34796000
2021-01-12,86.10795593261719,87.61806393795727,85.06470881881626,86.500970600687,29528000
2021-01-13,86.59465026855469,87.04763429733303,85.6069030910112,85.6069030910112,23432000
2021-01-14,85.78532409667969,87.60073138346526,85.54495518482686,86.67493484651867,29212000
2021-01-15,85.62177276611328,86.61298351886033,84.8332704806772,85.69115721631205,31444000
2021-01-19,88.43930053710938,89.39928644937088,85.8799935070657,86.38402335551918,41660000
2021-01-20,93.1772689819336,94.15113159683025,90.17588335880014,90.51586333657515,64152000
2021-01-21,93.37947082519531,95.75490670461232,93.14455439307764,93.85030191789575,58634000
2021-01-22,93.79627990722656,94.38258034216909,93.00033636251251,93.74176301889445,32744000
2021-01-25,93.88153076171875,95.2464344214254,92.14096797256826,94.79642238688461,50586000
2021-01-26,94.55902862548828,94.94560022121779,92.98201646312953,93.47067962234644,31462000
2021-01-27,90.14763641357422,93.19709601317666,89.07415506455348,92.92153956485564,82512000
2021-01-28,91.8455810546875,93.56978632762217,90.74533664502225,90.74533664502225,55278000
2021-01-29,90.56493377685547,91.56506801621617,89.28627865285289,90.89500711521993,44530000
2021-02-01,93.82157135009766,94.93519367796942,91.41887289099441,91.41887289099441,40252000
2021-02-02,95.11261749267578,96.61182068763402,94.48071611878922,94.81575036485842,66332000
2021-02-03,102.03919982910156,104.40522092105503,99.79261830171446,102.37274430388717,97882000
2021-02-04,101.77900695800781,102.55561366138531,100.86064423524446,102.1254300837505,48596000
2021-02-05,103.52352142333984,103.87589607151482,101.59908818939329,102.0728837181395,29866000
2021-02-08,103.30992889404297,104.82053612407776,102.26073770644324,104.07712806646019,28828000
2021-02-09,102.8574447631836,104.00328263700314,102.5903127397753,102.82820120258684,21892000
2021-02-10,103.40706634521484,104.02161972399544,101.71011556158754,103.24153433379384,25102000
2021-02-11,103.51957702636719,103.77976683417323,102.53381868080754,103.63109126533446,20480000
2021-02-12,103.83081817626953,104.05234930696858,102.7672433912403,103.07452387303502,18990000
2021-02-16,104.60742950439453,106.3142945266649,103.66825520694219,103.66825520694219,31004000
2021-02-17,104.99994659423828,105.18926972453114,103.49975268099251,103.77877270157512,20294000
2021-02-18,104.36506652832031,105.16696166739435,103.74655051019732,104.32492564110814,22546000
2021-02-19,103.52252960205078,104.99794906866703,103.25589673213236,104.46319354848602,37938000
2021-02-22,101.81021881103516,103.10226681729074,101.49997392533437,101.77751170242684,29466000
2021-02-23,102.10063934326172,102.71420199290405,98.63685456772592,99.81441631035422,34658000
2021-02-24,103.27474212646484,103.49826214728957,100.48547967083988,100.60987256668675,22608000
2021-02-25,99.91156005859375,103.23459480191558,99.44271782605095,101.89299077097074,41548000
2021-02-26,100.20694732666016,101.9222368684854,99.17113386865907,100.60541448673561,40042000
2021-03-01,102.5734634399414,102.89907502090055,100.82694907500807,101.49998201929594,26060000
2021-03-02,102.31673431396484,103.81643661615159,101.92967118650496,102.33457386845907,25564000
2021-03-03,99.68655395507812,102.88716945584571,98.82369885225702,101.69573836758674,33892000
2021-03-04,100.80267333984375,102.8178020839043,99.39019490310947,99.8580465289273,49216000
2021-03-05,103.93191528320312,104.38440020130358,100.49786526440951,102.15170316057323,53100000
2021-03-08,99.49278259277344,104.75809077632987,99.37829635558003,103.28714038353706,36868000
2021-03-09,101.12132263183594,102.28897013180834,100.88541553312906,101.58670128057204,33920000
2021-03-10,100.9146728515625,102.16409207051008,100.07907988733146,102.16409207051008,27100000
2021-03-11,104.10388946533203,104.63567305247624,101.9187671112629,102.00649022859612,27702000
2021-03-12,101.59909057617188,102.967457650854,100.72781860176927,102.9079874324158,33818000
2021-03-15,101.81914520263672,101.84639986684593,100.49836027807162,101.35030296707097,26168000
2021-03-16,103.27869415283203,104.75509667999005,102.05950181644135,102.39155645205241,31900000
2021-03-17,103.19595336914062,104.02757619092039,101.3076979006374,102.51449590643551,26382000
2021-03-18,100.17869567871094,102.52835937144968,100.07164322644284,101.50889575281752,31700000
2021-03-19,100.45722961425781,100.95679766895853,99.26628992369724,100.59451630007429,46072000
2021-03-22,100.64208221435547,101.51682534830367,99.8149137452383,100.49042709934655,33536000
2021-03-23,101.1694107055664,102.29839969901126,100.50877242544003,101.10101692123436,28510000
2021-03-24,100.73328399658203,102.47136638997688,100.55832930680076,101.68632764385609,25218000
2021-03-25,100.72980499267578,101.38300944915922,98.92728405832933,100.56080187614467,35616000
2021-03-26,100.34671783447266,101.07326949778158,99.31188744563899,100.69661210830016,27978000
2021-03-29,101.39044952392578,101.55995176525356,99.39117913290644,100.21933831690066,26492000
2021-03-30,101.42414855957031,102.22702679811378,100.91268499326586,101.74678812299072,27312000
2021-03-31,102.2195816040039,103.39615261444227,101.45040122688232,101.81715186347648,42570000
2021-04-01,105.55303192138672,105.84890836816066,103.6523896883466,103.69302968898464,39880000
2021-04-05,109.97283935546875,110.46993447035067,106.31775001395617,106.41389756983538,48510000
2021-04-06,109.49210357666016,110.42087204378797,109.12188934950352,109.5743742451769,35240000
2021-04-07,110.96752166748047,111.23861633474729,109.68241587965444,109.68241587965444,24134000
2021-04-08,111.53250885009766,112.5911226113418,111.16476752079966,112.20504261453645,28664000
2021-04-09,112.5356216430664,112.69917231745536,110.87980246049328,111.28521181469488,26146000
2021-04-12,111.24457550048828,111.85267820844336,110.41195454530049,111.71539909018354,25024000
2021-04-13,111.73076629638672,112.17879703239622,111.16676710165994,111.56028094044785,25682000
2021-04-14,111.1102523803711,112.3750381583166,110.81834616308481,112.3750381583166,21002000
2021-04-15,113.25821685791016,113.79099869324847,111.56919891951989,112.1034629731022,29174000
2021-04-16,113.13430786132812,113.70375943501823,112.54800739975896,113.45595676086148,26282000
2021-04-19,113.48175048828125,114.19195242011355,112.51135872472572,112.51135872472572,30290000
2021-04-20,112.9489517211914,113.9396632750493,111.8640739438885,113.86482638561692,22288000
2021-04-21,112.9162368774414,112.998008424531,111.25446631680995,112.60400311842587,23204000
2021-04-22,111.63610076904297,113.43812268908319,111.03146160989212,112.77004307784593,24146000
2021-04-23,113.98576354980469,114.29254490612311,112.06876386145632,112.35373543564587,29066000
2021-04-26,114.48136901855469,115.20495618404446,113.85640986234887,114.21324633268112,32038000
2021-04-27,113.54219818115234,114.90362311481388,113.3033115017685,114.86298311307249,44386000
2021-04-28,116.91529083251953,120.50049681684617,116.6268481486784,118.57358292629367,81106000
2021-04-29,118.58646392822266,119.15145371385512,117.64927102297919,118.41151681600597,41234000
2021-04-30,116.6407241821289,118.04576113897953,116.29677394223161,117.3603411059262,44856000
2021-05-03,116.12429809570312,118.03089194443908,115.748631417019,117.20620391311888,28242000
2021-05-04,114.32772827148438,115.22774474351102,111.84226774409919,114.66077361466583,44818000
2021-05-05,114.72124481201172,115.7238519784705,114.39959590373067,115.40815462993878,26636000
2021-05-06,115.8403091430664,115.8403091430664,113.64428210307986,114.30293896833592,25190000
2021-05-07,116.56290435791016,117.52041727105686,116.2769421311953,117.15565548855925,28898000
2021-05-10,113.58036804199219,115.52562073206813,113.22303243787496,115.38387226504932,30914000
2021-05-11,112.5053939819336,113.01190425651544,110.7142769135845,111.16776007410847,34186000
2021-05-12,109.0455551147461,111.41108433707822,108.71697157773784,110.3311599450094,46376000
2021-05-13,110.47241973876953,110.98784598165807,109.36622368361735,110.32769928437514,33204000
2021-05-14,112.91773223876953,113.23194736658283,111.51120550382073,111.93445441533588,31996000
2021-05-17,113.44010925292969,113.48273059092558,111.7842899338685,112.18374776133817,21598000
2021-05-18,112.12921905517578,114.36985643689593,112.11534216607272,114.10569642967033,22204000
2021-05-19,112.5767593383789,112.74972513246455,110.29400712295823,110.44219113551104,23684000
2021-05-20,114.33367919921875,114.5839547571587,113.1724747212844,113.54318806546854,32352000
2021-05-21,113.69831085205078,114.92543627002019,113.45893261370185,114.85208159408714,40632000
2021-05-24,117.01441955566406,117.23793202567612,114.58198588764917,114.72719790717723,31832000
2021-05-25,117.10511016845703,118.15232004522714,116.71506746234576,117.55759509928788,22440000
2021-05-26,117.96943664550781,118.3996202017259,117.28301841520451,117.28599041375585,21572000
2021-05-27,117.0956802368164,118.40258819681955,116.7775024688225,118.40258819681955,35224000
2021-05-28,116.80675506591797,117.75930717298873,116.60851593496567,117.67753561111387,21482000
2021-06-01,118.0125503540039,118.23706102476314,116.67937078079298,117.67851435164249,23354000
2021-06-02,117.48770904541016,118.6300757232831,116.58421391694786,118.40754638485407,21158000
2021-06-03,116.3473129272461,116.81516447592351,115.45224982960987,116.25562715192257,18696000
2021-06-04,118.6266098022461,118.89721293095893,117.08230482741318,117.4222924042142,24458000
2021-06-07,119.05928039550781,119.16881330030914,118.00364606009472,118.42193410416897,24120000
2021-06-08,118.86797332763672,119.91271031100788,118.68658309033567,119.54051472569788,24240000
2021-06-09,119.33879852294922,119.58362163847241,118.79164827724793,119.51176430716637,17942000
2021-06-10,120.68634796142578,120.7294684105752,119.1326278842615,119.2882456679508,25904000
2021-06-11,120.4420166015625,121.01295040637044,119.88495212398634,120.92770773649222,21958000
2021-06-14,121.36930084228516,121.36979239425413,119.83738291214934,120.54411364612498,22098000
2021-06-15,120.35231018066406,121.6963871144153,119.99200260970889,121.37374754662788,21562000
2021-06-16,119.71099853515625,120.81471417778299,118.41994866002946,120.50347104008702,26472000
2021-06-17,120.67346954345703,121.44562207681038,119.44089917857585,119.6366654253896,25842000
2021-06-18,119.05530548095703,120.5341886020674,118.96014859064296,120.30026282219889,46116000
2021-06-21,120.74185943603516,120.92771145158575,118.84468060932583,119.44139444148058,27414000
2021-06-22,121.25530242919922,121.32419532611587,119.99993923776582,120.67990683669676,22390000
2021-06-23,121.05359649658203,122.01358237189528,120.76367158155908,121.02039027033481,19148000
2021-06-24,121.42330932617188,121.9739231126459,121.22507021343145,121.6215484389123,21362000
2021-06-25,121.43172454833984,121.5551343230837,120.49652060180672,120.92769479855872,34594000
2021-06-28,121.45899963378906,121.70581164707463,120.33843513053769,121.6002414137362,28526000
2021-06-29,121.19780731201172,121.93973310603045,120.6214210828712,121.59231176523241,23108000
2021-06-30,121.01642608642578,121.18245721557813,120.28788557536772,120.92225985457858,24474000
2021-07-01,121.36830139160156,121.5095431679097,120.46332403287062,120.65512003494412,18110000
2021-07-02,124.15657043457031,124.3017824350133,121.97789131366527,122.06759575847595,25982000
2021-07-06,125.08089447021484,125.31680161439682,123.48751734657333,124.54414994495568,26404000
2021-07-07,125.36238098144531,126.16525922771358,125.04420319403772,126.0443374513042,24060000
2021-07-08,123.94495391845703,124.49160506602671,122.93194096335237,122.93590362834043,23790000
2021-07-09,124.415283203125,124.62938054281378,123.45677959980704,123.92612095804607,18632000
2021-07-12,125.85946655273438,125.95264210582927,124.50695772066592,125.06897547530485,17668000
2021-07-13,126.2222671508789,126.93196989649446,125.56112974067463,125.92192889241436,19240000
2021-07-14,127.10989379882812,128.18982590812473,126.79022621114098,126.83334666215922,23742000
2021-07-15,125.88871765136719,127.56881955771274,125.41789406106274,127.51827289172718,24218000
2021-07-16,125.8540267944336,126.68812995291671,125.04470541650979,126.54093661242045,20424000
2021-07-19,123.4830551147461,125.09575390814824,122.41948035880777,124.98126767561185,27968000
2021-07-20,125.1002197265625,125.92639003741259,123.25755774233703,124.42420720068091,26312000
2021-07-21,126.42794036865234,126.474524368803,124.91584338583961,125.02487717060785,20746000
2021-07-22,127.29278564453125,127.35375322240941,126.37840053612362,126.7203695105283,14302000
2021-07-23,131.8459014892578,132.2265290912767,128.65966157114187,129.28411407867398,41506000
2021-07-26,132.85691833496094,133.0571387651644,131.13864953195989,132.15663081880655,30572000
2021-07-27,130.7406768798828,133.21772036685556,128.9604724988499,133.0705270393317,54710000
2021-07-28,134.8978271484375,137.08146728842348,134.08850576613955,135.11391338631623,95130000
2021-07-29,134.5841064453125,135.45984024693942,134.35167044138507,134.95333000907334,31716000
2021-07-30,133.54234313964844,134.11526579950234,133.07499070592388,133.84813380324206,25576000
2021-08-02,133.6692352294922,134.14699347911008,132.61805515773415,133.92942502207725,21634000
2021-08-03,134.43792724609375,134.53902058511594,132.1477335764231,133.94726760946617,20762000
2021-08-04,133.93785095214844,134.45724743917305,133.30495889893086,134.1598811909161,19676000
2021-08-05,135.05392456054688,135.1515694510379,133.66077578297282,134.48794416292228,17870000
2021-08-06,134.54544067382812,135.27299799701225,134.02159758617466,134.84628556646607,20488000
2021-08-09,135.7096405029297,135.97826988606866,134.14996871537977,134.74768081448843,17760000
2021-08-10,135.60458374023438,136.5615976540386,135.1659681179456,136.1348700275815,19414000
2021-08-11,135.08119201660156,136.47234431331293,135.07375067749174,135.97575592511646,15352000
2021-08-12,135.98818969726562,136.093260836565,134.23523949648887,134.7803933967201,16506000
2021-08-13,136.51699829101562,136.64487744919447,135.82861366590006,136.0437017213065,15948000
2021-08-16,137.09384155273438,137.14638467025773,134.10980386854092,136.31623668767153,22384000
2021-08-17,135.4603729248047,137.05027914466993,134.88596787897097,136.53930700110135,21716000
2021-08-18,134.2584991455078,135.89945070892185,134.13211736511343,135.30025647796398,19258000
2021-08-19,134.48745727539062,135.1540470600647,133.07003326839052,133.25390393778633,21782000
2021-08-20,136.22157287597656,136.34497507893207,134.0612251542761,134.80463305716486,31194000
2021-08-23,138.8106231689453,139.63629421824447,136.39801088067517,136.7568286340333,28454000
2021-08-24,140.01992797851562,140.83123074253442,139.10503630618481,139.3756318907388,19268000
2021-08-25,140.83023071289062,140.9397636176069,140.13342175774235,140.38022622324365,15848000
2021-08-26,140.1973419189453,141.1657446019955,140.1145645733413,140.50411569948363,20610000
2021-08-27,142.73828125,143.24231096552435,140.25331266092476,140.40744819973673,28780000
2021-08-30,143.3196258544922,144.68750122423666,142.89587790851553,143.1307943198697,24434000
2021-08-31,143.42568969726562,143.89552255155283,143.01286173699748,143.8712474507567,22448000
2021-09-01,143.9391632080078,144.96853350536102,143.61008051608152,143.72555741436526,21936000
2021-09-02,142.02760314941406,144.24047911372418,141.92649470207718,143.93964934296415,32342000
2021-09-03,142.4761199951172,142.8879648593255,141.14888450599227,141.82291558838094,19850000
2021-09-07,143.01239013671875,143.29438972638894,142.3567051696293,142.57031097305716,20124000
2021-09-08,142.4280548095703,143.13082285164162,141.74313388446112,142.8334717334425,18344000
2021-09-09,142.2793731689453,143.04211051634226,141.9190731671668,142.57624028484273,15314000
2021-09-10,139.63780212402344,143.4465279342337,139.5010145668301,142.9449634747417,36840000
2021-09-13,141.08151245117188,141.6935778474216,140.00852254788668,140.7018679540071,22094000
2021-09-14,141.29161071777344,142.10292843249584,140.50409923851902,141.73865068075114,19674000
2021-09-15,143.1600799560547,143.1808915102632,140.10516764345076,141.51664778400357,27408000
2021-09-16,142.34776306152344,143.03170083482422,141.14988885441545,142.68527016924585,26190000
2021-09-17,139.56248474121094,142.18918733159688,139.23538335972722,141.7733797216764,53384000
2021-09-20,137.500244140625,137.77828102826925,135.1238250653687,136.9471499261735,46518000
2021-09-21,137.81100463867188,138.78090469038185,137.06263570579478,138.5211988911411,25332000
2021-09-22,139.05050659179688,139.64870264345097,137.33373489370697,138.07962340432297,25056000
2021-09-23,139.97482299804688,140.45109904539308,139.16748291766282,139.74833097489636,20952000
2021-09-24,140.9650115966797,141.07950537458137,139.00836284376217,139.30324860172112,22984000
2021-09-27,139.8320770263672,140.69096191409616,138.83640458295432,139.56692635866548,21882000
2021-09-28,134.63613891601562,137.87392316936433,134.17026871953288,137.4363058631819,45772000
2021-09-29,133.172607421875,135.94551954942906,132.68840614852857,135.77601734194502,30848000
2021-09-30,132.50106811523438,134.35116361737062,132.3821276786133,133.08143210735338,37996000
2021-10-01,135.34288024902344,135.70715804170354,132.8945886396275,133.26579353336834,35360000
2021-10-04,132.48472595214844,134.7654966784679,129.89816454860028,134.7654966784679,51202000
2021-10-05,134.8274383544922,136.0183854264284,132.8628642127643,132.8628642127643,32404000
2021-10-06,136.3559112548828,136.53928282638935,133.3674114045409,133.56565053252967,24364000
2021-10-07,138.00131225585938,138.81113270818318,137.4323522466048,137.67123135730094,25110000
2021-10-08,138.556884765625,139.097576749606,137.99386876227683,138.3502060903865,26526000
2021-10-11,137.69305419921875,139.47525527556462,137.63852974209917,138.0677377987258,17954000
2021-10-12,135.2497100830078,138.28083098740217,134.5667554031385,138.25406031342655,36332000
2021-10-13,136.37274169921875,136.78706701680704,135.31908129001275,136.19481503512776,19654000
2021-10-14,139.91038513183594,140.09523891303556,137.6048250070832,138.24812282051505,31894000
2021-10-15,140.12548828125,140.47241812017668,139.51788463580564,140.3698274367065,30274000
2021-10-18,141.5230712890625,141.5409184042978,139.8295917986677,139.83653402400074,20396000
2021-10-19,141.97805786132812,142.39982458163402,141.3466631289933,142.12723254261542,20164000
2021-10-20,140.52293395996094,142.28432319692342,140.1338819812013,142.0781436465424,23288000
2021-10-21,140.638916015625,140.9065471263321,139.26509648022758,140.52294001353957,26292000
2021-10-22,136.35740661621094,139.34738897299374,134.86018454789837,137.92698514135645,50588000
2021-10-25,136.23895263671875,136.787086020702,134.23372308873442,136.34104419991752,34412000
2021-10-26,138.08409118652344,138.85177438830706,137.08891772648917,138.03948851571823,49236000
2021-10-27,144.93234252929688,147.34345760422508,138.17971995180935,138.17971995180935,85782000
2021-10-28,144.56707763671875,145.8645780331488,143.35581813063857,145.84128603540435,36206000
2021-10-29,146.7447967529297,146.93907321937613,143.37814969215017,143.8028808506359,43320000
2021-11-01,142.23577880859375,146.7448081412298,141.9666654231716,146.7448081412298,46924000
2021-11-02,144.1542510986328,145.3204089612238,143.0668927959046,143.3087514833836,33482000
2021-11-03,145.30950927734375,145.3798843880956,143.3201457071093,144.61813015361963,27494000
2021-11-04,146.96434020996094,148.41745854274853,145.02205961897133,145.83138101023934,38412000
2021-11-05,147.54373168945312,149.00625782477803,146.89448975182302,147.85843086935037,38354000
2021-11-08,147.7211151123047,149.29119236496442,147.12588357863783,148.50812750855306,23052000
2021-11-09,147.60963439941406,148.51758389270705,145.95083543426426,147.92136911991284,19530000
2021-11-10,144.6112060546875,146.76858990508995,143.2671365563009,146.20359249121142,29970000
2021-11-11,144.48532104492188,146.23878525750848,144.32077969235291,145.20197357813035,16518000
2021-11-12,147.37124633789062,147.54174683148514,144.13296205850196,145.326873879966,22360000
2021-11-15,147.14720153808594,148.2350588729297,146.27791087379003,147.59176109433906,23508000
2021-11-16,146.5762939453125,147.45499226873417,146.0177396467435,146.84738864467752,18904000
2021-11-17,146.74575805664062,147.2537504824228,145.9458594225756,146.72642872326313,19594000
2021-11-18,148.5215301513672,149.25701287000476,146.58470958501508,146.9385664922546,35608000
2021-11-19,147.61753845214844,149.6396167460154,147.5902837878737,148.6573144815026,33682000
2021-11-22,145.01612854003906,148.51262110699628,144.86299118596366,148.0199952541973,30594000
2021-11-23,144.5006866455078,145.37097563328547,142.84834603035105,144.86842802033317,27218000
2021-11-24,144.83572387695312,144.9640870123925,143.1040844590682,144.1949064284518,18040000
2021-11-26,140.93331909179688,143.28694554808493,140.59581194677827,143.0797828608647,30470000
2021-11-29,144.2513885498047,145.0116454494308,142.6287680714975,142.73433830106399,32596000
2021-11-30,140.65032958984375,144.71676490782465,140.3569260142656,143.73397863340372,42068000
2021-12-01,139.811767578125,144.66771130937158,139.67349778643103,142.73435417388086,34020000
2021-12-02,141.7094268798828,142.60002820764856,138.98210021683846,140.00850599610223,29194000
2021-12-03,140.75343322753906,143.13085117342362,139.06787856966974,142.41817632795144,41230000
2021-12-06,141.89675903320312,142.5881230149532,138.9181661975633,141.78326347810582,30618000
2021-12-07,145.97511291503906,146.23431960919498,143.95105317379645,144.31681320908484,32240000
2021-12-08,146.88401794433594,147.0887152685384,145.11918035220566,146.2992073386308,24270000
2021-12-09,146.3408660888672,147.78952259539568,145.82196873525865,146.29378297525568,23270000
2021-12-10,146.70065307617188,147.66807257838894,145.41455669964134,147.3930152629516,24458000
2021-12-13,144.5447998046875,146.66945372410888,144.23851000057718,146.48260348264037,27070000
2021-12-14,142.6421661376953,143.2101279735769,139.9738254109234,142.70263459263393,38446000
2021-12-15,145.15390014648438,145.43143797020528,140.43276245717442,142.1485511948514,36370000
2021-12-16,143.17543029785156,146.37901781040114,142.3447831853687,145.87696937173112,33650000
2021-12-17,140.47933959960938,142.5702956240414,140.05807203589413,141.2475218263389,50416000
2021-12-20,140.36236572265625,140.52840440165772,138.0964625804988,138.7694954805613,27192000
2021-12-21,142.2114715576172,142.6044862116724,139.26757475967167,140.8049373737219,28756000
2021-12-22,145.12811279296875,145.2123723601168,141.81004635956177,141.81004635956177,26322000
2021-12-23,145.62521362304688,146.94054613463166,145.16478825775857,145.2123704862323,26384000
2021-12-27,146.6064910888672,147.0401457449663,145.87596932932522,145.9617111068582,15976000
2021-12-28,145.397705078125,146.99553607369617,144.7707722414526,146.9330862972705,18200000
2021-12-29,145.3660125732422,146.12132376201117,144.3673755989165,145.35560679623677,17788000
2021-12-30,144.91549682617188,146.0053355046696,144.71131371891346,145.40465905246458,15688000
2021-12-31,143.57887268066406,145.40914004664086,143.57887268066406,144.7663412906992,18136000
2022-01-03,143.71714782714844,144.56909064299023,142.44988137611608,143.78008160886833,28646000
2022-01-04,143.13034057617188,145.19750561007717,142.45334497286012,144.11807263912576,28400000
2022-01-05,136.5640411376953,143.22943968889484,136.4778153700128,143.1506401362504,54618000
2022-01-06,136.5367889404297,138.71002316784708,135.35824405520043,135.79437916865325,37348000
2022-01-07,135.81272888183594,137.23165041306362,134.57321626393153,136.9313045859878,29760000
2022-01-10,137.45068359375,137.59937427004354,131.99407910389132,133.89075867659383,44408000
2022-01-11,138.50779724121094,138.98358922014876,135.49106011440765,136.79400536234317,28730000
2022-01-12,140.1874237060547,141.35457977142337,139.45790011942026,139.9093868006954,26108000
2022-01-13,137.36891174316406,141.59444309970127,137.19246729901857,140.29594448293275,31436000
2022-01-14,138.25454711914062,139.5049643525977,135.79436777383097,135.8741504250452,29662000
2022-01-18,134.80264282226562,135.92617904498124,134.2480664922082,134.97808901171842,34872000
2022-01-19,133.92892456054688,136.74693894623502,133.82881433443535,135.3235557494751,28648000
2022-01-20,132.1358184814453,136.41637384209355,131.79583090485298,135.05246087078947,29908000
2022-01-21,129.20578002929688,133.68009671034852,128.94310984550887,131.42807837929055,55652000
2022-01-24,129.654296875,130.0497919147019,123.40570514271955,124.8707110907713,76622000
2022-01-25,125.81932830810547,128.26167595997225,125.38865318603597,127.60847149388137,46960000
2022-01-26,128.09713745117188,131.8310265621683,126.02451243511305,129.96656245343323,49130000
2022-01-27,127.87113952636719,131.48657203766555,127.79926707176217,130.1499289030449,31950000
2022-01-28,132.17892456054688,132.18438456774498,127.35569637367115,128.51937364185733,34362000
2022-01-31,134.11428833007812,134.28230836211273,131.0474879109952,132.9828264004286,39986000
2022-02-01,136.43421936035156,136.58191182952572,133.18751085954932,136.38515490873857,68644000
2022-02-02,146.69915771484375,150.21447942925087,144.2434402937636,149.9205919214197,123200000
2022-02-03,141.8323211669922,148.3594496248234,141.41155275115443,144.4248414458833,71518000
2022-02-04,142.03355407714844,143.6016501301799,139.27997087416557,142.18372697506842,57998000
2022-02-07,137.97752380371094,142.9821426046324,137.67915934204296,142.9821426046324,54974000
2022-02-08,138.17376708984375,138.76948259746732,135.8097352776193,137.8045435650232,54284000
2022-02-09,140.34750366210938,141.27181794404441,138.95485380934457,139.72453341095786,40144000
2022-02-10,137.40164184570312,140.24096723376755,136.74447462445005,138.4756300439531,39330000
2022-02-11,133.10223388671875,137.93338716203198,132.22748330338067,137.3817903404271,39958000
2022-02-14,134.3348388671875,135.10203810058192,132.08528518005716,132.08528518005716,34302000
2022-02-15,135.40780639648438,136.8946223837062,134.6277210675767,136.36134149082847,26680000
2022-02-16,136.5273895263672,136.87232287322377,133.7381120163284,135.44547612196956,25022000
2022-02-17,131.3740692138672,135.90835577846806,131.3140998808297,135.04550824241358,38950000
2022-02-18,129.2568359375,132.89161259379068,129.05215373124426,132.29390062238596,45620000
2022-02-22,128.6725311279297,131.01871597493778,127.09649469482315,128.69680623013534,44990000
2022-02-23,126.46659851074219,130.8903696827922,126.40662916955034,130.49141097359714,32786000
2022-02-24,131.5247344970703,131.8310242930199,123.85524617381691,123.85524617381691,54456000
2022-02-25,133.27769470214844,134.0825542601225,130.59348845442182,132.3781698059547,36406000
2022-02-28,133.8699493408203,134.5583337933557,131.427102602085,131.88058572904305,38864000
2022-03-01,132.8831787109375,135.0578951055112,132.04760096390638,133.69299913792386,26496000
2022-03-02,133.3887176513672,134.07363858013736,131.90190155372292,133.4447243246417,23520000
2022-03-03,132.7226104736328,135.2402787650286,131.8562842947509,134.8145494526599,24604000
2022-03-04,130.7471466064453,132.67505894637247,129.19193655948962,131.75918412489344,30430000
2022-03-07,125.2677230834961,130.57714191731998,125.18495329978524,130.3323188037654,45112000
2022-03-08,125.98734283447266,130.09640705754634,124.56991120175218,125.1403534553541,40428000
2022-03-09,132.247314453125,132.5600473216055,128.75874807277455,130.09638929835302,37026000
2022-03-10,131.26556396484375,132.1006579109377,129.76189877245108,130.11229217718827,27102000
2022-03-11,128.72901916503906,132.6195239239846,128.49212139674947,132.31521548383986,31526000
2022-03-14,124.84396362304688,129.26278069161833,124.17391033444304,129.1051815929941,38812000
2022-03-15,128.06246948242188,128.71320878332716,124.61553252053304,125.85999864599819,30920000
2022-03-16,132.1090850830078,132.1611139748442,127.60303518238473,129.58397474034425,35576000
2022-03-17,132.66265869140625,132.90203693206857,131.02318923079633,131.97872086094247,28264000
2022-03-18,134.92906188964844,135.0465201210338,131.09604557963877,132.25179767226226,44566000
2022-03-21,134.90525817871094,135.84542305630865,132.9139133143383,134.96670973028958,26832000
2022-03-22,138.63865661621094,139.81027445788428,134.90526665885673,134.90526665885673,35496000
2022-03-23,137.06016540527344,138.36162868482575,136.62354624695533,137.48341434965386,25154000
2022-03-24,140.32769775390625,140.37428175630868,136.53978312219112,137.97653660408002,26396000
2022-03-25,140.42779541015625,140.78661319393285,138.50930604145182,140.6686558555551,24126000
2022-03-28,140.21221923828125,140.75440862104264,138.5826564041628,139.66208940065627,35050000
2022-03-29,141.25296020507812,142.52964906026023,140.79006955797232,141.39372554579415,34318000
2022-03-30,140.69094848632812,141.4660728529996,140.35542274045525,141.2078644355121,19884000
2022-03-31,137.84519958496094,140.85897258818176,137.80257825062185,140.80444813456486,37524000
2022-04-01,138.91868591308594,139.23636461681514,137.09188211987873,138.27390583221185,25942000
2022-04-04,141.7148895263672,142.4488900673313,139.07728210128434,139.12486433293225,25942000
2022-04-05,139.35533142089844,141.7337323550577,139.14866782551803,141.61330967162542,21418000
2022-04-06,135.3478546142578,138.13563495181108,134.32591048530927,137.53049665262756,32468000
2022-04-07,134.6941375732422,135.9589233791473,133.04772597265375,134.81456023404073,26234000
2022-04-08,132.11598205566406,134.47753332303952,131.796806088126,134.3917915536241,25142000
2022-04-11,127.69123840332031,130.9315035311139,127.53760194851499,130.66487062485646,36884000
2022-04-12,126.59197998046875,130.4433348003117,125.67461550166297,130.4433348003117,32710000
2022-04-13,128.75233459472656,129.18846977250948,126.618257834774,126.87498409735159,27928000
2022-04-14,125.61613464355469,129.33268319605867,125.48826307957773,129.33268319605867,31598000
2022-04-18,126.5542984008789,127.0855828047483,125.07293494796852,125.88374600398905,20808000
2022-04-19,128.86630249023438,129.187444684176,125.8832479970726,126.5691670682094,26490000
2022-04-20,126.91461944580078,130.24410511069215,126.3793722886123,129.7415575029072,31696000
2022-04-21,123.71746826171875,128.95502227336507,123.43199758034922,128.11398446155997,36446000
2022-04-22,118.583984375,124.2998031690539,117.8797341417918,123.90133604882998,56884000
2022-04-25,121.99226379394531,122.19397402288331,117.46937340165847,118.05418408752932,46128000
2022-04-26,117.6071548461914,121.43322887611035,117.46937661496328,121.21962308439458,73054000
2022-04-27,113.28994750976562,116.21153596211408,111.74564238038515,113.46340486617618,91820000
2022-04-28,117.48077392578125,118.59786733984906,113.11201138291597,115.39179910794181,48884000
2022-04-29,113.10655212402344,116.88356150708636,112.8141467885434,115.7084801576087,42676000
2022-05-02,115.55833435058594,115.71940460074636,111.61033985325037,112.40826488753257,35534000
2022-05-03,116.30270385742188,117.40096689316363,115.01462617025534,115.407141694859,24968000
2022-05-04,121.18640899658203,121.77469077330238,114.10420454212863,116.00287299219873,49916000
2022-05-05,115.48149871826172,119.97515308141593,113.99468267182898,119.1474930563822,45840000
2022-05-06,114.72916412353516,116.53812813658617,113.01338323041298,114.17210723502704,39710000
2022-05-09,111.52210998535156,114.06555854767906,111.0160988528587,112.25461312851758,40802000
2022-05-10,113.3895492553711,115.22824850518352,111.90818559117898,114.49227422836657,39900000
2022-05-11,112.60400390625,115.34172863167639,112.24122348597561,112.24122348597561,37534000
2022-05-12,111.8521728515625,113.29041589039419,108.85921166132934,110.39856314419804,53836000
2022-05-13,115.0304946899414,116.83895961506994,112.60649331317624,113.52633065893913,35038000
2022-05-16,113.4391098022461,115.14894677053942,112.88849600182488,113.94512093552153,25990000
2022-05-17,115.44927978515625,115.87252867662438,113.8603722292567,115.81355000837539,23054000
2022-05-18,110.91597747802734,114.38571397191099,110.57499924968252,113.98922818748704,35126000
2022-05-19,109.41380310058594,112.01672181932308,109.03317553495751,110.45209689987173,34144000
2022-05-20,107.95077514648438,111.19749090818948,104.86662695851531,110.96702866649967,48962000
2022-05-23,110.50809478759766,111.1617983492407,107.78523742789535,108.6243014393132,37184000
2022-05-24,105.0385971069336,105.52280600519344,100.98900326705386,104.8423393279953,76780000
2022-05-25,104.87503814697266,105.56392921352518,102.94366271417042,104.0627373069411,40258000
2022-05-26,106.84507751464844,107.6945397193801,104.30013932618309,104.74816998923528,37948000
2022-05-27,111.3293228149414,111.3308125955402,108.17925358101334,108.52073095633479,37914000
2022-05-31,112.76211547851562,114.71777381462744,111.0934100457265,111.75553808376368,50012000
2022-06-01,112.89097595214844,116.0722700821291,112.25462032822502,113.84551695037166,36606000
2022-06-02,116.58868408203125,116.86324988341372,111.95378769453289,112.9980255582533,37992000
2022-06-03,113.5342788696289,115.29913203317034,112.5207667139004,115.04240576890824,26136000
2022-06-06,115.7937240600586,118.29801461946222,115.14299253008267,115.6787387271287,33542000
2022-06-07,116.11983489990234,116.65657936123159,114.0407744070312,114.46550552636866,31590000
2022-06-08,116.16394805908203,117.52835256429877,115.57516714354193,115.73524670504767,26108000
2022-06-09,113.826171875,117.25923088930595,113.76719320854649,115.3050549411603,25798000
2022-06-10,110.1844711303711,112.28336016383942,109.39596129686058,111.45669077399432,41452000
2022-06-13,105.45738220214844,107.83529107558937,105.18628753798215,105.84791642014875,47252000
2022-06-14,105.77753448486328,106.97590773524955,104.87008432802617,105.59862472278411,33706000
2022-06-15,108.79975128173828,110.44416645951732,106.7231636370719,107.59096455911155,39698000
2022-06-16,105.10154724121094,107.69356127238406,104.21391782028991,106.27861002380959,51684000
2022-06-17,106.20177459716797,107.74409805466348,104.12270672580617,105.10153022197909,51376000
2022-06-21,110.56361389160156,111.50080688982577,107.64548911545747,107.97209137326078,47416000
2022-06-22,110.50760650634766,112.35026079420923,109.41231534981758,109.58478958192295,30774000
2022-06-23,111.25546264648438,111.75156708607098,109.52927601369151,111.2450568706106,28362000
2022-06-24,116.9380874633789,117.04117725395231,111.95973234728507,112.00186213185698,41164000
2022-06-27,114.81541442871094,117.53727377160598,114.16715569950595,117.23347197127057,36420000
2022-06-28,111.02303314208984,116.27843425509606,110.86493491306922,114.78467596630205,35792000
2022-06-29,110.71971893310547,112.16589494206592,109.8980029257133,110.57153493394433,24716000
2022-06-30,108.00527954101562,109.91336299699368,105.81173299422112,109.03316748819037,43170000
2022-07-01,107.78177642822266,108.28976888662308,105.79241280402681,106.98434306481707,35476000
2022-07-05,112.26748657226562,112.38048300759941,104.8021821905214,106.15915276764794,39342000
2022-07-06,113.56498718261719,114.57354585155757,110.49619829116553,112.30615296257244,37432000
2022-07-07,117.73898315429688,118.14191207685637,113.82420284830546,114.06853442164258,40936000
2022-07-08,118.30447387695312,118.63305746114801,115.87402164356276,116.21946167906191,38238000
2022-07-11,114.6597900390625,116.9608884830124,114.31683045021927,116.9608884830124,31196000
2022-07-12,113.01834869384766,115.94588857717979,112.69075577017246,115.19355693473877,29960000
2022-07-13,110.37478637695312,113.19230171782554,110.22412191978457,110.71922817942544,43722000
2022-07-14,109.39745330810547,110.11657870733588,107.4204842436842,109.24183551851672,37004000
2022-07-15,110.79505157470703,112.14607830712104,109.92526931854086,111.01609870201857,46770000
2022-07-18,108.07170867919922,112.68084025664578,107.41751350561796,111.64998015183659,43164600
2022-07-19,112.8096923828125,113.01784573162385,108.59704671976239,109.87570948732167,36530900
2022-07-20,112.8989028930664,114.38571897797333,111.49138548098223,112.1753157376498,35600400
2022-07-21,113.33502197265625,113.54318286379541,110.13341581141034,113.27555175366626,32676200
2022-07-22,106.9516372680664,111.35260768410927,105.56394075969678,110.02438896081073,48901200
2022-07-25,106.5650634765625,108.90432131164432,105.36569944827403,107.45715461067633,34690900
2022-07-26,104.09695434570312,106.25779418092783,103.15530711554915,105.66306921649698,47991000
2022-07-27,112.0662841796875,112.9088193610781,107.06067446511638,108.29968789382276,59858500
2022-07-28,113.21609497070312,113.33503542279847,110.4803511374403,111.38235656496596,32816600
2022-07-29,115.29761505126953,115.68418657478989,112.06626642372873,112.08609487035557,37223400
2022-08-01,113.8504638671875,115.69411641077537,113.33503005804593,114.28659900379381,26034300
2022-08-02,114.11808776855469,115.32736606008014,112.72048458212805,112.9980223744773,20236000
2022-08-03,117.04216003417969,117.57741471400418,114.46501375387983,114.69298797756183,28499000
2022-08-04,117.15120697021484,117.73601771278302,115.86262990419868,116.44744820910513,21602900
2022-08-05,116.4375228881836,117.07189713527843,114.98044193983411,115.20842372972953,19159500
2022-08-08,116.26901245117188,119.09396129560791,115.85269823014673,117.34942843143419,19138300
2022-08-09,115.60490417480469,116.28884199524232,114.69299212244628,116.11042376218631,19086500
2022-08-10,118.64791870117188,119.85719697468683,117.36926354294056,117.73600666493809,30930400
2022-08-11,117.79549407958984,120.42220435114717,117.51795625086777,120.21405097960562,24293700
2022-08-12,120.61051940917969,120.61051940917969,118.41003042457679,119.20300201694565,19096300
2022-08-15,121.00700378417969,121.22507134763688,119.54992284865891,120.06534908400887,19494800
2022-08-16,120.6303482055664,121.3539353982233,119.57966720477233,120.45192996370155,19041200
2022-08-17,118.49923706054688,120.22394148614529,118.33072550149306,119.06422683250173,22847000
2022-08-18,119.11377716064453,119.75806556945993,117.67652480141825,118.38028342687184,17987700
2022-08-19,116.17981719970703,118.10276857561419,115.73377536372404,118.01355567101463,21809500
2022-08-22,113.23592376708984,114.61370622389826,112.84935214610553,114.18748526200035,21456600
2022-08-23,112.85926055908203,113.999154474037,112.43303961913671,112.48260318331054,15870400
2022-08-24,112.69074249267578,113.77115848347056,111.87795005297879,112.50241004709838,17734600
2022-08-25,115.62474060058594,115.69412505365322,113.10706427704174,113.23591895778435,16956800
2022-08-26,109.37018585205078,114.10817938697578,109.2215102957735,113.71169359144874,37245700
2022-08-29,108.45826721191406,109.97481829229946,107.84372145048772,109.02325697837799,21191200
2022-08-30,107.98249816894531,109.52878447093995,106.85251855405113,109.2016831186449,27513300
2022-08-31,107.26882934570312,109.875710914492,107.17961644514644,109.67747178800279,28627000
2022-09-01,108.77545928955078,109.47921797382328,106.4163805635808,107.32829258582089,28360900
2022-09-02,106.90206909179688,109.76666731895013,106.31725842726799,109.61798420619859,24160700
2022-09-06,105.8712158203125,107.08049412281643,104.8502699767572,106.3569145236708,25068300
2022-09-07,108.48800659179688,109.01335460790509,105.96042387910643,106.11901365650074,23167000
2022-09-08,107.42741394042969,108.63669221562516,106.21814322757177,107.09040592922442,24238300
2022-09-09,109.67747497558594,110.01448301287972,108.06179655462415,108.1113601188559,23197700
2022-09-12,109.88561248779297,110.63893469392616,108.96378628731095,110.01446714894143,22966800
2022-09-13,103.4030990600586,107.34812094062124,103.17511727352941,106.85251559475012,38172900
2022-09-14,104.0771255493164,104.35466334080722,102.74890681508529,103.65090463743046,26395100
2022-09-15,102.00550079345703,104.34475118044541,101.45041763715635,103.11565198138281,34188300
2022-09-16,101.89645385742188,102.2235476117455,100.05280151558253,101.17286678380967,42797200
2022-09-19,102.16410064697266,102.42181758199668,100.65746350245838,100.85570264488392,23036800
2022-09-20,100.25106811523438,101.4702608289189,99.636514645249,101.18280876532924,26517100
2022-09-21,98.40740966796875,101.97576713173589,98.39749544224667,100.77640293887092,31487300
2022-09-22,99.25984191894531,100.35017220971649,97.92170894561988,97.95144405755235,34298600
2022-09-23,97.87214660644531,98.7840662370101,96.6133122907774,98.75432356236846,31625400
2022-09-26,97.3071517944336,99.00212116985077,96.94040867838093,97.23776734850438,27072700
2022-09-27,96.6430435180664,99.12107027493991,96.0185834977758,98.55608047686624,30072800
2022-09-28,99.1706314086914,99.81491229984545,96.25646959395841,96.79172426782799,32466300
2022-09-29,96.5637435913086,97.77302184291314,95.11657689159186,97.77302184291314,31047200
2022-09-30,94.8093032836914,98.03073800147999,94.72009038986029,96.19699975151396,32941500
2022-10-03,97.77302551269531,98.41731399775504,95.67165604887613,95.90955206825485,27982000
2022-10-04,100.74665832519531,100.94489744691543,99.49773068381286,99.5572084701991,28850800
2022-10-05,100.53851318359375,101.03411859067795,97.93163146477268,98.95257739339199,22176900
2022-10-06,100.52859497070312,102.0253253581869,99.7058882126134,99.79510111476603,22324000
2022-10-07,97.81266021728516,99.64639827557549,97.43600291978692,98.97237477950624,27502800
2022-10-10,96.99988555908203,98.22898478378026,96.15735792571904,98.12986522026777,18225100
2022-10-11,96.32585144042969,98.37765718707726,95.46349545095802,96.57365410336944,26507100
2022-10-12,96.70252227783203,97.88206553818982,95.88972973231223,96.44481291724789,21876400
2022-10-13,98.18933868408203,98.90301166464873,93.55047187273668,94.31370841786314,34574500
2022-10-14,95.71129608154297,99.80500082627663,95.52297120409693,99.11114884737647,25410700
2022-10-17,99.09133911132812,100.04290051639435,97.96135947016587,97.99109458245891,28419200
2022-10-18,99.8843002319336,102.56057369471353,99.09133619885397,102.22355811984305,24060700
2022-10-19,98.75431823730469,100.13210049023245,98.0505595554906,99.1309831390766,23811100
2022-10-20,99.09133911132812,101.42068284311566,98.51643506587006,99.12107422362116,25323200
2022-10-21,100.24111938476562,100.41953758480973,96.86109536913763,96.98995001714982,32458700
2022-10-24,101.61890411376953,101.84688587185966,99.10123592566191,100.9052388571031,27176400
2022-10-25,103.56169891357422,103.89870692702209,101.81716593632244,101.99558416765885,40611400
2022-10-26,94.09563446044922,97.44592398970775,93.85774600381856,95.58245054848182,88114100
2022-10-27,91.40945434570312,94.59123986812598,90.993147655817,93.68923447770169,60710900
2022-10-28,95.44367980957031,95.70139671064247,91.32023964176592,91.45900853564996,43697300
2022-10-31,93.67932891845703,95.18596591202643,93.15398843755676,94.58132675716521,31675000
2022-11-01,89.6748275756836,95.18595629968785,89.57570802441086,94.61105231503412,47161400
2022-11-02,86.2055892944336,90.37858511956873,86.1163764057392,90.14069668694522,57038300
2022-11-03,82.69670867919922,85.75954610026633,82.60749578413358,85.56130698597873,61288000
2022-11-04,85.81903839111328,85.87850862298481,82.97426048995159,84.64940926949454,51124900
2022-11-07,87.71223449707031,88.11863452220038,86.08664952122535,86.51287043332725,34078900
2022-11-08,88.1186294555664,89.5261467821038,86.82013834461175,88.1186294555664,30429000
2022-11-09,86.55252838134766,88.65389803931104,86.51287904112137,87.67259388397157,31769100
2022-11-10,93.11433410644531,93.56037588946144,90.80481139698212,91.43918562996998,51620100
2022-11-11,95.56262969970703,96.07805594966968,93.09450954770053,93.85774604143894,33090500
2022-11-14,94.85884857177734,95.93927202603575,93.67931313527288,94.2542095187863,30179500
2022-11-15,97.57478332519531,99.25983848330503,95.85998549384487,97.39636509743826,41640800
2022-11-16,97.9811782836914,98.76423566096419,96.78181421845211,97.03953112343324,29105200
2022-11-17,97.49549102783203,98.4074031127186,95.93929043602027,96.11770867544051,26052600
2022-11-18,96.57366943359375,98.03075053295224,95.52298839589072,97.90188828787205,28342300
2022-11-21,94.75973510742188,97.53512790783459,94.5218466726924,96.43488349899745,21647400
2022-11-22,96.19701385498047,96.36551788073132,93.22338137182606,95.10667589461974,23438500
2022-11-23,97.59461212158203,97.8919783793907,96.23665063568495,96.23665063568495,18868100
2022-11-25,96.60338592529297,97.77301475705663,96.54391570815923,97.37652899737903,9701400
2022-11-28,95.20579528808594,96.72234652124172,94.7696601393946,96.18709181030358,26237500
2022-11-29,94.35334777832031,95.27517402033777,93.28283842068635,94.8886024571373,20061700
2022-11-30,100.10235595703125,100.15191951175822,93.59010264481662,93.98658839562236,43647500
2022-12-01,100.10235595703125,101.35128342525145,99.3688622335595,100.13209106493275,28687100
2022-12-02,99.55720520019531,99.88429898405619,98.03073981360708,98.17942293118247,21480700
2022-12-05,98.60565185546875,100.4889462901507,98.12986735299515,98.52635317800012,24405100
2022-12-06,96.12760925292969,98.90299445146697,95.57252616335273,98.42721758878601,24910700
2022-12-07,94.10554504394531,96.02848863434032,93.88747748283083,95.56262596381266,31045400
2022-12-08,92.8863525390625,94.73991924555087,92.62863564307744,94.54167257081721,32213300
2022-12-09,92.01409912109375,93.43153084821046,91.93480044321662,92.94583211796659,28225400
2022-12-12,92.4898681640625,92.73767083950996,90.80481299595476,91.89514325545609,29420000
2022-12-13,94.78948211669922,98.6552055874712,94.19475717404306,96.90076587228482,40593700
2022-12-14,94.2343978881836,96.018580115214,92.77731699649831,94.3632525525602,28733600
2022-12-15,90.06139373779297,92.81695793514028,89.21886625881316,92.31143842281777,40107000
2022-12-16,89.46668243408203,90.52727761063562,88.73318105041864,89.96228779812273,58011800
2022-12-19,87.66267395019531,89.7640357277138,87.43469216899084,89.46667706453866,29493000
2022-12-20,88.2375717163086,88.39616905558795,86.67146458378042,87.33557392675367,23453800
2022-12-21,88.79265594482422,89.42703018514993,87.54372835066033,88.29705059692365,24745600
2022-12-22,86.9886474609375,87.76179054640475,85.56130172632905,87.3851332274773,27658300
2022-12-23,88.44573211669922,88.76291923113465,86.30471342250716,86.34436275710375,23003000
2022-12-27,86.62190246582031,88.15828207571641,86.24524512227134,88.01951318270693,20097300
2022-12-28,85.26394653320312,87.26619651001516,85.18465541951453,86.21551552084601,19523200
2022-12-29,87.6725845336914,88.06907033133078,85.84876045182291,85.85867467640674,23333500
2022-12-30,87.45453643798828,87.523920894848,85.8091228005453,86.21552287810843,23986300
2023-01-03,88.3366928100586,90.24972960120895,87.74196039065848,88.80255544716131,28131200
2023-01-04,87.30583953857422,89.85325071371112,86.50295373591993,89.55588448127065,34854800
2023-01-05,85.44235229492188,86.8003135647901,85.14499364675605,86.7011940154015,27194400
2023-01-06,86.57234191894531,86.91927172588105,84.11414353236154,86.02718055238785,41381500
2023-01-09,87.24635314941406,89.25851700743456,87.08776338680192,87.58336868376195,29003900
2023-01-10,87.6428451538086,87.89064781997227,85.07561316227476,85.2242962744404,30467800
2023-01-11,90.71560668945312,90.79490536631714,88.22767309213403,88.39617710871649,26862000
2023-01-12,90.32903289794922,91.06253429761234,88.96116478580137,90.6759627102154,30258100
2023-01-13,91.31033325195312,91.37971769910212,89.33781849580512,90.05149141638756,26329200
2023-01-17,90.48762512207031,91.43918648040213,89.25852597951722,91.2508540286788,32602400
2023-01-18,90.31912994384766,91.9843643742161,89.84334543702602,91.33016162262862,29116700
2023-01-19,92.2321548461914,92.78723039529136,89.83341930400117,89.92263219572776,37000400
2023-01-20,97.15846252441406,97.43600785288929,94.18483063749785,94.2641293027765,63191100
2023-01-23,98.91291809082031,99.1607207694037,96.64304464751609,97.08908644403112,40005100
2023-01-24,96.84127807617188,98.73449405924738,96.34567274812117,97.23776385107986,33078500
2023-01-25,94.3830795288086,95.31481996198589,92.93591288382635,94.73000174467127,42330000
2023-01-26,96.66284942626953,96.71241297866187,94.5416594560625,95.65181799355835,30114000
2023-01-27,98.49661254882812,99.43825971343786,96.45471331121503,96.45471331121503,33879800
2023-01-30,96.08797454833984,97.42610757655028,95.55271982458807,96.62322927209162,27226200
2023-01-31,97.97126770019531,98.01091703799966,95.96902529627194,96.01858885911187,29870700
2023-02-01,99.54727935791016,100.30060151999366,96.72233070301775,97.84239594167008,35531100
2023-02-02,106.79302978515625,106.90206355804081,104.68175389285314,104.8700863300786,69883800
2023-02-03,103.85906219482422,106.86242958684039,101.67840154834732,102.0253238017862,65309300
2023-02-06,101.9955825805664,103.44274929562647,100.98454343127975,101.49997723038128,31999600
2023-02-07,106.69392395019531,107.22917865979215,102.2136547117616,102.31277427376001,49010200
2023-02-08,98.49661254882812,102.23347365780366,97.17830046850436,101.15305759656383,94743500
2023-02-09,94.17493438720703,99.15080896730558,92.80705872811015,99.12107385512309,119455000
2023-02-10,93.73880004882812,95.89963977995525,93.42161291225615,94.61106278381658,54980700
2023-02-13,93.77845764160156,94.36326840393785,93.01522106425257,93.90731232762349,50076100
2023-02-14,93.84783935546875,94.01634337742144,91.44911102142065,93.60003665412482,54726100
2023-02-15,96.08797454833984,96.26639278959044,93.32249559012467,93.65950362229911,50169000
2023-02-16,94.67053985595703,96.8214653459122,93.90730335156145,94.53177095740106,42462600
2023-02-17,93.5207290649414,94.72009311770113,92.39074945945416,94.01633442041258,34284100
2023-02-21,90.98323822021484,92.28172191944829,90.91385376824827,92.18260235411577,33629300
2023-02-22,90.8444595336914,91.30041553499177,89.81359952809775,90.89401552985218,30884000
2023-02-23,90.09115600585938,91.13193045164857,88.97109043728743,91.11210199919876,41206400
2023-02-24,88.34661102294922,89.09993330697509,87.80144965033324,88.6538914964404,36585100
2023-02-27,89.08011627197266,89.3675683080764,88.55476820178005,89.08011627197266,27502300
2023-02-28,89.2684326171875,90.42815487570596,88.534938821612,88.54485304599933,30142000
2023-03-01,89.56580352783203,90.22991291205538,88.88186569379845,89.18914616715412,31111200
2023-03-02,91.19139099121094,91.46892879729705,88.80256940162761,88.87196141548718,32204400
2023-03-03,92.8268814086914,92.90618007780824,91.63742405895086,91.66716673162266,35160100
2023-03-06,94.29387664794922,95.12649761674808,93.17381121430402,93.19363210202732,32639300
2023-03-07,93.03504180908203,94.8291308506661,92.70794044588578,94.14520057401873,27835500
2023-03-08,93.42160034179688,95.11656958375383,93.17379768837036,93.29274568445635,34103300
2023-03-09,91.50857543945312,94.69036101520102,91.09226874258992,93.22337335130082,28813500
2023-03-10,89.83343505859375,91.97445408746843,89.60546080194823,91.35990064866066,35941000
2023-03-13,90.3092041015625,91.75637076191212,88.6340556613181,89.29816499049838,37335600
2023-03-14,93.1440658569336,93.5306374048924,91.62751477458181,91.74645521251553,36050200
2023-03-15,95.2652587890625,96.07805124185921,91.82575652926289,92.40066053699009,50622100
2023-03-16,99.43826293945312,100.30061902134946,94.66062738841612,95.35447189407667,65492000
2023-03-17,100.72684478759766,101.9361156180665,99.22020012817495,99.37879748699346,61028500
2023-03-20,100.33035278320312,100.85569326789229,98.99221979039645,99.24002247655834,32960400
2023-03-21,103.9978256225586,104.17624385241345,100.33034902951017,100.36008414076306,42110300
2023-03-22,102.46146392822266,105.65315637708333,102.4218145884287,103.35354760540243,43427400
2023-03-23,104.67184448242188,105.36569648380548,103.54186493178221,104.136589817013,40797800
2023-03-24,104.51325988769531,104.56281588589015,102.9273166987092,104.06721052991638,30393300
2023-03-27,101.5594482421875,103.83923589570183,101.03410777688019,103.70046700155793,31120900
2023-03-28,100.14202117919922,101.54953863368904,98.86335840017524,101.53963197104099,32057900
2023-03-29,100.49886322021484,101.58919359656976,99.76536933973438,101.38104023436605,28779600
2023-03-30,100.00325012207031,100.27088125455408,98.90300560483199,100.0230785716146,33086200
2023-03-31,102.81829833984375,102.97688813346652,100.15193890087117,100.40965582313862,36863400
2023-04-03,103.4427490234375,103.61125302709605,101.03410672538214,101.49006273887221,25035400
2023-04-04,103.79959106445312,104.6520329153803,103.12556745121624,103.41301947651381,24420100
2023-04-05,103.55179595947266,105.16746687962373,102.74891761224288,104.85027971854075,28290500
2023-04-06,107.4670639038086,108.21047194004801,103.41301570943838,104.33484197686876,48711500
2023-04-10,105.50447845458984,106.64436480832546,104.19608051990066,106.03973318637243,27067400
2023-04-11,104.42404174804688,105.79191730174914,103.75993241934815,105.6134990800635,26311800
2023-04-12,103.72029113769531,105.81174640224904,103.42292489102086,105.64324239155782,24370300
2023-04-13,106.48576354980469,106.54523377059805,104.90973463774462,104.90973463774462,24843600
2023-04-14,107.91311645507812,107.98250090468606,105.90095229177238,105.95051585392284,26578000
2023-04-17,105.0385971069336,105.22692955632782,103.60133708165166,103.7401135343835,37571200
2023-04-18,103.58151245117188,105.60358307540247,103.15529157112812,105.55401951819435,26596400
2023-04-19,103.26432800292969,104.05729956463124,102.16408355317898,102.66960311282216,20905700
2023-04-20,104.36457824707031,105.31613963654112,102.95706083112417,102.99671016764434,27820800
2023-04-21,104.48352813720703,105.0683388461455,103.85906052869694,104.54299836188882,25800100
2023-04-24,105.0385971069336,105.69279222417367,103.77975530677848,104.56281265248298,23542800
2023-04-25,102.9372329711914,105.75227538154243,102.92731874642017,104.89983354732145,46664100
2023-04-26,102.7984619140625,105.41525758570141,101.72795253139088,103.99782596670221,53347600
2023-04-27,106.64434814453125,107.41749878896674,102.62994962694194,103.53194736861123,50089200
2023-04-28,106.39654541015625,106.40645963391208,104.16632149232343,106.09918675851405,36139800
2023-05-01,106.2577896118164,107.04084701354168,105.88113224841882,105.90095313603432,26681700
2023-05-02,104.3943099975586,106.25778337997941,102.79846017510972,106.19831315828286,30997200
2023-05-03,104.48352813720703,106.54524073699993,104.03747876508014,104.60246858657061,21795400
2023-05-04,103.76985168457031,104.67184949855658,103.05617876315749,104.5628157154331,23419500
2023-05-05,104.6421127319336,104.94938562732777,103.19494602522195,103.89870471094449,26639300
2023-05-08,106.82276916503906,107.01110160979505,104.2357163079201,104.25553719362945,26511400
2023-05-09,106.4064712524414,109.18186434483572,106.24788146671654,107.43733132783537,36360100
2023-05-10,110.76780700683594,111.94735027992186,106.98138204967745,107.02103138919628,63153400
2023-05-11,115.54544067382812,116.88357371843381,113.40442931492669,114.3857258726591,78900000
2023-05-12,116.4771728515625,116.99259909422787,115.08947634268829,115.65446614587465,41102300
2023-05-15,115.4859619140625,117.43864822230549,114.9903565591719,115.08947611768251,36266800
2023-05-16,118.4595947265625,119.68869389632489,115.40666390786913,115.46613413085095,45035600
2023-05-17,119.77790069580078,120.60060741468727,117.8450428018749,118.55871573573606,33323600
2023-05-18,121.75041961669922,122.2261965471798,119.76799809424153,119.8869385456927,35234200
2023-05-19,121.6810302734375,124.8628157815704,121.07639112841179,122.46408765080419,41353400
2023-05-22,123.9509048461914,125.31877293153339,121.66120291685972,121.85944960031794,35253000
2023-05-23,121.48278045654297,123.53458629434267,121.13585822548262,123.06872361968306,34046300
2023-05-24,119.83738708496094,120.83851210918337,118.80652694674922,120.05545467066663,34182600
2023-05-25,122.39469909667969,124.21852313290142,120.88805461582595,123.4255515574692,42317000
2023-05-26,123.51477813720703,124.15906666834047,121.37375918371839,122.0874321682146,35635900
2023-05-30,122.5830307006836,124.5555455229917,120.92771057579567,124.53571707323403,35076700
2023-05-31,121.7900619506836,122.96959754632296,121.42331126767849,121.67111394373497,37325800
2023-06-01,122.6325912475586,123.32643572526102,121.54226097016722,121.74050008884288,30772700
2023-06-02,123.57423400878906,125.04122914675051,122.67223621986325,122.90021044199662,26980100
2023-06-05,124.90247344970703,126.30999095298885,122.75154029346575,122.9200518747169,32305500
2023-06-06,126.19103240966797,127.16241466547471,124.25817456021957,124.90246303081489,26638300
2023-06-07,121.42330932617188,127.90582057329998,121.04665198703012,125.85402231319067,52539000
2023-06-08,121.06647491455078,122.14689851551302,120.17438376750341,121.15568781042428,29389200
2023-06-09,121.15568542480469,122.67223656375475,120.83849830791537,121.17550631108766,23778300
2023-06-12,122.55329132080078,122.95969134096524,120.59069835405128,121.7107637315462,28306400
2023-06-13,122.74161529541016,124.05992726081115,122.09732686731414,123.8815090432205,22278300
2023-06-14,122.5830307006836,122.95969562270113,120.38254164252703,122.01804087999511,30592300
2023-06-15,123.99055480957031,124.35730552643699,121.32420291141162,122.05769678280674,35246300
2023-06-16,122.44425964355469,125.00158512889624,122.19645696231628,124.82316689591107,45535600
2023-06-20,122.0180435180664,123.47512455090713,121.06648209224629,121.8495395031722,26097500
2023-06-21,119.4904556274414,121.58191085699323,119.04440626489465,121.32419395167761,30306300
2023-06-22,122.0676040649414,122.15680940156187,117.78557397338955,118.94528872348243,26952200
2023-06-23,121.26471710205078,121.71076646804086,119.99596857737609,120.31315570854476,34913600
2023-06-26,117.29987335205078,120.927708228838,117.23048890392118,119.69860904954042,33969900
2023-06-27,117.28997039794922,118.03337846384325,115.07956708792895,116.0509569547925,39535900
2023-06-28,119.12370300292969,119.33185634380241,115.82296953551025,116.0608579876023,27091400
2023-06-29,118.05320739746094,119.00476887917876,117.26024327719865,118.19197630756531,24090900
2023-06-30,118.64791870117188,120.01579431786013,118.63801203897671,119.1137889438215,29532200
2023-07-03,118.8461685180664,119.13362053840451,117.77565911039436,118.19196580370979,14467900
2023-07-05,120.6799087524414,121.5323506020042,118.18206099111318,118.19196765372497,27584800
2023-07-06,119.05430603027344,119.24263846463137,117.35933680806241,118.74703316355199,24745200
2023-07-07,118.42986297607422,119.98606354107629,118.35056430162291,119.04440879722722,21709500
2023-07-10,115.4264907836914,117.27014341516231,115.11921786589225,117.2602367523764,35315200
2023-07-11,116.11041259765625,116.67540235428439,114.33614466240792,115.2678850745914,23078800
2023-07-12,117.88468933105469,119.27238582914387,117.36926309239514,117.75583466197419,30404400
2023-07-13,123.44538879394531,123.73284082144414,119.39133285851337,119.86711735011022,44297900
2023-07-14,124.3176498413086,125.6656970596948,122.4046128006824,123.703104019214,33283100
2023-07-17,123.5544204711914,125.98288376353565,123.10837110000271,124.83308323552517,25716200
2023-07-18,122.6722412109375,123.58415326124799,121.87926960750545,123.50485458843724,26193600
2023-07-19,120.95744323730469,124.07975852514653,120.72946900607533,123.50485449122769,37224000
2023-07-20,118.15231323242188,122.9993329839657,117.18093097461103,120.35280221161847,37906800
2023-07-21,118.9651107788086,119.92658641540363,117.68645556733492,119.55984327813516,72937900
2023-07-24,120.46184539794922,121.91892646074687,119.91668400402355,120.59070763979601,29686100
2023-07-25,121.13587188720703,122.06761246628307,119.9563286062353,120.29334421322936,52509600
2023-07-26,128.13380432128906,129.8287660545172,127.19215723342076,128.92677586226864,61682100
2023-07-27,128.2626495361328,132.0689098519843,127.65801044654415,130.51270190226427,44952100
2023-07-28,131.4147186279297,132.56452668916148,129.4223905323537,129.63053631303129,36591200
2023-07-31,131.55349731445312,132.35637563474472,130.62175675151056,131.56340397747383,28055500
2023-08-01,130.3937530517578,131.46426227856932,129.53138957410042,129.63051668062243,23166800
2023-08-02,127.25162506103516,128.94658676241383,126.43882508751874,128.3122125664853,26273300
2023-08-03,127.32100677490234,128.25274721907638,126.30006100088384,126.84522989105743,20089500
2023-08-04,126.98399353027344,130.35410359894246,126.78575443058828,128.1437081443391,26147200
2023-08-07,130.3739471435547,130.45324581754625,127.8860136363558,128.02478253467217,22746300
2023-08-08,130.24510192871094,130.3541357291139,128.4014491103284,129.47195866209995,23535200
2023-08-09,128.52037048339844,130.87944143501775,127.86616785514812,130.50279169045498,24912900
2023-08-10,128.5501251220703,130.889383106786,128.31222909619765,130.16580349118593,20857800
2023-08-11,128.42124938964844,128.78799249024013,127.04346719118266,127.52916585454872,19591100
2023-08-14,130.1757049560547,130.21534672977936,127.82654040248093,128.25275374989084,24695600
2023-08-15,128.6393280029297,130.26491300365356,128.14372263533488,129.9477334332242,19770700
2023-08-16,127.5688247680664,129.13493962042415,126.7461255654186,127.5688247680664,25216100
2023-08-17,128.77810668945312,130.82992032710072,128.15363903892097,128.65916623208574,33446300
2023-08-18,126.3397216796875,128.11398983517552,125.26921225140346,127.38048843301539,30504800
2023-08-21,127.24172973632812,127.59856624103821,125.44764054933584,126.0621939879673,25248700
2023-08-22,127.94548034667969,129.1349301745341,127.19216565146276,127.38048298176062,22054900
2023-08-23,131.20655822753906,132.23742584663677,128.72853142638633,129.03580432978123,27819700
2023-08-24,128.6393280029297,133.07004119920114,128.43118221835817,132.77267495370916,28500700
2023-08-25,128.73846435546875,129.61071958018746,126.13157509513833,128.40144118659,26762900
2023-08-28,129.85848999023438,131.37504093670455,128.99614164313212,130.15585618309913,20543300
2023-08-29,133.38722229003906,135.36964355822954,131.0776996976363,131.0776996976363,43075600
2023-08-30,134.68569946289062,135.08217764800216,132.89161071955,133.59536176682397,28315800
2023-08-31,134.97314453125,136.78706173002197,134.59647966630084,134.81454720656896,30053800
2023-09-01,134.46768188476562,136.25186463002217,133.6648034305699,136.25186463002217,21543700
2023-09-05,134.57669067382812,135.22097162539615,133.39714743586188,134.24958930429057,19403100
2023-09-06,133.27818298339844,135.32998104598227,132.495118145148,134.82446908845833,18684500
2023-09-07,134.0711669921875,134.38836170715467,131.78147247047056,132.4158467757284,18844300
2023-09-08,135.18133544921875,135.4588732667458,133.66478411606147,133.72425434486345,23558300
2023-09-11,135.71656799316406,136.27164356834132,134.59649505596173,135.33990308514734,20763400
2023-09-12,134.15048217773438,135.66703367417148,134.00180658972224,135.06239440845826,18405500
2023-09-13,135.50843811035156,135.69675546177504,132.9709257016799,133.9026662941698,20749500
2023-09-14,136.88621520996094,137.48093260507594,135.0425625482196,136.39060981836033,24751000
2023-09-15,136.19235229492188,137.30251863025583,135.28044021121335,136.76725635034862,38919600
2023-09-18,136.9952392578125,137.9368864099472,135.40929606761446,135.40929606761446,21861300
2023-09-19,136.82672119140625,137.1934794427395,135.41920378337616,136.21217538464424,20353700
2023-09-20,132.5645294189453,136.86638038785247,132.44557384571905,136.86638038785247,29927500
2023-09-21,129.29356384277344,131.0678248584669,128.92682061669072,130.28477483190886,31503900
2023-09-22,129.10519409179688,130.86954793351885,128.4609131845869,129.61070610554586,26397300
2023-09-25,129.95761108398438,130.01708129487156,127.82651452894251,128.68886283615083,20094600
2023-09-26,127.43998718261719,129.2142479623221,126.10184647539427,128.62943718643902,25718700
2023-09-27,129.3926239013672,129.74946031913365,127.43995295168975,127.43995295168975,22746500
2023-09-28,131.14707946777344,132.12838346203904,128.64922437989011,128.6987879376221,22513100
2023-09-29,129.70982360839844,132.87178793711044,129.21421829354512,132.10855151732764,30859800
2023-10-02,132.99075317382812,133.23855587746678,130.01712073016435,130.0567776325655,22288000
2023-10-03,131.2660369873047,133.0799545386721,130.68122625412332,132.76277495232893,22989400
2023-10-04,134.05133056640625,134.37843188809666,131.3651431138617,131.62285243185696,26752300
2023-10-05,133.8828582763672,134.29916502309197,132.27708639651163,133.8828582763672,19832600
2023-10-06,136.3707733154297,136.9456773507009,132.832143768504,132.832143768504,27597600
2023-10-09,137.2034149169922,137.7188488347559,134.41811462767336,135.7364269776261,19278100
2023-10-10,136.8465576171875,138.4919711389079,136.12297798401696,137.28269277954,27786600
2023-10-11,139.3146514892578,139.86972699986873,137.36196541642576,137.36196541642576,25884300
2023-10-12,137.74853515625,139.9787589554809,137.0447689914143,139.81025497227756,24765500
2023-10-13,136.15267944335938,138.76947464598243,135.41917820391996,138.15492895530255,23420500
2023-10-16,137.87742614746094,138.4027666531714,136.77718157188923,136.95559225322052,28501900
2023-10-17,138.49195861816406,138.6703692822643,135.97427499935674,137.41154259753543,23515800
2023-10-18,136.7474365234375,139.48317264449588,136.17253249534386,138.22433080496884,23375000
2023-10-19,136.53927612304688,138.4324922204464,136.17253299803895,137.28268416001447,26066000
2023-10-20,134.40817260742188,136.65820993362706,133.89273882524216,136.1229628278564,26335700
2023-10-23,135.30029296875,136.45010128617287,132.77270205318928,133.8531183451414,26317900
2023-10-24,137.5899658203125,138.13513477372655,136.21218344241674,136.6185834917505,44814300
2023-10-25,124.5059814453125,127.18224741384032,123.97072673913938,127.03357185296261,84366200
2023-10-26,121.20524597167969,123.23723097831568,120.20412102421639,122.18654246977827,57061100
2023-10-27,121.09622192382812,122.22620163366648,119.15344965845101,121.79998068610722,44566500
2023-10-30,123.36607360839844,124.29781401681586,121.67110434536504,122.12706032585909,28940100
2023-10-31,122.98942565917969,124.268088371617,121.61164338905817,123.96080791175726,26292300
2023-11-01,125.33859252929688,125.37824186558063,122.63259149838505,122.97951373794584,30082400
2023-11-02,126.36943817138672,127.84633985839059,125.8143626514039,127.29126433840777,27124600
2023-11-03,127.96529388427734,128.39150718035043,126.7361873014037,126.89478462654999,26393100
2023-11-06,129.10519409179688,129.19439942516289,127.53907936577991,127.91574427289191,19052700
2023-11-07,129.81886291503906,130.75060336661838,128.73844691253734,129.56115358521535,29757300
2023-11-08,130.68124389648438,131.04800222119866,129.6305627425707,129.81889523707943,26425800
2023-11-09,129.0952911376953,131.38498550790692,128.92678712827234,130.80017480614322,23747800
2023-11-10,131.42462158203125,131.63278248151076,128.27257885187583,128.95651664701234,26913300
2023-11-13,130.9290008544922,131.42460614060172,130.09638760374972,130.62172799705198,18324800
2023-11-14,132.445556640625,134.50727652084166,132.14820555787506,133.01055394719708,32395200
2023-11-15,133.436767578125,133.8431675584507,132.39600853658533,133.68457023081038,23861500
2023-11-16,135.72647094726562,136.01393051384863,133.1394255960663,134.00177404646607,28013200
2023-11-17,134.1207275390625,134.86413562027792,132.4753140227168,134.80466539372887,37240600
2023-11-20,135.05245971679688,135.45885973926121,132.44557070034907,132.5149627101394,27815500
2023-11-21,135.76612854003906,135.97427431377318,134.76501119450535,135.09209741037324,22635300
2023-11-22,137.2727813720703,138.19460010408307,136.26174217835015,136.26174217835015,17813900
2023-11-24,135.48858642578125,136.9159321844401,134.7947419943983,136.81680506938213,12514300
2023-11-27,135.21102905273438,137.20335672932342,134.80462911445335,134.83436421972542,23436500
2023-11-28,135.99407958984375,136.04364314051242,134.22972608367826,134.88392865329166,18730000
2023-11-29,133.8035430908203,137.07452642949448,133.65485240517793,136.36086861217828,23967200
2023-11-30,131.36514282226562,134.3586031424181,130.12612954194947,133.86299783029165,38988300
2023-12-01,130.70103454589844,130.94883720390865,129.52149147382195,130.70103454589844,31442300
2023-12-04,128.13380432128906,128.88711896664887,126.7758430151211,128.73844341976016,36669900
2023-12-05,129.8386688232422,130.97855484822733,127.12274660870835,127.81659093368505,27384800
2023-12-06,128.87722778320312,130.68122350903377,128.73845888121613,130.28474525326413,23576200
2023-12-07,135.72647094726562,137.34214919311776,133.51607536911783,133.85308336988615,56767100
2023-12-08,133.8035430908203,135.20113873793494,132.85197412660608,133.0204781372603,32260100
2023-12-11,132.11846923828125,132.16803279885028,130.20543982265264,131.21647898449544,31138000
2023-12-12,131.3552703857422,131.8310473744394,130.10633499398003,130.6515040042986,29032800
2023-12-13,131.40481567382812,132.32663440647838,130.41360492921032,132.20769395702044,30104800
2023-12-14,130.78033447265625,132.5446882047304,128.55011052905618,132.20768021650815,38722400
2023-12-15,131.43453979492188,132.33653000234125,130.0270073455555,130.46314245666346,50847100
2023-12-18,134.60641479492188,135.94454015229283,131.26602448315583,131.46427872099582,32258000
2023-12-19,135.44894409179688,136.26174417356714,134.883961824314,135.63727655584978,25476800
2023-12-20,137.1240997314453,140.45456865574852,136.85648370269604,137.74856738121363,49107200
2023-12-21,139.185791015625,139.45342211326152,137.9566844233994,138.2639724149609,27488300
2023-12-22,140.2464141845703,140.74201955858857,139.4732710110759,139.53274123600997,26532200
2023-12-26,140.27613830566406,141.42593118854055,139.94903696948103,140.3455151877592,16780300
2023-12-27,139.13624572753906,140.83122273553664,138.6604688106895,140.34552403156647,19628600
2023-12-28,138.99746704101562,139.8994723742898,138.5216901576727,139.54263593061398,16045700
2023-12-29,138.46221923828125,139.12632856419143,137.56021390956434,138.40274901874815,18733000
2024-01-02,136.95556640625,138.2243147607485,135.2804180769598,137.33223127309824,23711200
2024-01-03,137.698974609375,138.40274078957884,135.87515073698754,136.0436547238705,24212100
2024-01-04,135.19122314453125,137.93688094484938,135.15158137245075,137.20337960162615,27137700
2024-01-05,134.5370330810547,135.9544723417591,133.96212902161366,135.54807229763554,22513900
2024-01-08,137.61968994140625,137.78819394542484,135.06236452075504,135.09209963177744,21404000
2024-01-09,139.71115112304688,140.24641339378692,136.9357580192586,137.2826878289855,24759600
2024-01-10,141.0294952392578,141.7431683457984,139.6715410537443,139.76074641089212,21320200
2024-01-11,140.83123779296875,143.94363922184246,139.4038917651352,142.2288487056122,24008700
2024-01-12,141.39620971679688,141.9413786630196,140.57351809075055,141.4160381670257,18785500
2024-01-16,141.2376251220703,143.08127772087843,140.20675747291105,140.75192640999762,22670500
2024-01-17,140.22657775878906,140.59332087480647,137.67915902138483,140.1076373156861,20968600
2024-01-18,142.2189178466797,142.9425126026269,140.74202347084398,140.80149369743117,25746400
2024-01-19,145.0934295654297,145.16280645077472,143.11100813182492,143.4678445948608,34271900
2024-01-22,144.7068634033203,147.0857631627537,144.55817271543333,145.80710794511032,32200400
2024-01-23,145.74761962890625,145.88638852663772,144.22116175386006,144.60773333501743,21636100
2024-01-24,147.39305114746094,148.53295270577948,146.7983337091306,147.2344537807019,25233500
2024-01-25,150.53517150878906,151.70480805664835,148.225648650222,148.7510042615379,29149100
2024-01-26,150.8523712158203,151.19928591444616,149.68273462913356,149.7719550941985,26115500
2024-01-29,152.1607666015625,152.42839775623318,150.0990462936262,150.72351394629885,27784300
2024-01-30,150.1287841796875,152.26978786685433,149.86115304703833,151.4570029311418,36331800
2024-01-31,138.86863708496094,142.73435309816574,138.6406477145511,142.35768815981584,71910000
2024-02-01,139.9193115234375,141.80260587734793,139.5525532652903,140.87086536289783,40466500
2024-02-02,141.12857055664062,141.36645142167342,135.30024736856095,138.03598318915266,62499600
2024-02-05,142.4171600341797,144.1914358303926,141.5250763668689,141.56473326856243,38505400
2024-02-06,142.83348083496094,144.08240098500607,141.93147538647906,143.3786346695141,29128200
2024-02-07,144.2607879638672,144.3400866289689,142.66493824979582,143.4876448849679,25208900
2024-02-08,144.62757873535156,145.04388547733828,143.82470036690026,144.5482800524002,22563800
2024-02-09,147.6903839111328,148.1265190084021,144.89516267391085,145.39076798904887,26829500
2024-02-12,146.23333740234375,148.02742664435084,146.07474003434774,147.11551446539002,21564100
2024-02-13,143.86431884765625,145.3808699923918,142.42706637302987,143.6462512860247,27837700
2024-02-14,144.65728759765625,145.23219160120888,142.82354180831294,144.79605648646725,22704200
2024-02-15,141.51516723632812,142.25857532101722,139.22547275543386,141.88191038487835,37590700
2024-02-16,139.28494262695312,141.93147358673406,138.9082776917751,141.73323445625792,31468900
2024-02-20,139.879638671875,140.83120752749184,138.26397563661223,138.432479628036,25144700
2024-02-21,141.29710388183594,141.4358727901422,139.44352938378043,140.2067659418033,23223300
2024-02-22,142.82354736328125,143.7255527379726,141.5448922041246,143.65616072853092,27191900
2024-02-23,142.69471740722656,143.40837528845117,142.16936175385501,142.40725779738116,19493800
2024-02-26,136.36085510253906,141.18804608290887,136.18242932238044,140.89067986576057,53641800
2024-02-27,137.65933227539062,138.0260753556502,135.88505684049912,136.80689055869198,33099200
2024-02-28,135.18133544921875,136.79699878882042,134.21985975111554,136.6879649944579,37328600
2024-02-29,137.2430419921875,137.63952022756177,135.20113521845195,136.0734054858856,42133000
2024-03-01,135.9346466064453,137.64943703156058,135.7165790235201,137.21330186571015,31151100
2024-03-04,132.17796325683594,134.46765773338637,130.7506173169925,134.46765773338637,55999400
2024-03-05,131.50392150878906,132.06891886657937,129.5215001124862,130.72087171210643,40194800
2024-03-06,130.24510192871094,132.40594948451212,129.69994805137367,131.94998583064222,35318600
2024-03-07,133.1988983154297,133.75397388585452,130.45324044956945,131.62286181229678,37738200
2024-03-08,134.21983337402344,136.87627056964266,132.82222277313073,133.03038365770627,39370400
2024-03-11,136.45999145507812,137.8774307891928,134.93353345070832,134.93353345070832,32437800
2024-03-12,137.28269958496094,138.1549699529064,135.8256184588143,135.8256184588143,27563400
2024-03-13,138.56134033203125,139.84991729704038,137.7683838532644,137.7782905156126,23347200
2024-03-14,141.84226989746094,142.3279535040784,139.22547402056372,139.9490536613269,42753400
2024-03-15,139.93911743164062,141.9215388042357,138.7992311922684,141.24752279739727,49475400
2024-03-18,146.38198852539062,150.81270155253688,145.87647651462308,147.3038223387608,69273700
2024-03-19,145.7377166748047,147.4822421656298,144.79606947876087,146.8577896722865,24070400
2024-03-20,147.4326934814453,147.55163393242162,145.45027196690233,146.6991920761811,21311500
2024-03-21,146.30271911621094,149.04836212342065,145.60885946127715,148.15627845947205,24755600
2024-03-22,149.44483947753906,150.24771771386577,147.67056387842288,147.8093327695821,29211800
2024-03-25,148.75100708007812,149.05827999793414,146.5207828540801,148.62214484045748,19229300
2024-03-26,149.34571838378906,150.92173980939236,148.66178056238658,148.89967658168865,22149100
2024-03-27,149.5439453125,150.30718174477965,147.59125913003174,149.85121819279237,22879200
2024-03-28,149.6034393310547,150.09904473286645,148.8501245651844,149.5241557764802,24485400
2024-04-01,154.12335205078125,154.3711547175217,149.28623915611158,149.36553782442945,31730800
2024-04-02,153.20152282714844,153.34029171966787,150.81270141872292,152.15084190883346,24586000
2024-04-03,153.558349609375,153.716946940742,151.3875959008957,152.2499594372824,24705000
2024-04-04,149.20693969726562,153.40967834779974,149.12764102936788,152.15083657251893,34724700
2024-04-05,151.15963745117188,152.07154951460475,148.28513236262637,148.71134571985755,23459200
2024-04-08,153.48895263671875,153.90525923355324,151.26863566226277,151.43713963302872,20702000
2024-04-09,155.22360229492188,157.16636680492698,153.825991572372,154.71807515609422,31079500
2024-04-10,154.76763916015625,155.23350940234246,153.3204648733208,154.8370311694787,22838600
2024-04-11,158.0089111328125,158.27652714867145,155.08484241109738,155.53088422887154,27166400
2024-04-12,156.34365844726562,158.81177851890706,155.758847768036,156.57164779653132,25353700
2024-04-15,153.4989013671875,157.8404094057048,153.23127022277416,157.4637444709509,27136500
2024-04-16,153.04293823242188,154.28195170620987,152.0814625667883,152.83479243864417,20779500
2024-04-17,154.10353088378906,155.69938073798713,153.22135395349792,154.25220644098835,21763100
2024-04-18,154.63877868652344,155.5606125191913,153.26099639334586,153.97466932035476,19883000
2024-04-19,152.73565673828125,154.98570931530094,150.96139619825826,154.82711196963538,32615600
2024-04-22,154.90640258789062,156.2544497066036,152.7059136863934,152.9537163543577,26446200
2024-04-23,156.86900329589844,157.57276956282405,154.90641030278562,155.58044145804854,21151600
2024-04-24,157.73138427734375,158.1675194626567,155.78860439495244,156.10579912051713,22779100
2024-04-25,154.6288604736328,155.11455913410575,149.5439450297003,149.99990858082532,57109700
2024-04-26,170.43869018554688,173.17444161155032,168.15890237210272,172.83741845240817,64665300
2024-04-29,164.68966674804688,168.0597925096593,163.75794130995203,167.57409377755957,45610000
2024-04-30,161.34930419921875,166.62255328715653,161.1708935024744,164.15443277611652,33562900
2024-05-01,162.41978454589844,165.65112595593658,161.6565480783854,162.85591967019158,33493200
2024-05-02,165.15553283691406,165.26456662605938,162.44953168316837,163.34161532186556,24294500
2024-05-03,165.77008056640625,166.4837534702782,161.61690537224646,166.08726012108556,34662400
2024-05-06,166.6225128173828,166.66215458769406,164.57069955510775,165.9881386196856,21871300
2024-05-07,169.74484252929688,170.2503545716541,166.90997915272567,167.01901294123516,28039700
2024-05-08,167.89126586914062,168.65448718502228,167.25689165384944,167.51460097970468,19569100
2024-05-09,168.46620178222656,169.1897814637854,166.70183256435388,167.90120434102943,15346700
2024-05-10,167.16769409179688,168.35715914244224,164.72932401226194,166.5531482403928,29799900
2024-05-13,167.65338134765625,167.7921502441081,162.5585588283877,162.81626817189104,31327600
2024-05-14,168.84280395507812,169.74480919884456,167.31634634035044,168.2778217980491,25127100
2024-05-15,170.9937744140625,171.13254332493105,169.01135275898227,169.13030834306738,26948400
2024-05-16,172.64906311035156,173.5808035378088,171.17216892717605,171.7668862401435,27867900
2024-05-17,174.5125732421875,174.7207341676862,172.16340845627886,172.64909207464802,24479300
2024-05-20,175.364990234375,177.1987360270171,174.53237690001112,174.64141067889267,22554400
2024-05-21,176.28684997558594,176.58420112115073,174.26477143768452,175.34518759904142,16989400
2024-05-22,174.8297576904297,175.5929790815051,173.67004292281268,175.08746704167487,17880000
2024-05-23,172.0246124267578,176.6832994864589,171.42987998310477,175.51367817186207,21024900
2024-05-24,173.4519805908203,174.22512379260593,172.12374664509454,173.44205880318444,16579400
2024-05-28,174.8495635986328,175.7119272031069,172.83740706265183,172.9167057345963,20572200
2024-05-29,174.3539581298828,175.2856986187846,173.1843367499764,173.88808788543193,23388700
2024-05-30,170.5972900390625,173.67995620758435,170.28009532573515,173.6601277568323,22931500
2024-05-31,170.9838104248047,171.53888588217828,167.95070872939044,170.34943631285316,37638900
2024-06-03,171.64796447753906,172.9960117081414,169.65563630662328,171.0234968625416,27459100
2024-06-04,172.2624969482422,172.3219822936052,170.37920271129525,171.75698494771635,26879600
2024-06-05,173.8682861328125,175.09737781727256,172.40128329216327,173.6601252146541,22068500
2024-06-06,175.17666625976562,175.59297294708358,174.2052839893571,174.35395954744376,23251000
2024-06-07,172.92662048339844,176.3066373799981,172.7680231459644,175.4938524938292,19661400
2024-06-10,173.67086791992188,175.70518493273318,171.43808427850212,173.63118065101344,23726700
2024-06-11,175.26858520507812,175.48690308392554,172.44040109788673,174.8716518664662,21540600
2024-06-12,176.4296112060547,179.0295742492246,174.76247320161096,176.88609812176736,27864700
2024-06-13,173.81973266601562,175.38764480431132,173.5418763520932,174.76246052696914,20913300
2024-06-14,175.43727111816406,175.7052094322638,172.81747188595338,172.8869435437714,18063600
2024-06-17,175.88381958007812,176.99524483970762,173.47240531751984,174.1174408030097,19618500
2024-06-18,173.75025939941406,176.03266350713454,172.7678442779151,175.78457643329608,21869900
2024-06-20,174.95101928710938,175.93343447480135,173.65104535533175,174.02812743639052,20160100
2024-06-21,178.2555389404297,179.466205138687,175.2586426839211,175.645657934706,57759000
2024-06-24,177.8486785888672,179.50589857307529,177.3028839492694,178.7814884925371,18298000
2024-06-25,182.62184143066406,182.87984651633045,178.04711553791142,178.24558215319573,23130200
2024-06-26,182.47300720214844,183.0981763241254,181.0837105201297,181.23257184786374,19839000
2024-06-27,183.9912872314453,184.62638948700294,182.6119238103733,182.7706880177386,18848900
2024-06-28,180.75624084472656,183.71344974735644,180.56770738280355,182.90965002904287,29156600
2024-07-01,181.58981323242188,182.4730025766031,179.91274225321607,181.62950050025836,16006100
2024-07-02,183.82261657714844,184.15009335463083,180.17076672022137,180.65702287018632,17372500
2024-07-03,184.39816284179688,184.6660859724945,182.59208172180752,183.43558380831382,10242100
2024-07-05,189.1416015625,189.39960668236182,184.3783264542018,184.43786493247498,20967500
2024-07-08,187.58358764648438,188.71486404073931,186.34315233953677,188.4469257746695,21035900
2024-07-09,187.53399658203125,189.89579062187278,187.2759914489027,188.8538217724112,15121400
2024-07-10,189.71714782714844,190.28279364749721,187.5836049591009,187.7026819141074,15952500
2024-07-11,184.15008544921875,189.39960141202818,183.66382932012837,188.39733505757295,25625800
2024-07-12,183.65391540527344,185.67829936578423,183.07835154835516,183.66383343758727,22898400
2024-07-15,185.1027374267578,186.79965977611926,183.50505596969933,183.50505596969933,16474000
2024-07-16,182.51271057128906,187.2362833659617,181.96691593885006,185.9263913901426,18290700
2024-07-17,179.63490295410156,182.14554307379208,178.52346250305996,181.56997921247492,20734100
2024-07-18,176.33033752441406,181.10352949551623,175.11967162272543,180.5378838064515,25315700
2024-07-19,176.30064392089844,178.91051026483066,175.77470041002786,177.51131034193102,18881900
2024-07-22,180.2799072265625,181.30202472668176,178.85092330428975,179.20816928485795,24100300
2024-07-23,180.3989715576172,182.20505253920132,180.150884509072,180.6569917790045,36352700
2024-07-24,171.30909729003906,174.84185492699467,170.5052975643539,172.2716763828317,49585200
2024-07-25,166.00001525878906,172.09303295252627,165.91070754972583,171.1999255778285,44852000
2024-07-26,165.72216796875,166.80382399385917,162.8046615111257,165.8710141586151,41336900
2024-07-29,168.23280334472656,169.12591074335177,166.70459365013758,167.53816257445885,20293800
2024-07-30,168.98699951171875,169.91980941464726,167.15116408802947,168.93739420618675,18959700
2024-07-31,170.22743225097656,172.91670298864665,168.7091404604878,171.91443658888358,25729100
2024-08-01,169.45339965820312,172.718234225876,167.58779504728142,168.94730744825696,24531400
2024-08-02,165.38478088378906,167.22061625981866,163.41000220136607,165.1664630337912,29130100
2024-08-05,158.03143310546875,163.17178893610952,153.744482094653,154.31012777331486,53630700
2024-08-06,157.07879638671875,159.34136430659962,155.21319199044268,158.11084703677423,49004600
2024-08-07,157.72384643554688,161.7329270375027,157.2574415077753,160.01616866155442,25138600
2024-08-08,160.79019165039062,162.4374934400702,158.9841256428161,159.28181801513983,25578800
2024-08-09,162.4176788330078,162.53675580876956,157.84295159570942,158.78567965190865,28602300
2024-08-12,161.0482177734375,163.63824774493187,160.60166401463542,163.09246822974885,15895300
2024-08-13,162.90390014648438,163.46953080218395,161.72300324977175,162.15963892338314,18551700
2024-08-14,159.14291381835938,161.9711129174624,156.50327848683673,161.1573799318549,40591100
2024-08-15,160.06578063964844,160.40317542086007,158.38870962322818,159.27189898700752,31524300
2024-08-16,161.71307373046875,163.79699592189854,159.89707465805918,160.23446942114322,24208600
2024-08-19,165.39468383789062,165.41453504299912,163.00312088041883,164.0153203524916,22416200
2024-08-20,165.90078735351562,167.34962258490438,165.54355648931903,165.62293103111787,18341500
2024-08-21,164.58096313476562,165.57331138365288,163.40998432722168,163.88630724691845,22902000
2024-08-22,162.54664611816406,166.30763931714822,162.06039002531082,165.9801625781286,22493300
2024-08-23,164.35272216796875,164.9084347985432,162.57642535652303,163.4596147462646,13955700
2024-08-26,164.8885955810547,166.26795909914733,163.20160651563705,165.106913416324,14190400
2024-08-27,163.41990661621094,165.16644927065664,163.20160392643822,164.5710342489987,11821900
2024-08-28,161.60394287109375,164.33290096897073,160.29403571593602,163.77717314609376,16407400
2024-08-29,160.54209899902344,164.70004059767595,159.02380738480878,163.05273886524938,19699800
2024-08-30,162.12989807128906,162.40775443186422,160.4528267322231,161.37570354226852,22123800
2024-09-03,156.1559295654297,160.61157889702227,155.28265821334085,160.48256877218185,38945300
2024-09-04,155.25289916992188,157.78339053713182,154.76665816042646,155.4612989897302,19353800
2024-09-05,156.03684997558594,158.2299312085826,154.78648144405375,155.1040401638185,18688700
2024-09-06,149.7651824951172,156.62231191503182,149.39801852135503,156.0963686015769,37912100
2024-09-09,147.76792907714844,152.42820519903154,146.28736276622044,151.54384395398554,39260500
2024-09-10,147.71826171875,150.31172831197244,147.40028159964342,149.4969156283568,31118800
2024-09-11,150.20240783691406,150.54025030429756,146.5854677760219,148.97025775559644,29607700
2024-09-12,153.71006774902344,153.83924907315188,151.682982309114,152.82570635319718,29621500
2024-09-13,156.4625244140625,157.37669455144265,154.22677778049754,154.44537016884462,29591200
2024-09-16,157.05870056152344,157.2474993531957,155.60795803142506,156.313451749423,18379800
2024-09-17,158.31072998046875,159.53293380012653,157.3766823666018,158.0126274199818,20715600
2024-09-18,158.797607421875,159.4832387245749,157.59528121573842,158.84729370623916,23677300
2024-09-19,161.1128692626953,162.7524107202581,160.31793409819053,162.67293084972206,26587700
2024-09-20,162.5536651611328,162.6927776644467,161.03335881701463,162.46423894374368,40896400
2024-09-23,160.82469177246094,164.44163188871738,160.64582418208624,163.3088543567614,24150900
2024-09-24,161.2619171142578,162.18603362584003,159.67206190654358,161.99723481368196,23332100
2024-09-25,160.4669952392578,161.77862539142924,160.27819642927898,160.44711769027916,18869200
2024-09-26,161.69912719726562,163.0405812277503,161.2519809078131,162.6033661315293,20319300
2024-09-27,162.91140747070312,164.65032158098356,161.5997772832552,161.7786297424913,21101300
2024-09-30,164.7993621826172,165.09744958161895,162.22575806160205,162.2853907035285,20413900
2024-10-01,165.93212890625,168.08838020304094,163.53739254376728,166.62769139519463,28338100
2024-10-02,164.80929565429688,166.4587833748385,163.68644922877587,165.36574568962988,17760200
2024-10-03,164.80929565429688,165.5843532266716,162.88158291608877,163.3684842780683,15073100
2024-10-04,166.00169372558594,167.16428010496523,164.4317010051406,166.99535885279488,19047400
2024-10-07,161.94754028320312,167.4126985535878,161.71900154638254,166.65751850550026,22463100
2024-10-08,163.33868408203125,163.68645779124333,161.8382399845631,162.901468985077,23072700
2024-10-09,160.83462524414062,163.7957428412033,158.72806019467495,162.4145490312399,31181800
2024-10-10,161.05323791503906,162.03697180217182,159.38387269706766,159.85089649743236,14144100
2024-10-11,162.2058868408203,162.86169424502742,160.21855675772235,161.10291803821593,15344300
2024-10-14,163.9149932861328,165.1769369826469,162.36486307226147,162.6033481425783,19016100
2024-10-15,164.41183471679688,166.61775729768382,163.58709086133464,164.7397308583214,20247200
2024-10-16,164.11373901367188,164.74968410008972,162.70273632699872,163.48772512033995,16406000
2024-10-17,161.89784240722656,165.31605267037628,161.72892116495908,164.6801076327293,21453400
2024-10-18,162.38475036621094,163.66658684818702,162.0469078679096,162.1562116364337,19757700
2024-10-21,163.03062438964844,163.45789306330104,161.58979800498344,161.91770927556843,20946500
2024-10-22,164.0938720703125,164.719886004102,161.94755157914383,161.94755157914383,16568100
2024-10-23,161.7488250732422,164.76957586597575,160.9042035621243,163.71627798503206,18280500
2024-10-24,161.68917846679688,162.29531475497333,159.9900045566217,161.79848222899673,22412500
2024-10-25,164.22303771972656,164.54100267206263,162.38475119304076,162.63316747166715,19828900
2024-10-28,165.66384887695312,167.68098784367282,162.91139226813863,167.68098784367282,32138600
2024-10-29,168.60508728027344,169.30066498158368,166.03149830422933,166.66744336321563,42169000
2024-10-30,173.3548126220703,180.86691803166593,172.95733750175077,179.5353953312524,68890800
2024-10-31,170.0260467529297,175.69988150851668,169.91674297844676,172.03325462883092,44769000
2024-11-01,170.2048797607422,171.22836871150324,167.81015851321018,168.99262234877236,31796500
2024-11-04,168.1678924560547,169.64844379948434,166.9456734265419,168.8535086611848,21492700
2024-11-05,168.6647186279297,169.44970738138483,167.77041094544956,168.3566697123956,18242100
2024-11-06,175.391845703125,175.81912963977683,172.40091879507517,172.6990213989044,33695500
2024-11-07,179.60496520996094,179.93287650946746,176.06751991171046,176.2861274447148,25352900
2024-11-08,177.22019958496094,179.75403378817845,176.95190572784412,179.50561748102942,22006200
2024-11-11,179.20750427246094,179.40623425717754,177.3394090594478,177.44871282536081,17450400
2024-11-12,180.46945190429688,181.33395085774214,178.25358296080182,178.68086684117154,25134900
2024-11-13,177.746826171875,179.8136514950511,177.4089684990119,179.31681892204128,23184000
2024-11-14,174.4677276611328,177.68720818344102,173.21571503907634,177.15062051532624,31007500
2024-11-15,171.39730834960938,173.03684979342893,170.135349355116,172.62944344024277,32504600
2024-11-18,174.1894989013672,174.32861141194803,171.80469351153303,172.32140362031606,20135300
2024-11-19,176.9916229248047,177.73687175049812,172.46051249052883,172.61950254558704,23434900
2024-11-20,174.8651885986328,176.55441631876369,172.67912830422068,176.2165738071629,18997100
2024-11-21,166.56808471679688,173.0269078339117,162.6629730093742,172.79835394534456,59734400
2024-11-22,163.71624755859375,165.4054902668861,162.8616950123504,164.7993539822004,38604600
2024-11-25,166.58795166015625,167.56175439657423,164.56088148234778,165.0378364955745,33135300
2024-11-26,168.0486297607422,168.74420743105776,166.51839224272408,166.56807852805025,20486700
2024-11-27,168.15794372558594,168.40636000516253,166.95561742322607,167.9294049937709,19266500
2024-11-29,167.8797149658203,168.35666996658753,166.10106111500806,167.43256870496816,14257200
2024-12-02,170.40362548828125,170.98988423095403,167.50212535142776,167.70085532970873,23789100
2024-12-03,170.25457763671875,171.5860852555961,169.7676914327812,170.40363650165742,22248700
2024-12-04,173.26536560058594,173.8019532050098,169.9763367929556,170.0657630063179,31615100
2024-12-05,171.54635620117188,174.94468929994056,171.23832242107443,174.24912670582898,21356200
2024-12-06,173.60325622558594,173.97090750291954,170.77130430056872,170.94022556750923,21462400
2024-12-09,174.45877075195312,175.34414569527965,172.74770667593938,173.05610866341627,25389600
2024-12-10,184.2078399658203,185.39165905883286,180.10925267461994,181.89990276575224,54813000
2024-12-11,194.38467407226562,194.59358956818772,183.88950517431252,184.3471064632806,67894100
2024-12-12,190.96255493164062,194.16580938373951,190.71385396756912,193.9867519757691,34817500
2024-12-13,188.83367919921875,191.7285469445743,188.65460660803555,190.01748306194702,25143500
2024-12-16,195.63815307617188,197.96599073113543,191.61913652261555,191.86783751599637,44934900
2024-12-17,194.40457153320312,200.37339478634232,193.96685539925252,196.22506444695088,43504000
2024-12-18,187.42103576660156,195.97635478856293,186.7644767742897,194.2056051830061,34166100
2024-12-19,187.53048706054688,192.02700516266594,187.40117286917095,190.63428570513082,32265200
2024-12-20,190.41543579101562,191.88774144921763,184.2575966505468,184.81468445746083,63462900
2024-12-23,193.61868286132812,194.0862418964859,189.16195057639908,191.6191173596315,25675000
2024-12-24,195.09100341796875,195.09100341796875,192.7731083908338,193.82759815006608,10403300
2024-12-26,194.58364868164062,195.72766709348628,193.36998671071595,194.13597478356786,12046600
2024-12-27,191.7583770751953,194.30508758122627,189.65934042755555,193.9369998492268,18891400
2024-12-30,190.24630737304688,191.5494980812226,188.13731273783964,188.8137872976618,14264700
2024-12-31,188.31637573242188,190.96255767118524,187.53047217416017,190.0871254076539,17466900
2025-01-02,188.44570922851562,191.00236272405684,186.52574484771176,189.65937128935172,20370800
2025-01-03,190.79342651367188,192.20606135937345,188.99283394745663,190.37561071207793,18596200
2025-01-06,195.84706115722656,197.1900526464094,192.84276396758787,192.97207816719848,29563600
2025-01-07,194.4742431640625,199.95560784483914,193.5888681942183,196.08582081760926,26487200
2025-01-08,192.94223022460938,195.2700679108895,191.3803958585084,191.56941104474132,24864800
2025-01-10,191.04214477539062,195.49887742154428,189.32113818407666,193.29041142782185,26665200
2025-01-13,190.0175018310547,190.18661668529174,186.38647339351533,189.08239884518588,21823700
2025-01-14,188.6745147705078,190.98245196740993,187.33152340912505,190.24630678281764,17174900
2025-01-15,194.53392028808594,195.33970907887064,190.86309119272985,192.0866958313472,21776000
2025-01-16,191.9076385498047,194.4642768734046,191.8081520804567,193.13124318936406,17815400
2025-01-17,194.9815673828125,196.2051719482703,192.74325857357104,195.50881224351804,27735100
2025-01-21,197.0209503173828,201.2389098853747,196.84187769033295,198.03565472531724,29971300
2025-01-22,197.33924865722656,199.43828553458843,196.5036170079127,198.02566579041408,26200600
2025-01-23,196.95127868652344,199.25923110054313,194.18572496319172,197.11045095911172,26951400
2025-01-24,199.16970825195312,199.85611023612495,196.97118481318788,197.07067128135972,23877500
2025-01-27,190.81333923339844,195.85700244066396,189.73894916830926,191.41022766272687,41728900
2025-01-28,194.2852020263672,194.4642594397363,189.6891977496922,191.7484490804529,24157900
2025-01-29,194.3946533203125,195.76747251851242,192.4249304706921,194.54386784853932,18218300
2025-01-30,199.82626342773438,200.3535083038363,196.6428938419765,196.97118096512546,24354700
2025-01-31,202.95989990234375,204.41230512426117,200.75143398674038,200.95039173473552,32001100
2025-02-03,200.1844024658203,202.69131276848185,199.0602842802592,199.64721499071638,27838300
2025-02-04,205.30763244628906,205.9741492335506,201.75617525949693,202.33316333940303,43856400
2025-02-05,190.33583068847656,191.74845039513906,187.05297480534406,190.0771871408914,70373900
2025-02-06,190.6044464111328,191.10184839531686,187.73940612479137,188.5153520057582,29297400
2025-02-07,184.376953125,190.18660431911357,182.28787402069702,190.05729013281342,49315000
2025-02-10,185.50108337402344,187.22208986080463,184.89425239135454,186.37651565839897,23105600
2025-02-11,184.3570556640625,185.96863303397024,183.32245116573748,184.06855404876913,21239500
2025-02-12,182.65594482421875,184.14815067534644,180.88519509524076,182.26797191010567,22072600
2025-02-13,185.1728057861328,185.3120777313061,182.18839394998832,183.36227049888035,21402500
2025-02-14,184.26754760742188,185.43146650970297,183.36228746976212,184.09843274259524,20448400
2025-02-18,182.8151397705078,184.9937630121433,180.79568881581937,184.6356329562648,29916700
2025-02-19,184.3073272705078,184.4963424448096,182.63604878465782,183.11356559747395,19549400
2025-02-20,183.6009979248047,184.34710081960932,181.77056246596453,183.839756315763,20441500
2025-02-21,178.72645568847656,184.37693402859801,178.14946765861885,184.1879188764634,35199200
2025-02-24,178.318603515625,182.16848984705686,177.96047349552646,181.04437173412518,29854200
2025-02-25,174.50851440429688,177.81127094293745,173.7823117406095,177.11489600513676,41913400
2025-02-26,171.8324737548828,175.16507289862997,170.68845533929954,174.16032642215686,35431300
2025-02-27,167.6244659423828,173.65297546387492,167.06737815788244,173.08594510447406,39991000
2025-02-28,169.39523315429688,169.72352031376127,165.90347638827518,167.80354059559173,48130600
2025-03-03,166.14222717285156,172.46918185208935,165.0678369239803,171.03666152026102,40770500
2025-03-04,170.03187561035156,172.3895559244155,164.9384846542463,165.3762007856933,45388000
2025-03-05,172.1209716796875,172.87701716435777,168.18154163334694,169.63396197807168,30954900
2025-03-06,171.45445251464844,173.9016615264532,169.6140592892689,169.6439021909127,28302000
2025-03-07,172.9566192626953,174.06085227932917,169.38527664457013,170.3701228624436,27385800
2025-03-10,165.19815063476562,167.77767157580016,163.0269878624875,167.57846950382446,43604000
2025-03-11,163.3755645751953,166.0745946593306,160.71638098509786,164.24205105519363,39587400
2025-03-12,166.4331512451172,166.96100335852913,162.86764957538162,165.90529913170525,28372400
2025-03-13,162.1007537841797,165.45711431897539,161.4533926135524,165.36746730396223,31756200
2025-03-14,164.81971740722656,165.81566708355933,161.79202188086273,162.60870791000892,31995900
2025-03-17,163.6245574951172,165.6264259709924,163.00707358955603,164.36156568984055,31184300
2025-03-18,160.01922607421875,163.5847275921019,156.08522805432327,163.01702900544848,42074800
2025-03-19,163.22618103027344,165.19815700358515,160.3478872642785,161.10480349722013,34275600
2025-03-20,162.140625,164.2221563643794,160.30808107720628,160.91561104255487,28138500
2025-03-21,163.32579040527344,163.57477782056455,160.2383403768693,160.55705156299513,36625800
2025-03-24,167.00082397460938,167.6382463166508,164.47111864181912,166.39330929919817,30879100
2025-03-25,169.86917114257812,169.93889491315255,167.63825363596857,168.29556886017417,24174400
2025-03-26,164.3914337158203,168.92300730211159,164.17232359449744,168.31547745607713,28901600
2025-03-27,161.58285522460938,164.74996739638337,161.34382186944424,163.9631739640632,24508300
2025-03-28,153.7049102783203,161.1645785777556,153.0077485673884,159.8399637284922,48669300
2025-03-31,154.013671875,154.91002058949647,150.0497960442676,152.48986994216352,54603500
2025-04-01,156.433837890625,157.4596649394229,152.99779902165508,152.99779902165508,30672900
2025-04-02,156.40391540527344,157.7683766642482,154.07339703462338,154.52157130636616,25041700
2025-04-03,150.10955810546875,152.16121230341454,149.7808928411879,150.49797792743917,46883400
2025-04-04,145.01028442382812,150.4581305746649,144.7911742710094,147.41051168463707,62259500
2025-04-07,146.15560913085938,152.23090799124293,139.96080117715204,140.9766740613606,76794100
2025-04-08,144.11390686035156,151.62337549950988,142.45067281990836,150.60750263275938,52200200
2025-04-09,158.06716918945312,158.90376321404577,143.32711193141117,143.8350407612742,70406200
2025-04-10,152.2010498046875,157.08119755588638,149.32274040564454,155.90596893520956,48022000
2025-04-11,156.50352478027344,157.03137687020202,152.2010302665367,152.28069286385934,33636200
2025-04-14,158.42572021484375,161.06498074344722,156.92182649738766,159.35194610703772,30333000
2025-04-15,155.6768798828125,159.0033479067655,154.5813444386225,158.4854650554691,27551500
2025-04-16,152.70895385742188,155.25858239966342,150.89631829246227,152.47988970477897,28187400
2025-04-17,150.54776000976562,154.0534920051937,147.89853016558348,153.66507223082013,33046600
2025-04-21,147.07188415527344,148.346698501599,145.50825109483685,148.2769899279801,26049100
2025-04-22,150.85647583007812,151.57356070413425,147.93833581818626,148.28692423087432,26971800
2025-04-23,154.7207794189453,156.89194229421238,153.1870084950911,154.97972084901838,31128800
2025-04-24,158.6348419189453,158.9435838456132,155.15897254458986,155.5175149877812,45894000
2025-04-25,161.3040008544922,165.4272315126956,160.3877138664607,164.40140465983956,56034000
2025-04-28,159.95947265625,162.48917806099573,157.9576193461597,161.7720931027873,29745800
2025-04-29,159.5113067626953,160.0889594093041,156.88200017636458,159.6706623611363,26809000
2025-04-30,158.15679931640625,158.62489684356424,154.7705615625615,157.34011335090173,34981100
2025-05-01,160.6466827392578,161.29404393761732,158.26636366652554,159.80011945187778,30203200
2025-05-02,163.36561584472656,164.3018109241553,161.21436100650547,162.7481319399907,25715000
2025-05-05,163.54489135742188,164.72010459701127,162.06092097475153,162.3397856484502,21341800
2025-05-06,162.56886291503906,164.13251121588542,160.5371322432176,161.51315867988768,21277200
2025-05-07,150.766845703125,164.33167352764482,147.24117583349363,163.41540177767422,127490100
2025-05-08,153.6551055908203,155.29841637896206,152.28069025725696,154.37219053033292,57498700
2025-05-09,152.1313018798828,154.42198900650553,151.58352655875794,153.5455484927057,32435300
2025-05-12,157.81817626953125,158.45558338936252,155.61712102310727,156.85210396646104,44138800
2025-05-13,158.8838348388672,159.919630909492,155.52748962665564,158.1468266808066,42382100
2025-05-14,164.70018005371094,166.3235827604559,158.96351584378579,159.31210428165852,48755900
2025-05-15,163.2958984375,165.53678497348048,161.71232706903228,165.16827329805872,33146700
2025-05-16,165.51687622070312,168.66408078965867,164.94917762065725,167.0506320085185,42846900
2025-05-19,165.86544799804688,165.96504904182535,163.55485271284547,163.84367142462605,30426100
2025-05-20,163.31581115722656,167.8175076045031,162.24018376555952,165.75588463789506,46607700
2025-05-21,167.87725830078125,172.4387091879809,162.89751041479707,163.02698872286769,73416000
2025-05-22,170.1779022216797,176.05401394301808,170.0185618363875,171.15394376538748,74864400
2025-05-23,167.78762817382812,169.2715985296926,167.2099755896054,168.3752347830085,35211400
2025-05-27,172.19969177246094,172.46860243837372,169.3114438097941,169.47079940418584,37995700
2025-05-28,171.66189575195312,174.56011310814884,171.21372141368263,172.45865857387113,34784000
2025-05-29,171.1638946533203,173.71352313508294,169.93888093061088,173.29522613701107,29317300
2025-05-30,171.04440307617188,171.51250064033223,166.76181642373982,170.65598330984582,52639900
2025-06-02,168.34536743164062,169.18196148692468,166.7120106202351,167.16018492149544,38612300
2025-06-03,165.50689697265625,167.79758408844376,164.61054841286258,166.8116037120677,45084900
2025-06-04,167.3693389892578,167.5386486033552,165.68618167672102,166.0646474005772,26900800
2025-06-05,167.5286865234375,170.23765541573877,166.9111874462575,169.6500488073603,36379100
2025-06-06,172.9765167236328,173.79320267833577,170.13806952300837,170.13806952300837,35731800
2025-06-09,175.58908081054688,175.96800471005412,173.87397240224888,174.04348698482235,28935900
2025-06-10,178.09194946289062,180.5948038838724,174.41244383100403,175.6987675223273,61766100
2025-06-11,176.8455047607422,179.8569029175766,176.24720547354727,179.2586188457646,31646800
2025-06-12,175.2001953125,176.2172980493167,174.25290075490625,175.6788256293735,20941900
2025-06-13,174.17312622070312,176.6261351195968,171.8996131999643,171.9494740114175,27663100
2025-06-16,176.26715087890625,176.43666545813562,174.15317124562452,174.23294549738824,27389200
2025-06-17,175.449462890625,176.85545544238207,174.0833650694126,175.20017407855667,24973000
2025-06-18,172.8269805908203,176.0577543370001,172.70731159680278,175.50931582595604,28707500
2025-06-20,166.16595458984375,173.84404717223623,164.98931866750593,173.4551572231979,75659900
2025-06-23,164.72007751464844,166.86395520731054,161.53914984557392,165.7970070061314,57671000
2025-06-24,166.2956085205078,167.74148079179992,165.65742968002243,166.4451757427373,40524300
2025-06-25,170.19447326660156,171.86970222006798,167.07338726794845,167.15316152434053,35479000
2025-06-26,173.0463409423828,173.19592338119924,169.4565906415466,171.9394978428303,31796700
2025-06-27,178.0221405029297,178.17170771682706,171.241481190895,173.046329910377,108140200
2025-06-30,175.72869873046875,180.71447592478233,174.08339834249907,180.265759020371,63378900
2025-07-01,175.3397979736328,175.58908681807281,173.0363714854685,175.24009156508697,35904500
2025-07-02,178.13182067871094,178.35119606008848,174.5719841997796,175.04063318866915,29128900
2025-07-03,179.01930236816406,179.15890351135596,176.54636131074304,177.9922335542414,21689700
2025-07-07,176.28709411621094,178.78996387462078,175.18025102838192,178.5506411042797,34175600
2025-07-08,173.864013671875,177.44379785510552,172.3184197808512,177.3440914457585,40442500
2025-07-09,176.11756896972656,178.92955429499338,172.27853009035698,174.75147104078385,43025600
2025-07-10,177.11471557617188,177.92240891673904,173.8839422139032,175.1303863111691,29252400
2025-07-11,179.67742919921875,180.91389212460822,175.97797606848104,176.2870917998284,34282900
2025-07-14,181.04351806640625,183.14751640721383,179.16886118965368,180.49507959550706,32536600
2025-07-15,181.48226928710938,183.69595532751242,181.08341324296114,182.28996266650833,33448300
2025-07-16,182.44952392578125,183.80565587223137,181.5121954195811,182.71876014286474,33104200
2025-07-17,183.0577850341797,183.53641535247564,179.96659729454643,181.62187886390834,31992600
2025-07-18,184.53355407714844,185.88968586946515,183.1874035754976,184.8725832213821,34014500
2025-07-21,189.55923461914062,189.74868135121883,185.62045888710102,185.720180506412,45803100
2025-07-22,190.79571533203125,191.1048310792618,186.92676263021804,190.95526385169356,44660200
2025-07-23,189.6888427734375,191.9823029377756,188.64182669674165,190.95523422678895,58681900
2025-07-24,191.6233367919922,197.38689334762466,190.45666688872916,196.46951227536783,74881700
2025-07-25,192.63046264648438,193.77720042486192,190.71592620592727,191.43387927305906,39785900
2025-07-28,192.0321807861328,193.49800038051387,190.29712498462092,193.0991291078416,38139500
2025-07-29,195.1931610107422,195.36267559548023,191.53360267868564,191.88259792418754,41389200
2025-07-30,195.970947265625,197.0379108346005,194.13618500265545,195.04360005779435,32445400
2025-07-31,191.35411071777344,195.43248777249184,190.54641729704366,195.15328548422434,51329200
2025-08-01,188.5919952392578,190.2871562824159,187.28572417197353,188.49227361862017,34832200
2025-08-04,194.4851531982422,194.71450986073793,189.57915119577783,189.74866576237366,31547400
2025-08-05,194.11622619628906,197.2971541323202,193.33844625639603,194.1561209300893,31602300
2025-08-06,195.5321807861328,196.07065317332066,193.11906676548202,193.94670749735778,21562900
2025-08-07,195.96096801757812,196.9780554903085,193.77719542929833,196.49942519635405,26321800
2025-08-08,200.84701538085938,202.03363260270996,196.60910542589713,196.65896623314958,39161800
2025-08-11,200.42822265625,200.90685295750995,198.50372015999918,200.36839577051538,25832400
2025-08-12,202.76156616210938,203.9182700251912,200.01938893683175,200.7971688962253,30397900
2025-08-13,201.385498046875,203.94817934449617,196.94814463612107,203.5493232968563,28342900
2025-08-14,202.36270141601562,203.85843438375156,200.65755913802832,200.92679533252792,25230400
2025-08-15,203.31996154785156,205.85274455493158,200.70741950553764,203.270115954676,34931400
2025-08-18,202.9210968017578,204.68606588436995,201.9139754597878,203.6191024454688,18526600
2025-08-19,200.99661254882812,202.86128819689205,199.39119181596234,202.45245084896237,24240200
2025-08-20,198.7530059814453,200.70742189093835,196.04074228977996,200.15898342104597,28955500
2025-08-21,199.18177795410156,201.9040077554449,198.86268094385764,199.18177795410156,19774600
2025-08-22,205.5037384033203,207.9467659198768,200.7273710651735,202.15329588435108,42827000
2025-08-25,207.89691162109375,209.92113563994843,204.69603644956018,205.84275894542606,29928900
2025-08-26,206.55076599121094,207.25875300984708,205.11485980130033,206.91970861500775,28464100
2025-08-27,206.88978576660156,208.31572581537765,205.0649896678173,205.11485047791405,23022900
2025-08-28,211.03794860839844,211.61630051242363,206.31142697470574,206.66043741838072,32339300
2025-08-29,212.3043670654297,214.03940778242327,209.60206914501953,209.91118489504095,39728400
2025-09-02,210.74879455566406,211.0778424398192,205.61343524607918,207.84706876322787,47523000
2025-09-03,230.00384521484375,230.6519900738744,224.1505332557257,225.5665071716633,103336100
2025-09-04,231.63919067382812,231.70898363627637,225.46679662750995,228.996719869086,51684200
2025-09-05,234.33151245117188,235.08934505645462,231.24032471140728,231.53947436612376,46588900
2025-09-08,233.5829620361328,237.66498669397225,233.21368944217105,235.01017746372742,32474700
2025-09-09,239.1620635986328,240.00041962038168,232.77455216251747,233.71271899928072,38061000
2025-09-10,238.70294189453125,241.1880848518513,237.38552753776509,238.4334648921733,35141100
2025-09-11,239.90060424804688,241.77693788592924,235.78865459463688,239.41157085914617,30599300
2025-09-12,240.32977294921875,241.60727216892423,237.53523769524105,239.90060472674395,26771600
2025-09-15,251.11865234375,251.91709313601174,244.18222746714693,244.18222746714693,58383800
2025-09-16,250.66952514648438,252.54584342751238,248.98282303107263,251.58772669443232,34109700
2025-09-17,249.04270935058594,251.10867430438276,245.7990560449756,250.7294115061419,34108000
2025-09-18,251.53782653808594,253.4940056881638,249.312185617516,251.18850393768201,31239500
2025-09-19,254.2225799560547,255.50007913340238,251.3182589953225,252.75544937708653,55571400
2025-09-22,252.036865234375,255.28051872493555,249.81122418035432,253.93314887572123,32290500
2025-09-23,251.16856384277344,253.8632882566711,249.9908602190898,252.54585863312587,26628000
2025-09-24,246.65736389160156,251.8571960720408,245.9587339554844,251.1685411246573,28201000
2025-09-25,245.3100128173828,246.0086580355356,240.26988667693965,243.92272782855147,31020400
2025-09-26,246.0585479736328,248.93292875938775,245.4896689933639,246.58752699597628,18503200
2025-09-29,243.57342529296875,250.6595513653868,242.2959260790964,247.36600774683615,32505800
2025-09-30,242.62527465820312,242.81489082935371,238.7827869377237,242.33583244883135,34724300
2025-10-01,244.4217529296875,245.81902814560354,238.1440427490887,240.2798631456683,31658200
2025-10-02,245.210205078125,246.32801300536266,241.82682587144092,244.6712510924991,25483300
2025-10-03,244.87088012695312,245.8190218960462,241.18808361984188,244.01255894852343,30249600
2025-10-06,249.9409637451172,250.82924041118625,244.1023965111835,244.30200291397747,28894700
2025-10-07,245.28005981445312,249.95092835197497,245.04053824724073,247.78516788414848,23181300
2025-10-08,244.14230346679688,245.52958847857047,243.3438778825467,244.4816510919942,21307100
2025-10-09,241.05833435058594,244.28202248032238,238.68297718710045,243.99259549865826,27892100
2025-10-10,236.10804748535156,243.6133519117745,235.37946202105573,240.95854254659665,33180300
2025-10-13,243.67320251464844,244.02252510434914,239.24188601676218,239.74090958548274,24995000
2025-10-14,244.97067260742188,246.63740953871613,240.0403171957297,240.75891236992726,22111600
2025-10-15,250.53977966308594,251.61767243328853,245.5096286311317,246.76716258187247,27007700
2025-10-16,250.9689483642578,256.4581925767255,249.61160360230107,251.27834055068328,27997200
2025-10-17,252.80535888671875,253.72356048353365,247.32607427452788,250.27031046967195,29671600
2025-10-20,256.0489807128906,256.8274562611235,253.73351927504157,254.19262765863593,22350200
2025-10-21,249.9709014892578,254.38226816359625,243.6732110393333,254.24254216862593,47312100
2025-10-22,251.19851684570312,255.8593804848901,248.8031942886971,253.873276187685,35029400
2025-10-23,252.58578491210938,254.54194887812838,251.35819113136333,252.48597410141812,19901400
2025-10-24,259.4124450683594,261.16898745224296,254.82142179583195,256.07894057309267,28655100
2025-10-27,268.7441711425781,269.61249783187736,263.76392512831256,264.30287916974333,35235200
2025-10-28,266.94769287109375,270.20133657580493,265.9795858431389,269.1633589320839,29738600
2025-10-29,274.0338134765625,274.80229881772505,267.14729422835535,267.22712459889897,43580300
2025-10-30,280.93035888671875,291.02060225143094,279.51311834988803,291.02060225143094,74876000
2025-10-31,280.6408996582031,285.44150434001006,276.48901957648127,282.6569440736325,39267900
2025-11-03,283.16595458984375,284.97241759660864,279.25359613963377,281.62895336390585,29786000
2025-11-04,276.9980163574219,280.7207127582489,275.72051721535576,276.20955057551157,30078400
2025-11-05,283.7547912597656,285.86068664735006,276.79840119805726,278.32541216487215,31010300
2025-11-06,284.1939392089844,287.78691520805194,280.59100344938025,284.77279318145315,37173600
2025-11-07,278.2854919433594,283.225837847663,274.65261591386644,282.6569436244069,34479600
2025-11-10,289.5334777832031,290.2320924976737,282.30759586857965,283.8645774088431,29557300
2025-11-11,290.7411193847656,291.34994399814246,286.75892091303916,287.18807388729897,19842100
2025-11-12,286.1501159667969,291.43978461940384,283.13602426355726,291.1104119733703,24829900
2025-11-13,278.0260314941406,282.2876823136169,276.69861158680555,281.7886586854728,29494000
2025-11-14,275.8702392578125,278.0160347166159,270.17139808707816,270.88000309409097,31647200
2025-11-17,284.4634094238281,293.3759943011471,283.01625922074476,285.2219350622342,52670200
2025-11-18,283.724853515625,288.236015842567,277.65674001133203,287.3577599014325,49158700
2025-11-19,292.23822021484375,303.21674024205015,286.0702953640207,286.59925920155763,68198900
2025-11-20,288.884765625,305.8216273232207,288.1062900504894,303.94529376978943,62025200
2025-11-21,299.0748596191406,303.3265508927851,293.2762072031069,295.8411960915725,74137700
2025-11-24,317.9578552246094,318.85612204740676,308.9954110970811,310.52242205466104,85165100
2025-11-25,322.8083801269531,328.187838552192,317.0296784660599,325.5729598317621,88632100
2025-11-26,319.3252258300781,323.86632857763385,316.1713929045335,320.053780820363,51373400
2025-11-28,319.5547790527344,326.2117679837596,316.1714145243143,322.73855239479167,26018600
2025-12-01,314.2751159667969,319.2254218425781,313.27706870792247,317.0796263275952,41183000
2025-12-02,315.1932678222656,317.75825630619534,313.29698432996054,316.1214443613123,35854700
2025-12-03,319.00579833984375,320.95197190330543,313.48659911430565,315.2731119453438,41838300
2025-12-04,316.999755859375,321.73048997615604,314.0854750084747,321.6007694211511,31240900
2025-12-05,320.642578125,322.528901747787,318.5467035992101,318.8660555204289,28851700
2025-12-08,313.31219482421875,320.0234606774875,310.81544458829893,319.63395301128804,33909400
2025-12-09,316.66778564453125,317.57660631064704,311.4945269093235,311.96391713296777,30194000
2025-12-10,319.7937316894531,320.8923078304596,314.27092168020465,315.4194206321133,33428900
2025-12-11,312.0238342285156,320.7025396818571,308.19882663213485,319.6638831462354,42353700
2025-12-12,308.887939453125,314.46067218572114,305.1627773855729,313.29221022339095,35940200
2025-12-15,307.8193054199219,311.01515750934647,304.4836511834585,310.9152814169449,29151900
2025-12-16,306.1714782714844,310.3660001485481,302.1966411442108,304.55358908476643,30585000
2025-12-17,296.3342590332031,307.6894729197007,295.7350329501308,307.60959033164653,43930400
2025-12-18,302.0668029785156,303.56485302569047,298.8410213827925,301.32777470817274,33518000
2025-12-19,306.7607116699219,306.85059101726483,300.5787559089981,301.33777770154796,59943200
2025-12-22,309.3772888183594,309.7268399185022,304.90310178792384,309.47716491524386,26429900
2025-12-23,313.94134521484375,314.5305745464577,308.91788552805923,309.2274800840275,25478700
2025-12-24,313.68170166015625,314.67040497756983,311.51453957359615,314.3608103937755,10097400
2025-12-26,313.1024475097656,314.6803801033015,311.87403553475036,314.0711877312235,10899000
2025-12-29,313.1523742675781,313.61176774066803,310.2161937852231,310.96521879647884,19621800
2025-12-30,313.4420166015625,316.5379928503015,312.0538089034933,312.09376543928346,17380900
2025-12-31,312.5931091308594,314.17104176667254,311.03513952358344,312.4433102220648,16377700
2026-01-02,314.7403259277344,322.0807776535599,309.92658419973367,316.4880510777925,32009400
2026-01-05,316.1285400390625,318.60529679570504,314.2210191795431,317.24707928114736,30195600
2026-01-06,313.9313659667969,320.5227923064431,311.3746963103618,315.9886856047422,31212100
2026-01-07,321.5614318847656,325.725993751253,313.7815504740342,313.95131240372154,35104400
2026-01-08,325.0169372558594,329.8905982345552,321.08205673508803,328.54234711069296,31896100
2026-01-09,328.14288330078125,330.3999246926398,325.37646465172014,326.6647962522232,26214200
2026-01-12,331.4285583496094,333.6057474535575,324.57749116547984,325.37643895257156,33923900
2026-01-13,335.53326416015625,340.04737751020235,333.18631289711504,334.5146010595183,33517600
2026-01-14,335.4034118652344,336.08252056576845,330.05039437456895,334.62442706687915,28525600
2026-01-15,332.3473815917969,337.2510022020921,330.3100250775331,337.21104566866205,28442400
2026-01-16,329.5710144042969,334.2149635116852,327.27401649506595,333.97528525413946,40341600
2026-01-20,321.5814208984375,327.30398324237245,320.01345448184367,320.4528849486331,35361000
2026-01-21,327.953125,332.0478012719212,318.9348648307384,320.50283121296127,35386600
2026-01-22,330.1103210449219,334.71431361791133,328.32263943252485,334.0152418739244,26253600
2026-01-23,327.5036926269531,333.2562145369407,327.0243361197249,332.05776231305794,27280000
2026-01-26,332.8267822265625,335.4034148973675,326.5749102768944,327.3838548641184,26042100
2026-01-27,334.1150817871094,337.4707297257924,333.04649592160257,334.93402312381306,21636200
2026-01-28,335.5732116699219,337.1012215187292,331.5084951745387,335.62313448097893,27434400
2026-01-29,337.8102722167969,341.84502871736817,326.115503846963,339.85759500876696,39785600
2026-01-30,337.56060791015625,339.5580079569619,331.8580393103398,339.5580079569619,31024000
2026-02-02,343.24322509765625,344.3817273143538,335.1937050748485,335.78293445124825,32006100
2026-02-03,339.26837158203125,348.5463032010534,337.0312933144156,346.8884575284791,36506700
2026-02-04,332.6070556640625,342.86369366519597,328.09291217000737,342.514142570529,70618400
2026-02-05,330.8193664550781,332.25749685616427,306.06158556074746,311.814107165092,88205800
2026-02-06,322.4402770996094,329.95052083207565,319.50412705068965,326.75466854448496,56380500
2026-02-09,323.8984069824219,327.2740180221729,316.84758707958963,320.5127991892576,39640100
2026-02-10,318.16583251953125,321.25184233940706,314.2009923012897,320.5527401483992,39170000
2026-02-11,310.5557556152344,320.64263210541753,309.25745775560665,318.55535268111106,45406400
2026-02-12,308.5982971191406,315.8288752987113,306.80064932708433,311.68427643298344,47761300
2026-02-13,305.32257080078125,308.2287915112591,303.31517401115394,307.32996759040856,38499700
2026-02-17,301.6273498535156,304.0442171582303,295.86486207725466,299.6499434457439,39247600
2026-02-18,302.9356689453125,304.983022308801,300.8583862777236,301.6972906518214,28482100
2026-02-19,302.456298828125,305.0728879320441,299.64995428739604,301.42763905495286,25834400
2026-02-20,314.5705261230469,316.08853909864735,303.504913437054,303.9243808328656,53210800
2026-02-23,311.0850524902344,319.1046122516075,309.4671633706354,318.6352220336332,31423000
2026-02-24,310.495849609375,311.8640638461802,305.53230897934316,310.11633870149166,25615600
2026-02-25,312.49322509765625,313.2322838254539,309.03773161827513,311.6543207518016,29963600
2026-02-26,306.9804382324219,312.73296049797625,301.95697800388234,312.23361045347764,36431200
2026-02-27,311.354736328125,311.9639287272481,303.4050620118916,303.7446468483449,44640600
2026-03-02,306.12152099609375,308.0889612664211,300.908305641281,302.83581985466094,34790200
2026-03-03,303.1853332519531,303.5448811012492,296.3242691134317,298.2018299939976,35497000
2026-03-04,302.7359619140625,305.07291645770977,300.3590508331652,302.49628364637806,29536200
2026-03-05,300.4888610839844,302.9056980180265,297.6026034525966,302.6460567428228,35752300
2026-03-06,298.1319274902344,300.1393243405422,294.7962729857715,295.7050936872067,25576900
2026-03-09,306.1770935058594,306.6168332730834,293.9044256827884,294.1842573074437,29312100
2026-03-10,306.8567199707031,309.3252467158022,305.3875962722132,305.98724420005084,23239700
2026-03-11,308.5157470703125,311.23412470378855,305.7374076911934,306.56689883882945,24125700
2026-03-12,303.3687744140625,308.7555713296518,300.8502897843219,306.636841807898,24928300
2026-03-13,302.09954833984375,307.50632242162294,300.26065041451466,306.8267356773544,23693100
2026-03-16,305.3775939941406,306.3070315122431,302.8391017033621,304.16832484157635,23519700
2026-03-17,310.7344055175781,311.2341070358109,305.3176276402165,305.67739809365116,21955200
2026-03-18,307.5063171386719,312.28346234614037,306.74676108497374,309.0853604878573,20009800
2026-03-19,306.9466552734375,307.8760927647981,302.16951004441273,303.8285227221892,25075800
2026-03-20,300.8203125,305.8173276578073,298.0919312440676,305.2776414809433,44364100
2026-03-23,301.87969970703125,305.7973733016039,300.75036931754545,301.92965766257777,29326900
2026-03-24,290.2666320800781,299.7409842283802,290.15668188195673,299.02141279307426,36864300
2026-03-25,290.7563171386719,295.82329783701033,289.0673235725591,293.2648285118823,29460700
2026-03-26,280.7523193359375,287.7781215852462,278.33375052565475,287.7381369232671,39080600
2026-03-27,274.1762390136719,279.203235317384,273.7864876697142,277.1144865271076,35890600
2026-03-30,273.33673095703125,276.9245842043685,271.9475460941929,276.2550012483934,35141200
2026-03-31,287.3883361816406,287.9080147834651,276.9245851168754,277.87403020607053,43875400
2026-04-01,297.2124938964844,300.34059988895723,290.23664948178913,290.6663854824321,37684500
2026-04-02,295.59344482421875,297.90206355243157,289.2772403921399,290.5164904801884,21666500
2026-04-06,299.8109130859375,300.4405418912755,295.0037868253031,295.69337737406744,16945500
2026-04-07,305.27764892578125,305.4475608650088,297.5422790326475,302.54929810267237,23205400
2026-04-08,317.1305847167969,321.88772251879675,314.8319393907938,320.25872115869026,33547100
2026-04-09,318.29986572265625,319.3492572184689,310.8743084256086,315.72141928886384,23739200
2026-04-10,317.0506286621094,321.6378852163977,316.1311948927162,319.8289680511782,19152600
2026-04-13,321.1181945800781,321.43801087893695,315.28168437302884,316.9507009019676,18866400
2026-04-14,332.7112731933594,333.09105123243734,323.5567375910905,324.59612530340485,27721400
2026-04-15,336.91876220703125,337.278563176308,330.70247381548376,332.69130668872015,24918800
2026-04-16,335.81939697265625,339.67710854893676,334.3202924195682,338.5477782390461,20541500
2026-04-17,341.4760437011719,342.1156763245155,336.0392884001999,337.4484504303517,25581900
2026-04-20,337.2185974121094,341.1962021124509,336.40905286572576,340.55660000710446,18784200
2026-04-21,332.0916442871094,339.13742351057505,331.1522029907326,337.48841459650436,23123800
2026-04-22,339.1174621582031,339.6171637007564,334.96994545488326,336.818816762841,20293000
2026-04-23,338.6877136230469,341.7558578013153,335.97930940305434,340.9763246437424,18650300
2026-04-24,344.19439697265625,345.06387272769797,335.1897964239415,338.5277988797623,26426100
2026-04-27,350.130859375,352.9691603649003,342.5254168368208,345.77347673538645,28576900
2026-04-28,349.5711975097656,352.20963620070955,345.91337868788094,348.34192077884484,27824100
2026-04-29,349.7311096191406,355.5776236260777,344.0045190996302,347.36252924438134,35376300
2026-04-30,384.5702819824219,385.6096696957082,365.60163158627074,373.8467067603946,72040000
2026-05-01,385.45977783203125,386.52914645154755,378.82372671588394,381.4022037517389,30105200
2026-05-04,383.0212097167969,387.14874909409923,379.56328378663693,385.39979379858875,26298600
2026-05-05,388.1981201171875,392.58551415458055,383.79074899852696,385.99945170269467,23878600
2026-05-06,397.8023986816406,399.61131576273664,392.52555179602564,394.0146525811788,31308500
2026-05-07,397.7524108886719,399.8611671879692,392.4455831227277,399.6812819584635,24433500
2026-05-08,400.56072998046875,401.76002583943523,396.1233780013978,396.7630105926761,21461800
2026-05-11,388.40802001953125,397.2027547509894,388.23810807955056,393.41500861238904,30753700
2026-05-12,387.1187744140625,388.28805889354703,382.541491402114,387.10877062384725,26017500
2026-05-13,402.3796691894531,403.4590416115898,384.77019153718186,385.3698394939953,28144600
2026-05-14,400.8305969238281,402.6894719958145,395.6037078837972,397.04285074569174,21136700
2026-05-15,396.54315185546875,399.30151410906007,392.9452946767326,396.0834349796574,20309700
2026-05-18,396.70306396484375,408.36608091552193,394.29449886421145,395.4538101055549,26837200
2026-05-19,387.4285888671875,396.91291402359946,385.8794958446922,396.72302500471704,39545700
2026-05-20,388.6778564453125,393.62488340369265,382.6714341601505,387.4685872554011,31744400
2026-05-21,387.4285888671875,392.2656959548347,382.7913440893277,385.46976743485186,24852800
2026-05-22,382.74139404296875,388.5079387636157,381.54209816202837,387.1187843592316,20442100
2026-05-26,388.6478576660156,389.0276356997364,382.3716078175452,384.2804712769477,27747400
2026-05-27,388.5978698730469,393.64487351491664,385.66962629134815,386.4391861502527,23087300
2026-05-28,389.8971252441406,391.6360768291116,384.9300907577927,387.76839182151133,24357500
2026-05-29,380.1129455566406,385.0100143138995,378.2340629764561,385.0100143138995,44415800
2026-06-01,376.14532470703125,378.3340198477676,373.2970198869562,376.2952290661171,28672100
2026-06-02,361.6340026855469,373.31702687507857,358.2260345973877,366.371163421305,50412300
2026-06-03,358.77569580078125,366.2312646097652,357.8662353535933,361.81388965190393,55441600
2026-06-04,371.96783447265625,373.0271992966173,357.99616844622375,358.68575901079333,44055500
2026-06-05,368.30999755859375,371.8578661166277,363.90262653478294,366.1213024821565,37471200
2026-06-08,363.30999755859375,366.20001220703125,360.5299987792969,365.17999267578125,27942500
2026-06-09,364.260009765625,372.0799865722656,357.29998779296875,367.0899963378906,29535100
2026-06-10,356.3800048828125,368.55999755859375,355.20001220703125,363.19000244140625,32357100
2026-06-11,357.7699890136719,358.79998779296875,346.3599853515625,355.92999267578125,35538200
2026-06-12,359.67999267578125,366.57000732421875,354.94000244140625,362.6199951171875,24704600
2026-06-15,369.3500061035156,372.989990234375,366.54998779296875,367.92999267578125,27727500
2026-06-16,373.25,376.0,367.05999755859375,369.6000061035156,24876100
2026-06-17,363.7900085449219,372.3299865722656,362.0199890136719,369.1300048828125,24543600
2026-06-18,368.0299987792969,369.4800109863281,358.6700134277344,365.75,44470100
2026-06-22,349.67999267578125,358.9200134277344,341.7200012207031,357.95001220703125,52814800
2026-06-23,346.1300048828125,349.2900085449219,340.20001220703125,340.69000244140625,34007700
2026-06-24,345.2900085449219,353.4800109863281,341.92999267578125,349.0400085449219,44997300
2026-06-25,343.7099914550781,345.57000732421875,335.8399963378906,336.7300109863281,44491400
2026-06-26,337.3900146484375,346.3599853515625,330.20001220703125,342.54998779296875,114706300
2026-06-29,353.6499938964844,354.3500061035156,340.6700134277344,341.8299865722656,34213900
2026-06-30,357.3699951171875,358.6199951171875,350.3999938964844,353.8699951171875,35237200
2026-07-01,361.2099914550781,362.9700012207031,356.42999267578125,358.3699951171875,26736400
2026-07-02,359.9100036621094,364.2099914550781,353.4200134277344,359.4800109863281,25974800
2026-07-06,366.4599914550781,367.92999267578125,357.3800048828125,361.54998779296875,26915800
2026-07-07,367.0299987792969,373.1600036621094,365.5,369.07000732421875,24045600
2026-07-08,361.9200134277344,367.8399963378906,358.0199890136719,364.760009765625,22094800
2026-07-09,358.8900146484375,359.6499938964844,351.0799865722656,354.30999755859375,24729100
2026-07-10,357.17999267578125,357.82000732421875,352.75,357.5299987792969,18146100
2026-07-13,352.510009765625,358.1300048828125,351.75,356.19000244140625,15901700
2026-07-14,359.510009765625,360.1600036621094,351.0899963378906,351.20001220703125,18259400
2026-07-15,370.9200134277344,373.6499938964844,357.760009765625,357.9700012207031,28284600
2026-07-16,354.4599914550781,375.2699890136719,352.29998779296875,373.05999755859375,41158500
2026-07-17,346.7699890136719,348.5199890136719,341.3599853515625,346.0,29959300
2026-07-20,351.989990234375,359.67999267578125,350.5199890136719,350.8800048828125,24736600
2026-07-21,347.1499938964844,351.32000732421875,347.0,351.32000732421875,23369800
2026-07-22,342.0899963378906,349.94000244140625,341.7300109863281,348.1600036621094,39334100
2026-07-23,317.69000244140625,324.489990234375,314.8999938964844,321.1300048828125,69419700
2026-07-24,319.739990234375,324.17999267578125,317.32000732421875,318.4200134277344,31806600
2026-07-27,326.55999755859375,330.4200134277344,324.45001220703125,325.0400085449219,28471600
2026-07-28,333.7099914550781,335.8800048828125,324.44000244140625,327.8999938964844,29511900
2026-07-29,336.7099914550781,342.5,331.6199951171875,334.6700134277344,27501600
2026-07-30,333.6600036621094,336.510009765625,330.3399963378906,334.20001220703125,30168000
2026-07-31,356.1300048828125,358.5799865722656,340.0,340.8299865722656,46498000
2026-08-03,373.510009765625,376.69000244140625,363.3500061035156,365.45001220703125,38669700
2026-08-04,377.6499938964844,380.5199890136719,367.5,368.2200012207031,35705700
2026-08-05,362.42999267578125,384.4800109863281,356.7699890136719,383.3399963378906,46926300
2026-08-06,357.75,364.1300048828125,356.8800048828125,360.7699890136719,25235900
2026-08-07,354.29998779296875,358.8999938964844,353.7799987792969,356.7200012207031,19859900
2026-08-10,357.5199890136719,357.6099853515625,352.7099914550781,355.17999267578125,18991400
2026-08-11,343.79998779296875,356.80999755859375,343.3900146484375,355.8900146484375,29081800
2026-08-12,343.5400085449219,346.4800109863281,340.8800048828125,346.30999755859375,25012000
2026-08-13,346.3599853515625,347.92999267578125,343.760009765625,345.7699890136719,17866100
2026-08-14,345.8999938964844,350.45001220703125,344.5,346.79998779296875,17808600
2026-08-17,344.0,347.25,341.92999267578125,346.2699890136719,18291300
2026-08-18,344.20001220703125,344.8699951171875,340.19000244140625,342.4100036621094,19248800
2026-08-19,344.7200012207031,346.7300109863281,340.6600036621094,342.4599914550781,19733800
2026-08-20,340.6700134277344,343.8999938964844,338.57000732421875,343.05999755859375,18570400
2026-08-21,344.82000732421875,346.20001220703125,340.3999938964844,342.5799865722656,20849800
2026-08-24,348.05999755859375,351.6000061035156,342.489990234375,343.6199951171875,26338200
2026-08-25,346.9599914550781,350.1600036621094,345.6000061035156,349.6400146484375,20649700
2026-08-26,342.0,346.8800048828125,340.17999267578125,346.6199951171875,20420300
2026-08-27,340.6499938964844,341.69000244140625,338.5199890136719,339.6700134277344,23391400
2026-08-28,346.5899963378906,349.1400146484375,340.2699890136719,340.7099914550781,25347200
2026-08-31,339.3500061035156,344.5899963378906,337.1600036621094,343.8299865722656,33493600
2026-09-01,335.0199890136719,337.20001220703125,333.04998779296875,336.0,23342700
2026-09-02,337.1199951171875,340.0,332.82000732421875,334.05999755859375,22525400
