Date,Close,High,Low,Open,Volume
2015-01-02,46.066776275634766,46.4132519480792,45.75715654614046,45.838247494630465,12600000
2015-01-05,44.63664245605469,45.911974776268444,44.4007429986824,45.749795656914586,20100600
2015-01-06,43.47926712036133,44.784087793531356,43.01483875584296,44.70299681425026,29074100
2015-01-07,43.54560852050781,44.15010125594421,43.250732780817316,44.15010125594421,23843200
2015-01-08,44.518680572509766,44.8946471633959,44.209063673796564,44.209063673796564,16971100
2015-01-09,43.74463653564453,44.81355726682231,43.70777778190929,44.76195444916444,15396200
2015-01-12,43.36868667602539,43.78888279026744,42.955861190040416,43.70041837832123,15455200
2015-01-13,43.37605667114258,44.01003755345204,43.02957809310286,43.685673672004306,21644700
2015-01-14,41.87957000732422,43.37605784286784,40.74430201587698,43.37605784286784,49602300
2015-01-15,40.537879943847656,41.73212108233487,40.17665738324262,41.083396285810956,42458100
2015-01-16,41.2308464050293,41.28244924160981,40.27987502437058,40.29461909369983,29368900
2015-01-20,41.06865310668945,41.569940076796236,40.854868378702726,41.311925965186674,23477700
2015-01-21,41.20135498046875,41.592062944031014,40.68532384367455,40.876993917524935,21842400
2015-01-22,42.4545783996582,42.55778407856055,41.25296339784413,41.56258324669499,31423500
2015-01-23,41.78374099731445,42.66099212889265,41.76899692634541,42.55041581484081,15458300
2015-01-26,41.85008239746094,42.01226434461132,41.4298862727019,41.584694779267096,12577700
2015-01-27,41.42987060546875,41.73211687585932,41.1055068338303,41.319291535656994,15220500
2015-01-28,40.360958099365234,41.78372817149239,40.360958099365234,41.73949597216266,24354400
2015-01-29,41.039180755615234,41.2013627236385,40.30936752379848,40.74430777356127,20393300
2015-01-30,40.08820724487305,40.91385543195553,40.08083380422901,40.53789151127536,26943700
2015-02-02,40.891746520996094,41.02444034993012,40.007121932150625,40.19878923386419,20308900
2015-02-03,41.81321334838867,41.857442732448476,41.18660322349312,41.216091354294946,18812500
2015-02-04,41.56257629394531,42.07123397436398,41.48885595553026,41.518344090896285,14934100
2015-02-05,41.85008239746094,42.04912311110632,41.621553545762104,41.9164293020094,11293900
2015-02-06,42.67573547363281,43.29497238307493,42.41772126642524,42.57252979074978,25214000
2015-02-09,42.62412643432617,42.830537770078486,42.189186253888415,42.32925068712841,14372400
2015-02-10,43.0959358215332,43.28023250514785,42.79368937289096,43.06644767724025,16367300
2015-02-11,43.02957534790039,43.24336010846216,42.63886740160313,42.8010493319801,13061900
2015-02-12,43.91420364379883,44.01740931340643,43.162273006758824,43.44240469008202,23211300
2015-02-13,43.987918853759766,44.393373694591894,43.74464876140393,43.83311035752028,16479100
2015-02-17,44.30490493774414,44.334393070936436,43.729900401210166,43.75938853440246,15308800
2015-02-18,43.766754150390625,44.3048998648888,43.582457557255246,44.3048998648888,14278100
2015-02-19,43.66355895996094,43.84785559721156,43.34656851891838,43.60458549835537,11256500
2015-02-20,44.0837516784668,44.15009857526157,43.01483070217027,43.464514912430026,15379000
2015-02-23,43.752017974853516,43.88471177080978,43.346565959273065,43.86259707553152,16814000
2015-02-24,44.835689544677734,45.15268001300585,44.290173026259886,44.41549340054861,22937700
2015-02-25,45.07158279418945,45.16741782793793,44.78408050508739,44.791451132848024,18307900
2015-02-26,45.39595413208008,45.484415740488025,44.90203762650273,44.99049923491068,15444800
2015-02-27,45.17478561401367,45.646584501030546,45.06420933169964,45.06420933169964,15225900
2015-03-02,45.5360107421875,45.58024294485025,44.990491491253685,45.174788117466775,13047300
2015-03-03,45.683448791503906,45.69819285911816,45.33697023292737,45.447549333962584,13706900
2015-03-04,45.801395416259766,45.83088073734666,45.22638806684628,45.44017281454946,16625500
2015-03-05,45.70556640625,45.875118976428865,45.41069065941678,45.85300427966661,10931300
2015-03-06,44.88728332519531,46.34691218587861,44.82093643097593,45.82351047156078,22719200
2015-03-09,45.33697509765625,45.43281014136046,44.82094392435989,44.85043206275252,13001500
2015-03-10,44.20171356201172,44.97575902941567,44.20171356201172,44.79146235564597,16357700
2015-03-11,44.40812301635742,44.71036941664384,44.201708851474756,44.327032038597494,13015600
2015-03-12,45.24113845825195,45.30011473295706,44.71036604662381,44.71036604662381,18159600
2015-03-13,44.968379974365234,45.602360863291054,44.54818386187134,45.263255722005376,16506200
2015-03-16,45.59498596191406,45.646588794276035,45.15267516677043,45.33697180010418,15182900
2015-03-17,45.418067932128906,45.45492670055731,44.90940736652816,45.219027208043016,11718300
2015-03-18,45.521263122558594,45.74241849432864,45.03472017980726,45.2558755515773,15697900
2015-03-19,45.115814208984375,45.447548695284766,44.79145035031584,45.388572425656555,11523800
2015-03-20,45.521263122558594,45.779277254266454,45.07895237901852,45.204272725235725,18368300
2015-03-23,45.07158279418945,45.764539913710706,45.056838726524816,45.521267015459195,15112900
2015-03-24,44.5703010559082,45.14530851480902,44.562930427268824,44.94626779582147,12128700
2015-03-25,43.94368362426758,44.7029847486991,43.92893955818289,44.62189379130485,14950900
2015-03-26,43.8920783996582,44.076374997427536,43.39816205532208,43.83310213854342,14039600
2015-03-27,43.89945602416992,44.069008583688664,43.494004006873496,43.855226633426206,11755800
2015-03-30,44.93888473510742,45.30747795533398,44.68087060580607,44.87991128218559,20656500
2015-03-31,44.65876770019531,44.92415252660676,44.54081513893177,44.76197337915707,17346700
2015-04-01,44.48808288574219,44.94817568840671,44.32482296218843,44.829441970595376,18100600
2015-04-02,44.911067962646484,45.04464373723175,44.52518270615958,44.57712852618331,12697800
2015-04-06,44.87397384643555,45.081757171151274,44.26546311190907,44.46582398597896,12025200
2015-04-07,45.15596389770508,45.63832127111609,45.15596389770508,45.3785921197935,11505500
2015-04-08,45.304386138916016,45.682851888305095,45.222756160387554,45.311808590147166,11734000
2015-04-09,45.61605453491211,45.69768449653606,45.141119664556506,45.467636680217204,11728500
2015-04-10,45.786746978759766,45.84611243886459,45.41570365288786,45.52701495214788,9869700
2015-04-13,46.061309814453125,46.209727683797006,45.63832072686608,45.74221238615617,15468700
2015-04-14,46.781124114990234,47.2041131074049,46.55849877648274,46.721755848276366,33775400
2015-04-15,47.64936828613281,47.849734789804536,46.758864017136965,46.810812670836874,28732200
2015-04-16,47.352542877197266,47.69389917349198,47.24122876447263,47.55290658160033,16640500
2015-04-17,46.63270950317383,47.04827890639864,46.37298039543017,46.936964814031384,20221200
2015-04-20,46.92953872680664,47.137321984360625,46.85532839851267,46.91469666114784,12755300
2015-04-21,46.23940658569336,47.196695931304184,46.10583080149927,46.996335085848145,14985100
2015-04-22,46.706912994384766,46.862753276464716,46.031614541487365,46.49171010826099,14484700
2015-04-23,46.603023529052734,46.90727882790596,46.454605688697164,46.59560391091064,12851300
2015-04-24,46.454612731933594,46.63271473353026,46.26167149180288,46.47687725140523,9597500
2015-04-27,46.26167297363281,46.86276406358571,46.239411284283385,46.52882456916743,11146400
2015-04-28,46.573341369628906,46.58818343737728,45.83867741651146,46.37298053211322,12307800
2015-04-29,47.19670486450195,47.41191064986292,46.350726625039535,46.424936980768635,17601200
2015-04-30,46.94438552856445,47.404481145645875,46.692076033364486,47.18185578654827,16840900
2015-05-01,47.2041130065918,47.39705421133029,46.99632973520654,47.270900891084885,11640100
2015-05-04,48.027835845947266,48.139149945540474,47.22638112288054,47.256065260216744,14972500
2015-05-05,47.79035949707031,48.473077543480215,47.708729550035514,47.871989444105104,17692400
2015-05-06,47.43415451049805,48.28755488015498,47.06311136383582,47.88682760235948,18087900
2015-05-07,47.86457061767578,47.93877812195841,46.93696265996889,47.248637574957684,15039900
2015-05-08,48.5992317199707,48.71796824928123,47.93877534527161,48.21334932305018,16802600
2015-05-11,48.56953430175781,48.71053247632757,48.29496606075495,48.42854178885584,13798800
2015-05-12,48.502769470214844,48.63634525395078,48.05751874498509,48.46566288408314,12762200
2015-05-13,48.621482849121094,48.70311277988464,48.280123893959036,48.54727536524554,11874100
2015-05-14,49.01481246948242,49.11128167013994,48.76250013147537,48.851552544007916,11855500
2015-05-15,48.88864517211914,49.096434099428535,48.56213103825739,49.074166753821935,11152100
2015-05-18,49.28937911987305,49.37843152930947,48.829289158626814,48.829289158626814,10510900
2015-05-19,49.727210998535156,49.860786776328446,49.40069117244715,49.549106187030844,14282700
2015-05-20,49.33390808105469,49.74205221826525,49.27453980818657,49.68268394539713,12446000
2015-05-21,49.460060119628906,49.48232180595404,48.98512527245944,49.08159446709169,12934500
2015-05-22,49.32648849487305,49.593640076617305,49.2151743922012,49.44521938583136,9296900
2015-05-26,48.777347564697266,49.192914188094186,48.46566693547896,49.1261234598079,15571300
2015-05-27,49.32648849487305,49.460064285745176,48.844131157742,48.94060036050003,10963700
2015-05-28,49.126121520996094,49.27454221040215,48.784762427867754,49.24485807252094,11797400
2015-05-29,48.8144416809082,49.14096150325643,48.50276675685026,49.1112773683457,14310700
2015-06-01,49.03707504272461,49.467486551898936,48.95544507851326,48.970284316701495,11899300
2015-06-02,48.9925422668457,49.26711627657754,48.6660280965827,48.85154969896826,12784200
2015-06-03,49.49715805053711,49.81625541246924,49.17806068860499,49.296797224053975,12927300
2015-06-04,49.222591400146484,49.75689450456286,48.985123982813626,49.207746501873906,13863300
2015-06-05,50.031463623046875,50.343138551584815,49.727211143760776,49.994362700127546,20801100
2015-06-08,49.63816452026367,50.12794431788214,49.578796242672844,50.06115359017482,14558700
2015-06-09,49.853355407714844,49.92014045382787,49.32647484003732,49.682673075977874,13263500
2015-06-10,50.65483093261719,50.832930124427534,50.06858186200062,50.157628627070174,17478900
2015-06-11,50.84775161743164,50.966488144977,50.57318330540421,50.729020751555545,13739900
2015-06-12,50.647396087646484,50.86260182002002,50.365405297813844,50.69191945928589,11804700
2015-06-15,50.45445251464844,50.617712427751705,49.94241675097987,50.15020003614044,14082300
2015-06-16,50.736454010009766,50.84776245121269,50.17988915731332,50.29119759851624,11692800
2015-06-17,50.56575393676758,50.966481169887174,50.49154644804212,50.76612038416161,14521900
2015-06-18,51.04072952270508,51.0704136742946,50.38769517275464,50.72163197020899,16759600
2015-06-19,50.52123260498047,50.95906076921331,50.40249608891609,50.80322333813033,21606400
2015-06-22,51.174278259277344,51.41916813388099,51.018440792257756,51.10749319984181,14306700
2015-06-23,51.76053237915039,51.812478206684155,51.34496575888033,51.46369665252725,15736900
2015-06-24,51.21879196166992,51.77535666522836,51.137167680550114,51.58241831106307,16995000
2015-06-25,50.94424057006836,51.55275128808721,50.93681811962387,51.44143717810322,13314300
2015-06-26,51.16684341430664,51.419155677168405,51.03326766612538,51.159426628390584,14489200
2015-06-29,49.86820602416992,50.65482149294743,49.83852754912489,50.22441000308221,19934400
2015-06-30,50.283790588378906,50.54351977114331,49.83853975197257,50.38025981007095,20677400
2015-07-01,50.84398651123047,51.0830060534691,50.62737416065868,50.88133562979214,13964400
2015-07-02,50.433162689208984,50.888794524989535,50.18667791304999,50.75434569314159,12822900
2015-07-06,50.29125213623047,50.38835186103169,49.701171427034446,49.955127183595344,13527100
2015-07-07,49.8953742980957,50.20908634729732,48.77496923779722,50.1119809282529,22421500
2015-07-08,48.87207794189453,49.41734434555495,48.707750924389316,49.297831715123564,17707200
2015-07-09,49.37997055053711,49.820660333035796,49.29033612250057,49.663804357976616,14984700
2015-07-10,50.08210754394531,50.34353424675424,49.917780559701214,50.2090854140704,12356100
2015-07-13,50.85890579223633,50.896254898352524,50.552664777042864,50.70952076511857,16175600
2015-07-14,51.56851577758789,51.613330160640174,50.612437614636725,50.776764617395585,20185100
2015-07-15,51.68054962158203,51.85981282536814,51.42658819243342,51.71042777199213,16891600
2015-07-16,51.95690155029297,52.24820633183167,51.84486563329601,52.00918687778265,18035700
2015-07-17,51.69547653198242,51.9046178484916,51.478864254548355,51.80004719023701,14040700
2015-07-20,51.73283767700195,52.11377129271873,51.67308137304351,51.91210089020248,11512900
2015-07-21,51.61330795288086,51.94196181698804,51.44151575931422,51.65812801532369,11659900
2015-07-22,52.345306396484375,52.50216236298681,51.68799869075298,51.74775497285087,15493000
2015-07-23,52.016666412353516,52.74119585461526,51.88221759112274,52.42748383796819,14331800
2015-07-24,51.47140121459961,51.956905420883444,51.29960329795049,51.867276680608875,12413900
2015-07-27,50.79916763305664,50.9560236595209,50.4705136545554,50.90373831736615,16801600
2015-07-28,50.82904815673828,51.23985995035461,50.619901079687516,51.20251653203048,14932400
2015-07-29,51.49381637573242,51.613323280833946,50.91120667901032,51.030713584111844,13059200
2015-07-30,51.56851577758789,51.87475689290411,51.19504738901788,51.48635227620846,10197200
2015-07-31,51.18757247924805,51.568511801849574,51.090472757229,51.54610461205094,11911800
2015-08-03,51.18757247924805,51.41912103873381,50.79169692967241,51.23238685884532,9980600
2015-08-04,51.135292053222656,51.50128948536392,51.02325039478234,51.14276301676547,10964000
2015-08-05,51.336971282958984,51.852353825073514,51.209987689753206,51.575990842705444,11302900
2015-08-06,50.97843551635742,51.49382372097804,50.79170132032681,51.35190390841864,10803400
2015-08-07,50.82904815673828,51.34443063954241,50.45557978144608,51.03818953511389,11453300
2015-08-10,51.45647048950195,51.54610494795552,50.95602425182155,50.95602425182155,12661400
2015-08-11,50.96348190307617,51.09045974537933,50.67964237478268,50.96348190307617,14800300
2015-08-12,50.2240104675293,50.455564665940436,49.35009609883534,50.350994008079965,21069000
2015-08-13,50.45556640625,50.642300544395006,50.02234183807191,50.23148316100653,11930600
2015-08-14,50.70954132080078,50.72448324877354,50.343543866929636,50.35848009622658,11248800
2015-08-17,50.84398651123047,50.9709643964595,50.34354023508637,50.50786723887707,10326500
2015-08-18,50.94853973388672,51.060581352475815,50.67217116785674,50.776747524233755,10617500
2015-08-19,50.49291229248047,51.0232365869957,50.31364910669302,50.73940273460941,15198200
2015-08-20,49.252994537353516,50.074623546013704,49.252994537353516,49.902825643933106,20972300
2015-08-21,47.50517272949219,48.879539213547986,47.48276554039843,48.61810681098823,28235500
2015-08-24,45.00292205810547,46.997241053828795,37.39910860938654,44.28586373487932,36339100
2015-08-25,44.74897003173828,47.296023634955205,44.614521220479226,47.13169667689705,31772500
2015-08-26,46.98978042602539,47.04206575900356,45.227009630369956,46.16068036117585,33576800
2015-08-27,48.1624870300293,48.34922122870568,47.16158876181264,47.78901578333879,29045700
2015-08-28,47.90104293823242,48.147533388194255,47.50516744514627,48.020555531671164,16687300
2015-08-31,47.8786506652832,48.06538487669123,47.40808250405829,47.51265320655272,14223400
2015-09-01,45.89927291870117,46.94498286554039,45.55568262971135,46.94498286554039,23637300
2015-09-02,46.73583221435547,46.98979082330073,45.96648827372905,46.7731784819838,17757900
2015-09-03,46.81797790527344,47.54997529985242,46.646182860056214,46.96736576830387,17065400
2015-09-04,45.93660354614258,46.25031556853195,45.37640106387255,46.160683969183154,20189000
2015-09-08,47.17652130126953,47.20639945275789,46.55656532924143,46.885216447601366,13385100
2015-09-09,46.444515228271484,48.05789522412331,46.310066420394364,47.759122311658345,13889500
2015-09-10,46.80306625366211,47.057024914794845,45.89927328437784,46.205517300802185,15751100
2015-09-11,46.72835159301758,46.80304410828167,46.3025979874713,46.593902786072775,12766700
2015-09-14,46.59391403198242,46.82546259478975,46.39970888648353,46.78811632814381,10202800
2015-09-15,47.49022674560547,47.72177525023308,46.691002023643456,46.87773615929116,14023500
2015-09-16,47.908512115478516,48.02055374298544,47.21386086334421,47.72177796919159,12235900
2015-09-17,46.79557800292969,48.281980205509434,46.60137289597729,47.90851191450229,21249200
2015-09-18,45.518306732177734,46.18308257334871,45.398797012851716,46.18308257334871,31008000
2015-09-21,45.89927291870117,46.242863207690995,45.62290706445616,45.951558273576225,13136400
2015-09-22,45.49590301513672,45.63035181578501,45.129902869074876,45.264351669723176,14811900
2015-09-23,45.29423522949219,45.675174493319254,45.0552157440598,45.41374497220838,11712200
2015-09-24,44.98052978515625,45.100039545306615,44.41285628743894,44.82367090987223,17293400
2015-09-25,45.914188385009766,46.205493169307154,45.46602476742121,45.76480051248025,18384300
2015-09-28,44.8012580871582,45.57060189330883,44.58464578370355,45.50337748359315,17452200
2015-09-29,44.69670486450195,44.91331725251513,43.86760443746669,44.801275576139155,19334900
2015-09-30,45.54072570800781,45.563132894364735,44.898359771963825,45.339052482784446,18743800
2015-10-01,45.876853942871094,46.212976051158485,45.21955165259528,45.65277348712536,16863200
2015-10-02,45.74896240234375,45.78657814259653,44.03365652182624,44.83112341671144,20435100
2015-10-05,46.65926742553711,46.824780094272455,46.05740708908558,46.07245395623392,13471100
2015-10-06,46.68183517456055,46.915057304935935,46.35833471335123,46.726975774925705,12134800
2015-10-07,46.74201583862305,47.41910752617439,46.46365314839694,47.05799138550115,12773100
2015-10-08,46.74201583862305,46.83229415631737,46.21538705726358,46.53136260414168,13964600
2015-10-09,46.591556549072266,47.05799793697678,46.32824355668174,46.93762587332735,12112000
2015-10-12,46.43358612060547,46.65175859451661,46.192841903264075,46.523864484634124,10857400
2015-10-13,46.305667877197266,46.76458722761083,46.125111232051815,46.18529582380159,15621900
2015-10-14,45.13203811645508,45.86931725392499,44.79349084162299,45.711326612406054,28989400
2015-10-15,46.56147003173828,46.61413263837798,45.21480538790164,45.493168160022165,18147900
2015-10-16,46.96772384643555,47.1332365251053,46.71193282935349,46.96772384643555,17456600
2015-10-19,46.80973434448242,47.22351315630131,46.57651220296069,46.64422167179626,14510400
2015-10-20,47.035430908203125,47.26112817762026,46.70440843771777,46.915058839854225,11545100
2015-10-21,46.689353942871094,47.36644564050709,46.68182907551184,47.30626105111314,12113400
2015-10-22,47.53949737548828,47.832907040187784,46.9602057860514,46.9602057860514,15295700
2015-10-23,48.051063537597656,48.2918105115356,47.77270370540479,47.87050689451432,16985200
2015-10-26,48.073638916015625,48.14134837978057,47.70499786442951,48.02849831687355,13880200
2015-10-27,47.87803649902344,48.043549173059816,47.62977035786543,47.79528016200525,8831900
2015-10-28,49.27736282348633,49.45791949233874,47.91565145886541,47.92317632750723,17962000
2015-10-29,49.059181213378906,49.52562543243125,48.81091223840949,49.0967998119351,12753700
2015-10-30,48.33696365356445,49.156996546438194,48.24668243333312,49.12690854615511,15731400
2015-11-02,49.30743408203125,49.46542181273434,48.44225825597972,48.48739596766906,15253300
2015-11-03,49.48802185058594,49.72876603093739,49.029102359948155,49.119383580002705,11519500
2015-11-04,49.540679931640625,49.766380091246404,49.37516724656886,49.66105488070864,11388400
2015-11-05,49.984554290771484,50.157586101538804,49.46544737888279,49.495541115493054,12715900
2015-11-06,51.50425338745117,51.93307911204361,51.23341548351977,51.43654678136515,23262700
2015-11-09,50.69926071166992,51.69985590665961,50.46604143306076,51.68480616880488,17143800
2015-11-10,50.91743087768555,51.04532493763791,50.353186300468195,50.54879269437882,13239700
2015-11-11,50.669158935546875,51.28606607445517,50.593927477590704,51.23340347990662,8513900
2015-11-12,49.653526306152344,50.330620994649394,49.61590770242743,50.300527259628076,13576900
2015-11-13,49.3224983215332,49.78141771141435,49.074235065529386,49.53314871561778,11837000
2015-11-16,50.03721237182617,50.08987497118541,49.02909237578707,49.24726764164474,11041100
2015-11-17,49.75133514404297,50.21025463692262,49.57077844284584,50.15759202658204,12354800
2015-11-18,50.74439239501953,50.819629595735606,49.93188458133582,50.01464091028947,12911400
2015-11-19,50.90238571166992,51.022754900685335,50.43594147222795,50.842198247265955,12839500
2015-11-20,50.81211853027344,51.240944287795294,50.69174356826318,51.1506630662876,11209600
2015-11-23,50.31556701660156,50.84219872540009,50.24033555528537,50.63906746607452,11339000
2015-11-24,50.24032974243164,50.51116756366782,49.683610105353694,49.7814104197699,10910000
2015-11-25,50.3005256652832,50.49613206682524,50.06730640100151,50.35318826495303,7772000
2015-11-27,50.53374481201172,50.654119748001534,50.13501288118299,50.4058507473672,4052500
2015-11-30,50.16510772705078,50.797058935625394,50.16510772705078,50.61650226743164,15147500
2015-12-01,50.8647575378418,51.030270163904106,50.39831338619269,50.661626318659344,12708800
2015-12-02,50.150062561035156,51.06789561784558,50.01464362809708,51.0302827552362,13440900
2015-12-03,49.503055572509766,50.428413384521136,49.33754292586262,50.27795047291036,14626900
2015-12-04,51.07543182373047,51.15818817555092,49.676104452686275,49.728767063863465,17786000
2015-12-07,50.40586471557617,50.97010946985501,49.954470060111994,50.90240285444289,11686000
2015-12-08,49.62342834472656,50.375754436805124,49.42782195364422,49.84160360020446,13084500
2015-12-09,49.24726104736328,50.0898682640776,48.93128549351744,49.36011109939167,16770200
2015-12-10,49.3601188659668,50.029688676285524,48.961386927214406,49.30745626537295,12839000
2015-12-11,48.20153045654297,49.02156884700815,47.78022682958863,48.75073100610151,17889300
2015-12-14,48.351993560791016,48.72063746444333,47.84793647595094,48.321905569277526,17638200
2015-12-15,49.72876739501953,50.14254915687726,48.95387222262612,48.95387222262612,18126600
2015-12-16,50.80458450317383,50.962572307490966,49.58581980135788,50.338145958940295,21720000
2015-12-17,49.86418151855469,51.15818355025156,49.7137185687361,51.08295207534226,18122100
2015-12-18,48.44981002807617,49.630961971493505,48.44981002807617,49.630961971493505,23819600
2015-12-21,49.30743408203125,49.32247807266423,48.77328344780927,48.91622144808898,18869300
2015-12-22,49.412784576416016,49.653528728538404,48.8861585373337,49.59334125555947,12149500
2015-12-23,50.202735900878906,50.29301138228922,49.69115379364214,49.743816404396185,12524500
2015-12-24,50.10492706298828,50.32310236409348,49.89427663151947,50.119976802261064,4468200
2015-12-28,49.93940353393555,49.99206613037606,49.43534643374886,49.87169694128026,6610600
2015-12-29,50.458526611328125,50.631564192352954,50.21025754542943,50.285489030303296,9820800
2015-12-30,50.09739303588867,50.44346809837729,49.992067839407,50.43594323011639,7190700
2015-12-31,49.676090240478516,50.24033480157399,49.6535213764015,49.79646516861261,14654300
2016-01-04,48.1840705871582,48.51731367492212,47.722072584001076,48.434005069842726,25393200
2016-01-05,48.26737976074219,48.57032721983069,47.74479344363919,48.244659495826426,16566700
2016-01-06,47.57059097290039,47.812950060006045,47.214624799711615,47.50242729908016,22961500
2016-01-07,45.646873474121094,46.957128486813346,45.50297363659381,46.54814635175828,27630900
2016-01-08,44.62440872192383,46.40423672417517,44.571392851432975,46.29820498319347,22373300
2016-01-11,44.55624771118164,44.851622670752235,43.957922445352466,44.55624771118164,20925500
2016-01-12,44.65470886230469,45.10913437010555,44.00336765686075,45.0258228825513,22971600
2016-01-13,43.42776870727539,45.20002167433419,43.10209808035634,45.03339868684572,28808100
2016-01-14,44.079105377197266,44.97280567127165,43.3898961221889,44.048809766413754,31296300
2016-01-15,43.2005615234375,43.60196833453257,42.57951582398327,42.753711287083945,38131700
2016-01-19,43.17782211303711,43.904902197736966,42.79913571254367,43.72313145427501,22818900
2016-01-20,42.041770935058594,42.54921231091987,41.39800508701882,42.13265776870893,34646100
2016-01-21,41.84485626220703,42.806720273212605,41.70095643913637,42.21597028580311,31301100
2016-01-22,43.13239669799805,43.291444348504584,42.64010304930757,42.74613481631193,22732200
2016-01-25,42.15537643432617,43.056649165241936,42.10993301922388,42.776421994982144,21114400
2016-01-26,43.230857849121094,43.283873734884104,42.268993667329326,42.299286395515985,17535700
2016-01-27,43.2005615234375,44.13213007261885,42.83702278881666,43.2308571402765,20560000
2016-01-28,43.38232421875,43.904913434230814,42.89003350560635,43.564095008732174,15497900
2016-01-29,45.063697814941406,45.09399343123796,43.556524129401005,43.79888617062448,26992200
2016-02-01,44.578975677490234,45.1773010467274,44.2608775120273,44.80618700187876,16807900
2016-02-02,43.19297409057617,43.912478898887116,42.98091061033017,43.836742767127326,22448200
2016-02-03,43.48076629638672,43.77614118511878,41.670646017933265,43.450470695196884,31543200
2016-02-04,44.2305793762207,44.32146331702743,43.21569955490901,43.21569955490901,21651300
2016-02-05,43.73828887939453,44.791036842106664,43.488354413292384,44.36690982930096,22001300
2016-02-08,42.821868896484375,43.10966854811861,42.06449591800739,42.93547310976675,28267600
2016-02-09,42.564361572265625,42.93547271034372,41.75397272396608,41.87515228382914,26300000
2016-02-10,42.04935073852539,43.48078529500355,42.011482665065685,42.8445918377745,22389600
2016-02-11,40.19377517700195,40.829968459005265,39.76207290233699,40.82239600205852,44334700
2016-02-12,43.54136276245117,43.60195108300778,41.78425523994312,42.14779671987437,37011400
2016-02-16,44.192710876464844,44.38205411567703,43.65497677049788,44.10182693060459,23730700
2016-02-17,44.51081466674805,44.87435338545131,44.22301209767713,44.57140300862414,21580100
2016-02-18,43.78373336791992,44.57897442552035,43.35960345559698,44.563826619100034,17037800
2016-02-19,43.79131317138672,44.056392605330686,43.23085868557686,43.54895400630963,15658200
2016-02-22,44.35932922363281,44.59411585585487,44.24572213629834,44.31388581086937,14882800
2016-02-23,42.50377655029297,43.995802446269906,42.3825969727463,43.85190260079231,31772500
2016-02-24,42.518917083740234,42.57193295927419,41.14807388900714,41.806987548606706,25560100
2016-02-25,43.17782211303711,43.1929699157546,42.443172460700445,42.51133612835518,14473300
2016-02-26,43.5792350769043,44.01093737616174,43.27628477711219,43.65497120727824,20947500
2016-02-29,42.640106201171875,43.63226603132761,42.63253374117566,43.48079082906082,19554100
2016-03-01,44.83647918701172,44.83647918701172,42.92032366020778,42.988487341226865,23958100
2016-03-02,45.26060485839844,45.36663949509148,44.6547070944661,44.836477868220015,20943100
2016-03-03,45.412086486816406,45.412086486816406,44.76074521442947,45.12428681369336,15790600
2016-03-04,45.48025131225586,45.858937839234095,45.08641697750063,45.5181193871239,18459000
2016-03-07,45.396934509277344,45.48024599774116,44.92736407965686,45.0939870565845,12832400
2016-03-08,44.518394470214844,45.06370408280347,44.442658308088376,44.84406516782756,14132900
2016-03-09,44.7758903503418,45.09398850843164,44.442647274906,44.79861350465808,13238800
2016-03-10,44.389625549316406,45.1924389637366,43.783727815089385,45.131850634888046,21139200
2016-03-11,44.9425048828125,45.07125688008664,44.4199186581704,44.98037294735501,21055000
2016-03-14,44.7758903503418,44.91979306746643,44.38205604892749,44.79861350465808,13436100
2016-03-15,44.83647918701172,44.84405164528116,44.253301669214736,44.336613155921235,10910500
2016-03-16,44.62440872192383,45.253029599384256,44.28359323709644,44.66985213483666,17423900
2016-03-17,44.49566650390625,44.78346907068044,43.92006425950676,44.510814311541615,19405700
2016-03-18,45.8059196472168,46.17703369617073,45.18487400541534,45.48024901930277,29570200
2016-03-21,45.790771484375,46.06342623019814,45.412084979431484,45.609003579925414,12684400
2016-03-22,45.62415313720703,45.881660086013916,45.15457977287462,45.43480987747105,12042700
2016-03-23,45.396934509277344,45.82863686845479,45.3363461743982,45.69988485111876,11658700
2016-03-24,45.04854202270508,45.071262286326224,44.58654406808531,44.91221466268126,12921200
2016-03-28,44.98796081542969,45.25304023015597,44.82133781808807,45.08641723281434,11159700
2016-03-29,44.70771408081055,44.93492822512225,44.32902769248819,44.93492822512225,15933400
2016-03-30,45.222755432128906,45.61658986332314,44.97282376547946,45.033412122274925,13307100
2016-03-31,44.85161590576172,45.38934987357321,44.7683044396491,45.025811294384546,14904700
2016-04-01,45.34391784667969,45.48782055667632,44.35176112819023,44.70015199286365,15417500
2016-04-04,45.168434143066406,45.450736037871515,44.98531759123623,45.35154778435772,12305000
2016-04-05,44.527523040771484,44.88612465086703,44.413074851431695,44.70300813003104,12886600
2016-04-06,44.87087631225586,44.924284704961316,44.214712732686976,44.39019786736764,12167900
2016-04-07,43.73403549194336,44.58094418607543,43.543290395446554,44.45123600697722,19226800
2016-04-08,44.05447006225586,44.69537343078267,44.01631873072399,44.03157868122914,13547700
2016-04-11,44.40544891357422,44.924275690496295,44.18418395359952,44.18418395359952,17627800
2016-04-12,45.229469299316406,45.31339759437804,44.40545212438319,44.51226889608391,17779200
2016-04-13,47.14455795288086,47.42685987597991,46.06875574321996,46.14505261631511,37516800
2016-04-14,47.75493621826172,47.999089676944244,47.00721588722915,47.068252796630375,24249900
2016-04-15,47.205596923828125,47.99146872150044,46.8851465502342,47.97620876410941,19290700
2016-04-18,47.51077651977539,47.74730142517093,46.94616990163763,47.030098187763095,13813100
2016-04-19,48.31190490722656,48.433981619965024,47.72440981762946,47.72440981762946,19255600
2016-04-20,49.013858795166016,49.06726718980972,48.18221296127426,48.433994977374695,14594400
2016-04-21,48.52555465698242,49.334317879002626,48.327181023885295,49.02912453981078,15395800
2016-04-22,48.807857513427734,49.1206764529925,48.556072582336085,48.556072582336085,12444700
2016-04-25,48.52555465698242,48.79259955641013,48.182215788565834,48.52555465698242,10687200
2016-04-26,48.777320861816406,48.884137616340766,48.31953393941535,48.68576405944385,12048000
2016-04-27,48.91466522216797,49.31904383097551,48.52554365737616,48.72392015604536,15284100
2016-04-28,48.52555465698242,49.151198382840256,48.33480954762237,48.55607457300948,12852500
2016-04-29,48.220359802246094,48.5331816364615,47.83886961854247,48.136431496145036,16376400
2016-05-02,48.67051315307617,48.83073831464178,48.17457480285257,48.59421337813626,10247300
2016-05-03,47.732051849365234,47.99909380824025,47.15218515218085,47.991465285360555,19120300
2016-05-04,46.9766960144043,47.50315136437873,46.7478025105258,47.11403269883916,17030200
2016-05-05,46.72490310668945,47.30476670828324,46.58756645437074,46.99957350078874,14033900
2016-05-06,46.99958038330078,47.06062019795347,46.22897164181126,46.31289993168942,11057900
2016-05-09,46.702030181884766,47.22085709335365,46.57995343274734,46.82410693102219,11197100
2016-05-10,47.33529281616211,47.50314648280313,46.8088346097494,46.961431233500015,11897200
2016-05-11,47.15981674194336,47.76256900976505,47.15981674194336,47.28189348219651,11254000
2016-05-12,47.129295349121094,47.732050508551964,46.82410205280347,47.51078551424864,11071700
2016-05-13,46.69440460205078,47.60998173356932,46.55706788679603,47.07589483097188,15122300
2016-05-16,47.04535675048828,47.29714160142408,46.54178995915502,46.70201509491144,10951300
2016-05-17,47.04535675048828,47.426846832120695,46.65623814786009,46.869871662201966,12180900
2016-05-18,48.86126708984375,48.960452449453285,47.068261345712706,47.07589277986072,24007100
2016-05-19,48.36532211303711,48.99859717692559,47.9914633854129,48.47213889235831,16076200
2016-05-20,48.45687484741211,48.975704565617924,48.350058077105125,48.723919683718286,11862000
2016-05-23,48.41874313354492,48.73156503053573,48.18984955949745,48.411114608977215,9347500
2016-05-24,49.24273681640625,49.41821898125666,48.685761687424,48.78494700577091,13839400
2016-05-25,49.990455627441406,50.509282349422534,49.532668713005464,49.54793157542998,18935200
2016-05-26,49.61661148071289,50.03625300377197,49.52505756373865,50.028621570331396,9428400
2016-05-27,49.921810150146484,49.944698631849214,49.63187968011395,49.753953522888104,10116000
2016-05-31,49.799720764160156,50.21936225038176,49.563198737968506,50.150696818678746,15139400
2016-06-01,50.12018585205078,50.29566808954525,49.02912361426461,49.41061382578315,14031000
2016-06-02,50.21172332763672,50.21172332763672,49.71579087199626,49.99045837891437,10637600
2016-06-03,49.319053649902344,49.4869102728812,48.48740487961332,49.02149175319569,20261700
2016-06-06,49.807350158691406,50.17358324268651,49.288523351993476,49.31904326074952,13193500
2016-06-07,49.639503479003906,50.1583303892585,49.62424643211931,49.93706537242125,9924100
2016-06-08,49.78445053100586,49.959938511775604,49.5326657059747,49.540297136723666,9428000
2016-06-09,49.402984619140625,49.51743285197218,49.03675143829543,49.433504535967636,10817800
2016-06-10,48.70866775512695,48.88415289390896,48.51029413623312,48.777336106001584,16678400
2016-06-13,48.27376937866211,49.09015524842116,48.26613794489902,48.43399456121652,14314900
2016-06-14,47.365821838378906,48.42636406620804,47.06062853214446,47.823608887191504,19509300
2016-06-15,47.281890869140625,48.05249970367449,47.236111002623595,47.61760115864883,16982100
2016-06-16,47.47262954711914,47.53366645037424,46.46549590383258,46.8851344367789,16791200
2016-06-17,47.51841735839844,47.84649915618379,47.25137538835882,47.53367731533487,15751500
2016-06-20,47.58708572387695,48.716296342665245,47.5641972437349,48.411105935460924,12213200
2016-06-21,48.02961730957031,48.0677657478973,47.41160213073178,47.861760688284456,11611600
2016-06-22,47.84650421142578,48.60948467562535,47.82361572887243,48.029620803471055,12643500
2016-06-23,48.86887741088867,48.945174256169864,48.47212450170463,48.60183263132835,16583600
2016-06-24,45.4736213684082,47.075881626786924,45.275247785647856,46.14504479793468,44108700
2016-06-27,43.95530319213867,44.82510041970278,43.52803310204606,44.7945805038663,37300700
2016-06-28,45.4125862121582,45.43547468898282,44.45122943798153,45.16080132493234,29088700
2016-06-29,46.69440460205078,46.70203312599184,45.77882747053224,46.05350090104175,21483000
2016-06-30,47.411590576171875,47.4497390052018,46.557053541639554,47.02247194320493,21343600
2016-07-01,47.10401916503906,47.680708935553824,47.02712836891544,47.41158821592528,14217800
2016-07-05,45.78917694091797,46.59654220489052,45.44316241830217,46.48120598614957,23357700
2016-07-06,46.281272888183594,46.35816661345096,45.18171754902367,45.37394746239855,20429800
2016-07-07,46.58116912841797,47.01176239682201,46.258221243918285,46.5350328782904,13771400
2016-07-08,47.54230499267578,47.803734866744946,47.15784515453296,47.15784515453296,16998800
2016-07-11,47.880638122558594,48.403503841139,47.780677723454474,47.995974337035925,13151400
2016-07-12,48.595733642578125,48.87254524954996,48.35736744030875,48.46501574675416,16588100
2016-07-13,48.56498336791992,48.7725921040235,48.16514464652008,48.50347129788745,18526900
2016-07-14,49.303138732910156,49.964410217412876,49.24931458260842,49.77986524518486,28985900
2016-07-15,49.34926986694336,49.82600222459115,48.91098584341263,49.787553890474086,17607100
2016-07-18,49.18011474609375,49.51844137002539,49.13398143060966,49.31082971756075,10824400
2016-07-19,49.10320281982422,49.2877418688121,48.79563382725068,48.91097293276458,9737400
2016-07-20,49.15705108642578,49.387729410701475,48.987887764142734,49.2954569077125,10411100
2016-07-21,48.972511291503906,49.34928336324184,48.92637797106036,49.21087753551745,9808700
2016-07-22,49.24162673950195,49.28006921126181,48.90330013621574,49.133978432345934,8195700
2016-07-25,49.11090850830078,49.34158386966337,48.96481479718363,49.195490158546214,8168300
2016-07-26,49.31081771850586,49.41078103292096,48.98787285591482,49.19548152466442,8067800
2016-07-27,49.46461486816406,49.74142648073187,49.25700322554179,49.272384907569354,11806800
2016-07-28,49.287757873535156,49.35696370587225,48.99557046222601,49.21086706702143,10013400
2016-07-29,49.187808990478516,49.433863134071856,49.018645666809306,49.05709107677137,13210400
2016-08-01,49.05707931518555,49.449227095894805,48.9109856190774,49.32620298679031,11422600
2016-08-02,48.94174575805664,49.218557351492464,48.73413706297977,48.895609514751925,13550000
2016-08-03,49.71834182739258,49.72602679923177,48.94173142511187,48.97248597844543,13122300
2016-08-04,49.64146423339844,49.841385039383255,49.41847677026017,49.587640077909406,9873000
2016-08-05,50.97938919067383,51.03321334635126,50.03361517932119,50.08743933499863,20752700
2016-08-08,50.825599670410156,51.12547793527481,50.6256788717028,50.802533014096376,11359200
2016-08-09,50.64873504638672,50.96398902490763,50.51032928678486,50.88709823988235,10097000
2016-08-10,50.19507598876953,50.8025232425625,50.10280938126129,50.68718411678557,11556100
2016-08-11,50.33348083496094,50.51033494006495,49.99515430331406,50.187384220587695,9604500
2016-08-12,50.22584533691406,50.24891199423648,49.872142903053266,49.95672455749748,7685400
2016-08-15,50.533424377441406,50.61800604849168,50.33350353074129,50.41039435904313,8371600
2016-08-16,50.52572250366211,50.717952465645176,50.16432923651108,50.25660173016439,10128900
2016-08-17,50.66411209106445,50.73331790574673,50.394991403724475,50.594912142773175,11868100
2016-08-18,50.71025848388672,50.74101597986622,50.38731357569073,50.45651940824274,9313600
2016-08-19,50.64106369018555,50.67951203068515,50.148955437034815,50.5334153764584,9084900
2016-08-22,50.59492492675781,50.65643405198366,50.29504667560905,50.55647659039823,9055600
2016-08-23,50.57185363769531,51.01013769747138,50.56416866335008,50.802531928690144,8949600
2016-08-24,50.71025848388672,50.92556095574324,50.57185268517522,50.74101597986622,10167200
2016-08-25,50.80253219604492,50.856356348707955,50.58723558539279,50.67950807555484,9978700
2016-08-26,50.9178581237793,51.42534202194518,50.63335575276481,51.002439751205465,14038600
2016-08-29,51.479190826416016,51.594529997841875,51.10242167505925,51.12548833606562,14583100
2016-08-30,51.90209197998047,51.97898279482033,51.47918369877152,51.47918369877152,13791200
2016-08-31,51.90209197998047,52.10969776668741,51.40998372533359,51.871334480765896,14952300
2016-09-01,51.6790885925293,52.07123925373534,51.24849546894075,52.00972427425374,12226500
2016-09-02,51.894405364990234,51.96361121045761,51.502260417451716,51.825205385916476,13720700
2016-09-06,51.85594940185547,51.9405310429893,51.29463540763931,51.90208270924043,16649400
2016-09-07,51.64064407348633,51.971273875651654,51.48685663090713,51.640644073486335,10070400
2016-09-08,51.70984649658203,52.04048218095561,51.51761658395533,51.68677984568945,12253000
2016-09-09,51.24850845336914,51.848264989291984,51.24081761238754,51.54069588034896,19686900
2016-09-12,51.563758850097656,51.74830382210421,50.564166650494585,50.85635405658304,16453000
2016-09-13,51.15623092651367,51.40997585640024,50.61029859840127,50.833286033781086,18876100
2016-09-14,51.05626678466797,51.709847324788484,50.91017017148649,50.95630347401055,12648600
2016-09-15,51.240806579589844,51.463793988901685,50.81789841255159,50.97168586710711,12531300
2016-09-16,50.610313415527344,50.94864008776096,50.3181259317581,50.81791923123818,25161500
2016-09-19,50.894805908203125,51.24081748843148,50.63337011299651,50.86404841074395,13466900
2016-09-20,51.102413177490234,51.402291453495806,50.933249869714174,51.325400640795685,10092200
2016-09-21,51.39459991455078,51.617587374828844,50.98707333301921,51.39459991455078,14116800
2016-09-22,51.81751251220703,51.84057917099388,51.39460421313691,51.50994337346452,12781700
2016-09-23,51.70984649658203,52.20964544268973,51.65602235570221,51.817494778341675,13967400
2016-09-26,50.57954788208008,51.36384943112635,50.395008756701614,51.21006193798344,16408100
2016-09-27,51.0255241394043,51.06397248028804,50.064374281242515,50.29505259375861,13711400
2016-09-28,51.29464340209961,51.340776716674625,50.74102016162741,51.194685931722745,11278000
2016-09-29,50.479576110839844,51.67908888557627,50.24889786967144,51.28693822214653,18727200
2016-09-30,51.202369689941406,51.56376295590667,50.810224792585494,50.810224792585494,21680100
2016-10-03,51.14085388183594,51.45610792675771,50.94862394558859,51.01782390676942,14901700
2016-10-04,51.58232498168945,52.031541852934026,51.1950702807623,51.2802667876893,17226900
2016-10-05,52.426536560058594,52.720847967659495,51.73722375378084,51.80692675464538,16280000
2016-10-06,52.565975189208984,52.643424976992776,51.93087747491783,52.45754430450367,17485000
2016-10-07,52.75184631347656,52.80606174601609,52.201945237993115,52.5040034920046,18497000
2016-10-10,53.162322998046875,53.487615517198996,52.844777227171015,52.929967822059595,13027500
2016-10-11,52.90673828125,53.301739752612654,52.61242681949166,53.05389696664823,15657100
2016-10-12,52.76731872558594,53.123592309651414,52.705362469819484,52.8680087206513,11899800
2016-10-13,52.46525573730469,52.5659457231174,51.75270863465141,52.24839408945689,17890000
2016-10-14,52.29487228393555,53.46438313684746,52.12448517888896,53.286249283241276,24163800
2016-10-17,52.0237922668457,52.5039901970575,51.69075300585184,52.217419606748244,14963400
2016-10-18,52.43429183959961,52.82929334706456,52.31037338981058,52.550469448740905,11870300
2016-10-19,52.937721252441406,53.05389885509965,52.51948542829471,52.51948542829471,12705800
2016-10-20,52.86802291870117,53.19331550772422,52.620180101963776,52.72861096497146,14122000
2016-10-21,53.046142578125,53.07712366053851,52.434279495791905,52.519475995169756,12175700
2016-10-24,53.34046173095703,53.479873652067575,53.053891140608286,53.41791148512123,10197100
2016-10-25,53.286258697509766,53.386942810421566,52.96096019995077,53.34821496981919,9945100
2016-10-26,53.54182815551758,53.63477140289154,52.953205315927704,52.953205315927704,9801300
2016-10-27,53.619293212890625,54.03752312677446,53.51860319999707,53.82066142060112,14210700
2016-10-28,53.52634811401367,53.867134160052274,53.03066254288741,53.85164066212064,12766500
2016-10-31,53.642513275146484,53.890356003246424,53.61927894267411,53.77417843184779,14336300
2016-11-01,53.417903900146484,54.04525450154572,52.92221845303458,53.81290527204512,15564500
2016-11-02,53.19331741333008,53.32498262183636,52.6743974204836,53.170083071715915,12449800
2016-11-03,52.96095275878906,53.58830941597695,52.83703432254225,53.33271988560551,10369700
2016-11-04,52.48077392578125,53.10037808131682,52.38783064338314,53.04616264384446,13571300
2016-11-07,54.122718811035156,54.1924277349721,53.441152615082075,53.50311478990641,16515100
2016-11-08,54.238895416259766,54.64164363618912,53.6270322464334,53.98330588157822,17531700
2016-11-09,56.732810974121094,57.42987058427958,55.23800766362917,55.34643850198299,50948400
2016-11-10,59.36614227294922,59.83084669655186,57.48408433467677,57.48408433467677,56192300
2016-11-11,59.3971061706543,59.42034049875655,58.684553290983175,59.095048087253694,27574300
2016-11-14,61.58124542236328,62.30153941679402,59.83085248478271,59.83085248478271,46130700
2016-11-15,61.4650764465332,61.50380428644268,60.24134997747404,60.698313670443184,28126300
2016-11-16,59.94704055786133,60.68282226927484,59.54429228141518,60.58213815468277,26054900
2016-11-17,60.42722702026367,60.76801308230317,60.101934456883264,60.35752400341289,19306700
2016-11-18,60.1871337890625,60.737034836427284,60.063215339182456,60.38076116809399,19770000
2016-11-21,60.45045471191406,60.543392048410816,59.86182597494026,60.41172688234898,11983500
2016-11-22,60.82223892211914,60.845473265047055,60.22586912049167,60.68282695551229,14410100
2016-11-23,61.077816009521484,61.37212747476055,60.326540893764765,61.085562758591465,13373700
2016-11-25,61.05458068847656,61.53477276039751,60.775756816827844,61.263695637694056,6185700
2016-11-28,60.659576416015625,61.08555895275138,60.427221230698336,60.55114557194431,13007200
2016-11-29,61.1242790222168,61.31016552844327,60.71378999511588,60.71378999511588,14144100
2016-11-30,62.09242248535156,62.37124636589884,61.7284020908016,61.898795118806966,25351900
2016-12-01,63.347137451171875,63.72664548002062,62.464197027868835,62.464197027868835,23823600
2016-12-02,63.199951171875,63.37809089245576,62.65779708147513,63.35485656130096,16931500
2016-12-05,64.48565673828125,64.50889107571426,63.73438164641146,63.74212839523513,18529800
2016-12-06,64.8187026977539,64.91164005704726,63.8428190619034,64.74899376924527,16130000
2016-12-07,65.1130142211914,65.12850181140297,64.16811167424393,64.7102718762662,18996900
2016-12-08,65.92623901367188,66.22055044394703,65.01231773024772,65.2369261542883,20844900
2016-12-09,66.21280670166016,66.2205534501615,65.16722019741252,65.84878633958749,14567200
2016-12-12,65.62419128417969,66.4451694476395,65.28340521978274,66.1121301326257,14511300
2016-12-13,65.64740753173828,66.35220789637113,64.9193669253607,65.8178005169787,16669000
2016-12-14,65.62419128417969,66.70075899593722,64.87291613805283,64.96585349449677,22622600
2016-12-15,66.6078109741211,66.98731894025696,65.75585178300389,66.14310649796971,19438900
2016-12-16,65.78683471679688,66.83242129476051,65.74810688059749,66.83242129476051,23008500
2016-12-19,66.16635131835938,66.17409806841668,65.20596112761723,65.67841242745047,21685100
2016-12-20,67.01828002929688,67.02602677581532,66.25926432350397,66.44514487669298,14587300
2016-12-21,67.1886978149414,67.23516649314303,66.63105004036836,66.94085501613544,11400500
2016-12-22,67.297119140625,67.51398082024214,66.77045252911012,66.94859228538854,13924200
2016-12-23,67.42105102539062,67.49850078977686,66.91761869332274,67.38232318867838,10759400
2016-12-27,67.48299407958984,67.50623432249014,67.18868266892743,67.42103782563366,6946400
2016-12-28,66.99505615234375,67.68436897413622,66.87887857258427,67.50623513967058,9455600
2016-12-29,66.5226058959961,67.12672222808652,65.8642741471549,67.05701922470867,14689000
2016-12-30,66.8324203491211,66.93310444916145,66.34448152871896,66.68526166449143,13617800
2017-01-03,67.5604248046875,67.9709136422122,66.59228852409723,67.64561536106733,20550700
2017-01-04,67.68505096435547,67.89532292127775,67.2878639993555,67.72398713473925,15266600
2017-01-05,67.06204986572266,67.84084500438696,66.40007518620506,67.60720408609352,14300800
2017-01-06,67.06981658935547,67.45921402578331,66.92963327457211,67.28008859066382,12893300
2017-01-09,67.11654663085938,67.57603278291145,66.60253913019055,66.76609129257334,12806600
2017-01-10,67.31124114990234,67.6772756911009,66.75829750276125,67.03087452012188,13989000
2017-01-11,67.81745910644531,67.81745910644531,66.90627052917581,67.3112412496067,14713100
2017-01-12,67.16326141357422,67.96541910122696,66.99192560810805,67.56823803408203,21337400
2017-01-13,67.52152252197266,68.66635209549949,67.05424672140138,67.84083131643243,28296000
2017-01-17,65.06830596923828,66.36889182029667,64.8580280521614,66.14304062204832,30024600
2017-01-18,65.37202453613281,65.59787569665176,64.66331855570459,65.13059415531237,21270100
2017-01-19,64.87360382080078,65.94054880534814,64.73342053079128,65.4654835415233,16555600
2017-01-20,65.1617660522461,65.28637608482697,64.86582613746661,64.97485694510817,18436800
2017-01-23,65.19292449951172,65.41877574783972,64.8035270248222,64.87362165996795,12179200
2017-01-24,65.97949981689453,66.19756142148802,65.07609495016939,65.35646156799905,15175300
2017-01-25,66.99971771240234,67.10874851234944,66.32995368887995,66.85174479458858,17551000
2017-01-26,67.56047058105469,67.71622721434595,66.93743216442024,66.93743216442024,15962800
2017-01-27,67.70064544677734,67.73958757108919,67.186637926184,67.49037342400167,12535400
2017-01-30,66.99971771240234,67.36575223011027,66.44677410074696,67.12432773618929,13661900
2017-01-31,65.90938568115234,67.09315681528861,65.48883587889851,66.66481740325285,15655100
2017-02-01,66.15861511230469,67.05423031021388,65.94834313311759,66.61810712865089,15430900
2017-02-02,65.87823486328125,66.12745484880583,65.54335887662845,65.68353620588879,11081400
2017-02-03,67.89534759521484,67.99658880508339,66.87512805772622,67.12434221733162,17885200
2017-02-06,67.57601165771484,68.10559227691014,67.45140759882106,67.59159087865899,11828400
2017-02-07,67.53707885742188,68.0666595030315,67.35016978889264,67.86417121278107,9392800
2017-02-08,66.9452133178711,67.21779036254907,66.4857271485188,67.11654915787837,13970900
2017-02-09,67.91089630126953,68.01214341622733,66.94519252503854,66.94519252503854,13749100
2017-02-10,67.75514221191406,68.12896630054891,67.669474315388,68.12896630054891,10992500
2017-02-13,68.65076446533203,69.11025055639065,68.09003124512068,68.09782085699388,18739100
2017-02-14,69.7488784790039,69.8579093039471,68.61962810277758,68.7676010545152,17932100
2017-02-15,70.55103302001953,70.76910060125357,69.58532892720496,70.15385186595913,17381800
2017-02-16,70.5042724609375,70.90145936089664,69.9123869157458,70.40303130443976,17672700
2017-02-17,70.27064514160156,70.4575541972621,69.85009531006655,69.95133647735523,15776600
2017-02-21,70.87812805175781,70.98715886632495,70.44978846471994,70.48873058780839,14068300
2017-02-22,70.91705322265625,71.10396825438019,70.41862502152479,70.49650331387667,11839000
2017-02-23,70.9715805053711,71.13512672921503,70.49651511822418,71.01052262893415,11067000
2017-02-24,70.34854125976562,70.51208746765974,69.88126553124911,70.23172084220317,15062300
2017-02-27,70.42642974853516,70.66007061746878,70.10712095710817,70.34076182604178,12361000
2017-02-28,70.57437896728516,70.73013553305151,69.77221542256532,69.97470371144726,15183500
2017-03-01,72.89519500732422,73.19114084587048,72.12418978817064,72.26437309544703,24451400
2017-03-02,71.7581558227539,73.14440968226334,71.67248791532508,73.10547350544401,16862500
2017-03-03,72.27217102050781,72.51359554457956,71.75816352079333,71.75816352079333,12817500
2017-03-06,71.5868148803711,71.89833398127806,70.94820339729152,71.84381858424929,15059200
2017-03-07,71.18964385986328,71.71921868183922,71.0338813165761,71.36876335747668,11156800
2017-03-08,71.03388977050781,72.31111306880098,70.94822184693767,72.17871934755047,17378400
2017-03-09,71.31424713134766,71.75815997656944,70.98715470681232,71.33761002713827,13726200
2017-03-10,71.08840942382812,71.64914279639045,70.50431315103147,71.61020066817684,13729900
2017-03-13,71.15069580078125,71.47778820178685,70.81581378782799,71.11175368277597,10004300
2017-03-14,71.26753234863281,71.37656317365351,70.69121976868418,70.88591851932604,10237700
2017-03-15,71.43887329101562,72.07748500096265,70.97159150278652,71.49338870741104,16601400
2017-03-16,71.36875915527344,72.27994769835195,71.31424375376618,71.67248866963294,14492000
2017-03-17,70.62113189697266,71.68029358819862,70.59776899729971,71.51674734875357,21734700
2017-03-20,70.1148910522461,71.00271660027008,69.92798197417063,70.30180013032155,14623600
2017-03-21,68.05887603759766,70.58995909821148,67.80187233158101,70.37189750828199,33089200
2017-03-22,68.16791534423828,68.58846529521333,66.9841497332123,67.66948709309752,21741000
2017-03-23,68.05887603759766,68.92333872748438,67.82523522454022,67.91869273810973,16090100
2017-03-24,67.98100280761719,68.60403511926063,67.57602616040248,68.37040023054426,16093200
2017-03-27,67.94204711914062,68.0666571216219,66.37667406966035,66.61030891171481,16689300
2017-03-28,69.0012435913086,69.32833610217092,67.73959935177245,67.77074592655794,16264400
2017-03-29,68.74422454833984,69.17256412838084,68.59625755483505,69.00122829636445,10207600
2017-03-30,69.33611297607422,69.6709950399651,68.62741266609771,68.68971174595606,11631000
2017-03-31,68.40936279296875,69.11027961292446,68.33927408184088,69.08691670921517,16987600
2017-04-03,68.16014862060547,68.66636665427625,67.44365851170228,68.5261832902095,19831800
2017-04-04,68.38729095458984,68.66926858799225,67.92516459621501,68.05831904091201,14280800
2017-04-05,67.50999450683594,69.35067648369098,67.46299427714892,69.25668200018849,17635500
2017-04-06,67.7371826171875,68.07398890842828,66.77375802451623,67.3455476727622,14379600
2017-04-07,67.50218963623047,67.99564744453788,67.13405188481697,67.30637219193598,13097100
2017-04-10,67.2672119140625,67.90166455000188,66.89124573619993,67.42386946806745,15081600
2017-04-11,67.14973449707031,67.19672878112824,66.42129321479551,67.00091129638636,14690500
2017-04-12,66.89122772216797,67.32202243394913,66.60141580721213,67.306359670704,14730600
2017-04-13,66.10797119140625,68.13663707050131,66.10797119140625,66.96956676158513,30529800
2017-04-17,67.25151824951172,67.42383849181145,66.08444839376158,66.13927701850496,19071700
2017-04-18,66.7032470703125,67.07137879053775,66.37426927166439,66.85989861186056,14127000
2017-04-19,66.15495300292969,67.29852595893941,66.07662723419236,66.96955414471876,17588500
2017-04-20,67.00871276855469,67.1888614195762,66.22544321416304,66.56224936158635,15635800
2017-04-21,66.20193481445312,67.11053029331714,66.19410642216332,66.96954154576486,19820600
2017-04-24,68.53608703613281,68.96688768785181,67.690154470506,67.79198333866097,25468300
2017-04-25,69.13137817382812,69.8128189170862,69.13137817382812,69.35852708020514,18253800
2017-04-26,69.26455688476562,69.75018636979492,69.03740789866524,69.20189385910861,12832200
2017-04-27,68.62224578857422,69.21753232012215,68.15228525350898,69.21753232012215,13329000
2017-04-28,68.14445495605469,68.81023291849675,68.10528908584577,68.61441551919775,10755600
2017-05-01,68.19143676757812,68.72406023544717,67.79980204049419,68.42641999417718,15712300
2017-05-02,67.75281524658203,68.05045552062869,67.3768432377952,67.91730113296616,14414200
2017-05-03,68.14445495605469,68.22278072059973,67.37684812141855,67.40817962241113,11540500
2017-05-04,68.22278594970703,68.71624965832187,67.80765398751394,68.68491815492781,11540100
2017-05-05,68.14445495605469,68.41076375068239,67.69015715547152,68.34027235535369,9436000
2017-05-08,68.22278594970703,68.39510623043772,67.87031699430206,68.17579168255256,8162200
2017-05-09,67.94866180419922,68.80242310138823,67.75284433502286,68.34813111456398,10273900
2017-05-10,68.48126983642578,68.52043571161873,67.7293316445349,67.7763259140676,8334900
2017-05-11,68.26978302001953,68.52042905965043,67.63533056355308,68.21494840972333,10907400
2017-05-12,68.08177947998047,68.18360833351723,67.6274817626347,67.89379648434044,8738800
2017-05-15,68.41075897216797,68.5282505987151,68.03479293826399,68.22277595521598,8835600
2017-05-16,68.62224578857422,68.99821182627744,68.41075966347778,68.42642840097433,9795000
2017-05-17,66.00611114501953,68.62223410540378,65.7711339054288,68.62223410540378,24679700
2017-05-18,65.76333618164062,66.42128596602434,65.29337546472354,65.84949634359414,23350100
2017-05-19,66.40557098388672,66.84419988413956,65.91211347110227,65.9591077173092,13412900
2017-05-22,66.34294891357422,66.80508119776219,65.959148389193,66.71892104267417,11636000
2017-05-23,67.1732177734375,67.41602949211696,66.19413055182788,66.38211362513216,11753000
2017-05-24,67.13406372070312,67.33771557191844,66.76592590438611,67.26721817208902,9833800
2017-05-25,66.8520736694336,67.42386323087636,66.64059346093367,67.35336584412698,12238500
2017-05-26,66.85987854003906,67.0165300345592,66.59356382830909,66.66406118395317,8113500
2017-05-30,65.7163314819336,66.69541864353607,65.62233696310518,66.67974990246111,12603200
2017-05-31,64.3456039428711,65.65366284449416,63.9461347419172,65.58317144331757,28327900
2017-06-01,65.0583724975586,65.07404123639269,63.95396544467214,64.58841192237557,17123500
2017-06-02,64.72941589355469,65.00355912880175,64.2124609322137,64.45527265830762,14998500
2017-06-05,64.84689331054688,65.41084839964076,64.68240740554,64.72940167100681,9080200
2017-06-06,64.98004913330078,65.18370091456245,64.32993389272868,64.45525990454298,12196800
2017-06-07,65.72415161132812,65.88080313289167,65.08969920448901,65.25418509489249,13711100
2017-06-08,66.53875732421875,67.14971269801205,65.70849337072495,65.72416211090791,17951000
2017-06-09,68.1131362915039,68.18363367599116,66.88340303118841,66.97739755188012,19120200
2017-06-12,68.1288070678711,68.72408778907769,68.0583096812781,68.1131383260175,16053400
2017-06-13,68.3559341430664,68.81023193717068,68.12879122188697,68.57525464688663,12557200
2017-06-14,68.21495819091797,68.38727848834901,67.2202082592121,67.96431211534748,16175700
2017-06-15,67.80764770507812,68.20711686649965,67.5491673079305,67.55700167702147,12509700
2017-06-16,67.50218963623047,68.1131391062894,67.3768636034624,68.02697895272989,16936600
2017-06-19,68.9825668334961,69.10789286226084,68.02697677972384,68.12097130129739,15972300
2017-06-20,68.5517807006836,68.86508986354634,68.4342949935009,68.73193541148912,11197800
2017-06-21,68.23845672607422,68.57526292777153,67.95647916298468,68.52043428916376,10005900
2017-06-22,68.16014099121094,68.42645585264198,67.87033496585563,68.08964957181365,12180600
2017-06-23,68.03478240966797,68.92770907184719,67.83896505435023,68.66140033703334,18812000
2017-06-26,68.33243560791016,68.66924176201722,67.84681229910872,68.15228695331368,10082400
2017-06-27,68.96690368652344,69.66401328401962,68.53610293486898,68.7005888648078,15415200
2017-06-28,70.35327911376953,70.54909652457114,69.39768919291794,69.39768919291794,17466200
2017-06-29,71.39502716064453,72.56993159233082,70.73707757144626,72.3271139461887,27697800
2017-06-30,71.59085845947266,72.06081912817724,71.40287538716564,72.02948762014705,16892700
2017-07-03,73.04788208007812,73.6228168416452,71.99253011805148,72.11066204757302,13208100
2017-07-05,73.78030395507812,73.866938011873,72.93759577340863,73.33926221775369,17535400
2017-07-06,73.54405975341797,74.43402708119248,73.15027060201206,73.67007516606574,16596100
2017-07-07,73.91422271728516,74.16624753451755,73.4259280138168,74.00085681152869,12817800
2017-07-10,73.39440155029297,73.78031311838096,73.31563893706607,73.63854882681382,13987200
2017-07-11,73.11087036132812,73.50465937845206,72.67770003899439,73.50465937845206,13262300
2017-07-12,72.8588638305664,73.11088862413075,72.51232748613604,72.93762045191556,13540100
2017-07-13,73.32351684570312,73.54403774309344,72.72495583225525,73.00061296273695,12820100
2017-07-14,72.65408325195312,72.93761186241639,71.3388292032034,71.51996881010005,22235200
2017-07-17,71.97676086425781,72.4493065145385,71.86650041281712,72.31541968189536,14374200
2017-07-18,71.72474670410156,72.12641327006466,71.13406305187428,71.2364460551122,14719400
2017-07-19,71.82710266113281,72.15788994846955,71.66958948334776,71.93736308733087,11651200
2017-07-20,71.82710266113281,72.23664653736206,71.59083289445523,71.78772737105784,11561700
2017-07-21,71.58297729492188,71.95313998538404,71.29157121740509,71.71686413780347,10971300
2017-07-24,71.89012908935547,72.09490108088792,71.59872903356282,71.63810433390942,10725100
2017-07-25,73.08724212646484,73.65429324938479,72.66982073156466,72.74858333998498,16447700
2017-07-26,72.40205383300781,73.39440390582651,72.20515931110893,73.32351875339604,11815500
2017-07-27,72.10276794433594,72.50442839604,71.79561300656542,72.32328882183855,12332400
2017-07-28,71.89012908935547,72.26029176332963,71.59872903356282,72.0240159262734,9351900
2017-07-31,72.29966735839844,72.74070914338635,72.06339154001567,72.07126900296008,11520300
2017-08-01,73.26837921142578,73.35501327074515,72.67769572083544,72.84308637715156,12523700
2017-08-02,73.33141326904297,73.41016989436761,72.8588675083497,73.14239616651473,10165600
2017-08-03,72.85095977783203,73.3471317191174,72.64618783006256,73.00847296304372,11078800
2017-08-04,73.76457214355469,74.34737828997582,73.61493037280347,73.638556755818,14324000
2017-08-07,74.04808807373047,74.1819809133176,73.80394079292874,73.94570508698159,7978300
2017-08-08,73.78030395507812,74.99317474146335,73.71729627581949,73.99294736164725,13745400
2017-08-09,73.66217803955078,73.78031595518969,73.11087577822784,73.22901369386675,11214400
2017-08-10,72.60681915283203,73.2998856431439,72.51230762784903,73.16599882264218,13252300
2017-08-11,72.0003890991211,72.98486173286125,71.85862479951274,72.5595688340362,10679500
2017-08-14,72.84307098388672,73.16598077470191,72.71706165706898,72.7485654909589,10994800
2017-08-15,73.03209686279297,73.68578191333566,72.96908919253228,73.48888745032761,8812700
2017-08-16,72.52806091308594,73.4259054326483,72.3626702409608,73.27626367793061,11085400
2017-08-17,71.3939437866211,72.42566899880603,71.27580589002713,72.26815580917611,13837500
2017-08-18,71.4648208618164,72.09488561968219,71.03165659843367,71.12616210599354,13040700
2017-08-21,71.37820434570312,71.62235765395694,71.00804766890448,71.55147249712702,11502100
2017-08-22,72.11064910888672,72.22878702595612,71.66960729448797,71.72473752128782,9211800
2017-08-23,72.1972885131836,72.72496443849016,71.54359719803065,71.56722959018524,8811300
2017-08-24,72.07913208007812,72.5516836619234,71.99250403273233,72.40204192708954,8623200
2017-08-25,72.37052917480469,72.83520323739339,72.29965005150291,72.36265171374598,11794600
2017-08-28,72.14215087890625,72.60682507034812,71.77198822015016,72.58319868936266,7292900
2017-08-29,71.74837493896484,71.91376564480403,71.12618742152506,71.23644789208451,10886100
2017-08-30,71.91376495361328,72.36268429621775,71.81925941332493,71.8665121834691,9165300
2017-08-31,71.58297729492188,72.33905159493753,71.51209814589436,72.30754774801049,13217400
2017-09-01,72.22089385986328,72.74069817845259,71.63021041168967,71.86648619445621,9815800
2017-09-05,70.49613189697266,71.75625591411801,70.11021422238964,71.68537074600765,16897300
2017-09-06,70.96866607666016,71.29156998678567,70.59850339258766,70.88203200129237,11845700
2017-09-07,69.72429656982422,70.98442047877172,69.36988878593876,70.96867155873572,14592300
2017-09-08,69.63766479492188,70.42524301520032,69.49590047492195,69.55103070999165,14242200
2017-09-11,70.71664428710938,71.07892952262966,70.05507550273938,70.40161181877816,13219000
2017-09-12,71.58297729492188,71.8665059085208,70.96078983778781,71.01592006772402,14003800
2017-09-13,71.7877426147461,72.06339373877405,71.13405137151989,71.36244973392702,12485400
2017-09-14,71.64599609375,72.08703800160025,71.46485044802846,71.82713573072621,10562800
2017-09-15,72.15791320800781,72.22879235823565,71.48059550946739,71.73262028040723,18171800
2017-09-18,73.18175506591797,73.35502320802905,72.33904674553185,72.40205443516206,11318700
2017-09-19,73.9850845336914,74.31586587524818,72.86671912706888,73.01636088056806,12626100
2017-09-20,74.5048828125,75.04831359333004,73.80393882414367,74.11109378494054,15311600
2017-09-21,74.84353637695312,75.11131602149374,74.18197374116447,74.39461715731274,10851500
2017-09-22,74.68604278564453,74.80418071840197,74.37101030120635,74.58365377317382,8358300
2017-09-25,74.12684631347656,74.72540128971258,73.59916446696833,74.43400126433922,10463400
2017-09-26,73.79606628417969,74.05596850180585,73.5125376847228,73.85907397489102,9358100
2017-09-27,74.961669921875,75.38696273819652,74.48912435109874,74.79627927254046,15090200
2017-09-28,75.11920928955078,75.51299840389707,74.74905256941109,75.28459999652682,10270400
2017-09-29,75.22159576416016,75.2294672198848,74.83567811883928,75.05620506277043,11438400
2017-10-02,76.26905822753906,76.30056207172412,75.18220264250228,75.42634992400657,13797200
2017-10-03,76.67072296142578,76.7337306483425,76.21392624439517,76.26118501395459,9633500
2017-10-04,75.8910140991211,76.74159975363014,75.8280064190664,76.63133931790597,12166600
2017-10-05,76.91292572021484,77.15850618057087,75.69297110394571,76.04945048554981,14236200
2017-10-06,76.77828216552734,77.34865420356955,76.42180266368564,77.27736072074896,10231900
2017-10-09,76.37425231933594,76.89708917876585,76.16035984294415,76.80994869488292,7765100
2017-10-10,76.94461059570312,76.98422210043799,76.2395693272653,76.41385027791142,10631500
2017-10-11,76.71488952636719,76.84956503784674,76.16036463392683,76.70697205923807,14283600
2017-10-12,76.04151916503906,77.2377152160524,75.74841580614,77.07928129469435,18251600
2017-10-13,75.93854522705078,76.61189852518334,75.22558042272979,75.63751832916738,13190600
2017-10-16,77.50708770751953,77.59422821522107,76.31881465035616,76.31881465035616,12434000
2017-10-17,77.33277893066406,77.77639874404251,77.09512200557323,77.68925827443364,10335700
2017-10-18,77.62589263916016,78.06951855555813,77.34070670857126,77.75264462780743,10158600
2017-10-19,77.72096252441406,77.7922559905339,76.9129336451816,76.99215666602755,9133900
2017-10-20,78.83002471923828,79.13105167368626,78.21212378734229,78.64782021794844,15326600
2017-10-23,78.69534301757812,79.21026243499992,78.61612604040583,78.83001852702576,9238600
2017-10-24,79.94700622558594,80.1608987507843,79.02807824568387,79.12313621788844,13000800
2017-10-25,80.02621459960938,80.36685306568931,79.36870820181001,80.2084190998296,14632700
2017-10-26,80.5965805053711,81.13526441033011,80.26386557568497,80.28763006439571,13054400
2017-10-27,80.62034606933594,80.98475504732049,80.04998020106746,80.35100713519816,10400400
2017-10-30,80.33515930175781,80.74709117877762,79.90738040415982,80.11334332073599,8839500
2017-10-31,79.70140838623047,80.56488361472358,79.66972039015724,80.3034682238872,8690200
2017-11-01,79.94700622558594,80.5649072203918,79.79649575497236,80.08959922776182,8418200
2017-11-02,80.47774505615234,80.62033801994954,79.3449308998163,79.90737924483096,8731800
2017-11-03,80.33515930175781,80.43021724975681,79.79647543558266,80.08957883373624,7103500
2017-11-06,79.8360824584961,80.55697081219414,79.7410245086406,80.27970234146866,8121500
2017-11-07,78.22797393798828,79.81233796711209,77.83188293070732,79.66182145030722,18822600
2017-11-08,77.34864807128906,77.9269435761977,76.96048059323384,77.84772054307435,18524700
2017-11-09,77.34071350097656,77.80810394532735,76.69112461177819,76.93670510038338,13697800
2017-11-10,77.24564361572266,77.90314987046547,77.2377201059931,77.48329451280547,9314000
2017-11-13,77.52290344238281,77.67341990290893,76.54059980389707,76.5960522824277,9303100
2017-11-14,77.05550384521484,77.45951816541248,76.72278901393027,77.1109563170956,11043800
2017-11-15,77.78433227539062,78.2200286357057,76.00984070550858,76.35840262885459,15384100
2017-11-16,78.0061264038086,78.4735106664342,77.8793744414155,78.0536553677729,9808000
2017-11-17,77.74474334716797,77.95863587820185,77.29319983526993,77.49124534125801,9017900
2017-11-20,78.43391418457031,78.54481914241961,77.44368702958234,77.9902883093062,9483200
2017-11-21,78.37055969238281,78.86171467176783,78.35471871285942,78.8221031571565,13389400
2017-11-22,78.14083862304688,78.83795666637154,78.1012271021401,78.4497891457372,7342200
2017-11-24,77.8873062133789,78.34677306000111,77.83977724437207,78.29132058153752,3680000
2017-11-27,77.578369140625,78.52898494710158,77.578369140625,77.87939606910675,13076200
2017-11-28,80.29556274414062,80.56490170544176,77.61006642355048,77.80018839881413,16773000
2017-11-29,82.17301940917969,82.56118679245297,80.77085426189069,81.1273396922933,21105500
2017-11-30,82.79884338378906,84.4941180843332,82.41859948457505,82.97312435587374,23945900
2017-12-01,83.01274108886719,83.43259652410717,80.96098684822454,83.09988158039265,19683500
2017-12-04,84.72384643554688,85.87251374430785,84.58125346079957,85.34175335536375,23576600
2017-12-05,83.74947357177734,85.08826295097265,82.48198370821265,83.63856858645721,17193900
2017-12-06,83.1236343383789,83.78114666568395,82.80676041790574,83.61478921730568,15476200
2017-12-07,82.87805938720703,83.32960275671698,82.17301809172426,82.3472930051884,13371800
2017-12-08,83.91581726074219,83.92374077092546,82.65624507176678,82.98104250673973,13506900
2017-12-11,83.67024993896484,84.01880584632643,83.42466945338589,83.74946691591666,10591200
2017-12-12,84.6446304321289,85.05656838340782,83.60687413079387,84.69216545350291,15508800
2017-12-13,83.58312225341797,84.85061221038977,83.55935776107926,84.52581469811042,15020300
2017-12-14,82.90977478027344,84.32777530596233,82.89392775498827,84.06635982744993,13034200
2017-12-15,84.0821762084961,84.38320311827907,83.3375233785617,83.80491378581866,29350600
2017-12-18,84.73177337646484,85.26253378689535,84.35152945765749,84.9139778686333,12713100
2017-12-19,84.37531280517578,85.15164783850987,84.31986030279478,85.04074283374786,12149900
2017-12-20,84.0821762084961,85.34174841989858,84.0425647007418,85.23876091728444,13091500
2017-12-21,85.42097473144531,85.61109669294521,84.4149003456108,84.43866483531477,12323700
2017-12-22,85.11994171142578,85.92004711306451,84.61294578504652,85.71407812926412,14573400
2017-12-26,84.77928924560547,85.54770651936838,84.28814042277183,84.92188220407557,7403700
2017-12-27,84.93772888183594,84.99318136302507,84.50202649830186,84.50202649830186,9496500
2017-12-28,85.38927459716797,85.42888005975745,84.8902022526958,85.08032418718034,7440600
2017-12-29,84.71593475341797,85.77745560379162,84.71593475341797,85.62693910798377,8925700
2018-01-02,85.51602172851562,85.57147421200618,84.61293497231672,85.26252379772062,13578800
2018-01-03,85.6031723022461,85.94381075352888,85.1437114036643,85.44473834326867,11901000
2018-01-04,86.82949829101562,87.61784217489802,86.16059584760555,86.28800815124671,12953700
2018-01-05,86.2720718383789,87.23561060219888,85.82614096116491,87.00468037639804,14155000
2018-01-08,86.39946746826172,86.54280323334294,85.76241827337822,86.12076072375694,12466500
2018-01-09,86.83745574951172,87.2993101228466,86.39151879975896,86.57467245194621,13292300
2018-01-10,87.79300689697266,88.15134327049323,87.10818114172554,87.17188727601628,15834500
2018-01-11,88.26282501220703,88.33449593134598,87.63374668778884,88.12745403481837,13676800
2018-01-12,89.72008514404297,89.86342092968938,88.2628390025299,88.90785307561484,18884200
2018-01-16,89.40158081054688,90.32530187796891,88.44601273939286,88.79639053398103,22703300
2018-01-17,89.9748764038086,90.22173611706759,88.6370781679081,89.09893845686967,14940300
2018-01-18,90.18991088867188,90.55621210406086,89.40156102531618,89.7917566012466,14572900
2018-01-19,89.99082946777344,91.04991520471951,89.82360540404511,90.73139665020003,18785500
2018-01-22,91.04196166992188,91.0897382407458,89.58471550626868,89.71212779560227,12475700
2018-01-23,90.9464111328125,91.28882409888587,90.26158520066575,90.51640372830039,12320800
2018-01-24,92.1090316772461,92.3718150228961,91.30476421380135,91.46402353369938,15904500
2018-01-25,92.1329116821289,92.50717773312029,91.63920418963225,92.40365979203136,13510000
2018-01-26,92.62662506103516,92.62662506103516,91.54364477434058,92.13291149419251,13883900
2018-01-29,92.53105163574219,93.44680768881405,92.38771585286702,92.38771585286702,11679900
2018-01-30,91.66307067871094,92.84956862653175,91.55955276224054,91.99751878609372,14279100
2018-01-31,92.1090316772461,92.8973817141961,91.70291858890003,92.09310817539773,13141400
2018-02-01,93.06459045410156,93.16014360011938,91.95772196014265,92.18864611325412,13800600
2018-02-02,91.00212860107422,93.10438242090072,90.8508280516162,92.7619695447361,16477300
2018-02-05,86.63838195800781,91.24900361046899,82.80017457855577,89.9828757964057,30097600
2018-02-06,89.27416229248047,89.56879867698851,84.89446476384353,85.08557713672164,33114800
2018-02-07,89.87936401367188,91.13752712641092,88.50971209502498,88.82823678604686,21878300
2018-02-08,85.9057388305664,90.07043399095203,85.87388576892604,90.07043399095203,27425800
2018-02-09,87.62581634521484,88.43008989084618,84.59188192530024,86.87728416955676,28188000
2018-02-12,88.97953033447266,89.76788030309969,87.64969629497907,88.52563462921154,18043300
2018-02-13,89.52897644042969,90.02268996120773,88.2309956052157,88.64507340544542,16358200
2018-02-14,91.59935760498047,91.79046992681954,89.6085865327159,89.68821616053626,15186900
2018-02-15,91.98162078857422,92.36384556715714,90.95438182368348,92.16476838966716,12130200
2018-02-16,91.3206558227539,92.42752411293644,91.17732005476293,91.21713790850822,13214300
2018-02-20,91.34457397460938,91.88606415571508,90.75530721366754,91.29679739477324,13461500
2018-02-21,91.72679138183594,93.52644447897069,91.31270749949597,91.57549080074796,14212500
2018-02-22,91.55957794189453,92.71422313864198,91.38438905403419,91.97365579700264,17070400
2018-02-23,93.41497039794922,93.47867655117817,91.82235301934446,91.82235301934446,12162500
2018-02-26,94.57756042480469,94.68108442082423,93.42291549877771,94.07588824338951,16511200
2018-02-27,93.45475769042969,95.02348626722916,93.44679290504332,94.68903818521588,17563300
2018-02-28,91.97364807128906,94.35460920770677,91.84623577251014,93.82108387611383,17735600
2018-03-01,90.32526397705078,92.88141326640113,89.7041443838901,91.95769866192784,18690000
2018-03-02,90.2376937866211,90.4288061568876,88.4858172292472,89.49712651706656,18353700
2018-03-05,91.62326049804688,92.31605112880897,89.09896383391998,89.22637611903343,13933000
2018-03-06,91.702880859375,92.22844125908888,91.03397862523329,92.08510550001216,10674400
2018-03-07,91.36048126220703,91.65511153312015,90.07045924317701,90.58009622160448,13006500
2018-03-08,91.36845397949219,91.75864959728378,90.15010270131941,91.66309037092306,11173700
2018-03-09,93.99626922607422,94.02812229957503,92.1090156297812,92.80977109609384,15366600
2018-03-12,93.69367218017578,94.56164563233712,93.36718274013917,93.96441418623814,12339300
2018-03-13,92.57087707519531,94.33868318365546,92.23642891287923,94.12367645405755,13312300
2018-03-14,91.53567504882812,92.84162072256946,91.25696824199663,92.81773243560572,12905100
2018-03-15,91.76659393310547,92.37179012120502,91.44011059272216,92.26827219871315,8748000
2018-03-16,91.92587280273438,92.84958768059178,91.84623707718993,91.84623707718993,19888900
2018-03-19,91.20121002197266,91.93381237175089,90.2217539853967,91.65510561643869,13214900
2018-03-20,91.28883361816406,91.93384175451494,91.13753301320133,91.47198730182176,9921200
2018-03-21,91.36845397949219,92.87347686139421,90.94641136159997,91.42419534269771,13633000
2018-03-22,87.55411529541016,90.46064247408448,87.22763197648952,90.14211786574249,22550400
2018-03-23,85.21295928955078,88.32652181741497,85.01388219958616,87.80892016843686,23081500
2018-03-26,87.84078216552734,88.51764920052682,86.51891331290688,86.94892060000547,20217500
2018-03-27,86.13668060302734,88.93968965240076,85.4438961636828,88.44597624332845,18039900
2018-03-28,86.00133514404297,86.9330148166854,84.92631966981303,86.22430059643402,19189300
2018-03-29,87.57005310058594,88.21506108849206,85.8261354143483,86.39947854819916,13274600
2018-04-02,85.88185119628906,88.17522304876654,84.47238814141257,87.56206223946097,18822500
2018-04-03,87.06043243408203,87.19580345624895,85.41207365285474,86.28801201588338,14050700
2018-04-04,88.3823013305664,88.5574902174528,85.22095480453466,85.28466095892121,15302600
2018-04-05,89.54277801513672,90.3031109709555,89.15060987945091,89.34269135931495,16627000
2018-04-06,87.3097915649414,89.27864921134596,86.29335425706161,88.47830275891313,18906000
2018-04-09,88.35824584960938,90.42314107542452,87.95006746632997,88.04611123479529,15974300
2018-04-10,90.04702758789062,90.335152948094,89.17464632889649,89.74289187091927,13951400
2018-04-11,88.53435516357422,89.48676359526458,88.4543156077313,89.36671647382184,14503300
2018-04-12,90.73530578613281,91.5516567173076,89.23865528845833,89.28667413553903,16435500
2018-04-13,88.27823638916016,92.15991635234765,87.27780309420666,92.05586738172993,39152800
2018-04-16,88.20621490478516,89.21465352316902,87.87007073404425,88.79047072111581,16580500
2018-04-17,88.20621490478516,89.57480711951126,88.03013764216054,89.13462006911088,15501400
2018-04-18,87.49392700195312,88.89453414319763,87.1497775744294,88.46234606401696,16081400
2018-04-19,89.41472625732422,89.5347794727565,87.63795576617504,87.66196518802946,17911000
2018-04-20,89.21466064453125,90.23109841514302,88.7424528474213,89.87894996794547,15584400
2018-04-23,88.78247833251953,89.59882945136164,88.54237182959784,89.29469983966793,11285800
2018-04-24,88.36627960205078,90.35914111948843,87.70998946452485,89.43874121904467,16453100
2018-04-25,88.03012084960938,88.46230874647296,86.91763956378202,88.25421692068826,13548200
2018-04-26,88.11817169189453,88.6944223010097,87.50990648158842,88.0141288176446,10299500
2018-04-27,87.55792999267578,88.16619519295195,87.34183296474049,87.67798321862196,9384000
2018-04-30,87.06172180175781,88.27825232751164,87.03771237532975,87.83805915579255,13744900
2018-05-01,87.06172180175781,87.21378964401738,86.06929350370912,86.79760589872636,10503400
2018-05-02,86.37342071533203,87.62996488198137,86.22135898340049,86.52548855342475,12162100
2018-05-03,85.82917022705078,86.25335296068144,84.18045813598512,86.10929032415027,15379100
2018-05-04,86.78160858154297,87.02971414933234,84.8207612552502,85.18091489276134,11967900
2018-05-07,87.53392791748047,87.78203346074734,86.72557597481708,87.04571590216348,9356700
2018-05-08,88.83049011230469,89.11061027261766,87.46189780949427,87.66198451059805,12543200
2018-05-09,90.76731872558594,90.9513950401345,88.86248974409399,89.19063480957001,11368100
2018-05-10,91.47161865234375,91.59167187014542,90.23908408815652,90.59123856539867,9159700
2018-05-11,91.12747955322266,91.82378340949712,90.97541171990547,91.63169579704562,10253000
2018-05-14,91.15950012207031,91.79977388700097,91.03144170538735,91.32757221434566,8710700
2018-05-15,90.46321105957031,91.16752025453688,90.09505221045706,91.16752025453688,11536200
2018-05-16,90.7112808227539,90.99140701802068,90.14303546880583,90.3511272947823,7571100
2018-05-17,90.40715789794922,90.76731755831517,89.79889272718212,90.59923938644813,8617200
2018-05-18,88.94252014160156,90.27910367463917,88.71041888264486,90.2390839000686,11806300
2018-05-21,89.75887298583984,90.07100767334524,89.57479057995103,89.67883954655949,9441900
2018-05-22,90.44718933105469,91.47163220996927,89.87093868512494,89.91895753689867,11507600
2018-05-23,90.031005859375,90.25510197652511,88.93453469958179,90.0470162141207,11453900
2018-05-24,89.02256774902344,89.75888526095495,88.13418240735096,89.75088008408416,14084800
2018-05-25,88.56639099121094,88.90253522413528,88.19822604334647,88.40631794732154,8283500
2018-05-29,84.78072357177734,87.39785451369907,84.0043863196316,87.38185026690125,30643800
2018-05-30,86.71757507324219,86.91766177442925,85.35698794763475,86.1493295746103,17490800
2018-05-31,85.64509582519531,86.58950510650607,85.17288813145979,86.39741751609147,19808200
2018-06-01,86.75757598876953,87.18976390208505,86.27736923158346,86.70955103873878,13594200
2018-06-04,86.79759979248047,87.44588479123796,86.65353713788558,87.22978775626515,9415400
2018-06-05,86.30936431884766,86.68552815383951,85.69310019563238,86.62950414263813,10415200
2018-06-06,88.32626342773438,88.6303929793979,86.82161381074954,86.96567646283452,15453600
2018-06-07,88.67842102050781,89.2386612946917,88.06215061274453,88.98255058275606,13444400
2018-06-08,88.9265365600586,88.95054598791609,88.08616994807592,88.53436832400881,10383200
2018-06-11,88.7024154663086,89.56679126293285,88.65439051794502,88.93451671389252,12642900
2018-06-12,88.19019317626953,89.26265468163076,87.65395631742899,88.95051999835935,15294100
2018-06-13,88.01412200927734,89.19863163090959,87.70198730451207,88.40629015774853,14979700
2018-06-14,86.46146392822266,88.32627343988429,86.26137722798845,88.26224423033058,20487300
2018-06-15,86.35740661621094,86.74156959703531,85.0528376406703,86.27737317071924,26028600
2018-06-18,86.58149719238281,86.75757442494792,85.38898244386468,85.84517977089243,9786800
2018-06-19,86.07727813720703,86.34138787104216,85.31694521353894,85.5570516328362,12707200
2018-06-20,86.06929779052734,86.9496780716529,85.98926432972713,86.58151926704264,8876900
2018-06-21,86.04527282714844,86.60551305775832,85.26093039813406,85.71712775910511,11048700
2018-06-22,84.63668060302734,86.73359157836084,84.44459906599405,86.56551947018647,19478900
2018-06-25,83.86831665039062,84.59662884387797,83.20402754094198,84.56462035493846,16907600
2018-06-26,83.92436981201172,84.204489983715,82.5237628473335,83.80431656523551,17086800
2018-06-27,82.62779998779297,84.77272960582235,82.61980091641652,83.78030130678229,16276800
2018-06-28,83.9803695678711,84.40455229184347,82.84387885342433,82.97993631089471,14491300
2018-06-29,83.39613342285156,85.557073428548,83.35611974688177,85.38099615702886,18972400
2018-07-02,84.10043334960938,84.10843242023529,82.73984028542735,83.01196134072806,11130000
2018-07-03,82.9239273071289,84.66067829022123,82.85189292438069,84.36455390048172,8311700
2018-07-05,83.46307373046875,83.99416992109722,83.31017951923253,83.79299591235211,10723400
2018-07-06,83.73666381835938,84.09073202304626,82.23992876680171,82.98025375290548,12173700
2018-07-09,86.3277816772461,86.4726271957385,84.25971330392514,84.25971330392514,13900800
2018-07-10,85.79669952392578,87.22905758513569,85.72427368319983,86.92326914105,14575900
2018-07-11,85.6115951538086,86.15073992608613,85.4667496481908,85.5472180092357,10186500
2018-07-12,85.98177337646484,86.5531068462862,85.273643048942,86.44044988825628,12456800
2018-07-13,85.58747100830078,86.74623526646631,84.60574086061538,86.34388724786368,21289100
2018-07-16,88.9832763671875,89.13616441733784,86.08637228109797,86.14270074996233,24662600
2018-07-17,88.91889953613281,89.2649190287702,88.31537759357987,89.0717937261692,14821900
2018-07-18,89.74773406982422,90.22250785029232,88.6774870335799,88.85452111648858,14244900
2018-07-19,88.42803955078125,89.39367225793707,88.29929138818721,89.36953236115963,16775300
2018-07-20,89.54656219482422,89.91672158626157,88.33951829865529,88.51655238572157,13578100
2018-07-23,91.2122802734375,91.92845914299731,89.26491764248483,89.36952590073942,18140000
2018-07-24,91.85604095458984,92.36299717655818,91.26861022874549,91.37322462804723,14000400
2018-07-25,92.68488311767578,92.95847680368321,91.23642789956847,91.6387758891157,13329100
2018-07-26,92.41935729980469,93.01483076851542,92.2020920272159,92.87803388802082,11897800
2018-07-27,93.36888885498047,93.58616024316456,92.38715861644584,92.68489838792829,12802700
2018-07-30,93.93215942382812,94.6402896381984,93.39300848015766,93.57004256858592,13411600
2018-07-31,92.49980163574219,94.21380802438118,92.3951933671594,94.21380802438118,15843800
2018-08-01,93.07113647460938,93.89997232037571,92.76534808459184,93.14355616318646,13531600
2018-08-02,93.46544647216797,93.54591484846998,92.00089992183447,92.19402525282803,11058100
2018-08-03,94.22184753417969,94.25403610948008,93.29645208650109,93.34473187978018,11016100
2018-08-06,94.24600219726562,94.57592438044487,93.48958595682292,93.98045103123656,9857400
2018-08-07,94.592041015625,95.18751448618154,94.41500686886216,94.74492911927443,10562100
2018-08-08,94.7851333618164,95.17138396623332,94.3747367226986,94.41497397452407,8997100
2018-08-09,94.0528793334961,94.72882725984171,93.90803378780376,94.55984181309134,9694200
2018-08-10,93.12745666503906,93.30448460115682,92.28252353737683,92.9423739117829,12630600
2018-08-13,91.64683532714844,93.24817879452614,91.59050684757266,92.99067629655914,10336300
2018-08-14,92.25840759277344,92.57223857552312,91.45371150585757,91.9526191505653,10597600
2018-08-15,91.49392700195312,92.00088937931501,90.90650239685309,91.59049272605607,10152100
2018-08-16,92.35496520996094,92.78950182428161,91.97676321428429,92.01699433415943,10118600
2018-08-17,92.35496520996094,92.59637648658702,91.97676321428429,92.25035693107299,8505100
2018-08-20,92.23426818847656,92.58028775328496,91.82387146292614,92.21012214869033,8618700
2018-08-21,92.79753875732422,93.65856319726124,92.44347056691694,92.83777601144978,10976700
2018-08-22,92.51589965820312,92.86996786109339,92.3630054543472,92.78949335000506,8314700
2018-08-23,92.32276916503906,92.6607399910369,92.08135792398754,92.50784579574807,9265400
2018-08-24,92.28251647949219,92.71705295711237,92.0974337403914,92.52392768017292,8845700
2018-08-27,93.91605377197266,94.37473016995955,92.67682140177213,92.7170586508038,13768000
2018-08-28,93.4573974609375,94.17357644436687,93.32060060777539,94.14943654549633,8302600
2018-08-29,93.1516342163086,93.64249939148648,92.82975450710829,93.62640202938682,7221700
2018-08-30,92.69295501708984,93.3769455427987,92.52396955586846,93.01482857788604,8991800
2018-08-31,92.20207214355469,92.41128869001243,91.59050144470534,92.40324615007876,13065700
2018-09-04,92.66072845458984,92.73314813428318,91.43758732324852,92.00892064063925,10174200
2018-09-05,92.21009826660156,93.10331118769022,91.9365046133237,92.5400265254462,11462400
2018-09-06,91.81582641601562,92.2986428619972,91.33300997003407,92.13770609311807,9877600
2018-09-07,91.99285888671875,92.35496967983985,91.4376166072119,92.13770443183601,10955600
2018-09-10,91.50196838378906,92.5158869183167,91.46173727312816,92.41932120191423,8276900
2018-09-11,92.08135223388672,92.20205784695356,91.07548235723382,91.36517337285726,9333800
2018-09-12,90.99502563476562,92.44347475882132,90.80994285247559,91.93651848630333,10800800
2018-09-13,91.34911346435547,91.83997865653423,90.66512289570565,91.2284139411517,12470800
2018-09-14,91.3329849243164,92.12963214869322,91.11571973197455,91.58243868947604,10337900
2018-09-17,91.60658264160156,92.08135643751385,91.17205223767208,91.56635152830435,9561300
2018-09-18,91.97676086425781,92.26645193306994,91.38128136761976,92.00090076343488,7944200
2018-09-19,94.64833068847656,95.00239269745497,92.0893975695732,92.0893975695732,16052800
2018-09-20,95.46107482910156,95.95193983170435,95.0184957564769,95.35646656961049,15590000
2018-09-21,94.83341979980469,95.94390417886284,94.74490275105822,95.86342966957106,24788200
2018-09-24,93.92414093017578,95.3243105914652,93.69077829673674,94.76102571029841,12492500
2018-09-25,93.65857696533203,94.92999825474877,93.60224848488161,94.18163064913956,9308300
2018-09-26,92.55614471435547,94.04483744289725,92.26645976031213,93.94827169865337,14023600
2018-09-27,92.15377807617188,93.15160548081661,91.86409318053315,92.87800566362598,13283000
2018-09-28,90.80188751220703,91.92846306338939,90.54438505530902,91.45369540259172,15815100
2018-10-01,91.3329849243164,92.22619786714654,90.96282554592574,91.22837666716552,10146300
2018-10-02,91.7112045288086,91.8319101572386,90.77775421758271,91.22033947537831,13753100
2018-10-03,92.57221221923828,93.07112586124396,92.1215845034539,92.49174386132566,17142000
2018-10-04,93.4068603515625,94.65477094969813,92.54791138988992,92.82342717037115,16357400
2018-10-05,92.8801498413086,94.07943636760756,92.39394625149153,93.86064969805824,13777600
2018-10-08,93.44738006591797,93.82013162150629,91.851026846281,92.58032605605621,14370900
2018-10-09,92.79910278320312,93.21237332151107,92.11032267424645,92.9206536688625,14069500
2018-10-10,90.32760620117188,93.14755488885994,90.32760620117188,92.94497211947805,23086400
2018-10-11,87.62109375,90.32760265757896,87.01334546569657,89.92243713471001,33705600
2018-10-12,86.6649169921875,89.80900591872538,85.57097113863217,89.43625431882026,32075700
2018-10-15,86.17061614990234,88.20454917665649,86.15441224626024,86.86750147090439,18903200
2018-10-16,88.01817321777344,88.14782298913744,86.48664781312327,86.83509046077224,19302800
2018-10-17,88.99864959716797,89.7846716067367,87.70212131545722,87.82366601191876,18794500
2018-10-18,87.58869171142578,89.0067712348614,87.36179997684985,88.34229993403072,17582500
2018-10-19,87.44283294677734,88.50436472130569,86.92421534922656,87.23214512736631,15234500
2018-10-22,86.18681335449219,87.79126541572593,85.9842305863935,87.63730671595904,16199100
2018-10-23,85.287353515625,86.02475782945716,84.03133776051273,84.43650333540882,21407500
2018-10-24,83.69910430908203,85.1090787635922,83.391180701094,84.89029207571524,23168900
2018-10-25,84.9713363647461,85.8140816164965,84.04755922351403,84.42031086099917,17464700
2018-10-26,83.80443572998047,84.72821263264431,83.24531150931674,84.27442922286848,19174900
2018-10-29,84.96322631835938,86.40561488614873,84.03134418834843,84.64719764035323,18445200
2018-10-30,86.46231842041016,86.68921630195157,84.97131229286303,85.66009243183503,18019700
2018-10-31,88.34232330322266,89.52541254476442,87.34561917948658,87.5806160188428,20860000
2018-11-01,88.30987548828125,89.31468420164283,87.77505405841036,88.82848683597335,13065000
2018-11-02,87.82367706298828,89.79278176379127,87.10248292233908,89.05538372235306,19009200
2018-11-05,88.39900970458984,88.56107962110822,87.85608939450746,88.01005426961612,10276400
2018-11-06,88.81229400634766,88.86901694032244,87.32128763767575,88.05868577934784,10825000
2018-11-07,90.33572387695312,90.53830667466735,88.6097144837327,89.43625576051508,12679600
2018-11-08,91.06501770019531,91.51070233151401,89.94676287389075,89.95486791691556,11662500
2018-11-09,90.18174743652344,91.0488014525355,89.80899587829106,90.94346063684013,10432200
2018-11-12,88.28556823730469,90.70846260527843,88.00195359723591,90.28708698374582,13279700
2018-11-13,88.80418395996094,90.0439957595565,88.4071234445101,88.4071234445101,13746100
2018-11-14,86.97283172607422,89.71174840678798,85.87888606207424,89.32279297095185,18361400
2018-11-15,89.19316101074219,89.20126605434834,86.55147938779002,87.71025332999574,19100000
2018-11-16,89.12831115722656,89.75226953272626,87.96143864006609,88.69073164491564,13798600
2018-11-19,89.80899810791016,90.10881666092327,88.75556519546134,89.10400781890188,13987000
2018-11-20,87.88037872314453,89.53345440868524,87.49952841457917,88.95812024370301,18936200
2018-11-21,87.22405242919922,88.82040592914844,87.22405242919922,88.35041233561623,10619600
2018-11-23,86.42180633544922,87.02144957179571,85.9437078087887,86.49473316126081,6488400
2018-11-26,88.53679656982422,89.12023607523386,87.07009276252029,87.28888566821739,13948300
2018-11-27,88.9095230102539,89.16072365518895,88.02625895873727,88.13160595100183,9238200
2018-11-28,89.89813995361328,90.27089154153846,88.22075471678197,88.97436293520393,13977300
2018-11-29,89.18505859375,89.7847081915287,88.84472094031044,89.35522742046979,11144300
2018-11-30,90.1007308959961,90.20607172961648,88.79609712901585,89.01488383956176,18652700
2018-12-03,90.95155334472656,91.47826975224898,90.5463878285301,91.06499919467475,16034500
2018-12-04,86.89181518554688,90.43295848683397,86.48664959538871,90.43295848683397,23555900
2018-12-06,85.23871612548828,85.37647090567906,83.3668473936949,85.09285630459964,27213900
2018-12-07,83.69910430908203,86.6892281981951,83.391180701094,85.21442576863397,19248600
2018-12-10,82.13516998291016,83.86117319343845,80.44967962251454,83.35877181190601,23636400
2018-12-11,81.33295440673828,83.99894511251044,81.20329843185394,83.56946433245889,16860700
2018-12-12,81.85964965820312,83.38307616955517,81.08173249983307,82.37826727945252,22621500
2018-12-13,81.940673828125,82.62945394907605,81.57602116479683,82.28911640917106,17250900
2018-12-14,81.26811981201172,82.60516757820002,80.91967713576067,81.02501797003688,19879500
2018-12-17,80.23088073730469,81.48689018273315,79.76899227604783,80.84672789742356,25113500
2018-12-18,79.85003662109375,81.75431369106194,79.50969900327878,80.56312584637317,20837200
2018-12-19,78.83709716796875,81.50308667788086,78.27796684617431,79.74467003804554,28767900
2018-12-20,78.15643310546875,79.63934052088798,77.54058591300154,78.28608905062126,31825200
2018-12-21,76.30889129638672,79.76090410574012,75.91993576375737,78.34282443742477,41313900
2018-12-24,74.66389465332031,76.34938454502122,74.66389465332031,75.27164287733736,17009300
2018-12-26,77.75938415527344,77.75938415527344,73.82927892288713,75.10960375114045,22542900
2018-12-27,78.63453674316406,78.7236736656172,75.80648271737068,76.8356005734168,20304700
2018-12-28,78.46435546875,79.67174697778326,78.14832686022676,79.37192226970487,17963300
2018-12-31,79.10450744628906,80.06879704697873,78.41572121136656,79.0801923252792,13237200
2019-01-02,80.4739761352539,80.85483272520688,77.7431644012544,77.7512632606278,15670900
2019-01-03,79.33030700683594,80.78440904314425,78.9872055396819,80.58018108899887,16286400
2019-01-04,82.25486755371094,82.45092467973022,80.28610673114444,80.96414515628472,16935200
2019-01-07,82.31202697753906,82.89203355312574,81.4542671751332,82.04244461306386,15430700
2019-01-08,82.15680694580078,83.17794654005233,81.32355977920976,83.02273132731283,13578800
2019-01-09,82.0179443359375,82.90837518861478,81.6339948003639,82.3528749263568,14230300
2019-01-10,82.0097885131836,82.28754181152233,81.09484490386181,81.7075288540445,14376100
2019-01-11,81.61766052246094,81.83005310197085,80.83341971373589,81.60131879631871,15439900
2019-01-14,82.45907592773438,82.80217737478134,80.59651809228835,80.76806881581183,21258500
2019-01-15,83.0635757446289,83.70893668766867,80.54748639943263,80.78439152276681,26504900
2019-01-16,83.73345947265625,84.50952318938585,83.16162370585995,83.52923152272294,18533000
2019-01-17,84.07655334472656,84.55036364162008,83.25964161872058,83.4148568410751,14247600
2019-01-18,85.44081115722656,85.69405807999246,84.0030507254304,84.77094366007017,16428700
2019-01-22,84.09290313720703,84.62389082401954,83.43120033753102,84.20727029121673,17083700
2019-01-23,83.8805160522461,84.71376346690992,83.30050933793771,84.50137085550234,12146700
2019-01-24,83.92953491210938,84.21545285802837,83.27600906894364,83.43121810670321,11296800
2019-01-25,84.46050262451172,85.21205991459264,83.92950875753692,84.55853427508212,14369400
2019-01-28,84.86079406738281,85.15488280888181,83.80697711576849,84.05205314453175,12283100
2019-01-29,85.09770965576172,85.86560882289776,84.73827266410612,84.86080446095288,9743300
2019-01-30,85.29377746582031,85.97180962989746,84.77911896191979,85.07320775485054,12526300
2019-01-31,84.55036926269531,84.79544528980699,83.92134993417066,84.47685019408716,17520600
2019-02-01,84.86079406738281,85.65319949683608,84.56670532588383,84.95882572539658,13000800
2019-02-04,85.16305541992188,85.16305541992188,84.15008652982317,84.78727673863594,9871500
2019-02-05,84.78726959228516,85.40812425503567,84.37881372541754,85.38361166768841,12763000
2019-02-06,84.74644470214844,85.46533121337455,84.52588121600455,84.7219383406373,8745000
2019-02-07,83.63542938232422,84.55037285890889,82.86753651429494,84.3461449051434,13177500
2019-02-08,82.80217742919922,83.60274747283495,81.74018963616484,83.39035490026181,12892600
2019-02-11,82.41006469726562,83.33317907113768,82.32020389569325,83.1289511098446,10978500
2019-02-12,83.81513977050781,84.07655126706818,83.23513320728142,83.28414591521721,12852300
2019-02-13,84.21544647216797,84.83630127375967,84.06023744617752,84.06023744617752,10754100
2019-02-14,83.66810607910156,84.22360635916814,82.7940106917585,83.70895416261598,11518500
2019-02-15,86.22504425048828,86.34757603625552,84.68108142439608,84.87713851416616,14716900
2019-02-19,85.92279052734375,86.07800577668075,84.80361902444483,85.70222706529802,12764900
2019-02-20,86.33940887451172,86.42926966980174,85.67770608805405,85.94728847392413,10030300
2019-02-21,86.15968322753906,86.58447459501267,85.7430564901312,86.14334150232352,8400100
2019-02-22,85.77574920654297,86.66618018287589,85.59602759195093,86.34758504156932,10647300
2019-02-25,86.67433166503906,87.63011687522818,86.33940110300381,86.38841381146219,11230700
2019-02-26,86.01264953613281,86.15969391860844,84.90981978383705,85.3672884259644,15465400
2019-02-27,85.90644836425781,86.08616372593603,85.37545444475376,85.92278385803131,9968800
2019-02-28,85.25291442871094,85.94728819983942,85.1058700580273,85.78390833576529,15156900
2019-03-01,85.3100814819336,86.51911343256629,85.1221890653504,85.85741077637427,13813300
2019-03-04,85.1140365600586,86.52729038626244,84.36247301921502,85.7103786426628,12466300
2019-03-05,85.0487060546875,85.40814931742037,84.35433212376208,85.0650415518373,10856600
2019-03-06,84.73008728027344,85.42446101776625,84.59121377928327,84.8444544260938,9070800
2019-03-07,84.11741638183594,84.52587231747073,83.45571976052132,84.34615070858455,12705700
2019-03-08,84.15008544921875,84.32980704068729,83.31683193105415,83.31683193105415,10582400
2019-03-11,85.2447509765625,85.40813708738304,84.68108603372453,84.94249757849451,9763200
2019-03-12,84.99151611328125,85.60420004757606,84.75461091078206,85.44081392557148,10219100
2019-03-13,85.27740478515625,85.7593858890666,84.91796167258182,85.11402495173577,13022200
2019-03-14,86.05347442626953,86.4864428572707,85.33459438284056,85.36727159834301,10926500
2019-03-15,87.04193115234375,87.24615904689873,85.96360811839514,86.11065245177636,24811700
2019-03-18,87.5647964477539,88.05494238542283,87.00112519153559,87.04197328323457,12935500
2019-03-19,87.24620056152344,88.55325846210842,87.04197256979003,88.38987232919548,12889300
2019-03-20,85.38361358642578,87.12363960721045,85.29375902763425,86.9439180245433,14920700
2019-03-21,84.03572845458984,84.54220983808405,83.5537471980709,84.54220983808405,19751000
2019-03-22,81.4951171875,83.58640925415828,81.2990538818443,83.17795338285521,31115200
2019-03-25,80.81710052490234,82.1568356419057,80.1308912369615,81.35625917806533,21032300
2019-03-26,81.62582397460938,82.01794437331111,80.72722225857318,81.54413404270468,15987100
2019-03-27,81.34809112548828,82.05880051261774,80.93963516229448,81.59316096387853,12753200
2019-03-28,82.27120971679688,82.3447350403514,81.47880405122757,81.69120292394219,12454100
2019-03-29,82.69599151611328,83.31684005118638,82.17316218427561,82.94923220193144,14523400
2019-04-01,85.48164367675781,85.51432089414884,83.42302884145862,83.4475351963664,17499300
2019-04-02,85.89009857177734,86.13517458316116,85.22840206659964,85.44896549081157,10295400
2019-04-03,86.0616683959961,86.88675116947964,85.6041997212139,86.43744712635907,11499200
2019-04-04,86.8930435180664,87.03298593541317,85.97933251417196,86.06165379975205,11952100
2019-04-05,86.68726348876953,87.34579617272448,86.42385167123417,87.09061774080266,9933700
2019-04-08,86.9671401977539,86.9671401977539,86.35800156041353,86.52263158772725,8056300
2019-04-09,86.32506561279297,86.59670450250476,85.81470253110086,86.4979290081486,9092200
2019-04-10,86.71195220947266,87.02475804185669,85.99580470950448,86.53908880326541,10882300
2019-04-11,87.444580078125,87.85616144551096,86.89305627285053,87.01653193911297,11183800
2019-04-12,91.54389953613281,92.07072302603017,89.62592943185236,90.08690469568607,25834100
2019-04-15,90.49850463867188,91.37105504655916,89.82351151025796,91.30520052665715,15163800
2019-04-16,91.45337677001953,91.69209471201438,90.43265675753682,90.46558401990505,11583200
2019-04-17,94.08748626708984,94.38382530102022,91.37928060047913,91.9472585153189,17791900
2019-04-18,93.39603424072266,94.62254484028308,93.28902535627533,94.27681803185386,12501900
2019-04-22,93.51128387451172,93.78292907977018,92.73751518712375,92.87745134247514,7975900
2019-04-23,93.62651824951172,94.14511473945164,92.893903991889,93.01737964569531,9193100
2019-04-24,93.47013854980469,93.96403497427424,92.8609935553996,93.23142058392709,9245700
2019-04-25,93.51951599121094,93.96402460826596,92.60580488063667,93.02561962122749,9311800
2019-04-26,94.2274169921875,94.31796537403828,93.51126332124907,93.7993689543053,7889300
2019-04-29,95.58563995361328,96.44172978061728,94.21095368781178,94.33442932944128,14242200
2019-04-30,95.5280532836914,96.07957089764992,94.87775386475039,95.84085291245125,11389100
2019-05-01,94.79541778564453,96.310034110998,94.7542571393159,95.25638687940726,10412900
2019-05-02,95.00120544433594,95.30577160867158,94.31797893043635,94.80364188450274,8613300
2019-05-03,95.58563995361328,96.04660898344927,95.21521302872478,95.48685818426328,8185400
2019-05-06,94.73777770996094,95.05058350770287,93.61004900194368,93.98870303268681,9387000
2019-05-07,93.19023895263672,93.86523204617733,92.4329308535877,93.86523204617733,15017700
2019-05-08,92.69634246826172,93.56889282945845,92.57286682011085,92.73750311105611,9575800
2019-05-09,92.62224578857422,92.80334255133356,91.02531473927188,91.48628374976347,12205900
2019-05-10,92.61404418945312,92.88568312816554,90.99241254210358,91.98843873133838,13189000
2019-05-13,90.09516906738281,90.9183318958842,89.7082878133837,90.61376566868843,13783700
2019-05-14,90.81131744384766,91.96374658942555,90.13632421690302,90.17748486790829,10503600
2019-05-15,90.46556854248047,91.28873112015502,89.40368806365244,89.89758435421075,10142000
2019-05-16,91.62622833251953,92.33414868126178,91.03355024703929,91.05825040079458,9672700
2019-05-17,91.1817398071289,91.98844210748169,90.4079710523542,90.5479072198925,9570100
2019-05-20,91.65914916992188,92.03780319129132,90.8524533835967,91.02531676638066,8518200
2019-05-21,91.97198486328125,92.12838152889864,91.55217006560525,91.73326689127859,7967900
2019-05-22,91.22288513183594,92.02135391163755,91.16526399722306,91.7003209787612,7918900
2019-05-23,89.42839050292969,90.37502881398497,88.48998557690484,90.25155315945904,14558000
2019-05-24,90.3091812133789,90.5149718932782,89.88113936249096,90.15277828698083,8537300
2019-05-28,89.32962036132812,90.40796785242935,89.26377211320376,89.88937129190302,11665500
2019-05-29,89.08267211914062,89.23084166253786,88.12780033275108,88.44883329673954,9966400
2019-05-30,88.12779998779297,89.8729072387258,87.69975813089493,89.4366319960509,10367800
2019-05-31,87.22232055664062,87.74091080637835,86.30037605465157,86.89305421448502,10952800
2019-06-03,87.63389587402344,87.96316219348404,86.67903045584367,87.09061178511124,11680700
2019-06-04,90.3338851928711,90.46559425724861,88.1854297520253,88.7781079812564,12858600
2019-06-05,90.6549072265625,90.8606979045963,89.42839654394636,90.43265605758857,8340500
2019-06-06,90.85247039794922,91.26405175219885,89.66711408803567,90.67137359724208,8726700
2019-06-07,89.85643768310547,90.56435178267321,89.69180138534225,90.30093998648466,10618900
2019-06-10,90.82777404785156,91.54392789514354,90.72899853804117,91.1652737869926,11380600
2019-06-11,91.107666015625,91.84028046198047,90.85248753752467,91.22290831413703,9847700
2019-06-12,89.9469985961914,91.28875801241102,89.6341989854127,91.12412168023756,9670500
2019-06-13,90.16923522949219,90.67959832089474,89.7658872993214,90.10338071184687,8406900
2019-06-14,90.39971160888672,90.79483239889468,89.42014615800404,90.19392096997737,9077400
2019-06-17,89.90583801269531,90.85247644653946,89.77412895605491,90.30095262214958,8128600
2019-06-18,91.1323471069336,91.70856479886002,89.7082790693636,89.73297294697424,11057300
2019-06-19,90.47382354736328,91.85673097930885,90.30095383813652,91.2228984063338,13126500
2019-06-20,90.70430755615234,91.44514902431355,89.74943572928056,91.2722855963937,13638000
2019-06-21,90.08692932128906,91.92257865436675,89.79881734754971,90.70430135604519,27089500
2019-06-24,89.44483184814453,90.35853635935598,89.34605009655613,89.95518853077405,13039600
2019-06-25,88.7040023803711,89.70826174414222,88.62991448161426,89.4613104552623,18660100
2019-06-26,89.29667663574219,89.97989678269704,89.03326486962862,89.14850712478882,10324600
2019-06-27,89.593017578125,90.17746857166058,89.26375755051885,89.593017578125,10906600
2019-06-28,92.02958679199219,92.54817700066423,91.28873915086598,91.40398141945975,21634700
2019-07-01,93.57711791992188,94.26857143990848,93.0832216513269,93.20669728853358,12724500
2019-07-02,93.67591094970703,94.00517098154073,93.1984751112226,93.43719303046481,10174900
2019-07-03,93.52669525146484,94.39713768809398,93.06246265843316,93.95776747003788,6849400
2019-07-05,94.0821304321289,94.72874201263839,93.60960609831847,94.09871378402154,7929400
2019-07-08,93.56815338134766,94.07383805648885,93.26142464119305,93.64275948520695,6917200
2019-07-09,93.96607208251953,94.08213024675689,92.971286010572,93.07905249887938,8947300
2019-07-10,93.6925048828125,94.36399149832154,93.4603885514052,93.9826566217673,9242300
2019-07-11,94.58780670166016,94.8033459841551,93.77539962291736,93.98264723020614,11595200
2019-07-12,95.58259582519531,95.62404155045445,94.44687669822204,94.61267224864822,10783400
2019-07-15,94.42200469970703,95.80641710395822,94.11527598496917,95.78154840473252,12946600
2019-07-16,95.43338775634766,95.74840186655068,93.60960487835794,94.07384385486752,16945000
2019-07-17,94.4966049194336,95.28414951919645,94.28107198975444,94.86136268457403,13120900
2019-07-18,95.06031799316406,95.39191538441699,94.1318528872889,94.44686693039738,9397200
2019-07-19,94.12355041503906,95.43335648164084,94.00749229011925,95.24268594801919,10402800
2019-07-22,94.72872924804688,94.87794777149554,93.48524366087291,93.601308134395,9061100
2019-07-23,96.4613265991211,96.53593270170322,95.18468058247942,95.23441798420083,12752200
2019-07-24,96.85095977783203,96.89240550722081,95.76497794284006,95.81472167268026,10011000
2019-07-25,95.9224853515625,97.19083974319872,95.5991795781923,96.90069434718639,10138400
2019-07-26,96.34526062011719,96.58566858340309,95.77325524799919,95.97221116342064,12800400
2019-07-29,96.03852081298828,97.14107938196048,95.98878342105364,96.5442053799697,8500400
2019-07-30,95.822998046875,96.22920789982079,95.13494081628119,95.49140694404684,7121100
2019-07-31,96.16287231445312,96.312090817584,95.21782390285557,96.24577007737163,13648000
2019-08-01,93.62620544433594,96.82610983912761,93.34434533627153,95.60749257936281,15664500
2019-08-02,93.61790466308594,94.03239994516376,92.34955011187915,93.17854067603481,11025500
2019-08-05,90.83247375488281,92.00135320171637,89.75478375388853,91.84384300895863,15855300
2019-08-06,91.54541015625,91.60343923128202,89.81281693081702,91.23039608103257,10203500
2019-08-07,89.55583190917969,89.76307950920082,87.82324500885656,89.53096320912833,17320900
2019-08-08,91.07289123535156,91.25527014608727,90.12784262944398,90.40141099554754,10903300
2019-08-09,90.97341918945312,91.56200170807175,89.77138544821305,90.65011338802454,9980800
2019-08-12,89.26567840576172,89.95374189310515,88.87605194124932,89.89571282337103,9393700
2019-08-13,90.64180755615234,91.46251260825059,88.72684175064612,89.48951140287342,12124700
2019-08-14,86.87821197509766,88.6273825376517,86.5880602234914,88.12169779730976,19491800
2019-08-15,87.20980834960938,88.18801750789947,86.49687592959984,86.89479419936882,13365600
2019-08-16,89.2988510131836,89.5143902980262,87.76521996748133,88.17971518657357,11830600
2019-08-19,90.10297393798828,90.98170179014554,89.87914297489847,90.8822206593617,8265400
2019-08-20,88.95896911621094,89.89573243517752,88.90094003381708,89.40662474811879,8374000
2019-08-21,89.20765686035156,89.88742873087077,89.07501536137475,89.70504983212504,8189300
2019-08-22,90.1278305053711,90.5837713961816,89.47292737977972,89.83768515218361,9343400
2019-08-23,87.88955688476562,90.17757209354716,87.13517893141155,89.53096061218805,14762300
2019-08-26,88.5942153930664,88.6936902034436,87.8812830701177,88.3869677718533,8209500
2019-08-27,87.6574478149414,89.16621017067554,86.91135515008493,88.99212293632489,14331800
2019-08-28,88.53617858886719,88.87606136916615,87.07715369188688,87.11031406735177,10585500
2019-08-29,90.54232788085938,91.09774990259731,89.54753565679263,89.64701677660766,10002200
2019-08-30,91.07289123535156,91.65318201978774,90.74958546620924,91.05630788454184,10170300
2019-09-03,89.99520111083984,90.35166725686321,88.96725472509385,90.34338190615455,9868800
2019-09-04,91.08118438720703,91.37132978412845,89.99520258059357,90.73300358620602,6929200
2019-09-05,93.15364837646484,94.27278408967337,92.1837248553026,92.22517690288956,13224700
2019-09-06,93.35260009765625,93.65932879181747,92.81375512670026,93.3940521433814,7836600
2019-09-09,95.66549682617188,96.2126272207829,94.1733115232417,94.26450097645937,13985100
2019-09-10,96.88409423828125,97.2156852834681,95.93904584517242,96.41157004172683,14333100
2019-09-11,97.14939880371094,97.15768415493734,95.64892169660806,96.9006991236156,9919200
2019-09-12,97.74628448486328,98.21051719602487,96.0965886404066,96.61885676515972,12283500
2019-09-13,99.66950225830078,99.81042908530337,98.44259388428819,98.64984145036037,16257200
2019-09-16,98.78250885009766,99.37109133322981,98.13589096153012,98.56696955390848,11993900
2019-09-17,98.29338836669922,98.32654874061397,97.19082965163845,98.16903854569254,10735400
2019-09-18,99.27989959716797,99.54517629227969,97.61362699600303,98.08615130681753,10665600
2019-09-19,98.96488189697266,99.7607120042088,98.72447389717806,99.2301585993847,9382600
2019-09-20,98.56695556640625,99.76069739003879,98.54208686743186,99.26330443646735,21862800
2019-09-23,98.55036926269531,98.74933149791453,97.5555833853767,97.63848115437087,9135100
2019-09-24,97.26543426513672,98.86538581107698,97.02502631707694,98.44259898347569,11696500
2019-09-25,97.82086181640625,98.11929884995729,97.0913525814451,97.21569607484597,9389400
2019-09-26,97.01675415039062,97.86232797561395,96.95043339455049,97.7213947882798,9899200
2019-09-27,97.58873748779297,98.35140703304833,97.2239797380213,97.78769338553481,10207800
2019-09-30,97.56389617919922,98.45920113271357,97.17426962342098,98.11931830885528,9755000
2019-10-01,95.78983306884766,98.6498471149929,95.67377493115849,98.15245419279731,11250300
2019-10-02,93.88317108154297,95.25100662714028,93.61789438313039,95.17639419571732,12548700
2019-10-03,93.74946594238281,94.35112142370821,92.35395699944638,93.81631159280558,12735200
2019-10-04,95.78005981445312,96.04746156961305,93.81632120194669,93.8748151366579,9453100
2019-10-07,95.57112884521484,96.51538966979872,95.32043697125351,95.42071499590989,6771600
2019-10-08,93.44027709960938,94.4764579644794,93.3065794277035,94.4764579644794,10806300
2019-10-09,94.11711120605469,94.56000096298592,93.64915991614478,94.15053720895656,7273700
2019-10-10,95.43744659423828,96.43184984578477,94.42633352244826,94.54332139023484,10994100
2019-10-11,97.05023193359375,98.59614877476646,96.82461425692256,96.9583119680043,15076500
2019-10-14,97.30924987792969,97.66021982427495,96.64910684575466,96.80787243718508,8779000
2019-10-15,100.24232482910156,101.6044014829419,98.49585856206754,99.31477362376178,23379000
2019-10-16,100.00831604003906,100.7938112021284,99.75762419564848,100.24229169461246,11087700
2019-10-17,100.56820678710938,101.58767780164852,100.1754591298335,100.90246051938838,10818500
2019-10-18,100.74369049072266,101.12808005882634,100.15875122955615,100.27573908178944,10417400
2019-10-21,103.24222564697266,103.42605913490269,101.93863678699292,101.98877898857327,12714600
2019-10-22,104.27842712402344,104.53747077804445,102.88292443085895,103.15867790514943,12549100
2019-10-23,104.55418395996094,104.5792518773229,103.76033044978949,103.78539836715146,8828300
2019-10-24,104.4789810180664,105.00543282031626,103.67677573050955,104.69624694241335,8020500
2019-10-25,105.3145980834961,105.83269171754662,104.24499117803954,104.45389897599152,9055700
2019-10-28,105.7156982421875,106.30063749522091,105.62377830594514,105.76583407091616,9522200
2019-10-29,105.64884185791016,106.47611487457227,105.23938439769387,105.33965605101083,9797300
2019-10-30,105.06391143798828,105.50679494489641,104.38704584455061,105.33131316151922,8513700
2019-10-31,104.38704681396484,105.06391241368839,103.50127979192271,104.86335633765768,11589100
2019-11-01,106.79364776611328,106.95241332594782,105.30621918323423,105.45663302305981,11682600
2019-11-04,107.64602661132812,108.1473977242441,107.428754320082,107.86328615185292,9159900
2019-11-05,107.87999725341797,108.88275218262127,107.66272497243143,108.12232470060982,13747600
2019-11-06,108.04711151123047,108.49834672720145,107.44545605612277,107.53737599372866,11231100
2019-11-07,108.63204956054688,109.71000813433113,108.56519753842328,108.9913648349018,13528900
2019-11-08,108.9495849609375,108.96628840212303,108.00531775449805,108.5317694183669,9293400
2019-11-11,108.56520080566406,108.71562104764887,108.08889766593849,108.29780545984195,8679000
2019-11-12,107.93013000488281,109.15014442950942,107.8047776731119,108.32287769313503,9099000
2019-11-13,107.36190032958984,107.646024647519,106.47613323728164,107.0694370400713,8023300
2019-11-14,107.46217346191406,107.66271678206611,106.61817782054175,106.7268139527706,8483400
2019-11-15,108.23929595947266,108.23929595947266,107.29502873103861,107.9886040779473,10163600
2019-11-18,109.150146484375,109.17521440105705,107.78807625867523,108.26437942635462,8749300
2019-11-19,109.11672973632812,109.67660114159298,108.78246958717834,109.45934160768631,8824500
2019-11-20,108.32286071777344,109.15012732450622,107.74627323385764,108.88273200992865,11782800
2019-11-21,108.57357025146484,109.23372612837133,108.12233495328732,108.63207056365334,7705500
2019-11-22,109.2922134399414,109.65154153366728,108.71563854656678,108.75740991149513,8167900
2019-11-25,109.87715148925781,110.36181911715715,109.3590514728301,109.67659541024835,10068500
2019-11-26,110.02754211425781,110.15289442593777,108.93286744613177,110.15289442593777,10490700
2019-11-27,110.35344696044922,110.66262640384623,110.01083513085183,110.54563855358363,6607900
2019-11-29,110.10276794433594,110.64593590250591,109.84372429922264,110.1946878910588,5712000
2019-12-02,109.86042022705078,110.9216752796653,109.76014857665896,110.56234728123046,8615600
2019-12-03,108.44820404052734,108.59862427015297,107.4538009831362,108.43985231971655,10361300
2019-12-04,110.5874252319336,110.69606136353138,108.6236996461069,108.9495952901806,10318200
2019-12-05,111.18907928466797,111.39798707311826,110.4537197890927,110.87153536599328,9587400
2019-12-06,112.8436508178711,113.46202260123586,112.51775510450696,112.55118749859282,10170600
2019-12-09,112.31718444824219,113.1945996942976,112.31718444824219,112.50102431887167,8498200
2019-12-10,112.39237976074219,112.61800372154109,111.03866149738542,111.34784091538214,7532900
2019-12-11,112.12499237060547,112.82693229466338,111.98293659152917,112.21691231597491,9011900
2019-12-12,115.33380889892578,115.7098403467383,112.15005642301094,112.3840321127929,13717400
2019-12-13,114.32270812988281,116.01068680821561,113.82968875748291,115.27532723533382,10592100
2019-12-16,114.7656021118164,116.01904908835625,114.74889866598238,115.6346658226217,11372000
2019-12-17,115.46748352050781,115.8769472938895,114.67363663398302,115.09145212696627,11546800
2019-12-18,115.35054016113281,116.16946802359998,115.08314477291312,115.44246011505375,10381500
2019-12-19,114.77394104003906,115.50093604439272,114.56503325711269,115.11654011349175,9350400
2019-12-20,114.68202209472656,116.05245665251567,114.39789781694937,115.33381336302142,29992600
2019-12-23,114.64859008789062,115.24189380879754,114.38119475292815,114.98285019499288,9738400
2019-12-24,114.96612548828125,115.00790959241468,114.5315937565867,114.7572177183325,3324300
2019-12-26,116.1861572265625,116.23630580950797,115.13326649767286,115.22518644032579,6770900
2019-12-27,116.26972198486328,116.79617370899032,115.87697430983516,116.4034260339622,7868200
2019-12-30,115.84355163574219,117.05521426597404,115.70984759014871,116.90479402700149,6963000
2019-12-31,116.48698425292969,116.55383627905813,115.55943311031787,115.74327299449104,7201600
2020-01-02,117.89920806884766,117.90757254167191,116.37000137633925,116.81288491151854,10803700
2020-01-03,116.34332275390625,117.09180828941068,115.28367296745608,115.63688956293947,10386800
2020-01-06,116.25086212158203,116.28450914453764,114.79594277694515,114.84640047879925,10259000
2020-01-07,114.27452850341797,115.93969681422607,114.22407080196609,115.45191764589255,10531300
2020-01-08,115.16594696044922,115.70418366593277,114.03901586343292,114.12310772932315,9695300
2020-01-09,115.58645629882812,116.25083728560006,115.25005030403882,116.0994642123773,9469000
2020-01-10,114.43428802490234,115.42665676495747,114.21562093585072,115.39302258418257,10190900
2020-01-13,115.38460540771484,115.38460540771484,114.17356956818428,114.53520438564931,12355200
2020-01-14,116.73023223876953,118.37857699890587,115.79672628644474,116.00697525919736,24906000
2020-01-15,114.98094177246094,116.56201791371738,114.5015680277952,115.93127109131107,16293400
2020-01-16,115.42668151855469,115.97332369326148,115.08187013693181,115.59487812365074,10783800
2020-01-17,116.22562408447266,116.30131063127173,115.48555646147344,115.67056374278951,14697700
2020-01-21,115.08186340332031,116.11629748766266,114.95571916502377,115.37621706944914,8474200
2020-01-22,114.94727325439453,115.55279111724649,114.69498483868502,115.41824157305959,7549100
2020-01-23,114.82955932617188,114.99776874994944,113.29895366389925,114.1315441143198,9345700
2020-01-24,111.97860717773438,114.73707290576046,111.28059182212887,114.68661520126656,15166400
2020-01-27,111.03668212890625,111.80199143966892,109.08557841086929,109.55653403823759,12860500
2020-01-28,113.05506896972656,113.50921392707716,111.4151295850241,111.7178886123983,13062800
2020-01-29,112.8868637084961,113.98856616370294,112.43273161853529,113.37464281701853,9326000
2020-01-30,114.2829360961914,114.48477973855802,111.59175169420054,111.59175169420054,9048900
2020-01-31,111.31419372558594,113.39145417523781,110.56570805001824,113.10551871099314,12785200
2020-02-03,112.16360473632812,112.89527980193637,111.56650490991228,111.56650490991228,10021100
2020-02-04,113.77831268310547,114.88002792703945,113.6017107567078,113.99697979731971,9157100
2020-02-05,115.71263885498047,115.83037778401224,114.38386360871868,114.85483215742656,10150700
2020-02-06,115.72944641113281,116.30131746398324,115.30894846077372,116.25927793501056,8992300
2020-02-07,115.35939025878906,115.7798881511806,114.62772803245248,114.98935006027213,6379800
2020-02-10,115.83876037597656,115.93127042269903,115.00616995547433,115.17436654063059,5960700
2020-02-11,116.05744171142578,116.74706455369723,115.87242157484465,116.27609603984898,6578600
2020-02-12,116.05744171142578,117.14232084630613,115.88924508705563,116.5620444171161,7958000
2020-02-13,115.95650482177734,116.34335570290457,114.71182180034648,115.84717126153042,7447500
2020-02-14,115.603271484375,116.21719473587603,115.16595013892018,115.92284111569815,6627600
2020-02-18,114.07268524169922,115.8135529430127,113.57650073234505,115.50237572873324,8996400
2020-02-19,115.6285171508789,116.38540823777687,114.66136428142313,115.14073804701536,7071200
2020-02-20,115.6285171508789,116.36017939038544,114.82115553662055,115.35939233526695,7422800
2020-02-21,114.21562957763672,115.1491353638228,113.46714388115069,114.83797104595297,9772800
2020-02-24,111.14600372314453,112.02063367509348,110.00224896593313,110.54048574388102,13618400
2020-02-25,106.18413543701172,111.20487515926854,105.62066335376448,110.17045388008121,20797200
2020-02-26,106.50370788574219,108.44640613576568,106.25140657854669,106.74759743835416,24825600
2020-02-27,102.0716781616211,105.64591085808617,102.01280870327209,103.3668126615891,23005500
2020-02-28,97.64801025390625,99.64957768982363,94.74657768473043,98.83381084245806,45931400
2020-03-02,102.19781494140625,102.24827905650628,96.2603861732076,98.08534566480843,27355400
2020-03-03,98.36287689208984,103.40044039302923,97.75735883473226,101.73527215158519,32547700
2020-03-04,100.79334259033203,101.07928449098249,96.4622130555183,99.51503183245724,25795900
2020-03-05,95.84829711914062,97.9171461200698,94.67931341231018,97.2779874837236,25025600
2020-03-06,90.89484405517578,92.77867319157349,88.32139207832445,89.36423167879829,38159400
2020-03-09,78.5826416015625,83.45200755757173,78.21260143403872,81.21495587759706,40352000
2020-03-10,84.68827819824219,85.17605732348979,79.54138778351208,83.25858784221472,31102700
2020-03-11,80.70195770263672,84.14163392523552,79.51615693899903,82.16528862535792,38127000
2020-03-12,74.04969024658203,81.5429602460501,72.59476454225042,75.34481826324908,49725200
2020-03-13,87.38786315917969,87.45513793640842,77.37160164855416,80.72717257566458,38543300
2020-03-16,74.31039428710938,79.03679330372756,71.10620213165055,71.65284430456052,38589700
2020-03-17,78.85176849365234,81.94663331350031,73.58713295643669,76.43810822281725,35239800
2020-03-18,70.5511245727539,76.353995841633,67.58241095454194,73.7300871034884,41525600
2020-03-19,71.73694610595703,74.10014231002278,64.68099168026936,68.59161711533204,32175100
2020-03-20,70.22315216064453,75.23548656287478,69.3653392328673,72.57794306308594,30150800
2020-03-23,66.4638900756836,70.43339086191018,65.67335205339444,69.53352570695282,32536600
2020-03-24,74.36924743652344,75.77370866705863,69.71854240291584,71.40053374476526,34363200
2020-03-25,77.14453887939453,80.02074265194915,71.09777770436531,75.05045495322425,38111700
2020-03-26,82.51851654052734,82.89696211306381,78.66675394093144,79.12089247774875,29826300
2020-03-27,76.63994598388672,79.76003967426142,76.15217328964872,78.37240171846678,30041500
2020-03-30,78.63311767578125,79.12930218343509,75.10093741621921,76.23628061277203,21656900
2020-03-31,75.71485137939453,79.1965735025553,75.1345622201048,77.41366650045273,23379300
2020-04-01,70.94641876220703,72.79660728326324,70.0129127456288,71.56875396782922,28029600
2020-04-02,73.59553527832031,73.93193484054835,69.76900228851628,70.23155248861583,24018000
2020-04-03,71.42022705078125,74.33481826654896,70.33256084000313,73.07720765441104,21199400
2020-04-06,76.01728820800781,77.31738165037291,74.52175287371601,75.61791174234779,26820800
2020-04-07,77.01998138427734,80.29995906691764,76.79904846473642,80.25746972290311,22563800
2020-04-08,80.13001251220703,80.60586203420857,76.94350628531062,78.26059163598303,22903300
2020-04-09,87.31877136230469,88.70383709346046,82.33082452433764,82.35631553733995,42055900
2020-04-13,83.43548583984375,87.61618069013726,82.67922217117957,87.61618069013726,26911900
2020-04-14,81.14969635009766,86.67297411214618,79.56918865647435,85.84023092013322,46151300
2020-04-15,77.1474380493164,78.20110758794159,76.58660986205513,77.4533431545565,30118600
2020-04-16,74.20734405517578,76.96048308155426,73.96941934070584,76.67157635197283,32449600
2020-04-17,80.87774658203125,81.31960576028915,77.29186521819888,78.17559005767576,30191900
2020-04-20,77.92920684814453,80.47841220065027,76.86703795126715,78.57500735267604,23679400
2020-04-21,75.66889190673828,77.64876920428621,75.05708177001725,75.30350565747224,23035000
2020-04-22,75.91532135009766,78.06515633338113,75.77936712202325,77.06246877984873,16662400
2020-04-23,75.95780181884766,77.56380025331329,75.84733861625746,76.25520773579262,16638800
2020-04-24,77.07946014404297,77.41085627141602,75.19304742948034,77.01997895407764,15809200
2020-04-27,80.40192413330078,81.26015177393153,77.78473890435794,78.12463418446119,22870200
2020-04-28,80.97122192382812,83.57990724450578,80.75028908228005,83.1125505571851,20238900
2020-04-29,83.15506744384766,84.50614297918523,82.65372042376042,84.19174517894275,20462600
2020-04-30,81.37062072753906,82.28832954761835,80.34244221472716,81.23466002354914,19127600
2020-05-01,79.23777770996094,79.6541459867194,78.03964841507135,79.45021143036298,18547700
2020-05-04,78.2945785522461,78.74493704294645,77.15593681975562,78.19260802336623,15725900
2020-05-05,78.17562103271484,80.05353462956681,78.09064882818505,79.57768509782909,18064100
2020-05-06,76.70555114746094,78.8213952907655,76.41664445137299,78.3115557498705,20978000
2020-05-07,77.50430297851562,78.94885589127242,76.96897243915976,77.6147661581715,16771900
2020-05-08,78.77043914794922,79.9430777048431,78.26909856368496,78.85541784213191,20487800
2020-05-11,76.45065307617188,77.4193503826359,75.90682323685743,77.4193503826359,31907600
2020-05-12,73.95243835449219,77.14744387089453,73.84197513486116,76.60361397231078,27962900
2020-05-13,71.40323638916016,73.80798817614149,70.86790563271836,73.4001124929258,35451600
2020-05-14,74.36880493164062,74.8701519567196,70.01816584656434,70.2900807893816,35152500
2020-05-15,72.99221801757812,74.16484966595822,72.48237845232426,73.79946345564994,26099000
2020-05-18,76.8585205078125,77.45333883839399,74.67470203446585,75.36299172438211,30504400
2020-05-19,75.34600067138672,77.49582917775825,75.2780203156764,76.5186391170174,19597300
2020-05-20,77.6063003540039,78.50701739394123,76.79055551884042,77.07946231166422,20552400
2020-05-21,76.62057495117188,77.9716564707675,76.19570760889017,76.70554712303598,14621400
2020-05-22,76.02581024169922,76.78207405962105,75.38850883448654,76.48466803284818,13557900
2020-05-26,81.42160034179688,82.84915527665154,78.69395200756729,78.93187674954923,41233900
2020-05-27,86.13764190673828,87.16582051009046,83.95382314956004,86.73245383166474,39402000
2020-05-28,84.85452270507812,87.48020028178112,84.46364545173216,87.47170760100751,24713900
2020-05-29,82.68768310546875,84.27668935760256,82.23732474344745,83.83483015796696,26526400
2020-06-01,83.78385925292969,84.55712111830216,82.74718164496176,83.06158588961256,15176800
2020-06-02,84.06431579589844,85.33041961242276,83.21458047257306,85.21145718579449,21195000
2020-06-03,88.60184478759766,89.15417370446498,85.87419685619543,86.31606258287411,25941100
2020-06-04,90.44577026367188,90.59022361749565,87.34423708160129,88.21946285036647,26784700
2020-06-05,94.51602172851562,98.37381271232482,93.07146841781511,97.6600384632207,42231000
2020-06-08,96.40243530273438,97.03124388446543,95.11934009190641,96.36845160698583,24881800
2020-06-09,93.92969512939453,94.85590304383504,92.629601790355,94.0231664855443,17031100
2020-06-10,90.12287902832031,93.90420312277226,89.94443548201029,93.86171378571446,24913300
2020-06-11,82.60272979736328,86.31607368677093,82.03340896375205,84.99898198349686,36259200
2020-06-12,84.86302185058594,85.93368309444872,82.7046945524295,85.57679601316113,24856800
2020-06-15,86.03565216064453,86.18860469047083,81.46408107599967,81.93143134610727,22153600
2020-06-16,86.72394561767578,89.79998842426295,84.38717454033288,89.5365726682743,22193600
2020-06-17,84.53164672851562,87.13183394086495,84.30221463156478,87.12333477502425,15639800
2020-06-18,84.0727767944336,85.41535306868971,83.38448708661393,83.84334473083935,16591900
2020-06-19,83.11257934570312,85.48334080418736,82.19487046093798,85.42385961273996,40371200
2020-06-22,82.21186828613281,83.23154778021703,82.03342469881628,82.63673582249525,16216900
2020-06-23,83.21453857421875,84.94799853896481,83.14655822666884,84.09826364347926,15381400
2020-06-24,80.4359130859375,82.28832904424482,80.13850066851965,82.21185601094068,22919800
2020-06-25,83.24005126953125,83.45248504874594,80.0960339303395,80.17250697903386,25743600
2020-06-26,78.67694854736328,81.03921693302954,78.17560808559293,80.81828405147117,41896300
2020-06-29,79.02534484863281,80.29144802076307,78.328562497458,79.36524010156357,18499700
2020-06-30,79.92606353759766,80.43590966982472,78.65996033728295,78.88089322905049,19137000
2020-07-01,79.24626922607422,81.32811689191331,79.05082736966256,80.63133461555849,18755700
2020-07-02,79.50370025634766,81.47713150417434,78.87734621164661,81.28836709217849,27845600
2020-07-06,81.5114517211914,81.68305215899171,80.20727137395266,81.02238327270975,18625300
2020-07-07,79.21194458007812,80.73921023350485,78.93738004177821,80.49896708075929,25757200
2020-07-08,80.0528335571289,80.08714841000642,78.765810551684,79.1862362338775,18762200
2020-07-09,78.3196029663086,80.75636880893657,77.89059549471739,80.24155460611952,25600800
2020-07-10,82.60114288330078,83.09021141843513,78.82588021370005,78.93741986341901,28954200
2020-07-13,83.78518676757812,85.17516722159941,82.56680673751565,84.71184476768336,32079200
2020-07-14,84.26566314697266,85.75860760508982,82.91857968644726,84.40294870668428,42731700
2020-07-15,85.5698471069336,86.90834854163525,84.64318924623142,86.56514119921198,22508400
2020-07-16,85.81011199951172,86.8483097271397,84.55741044684974,84.75475030004415,16886900
2020-07-17,84.22278594970703,85.870173773403,84.20562197767462,85.801530977548,16137700
2020-07-20,83.4848861694336,84.4201196467182,83.45056477400983,83.59642579495822,14458100
2020-07-21,85.29528045654297,85.84440957253842,83.77659013094971,83.83665092344499,17798100
2020-07-22,84.67753601074219,85.91307364913467,83.68223507406242,85.50122995171635,14271200
2020-07-23,84.92635345458984,85.24381491178363,84.05975620764814,84.51450324881314,12870200
2020-07-24,84.32571411132812,85.62990059199116,84.03399215015628,85.45829366235917,12744200
2020-07-27,83.14165496826172,83.76800225362423,82.51530113676424,83.66504464295366,11959100
2020-07-28,83.50204467773438,83.99111311313058,82.79847242775848,82.79847242775848,11754300
2020-07-29,85.52696990966797,85.55270932265348,83.2274885216571,83.28754933400248,12743500
2020-07-30,83.24463653564453,83.86240856199447,82.41236724328975,83.69080813073586,14834800
2020-07-31,82.9185791015625,83.16740426718285,81.72593863105736,82.78130008895498,14535000
2020-08-03,82.45525360107422,83.71653690358755,82.2407498161879,83.24462595838324,12962800
2020-08-04,81.98335266113281,82.3265534945228,81.53718110390777,82.29223864809283,13366200
2020-08-05,83.40764617919922,84.48874702637053,82.1292055270081,82.25790909983681,15260900
2020-08-06,83.43338775634766,84.17128127722866,82.83277979569374,83.72511629876229,10482100
2020-08-07,85.26953125,85.36391342690804,82.84992912936768,83.16739704679789,14743700
2020-08-10,86.35065460205078,87.55187726636599,85.827264773643,85.89590756500658,14989900
2020-08-11,89.07914733886719,91.08690652580658,88.81316469315506,89.11346873607798,31518600
2020-08-12,88.32408142089844,91.31855245419571,87.26871990866593,91.08689124455915,19240800
2020-08-13,87.83501434326172,88.68444751929921,87.2086603957521,87.51754637724505,13598600
2020-08-14,87.86933135986328,88.64153972900817,87.01989167998654,87.08853446048613,12134400
2020-08-17,85.55270385742188,87.5175596588281,85.39826084323728,87.0885520134417,14988000
2020-08-18,84.36003875732422,85.72428607954564,84.1884383671958,85.72428607954564,13246500
2020-08-19,84.55740356445312,86.30774887366344,84.37721460548995,84.87486501013638,13533000
2020-08-20,83.5449447631836,84.11123140734226,83.05587634708156,83.45056256480103,13672600
2020-08-21,83.50204467773438,84.5745637506328,83.17600123618254,83.45914129636367,12228300
2020-08-24,85.8530044555664,85.98170805324621,83.5878447024947,84.47159936915277,17898300
2020-08-25,86.23052215576172,87.50038745188773,85.62991417213621,86.89119093774978,13648900
2020-08-26,85.02073669433594,86.03319505495072,84.98642184141936,85.75005496849502,12052400
2020-08-27,87.8178482055664,88.07525536583262,84.94349879789513,84.94349879789513,22163900
2020-08-28,88.17820739746094,88.59005751852469,87.35451370146903,88.49567533549207,13756700
2020-08-31,85.96453857421875,87.67198686201249,85.81867102602926,87.62050804861383,14219400
2020-09-01,85.92164611816406,86.54800012736933,84.97783065780844,85.41542026571523,11595600
2020-09-02,87.21725463867188,87.46607985574339,85.42399929706583,85.75862473302547,14475700
2020-09-03,86.94269561767578,90.08302834524025,86.3506629407332,88.65014430437378,23281200
2020-09-04,88.82172393798828,90.27177161160523,86.97699663375218,89.27647745851311,26325500
2020-09-08,85.73289489746094,88.8646523326908,85.3553725829604,88.35842640241466,22108600
2020-09-09,86.54801177978516,87.2515841136272,85.42400720603261,86.48795096638904,13434000
2020-09-10,85.6556625366211,87.87791885456531,85.49263754710171,87.00274619459843,15922800
2020-09-11,86.7195816040039,86.96840675622757,85.44971643854102,85.77576634993392,13784300
2020-09-14,87.92081451416016,88.7702476898505,86.97699914715575,87.09712074589434,19017400
2020-09-15,85.18373107910156,88.24684447248929,85.06360949866558,88.14388685847854,23683000
2020-09-16,85.54412078857422,86.77108290069103,84.73759087683202,85.31245954329883,19270600
2020-09-17,84.56599426269531,85.23524521570711,83.83668249457061,84.68611589292112,18290100
2020-09-18,84.38579559326172,85.36393242055033,83.60500514690945,83.99110937752566,20121600
2020-09-21,81.77742767333984,82.4123636427579,80.49898684174781,81.68304547643004,28378800
2020-09-22,80.88509368896484,82.07774089345457,80.3702858548639,81.47712629855616,19257000
2020-09-23,79.57233428955078,81.811754667454,79.50369804302986,81.32268622550599,19952700
2020-09-24,79.50370025634766,80.91084481432397,78.40543518165697,79.21197165249846,18366500
2020-09-25,80.19869995117188,80.41320379974306,78.82587662954397,78.98031966236073,13293100
2020-09-28,82.50675201416016,83.16742089583418,80.95373991450965,81.56292997443005,20894100
2020-09-29,81.81173706054688,82.39518758029944,80.93656455398582,82.39518758029944,12848200
2020-09-30,82.60114288330078,83.39909749811348,81.73455200888931,81.81177025573977,16400600
2020-10-01,83.20171356201172,83.8881216175391,82.3951773869789,83.33041711809022,15778700
2020-10-02,83.99109649658203,84.5917044401279,81.58865163012733,81.72593718644389,15149600
2020-10-05,85.76634979248047,85.94820414191999,84.45872287198202,85.14284539047117,13871900
2020-10-06,84.88307189941406,87.34245028347505,84.44142833815484,86.65832758596571,19220400
2020-10-07,86.36388397216797,86.90078545178042,85.44594391417286,85.69707802203796,16358500
2020-10-08,88.13914489746094,88.26038115839405,86.51111038858707,87.03935692845884,15659000
2020-10-09,87.6368637084961,88.4249058954074,86.69295201494796,88.32964790343176,13689100
2020-10-12,88.710693359375,89.19563840543573,87.33378637948009,87.55028064745446,16058000
2020-10-13,87.2731704711914,89.38615669463158,86.82286528936496,89.1956406768616,21697300
2020-10-14,86.7882080078125,88.26902774867001,86.68428839890196,87.48964719903985,15204100
2020-10-15,88.087158203125,88.13911469518385,85.76634019257239,85.81829668463122,17171200
2020-10-16,87.90531921386719,88.61542002572669,87.22119665257043,87.81872284303157,13275000
2020-10-19,86.42451477050781,88.2170870523694,86.21667551545085,87.9832695421505,11725700
2020-10-20,86.9181137084961,88.13047622076049,86.70161945889457,86.86615059591321,11257100
2020-10-21,86.0521469116211,87.45502558694771,86.01750703475265,86.90946239175192,10730500
2020-10-22,89.09170532226562,89.40345754961332,86.00016790680083,86.00882952613819,14837200
2020-10-23,89.89706420898438,90.45128892315472,89.13500687872008,89.62861347124304,15087600
2020-10-26,87.67150115966797,88.93582666468919,86.81418586242417,88.89253178300025,12410700
2020-10-27,86.01750183105469,87.39440216715352,85.87028731843039,87.03935501277253,10391700
2020-10-28,83.6014175415039,85.12553885981308,83.19440730818725,84.43275464052346,16389500
2020-10-29,84.14698028564453,84.84842612149207,82.47564447529956,83.23770843455318,14208800
2020-10-30,84.900390625,85.22945952494229,83.33297428146784,84.78781598717568,15194500
2020-11-02,86.81419372558594,87.35975685381352,84.74450923663859,86.06945298153424,15011600
2020-11-03,89.55067443847656,90.70241869473918,88.92717001311007,89.21293736900353,17482600
2020-11-04,86.81419372558594,88.3902715917902,85.67110435676615,87.46367647166265,18886500
2020-11-05,90.36468505859375,91.01416771106119,87.46366386561503,87.51562036361109,17837400
2020-11-06,89.16099548339844,91.01418582539111,88.66738883355703,90.95356769670464,12552800
2020-11-09,101.23272705078125,102.96468129764874,95.56057424953775,97.99397445906575,47792400
2020-11-10,100.90364837646484,101.70900734047959,99.31891531111015,101.62241095220637,20539300
2020-11-11,99.39683532714844,101.28466538161064,98.68673447768357,101.22404725812753,14443400
2020-11-12,98.17581939697266,98.68674267923721,97.04138498196677,97.44839524784152,22063000
2020-11-13,98.79065704345703,99.46611804155509,98.34900692666979,99.32755855123747,11847900
2020-11-16,101.57909393310547,102.71352156818249,100.21951045206218,102.00342076802382,19858600
2020-11-17,100.548583984375,100.83435796293307,99.22364031072553,99.92507952456823,14553200
2020-11-18,99.80384826660156,102.71353148648197,99.76054677427615,101.61373700746567,12571200
2020-11-19,100.07230377197266,100.29745965037274,98.34034970679137,98.87725784547453,10202500
2020-11-20,99.21497344970703,100.15023009000679,98.79930162950288,99.09373721191403,12718900
2020-11-23,102.07271575927734,102.33250490632442,100.08096593084737,100.49663781575535,13209200
2020-11-24,106.79226684570312,106.94814294585078,103.66608983104331,103.97784203133862,20121600
2020-11-25,105.6751708984375,105.97826152317668,104.32424890995422,105.10362952134076,11715600
2020-11-27,104.97372436523438,105.95227591629236,104.85248812375391,105.64918531259119,5983600
2020-11-30,102.08137512207031,104.54075344822817,101.9861171153636,103.9172488977408,14411800
2020-12-01,103.69208526611328,105.28548639914811,103.59682726651923,104.21167015042975,12668900
2020-12-02,105.683837890625,105.91764878248655,103.28507780957806,103.65744819800972,10811300
2020-12-03,104.99105834960938,105.55394476773328,104.22900090479718,105.51930489203082,12904400
2020-12-04,105.94361877441406,106.76630085566177,105.38073903241501,106.06486162789808,13583700
2020-12-07,105.54527282714844,105.79640694627558,104.0990928440977,104.9131133263112,9724300
2020-12-08,105.6491928100586,105.93496680249112,104.5753831920795,104.81785569224768,9592100
2020-12-09,104.82653045654297,106.77497892891826,104.29828389770408,106.6623976776661,13073900
2020-12-10,104.15106964111328,104.5927198405832,103.53622665320253,103.90859709454357,13668400
2020-12-11,103.53620147705078,103.93455007910623,102.5056934047107,102.99929999930983,9981600
2020-12-14,102.44508361816406,105.14692767922207,102.28054587095029,105.07764793230257,12112400
2020-12-15,104.1943588256836,104.69662710242683,102.72220047730444,103.30240351756959,12590200
2020-12-16,104.4974365234375,104.85249024271963,103.79599731114229,104.17702928171241,11169400
2020-12-17,103.63145446777344,105.17289229907496,103.55351971775185,105.0083611800696,11618000
2020-12-18,103.12055206298828,103.8133297614553,102.41910613693143,103.1725085734811,28954800
2020-12-21,106.99144744873047,108.2471112970242,104.8611384843512,106.66237200198472,28323600
2020-12-22,105.36341857910156,106.96547468605456,105.31146207400603,106.85290005605422,11788200
2020-12-23,108.3077392578125,109.56340322021785,105.95228084483037,106.3246512058074,14973200
2020-12-24,107.83146667480469,108.72342864659959,107.00879106424244,108.32507336251824,4164900
2020-12-28,108.54154968261719,109.6759840000812,108.06526631572827,108.95722153307727,8072600
2020-12-29,108.25580596923828,109.35559404878376,108.15188633218715,109.28631429074967,8389200
2020-12-30,108.55886840820312,108.98319525372217,108.16051981346773,108.67144303055889,7398000
2020-12-31,110.03968811035156,110.26484396183136,108.09124001998475,108.32505088380172,8580200
2021-01-04,109.00052642822266,110.72381879343084,108.05660807078733,110.41206654756964,16819900
2021-01-05,109.59364318847656,110.1605833749792,107.95387731647128,109.01797900248445,13731200
2021-01-06,114.73966217041016,115.80376346013715,111.53863430498866,113.28306755783079,24909100
2021-01-07,118.50764465332031,120.53118637299494,117.67904448543982,118.35065261071895,21940400
2021-01-08,118.63847351074219,118.92630553737303,116.98126002186044,118.59486017781255,12035100
2021-01-11,120.40906524658203,120.5398919359636,116.97254224367336,117.38248361562971,15937900
2021-01-12,122.30177307128906,123.5577625897442,121.08939688784832,121.62144763361275,18033500
2021-01-13,122.4151840209961,122.79894682530433,120.45270342199923,120.88007956806983,14816800
2021-01-14,123.13038635253906,124.50848537087764,122.10989808702536,122.53728752154211,18565600
2021-01-15,120.92366027832031,123.54901771330755,119.50194823584364,119.86827625173117,27881000
2021-01-19,120.40037536621094,122.72046704232113,120.20850059311638,121.98781071584162,19843800
2021-01-20,118.59486389160156,120.51373082030904,118.1325918276968,120.20846409808344,16028800
2021-01-21,117.60054779052734,118.7605933424841,117.15572369678286,118.35065193281059,13411700
2021-01-22,116.69344329833984,117.22549408844472,115.3066269681873,115.73401639267233,12933200
2021-01-25,115.23686218261719,116.15268916898226,113.44010420858275,115.25431018196504,14212800
2021-01-26,114.76587677001953,116.15269331690963,114.55654069714151,115.78636517106646,11307800
2021-01-27,111.52122497558594,113.25693473036779,111.07639420207519,113.03015068977889,17603900
2021-01-28,113.48371124267578,115.28046911680856,112.50683627629444,113.30054053201765,13761800
2021-01-29,112.22770690917969,114.88796068578534,111.80904816514845,114.42568860595634,14808100
2021-02-01,113.0562973022461,113.44880398164975,112.06197455285893,112.86440928842399,11080700
2021-02-02,116.53643035888672,117.21675573130128,114.45184091081236,115.07983560979811,12253600
2021-02-03,117.87092590332031,118.41169398714808,116.449213711284,116.5713230627587,10600800
2021-02-04,120.58352661132812,120.94113737082691,118.15877394020477,118.15877394020477,12419500
2021-02-05,120.34800720214844,121.66505801948283,119.82468712142486,121.57783135156843,10051300
2021-02-08,122.23201751708984,122.37157489196449,120.52247294718511,120.53992094627539,10136400
2021-02-09,121.74356842041016,122.09244851544936,120.83645887903215,121.61272840307855,8614800
2021-02-10,121.81336212158203,122.86873319000941,121.27258060599009,122.10991156982409,10323200
2021-02-11,121.4731674194336,122.58959953865731,120.55734066145082,121.81333012280768,9201000
2021-02-12,123.20013427734375,123.5141316121065,121.2376542623064,121.28126759109112,8324600
2021-02-16,126.16564178466797,126.75003637631202,124.20316196445691,125.20621519124894,12130600
2021-02-17,126.55818939208984,126.80240811744625,124.83119700845505,125.55513584037668,10810100
2021-02-18,126.98556518554688,127.16000523051382,125.07541541719137,125.59874886101453,10587800
2021-02-19,129.10507202148438,129.82028031501665,127.2210872875697,127.2210872875697,11969800
2021-02-22,130.3174285888672,130.99775408735456,128.03222005727807,128.101998737754,11488400
2021-02-23,131.3640899658203,132.84685041429984,130.47442837316328,132.14907687709675,16234400
2021-02-24,133.67543029785156,134.11153702853494,130.9279632181149,130.9279632181149,15061400
2021-02-25,131.86122131347656,135.10585637111618,131.34661857863202,134.55637095463845,18127700
2021-02-26,128.36366271972656,131.59085009648362,127.78799859979135,131.09369530848298,19829200
2021-03-01,131.2681427001953,132.03569490307837,129.50626755672417,130.41337712539013,14845500
2021-03-02,130.8407440185547,132.38456565981377,130.69246931872738,130.90180535261874,14221700
2021-03-03,133.3701934814453,135.17566883073292,131.54727013251954,131.9048676170949,14324100
2021-03-04,131.3204803466797,134.65234275952952,129.62838379639877,133.10852092740717,20093900
2021-03-05,131.62571716308594,133.87602915734584,129.06140783686143,133.64052783114255,18465100
2021-03-08,133.3701934814453,135.594340968504,131.486208788248,132.98641734295057,17133300
2021-03-09,132.4281768798828,134.538931946083,130.67503254168378,132.1403448287298,16238800
2021-03-10,135.30648803710938,136.20486690078857,132.14906603482623,132.49795942926417,14342200
2021-03-11,134.60000610351562,136.19614524365193,133.76267521048072,134.41683539572196,11771500
2021-03-12,136.19615173339844,137.48703747620974,135.25417273361805,136.8154292608615,12849500
2021-03-15,135.51577758789062,136.8677108788979,134.2859669367302,136.37055621330515,12101100
2021-03-16,133.89352416992188,134.8442472452134,132.74220897325014,134.39940972763037,12805600
2021-03-17,135.27159118652344,136.83286083528608,133.49228146738594,135.4896445658204,13952400
2021-03-18,137.5044403076172,141.02818997659742,137.03345091685122,137.46084028376376,21898500
2021-03-19,135.31524658203125,136.01302027444373,131.8700047800945,135.63796142483997,54418800
2021-03-22,131.6781005859375,134.29474163093764,131.36410312818052,133.27425322045855,19944800
2021-03-23,130.36106872558594,132.68114711095865,129.9249618646544,131.11989040475078,17076300
2021-03-24,131.37281799316406,133.60568284664132,130.70994039882686,130.83204977959753,13079800
2021-03-25,133.05613708496094,133.42246506152387,130.2476092890601,130.8319905832618,15608300
2021-03-26,135.27159118652344,135.58558858506797,133.056174708792,134.58254836387076,16754400
2021-03-29,133.1695556640625,134.0853825343547,131.7391260040835,132.68111821561928,17570300
2021-03-30,134.7395477294922,135.95192405189854,134.21622757609916,134.72211304062506,13184300
2021-03-31,132.7770538330078,134.7482648080813,132.6811098182129,133.69288064533723,16736700
2021-04-01,134.06796264648438,134.13772802488742,132.18397801543156,132.48924479994716,16561500
2021-04-05,134.7786102294922,135.9367195792239,133.88372215449144,135.46294270440302,13508000
2021-04-06,133.83106994628906,135.35766498439006,133.2344778959358,134.0504076213853,13071600
2021-04-07,135.9279327392578,136.19114061745248,133.9275742846724,134.3223927956188,16903500
2021-04-08,136.09461975097656,136.43678594687682,133.62926672573258,135.111991370403,12335500
2021-04-09,137.11236572265625,137.77914743229562,135.96303845267494,136.70000982448306,12122400
2021-04-12,136.8228302001953,137.96338871440565,136.48944605897694,136.49821474598244,12273400
2021-04-13,135.19094848632812,136.1648081715784,133.73454330166422,135.7700030856245,16113600
2021-04-14,132.66419982910156,134.9628542854535,132.41852932679228,132.89230618237104,19939600
2021-04-15,133.5064239501953,133.53274339420523,131.0059830581096,132.69926309684334,17694100
2021-04-16,134.49781799316406,135.55940447234656,133.9626337176681,134.9979007560315,13773400
2021-04-19,133.9275665283203,135.00671742768907,133.55031218835987,134.6031302528563,11900200
2021-04-20,130.96212768554688,133.1379534230256,130.41816121069638,133.12918473646477,13716700
2021-04-21,132.07635498046875,132.13777594909584,128.78629019193536,129.66364080221095,12236700
2021-04-22,129.29513549804688,131.8657793567874,129.19862641009473,131.80435839749703,15256100
2021-04-23,131.769287109375,132.5939988050386,128.69856004774692,129.12845326849802,14041900
2021-04-26,132.0939178466797,133.7608921913555,131.93600114826583,132.28693606961383,10799100
2021-04-27,132.69927978515625,132.980038406312,131.69910062507782,132.04126682754392,12821200
2021-04-28,133.55906677246094,134.13812133234876,132.83086422968807,133.7345342001312,8943700
2021-04-29,136.1560516357422,136.2350099825177,134.4101189956228,134.70841500831395,12976900
2021-04-30,134.94529724121094,135.54190262651443,134.2434140650396,135.19973641888575,11705100
2021-05-03,134.55050659179688,136.41048582924128,134.3487196751878,135.85776398050254,11801100
2021-05-04,136.41046142578125,136.55084072844346,133.4801137660702,134.12057592691917,12977700
2021-05-05,138.2002716064453,138.86705324950864,135.66472888324276,136.86669493301082,10506700
2021-05-06,140.98147583007812,141.09553569668807,137.88442915621852,138.68282144787173,13542400
2021-05-07,141.46397399902344,141.69208026857135,137.76155448386967,137.93702187485295,14257800
2021-05-10,141.44647216796875,143.64861746920158,141.35873174847708,141.69212927777525,14014300
2021-05-11,139.09519958496094,142.47300575406632,138.65652415454787,141.32367826835394,15451700
2021-05-12,138.13885498046875,141.06043420524304,137.7703693197731,140.0339355674534,14381700
2021-05-13,141.6920928955078,142.52557311743215,138.34060786365194,138.77928307385477,15395000
2021-05-14,143.8942413330078,144.28027766988598,142.12200307705683,142.47293789932496,10584000
2021-05-17,144.47332763671875,144.63125771261335,143.03447312904086,143.33276913235386,9886800
2021-05-18,142.43788146972656,145.20153062519208,142.34137236403018,144.48209667594477,11098100
2021-05-19,141.34996032714844,141.41136790975796,139.1829032032472,141.2534512224979,13278900
2021-05-20,141.1042938232422,142.00796383963726,139.95496671815567,141.1042938232422,10426000
2021-05-21,142.70986938476562,143.2011836393055,141.20082509593067,141.5517600242279,10249000
2021-05-24,143.48191833496094,144.08729242089208,142.23608202777748,143.32400164505287,9440300
2021-05-25,141.9991912841797,145.3769828553027,141.7447521288418,143.7538923769107,12609100
2021-05-26,141.98162841796875,143.65737103158918,141.52540242431533,143.5082230579018,13058300
2021-05-27,144.1925506591797,144.54348548145074,142.63086794165437,143.84160244960327,15707500
2021-05-28,144.09605407714844,144.71019676306028,143.23624092956538,144.48207706021694,10291300
2021-06-01,145.68406677246094,146.43858880823447,145.1839705149716,145.52613670635102,9445400
2021-06-02,145.69287109375,146.90361947660122,145.22787624268904,146.74568937186334,10498600
2021-06-03,145.7893524169922,146.73689270280568,144.46455778661007,145.12257075837152,13354400
2021-06-04,146.0262451171875,146.2280320193317,144.78917748104757,145.8244582150433,8510800
2021-06-07,145.34190368652344,146.60529069316695,144.88567762583378,146.51755027819704,7267200
2021-06-08,144.76284790039062,145.42962953189502,143.14852602160676,144.31540391722018,10370700
2021-06-09,142.95550537109375,144.0785130403404,142.37645077645823,144.00832338759906,12377400
2021-06-10,140.72702026367188,144.97340702152871,140.64806192858512,144.20133426786262,12119400
2021-06-11,140.63050842285156,141.42890060595343,139.5513710358222,140.75333695968982,13683800
2021-06-14,138.244140625,140.66562346432084,137.44574836513888,140.50769339474135,19917900
2021-06-15,136.1472930908203,137.67388832885717,135.22608544461443,137.48087007850847,24485500
2021-06-16,137.10362243652344,138.28803806337302,134.3311905100963,135.75249461724047,25321200
2021-06-17,133.146728515625,138.14763788130867,132.69928450795481,137.83179111492137,29722400
2021-06-18,129.77767944335938,131.33936220328832,129.46183273981725,130.98842737148848,43595700
2021-06-21,131.9798583984375,132.6554221808849,130.74280409494676,130.79544299458775,18664800
2021-06-22,131.786865234375,132.45364700106543,130.42696886153223,132.12903149965578,14251200
2021-06-23,132.58517456054688,133.39233523925395,131.68150481224964,131.7780138818398,12733300
2021-06-24,133.8047332763672,134.33991767021917,132.67295690893988,133.2870996427108,13733200
2021-06-25,135.15585327148438,135.5506583367514,133.06775470378264,133.87491559355055,15484900
2021-06-28,135.40151977539062,135.53311701053644,133.46256905795974,134.84878461316265,14125800
2021-06-29,135.23483276367188,137.13868212552998,134.76983797603094,135.9893548810851,14528700
2021-06-30,136.46307373046875,136.93685043782142,134.85753429806402,134.89262242323983,12531000
2021-07-01,137.81422424316406,137.86686313352374,136.35781913578148,137.09479037543045,10479400
2021-07-02,137.68185424804688,137.93775961576466,136.87886128161767,137.61126012814032,11424000
2021-07-06,135.3699493408203,137.46124789562833,134.4346008473526,137.46124789562833,15083400
2021-07-07,135.52877807617188,136.13764056710934,133.72867517920366,134.13457453019439,12271800
2021-07-08,133.19041442871094,134.59343727062452,132.39624064812526,133.78162505773517,17834600
2021-07-09,137.45245361328125,137.78775890144348,134.63757494231,135.0523070422969,13694500
2021-07-12,139.42022705078125,140.4438218226232,135.83765881378912,136.19944871039002,19940400
2021-07-13,137.34654235839844,138.88193424752143,135.44937410042743,137.69951297544227,22671700
2021-07-14,136.87887573242188,138.784876777768,134.96405547032572,137.61127465626654,14622800
2021-07-15,137.17893981933594,138.1231079063791,135.62589554239537,135.80237417446864,11539300
2021-07-16,134.04632568359375,137.9024363714532,133.2609847240321,137.62007339610787,14002700
2021-07-19,129.687255859375,132.2021192170501,128.5754287611085,131.08145943847524,22172900
2021-07-20,132.10504150390625,133.3492240447344,129.1225041630273,129.29016349962586,15385200
2021-07-21,134.8846435546875,135.58173869000836,133.56103394769963,134.16989652122658,12356700
2021-07-22,133.18161010742188,135.39645909830062,132.3345073850934,134.9023135995332,9913300
2021-07-23,132.92568969726562,134.86698094037396,132.5815517653712,133.66690778681482,9666100
2021-07-26,133.8169403076172,134.09049763269448,132.5109824579729,132.528634358016,8208000
2021-07-27,133.6404266357422,134.5581366948297,132.1844616788865,132.71389736117442,11218700
2021-07-28,133.86105346679688,134.80523481497434,133.13748719177391,134.38167003186203,9217300
2021-07-29,135.0081787109375,135.77586796753158,134.0463589698904,135.13171506791187,9063500
2021-07-30,133.931640625,135.59938816137955,133.4198433037231,134.6375684289838,9805200
2021-08-02,133.3933868408203,136.28767903704824,133.3051542709142,134.1522569571761,10203200
2021-08-03,134.9110870361328,135.29052871393145,131.93738237015577,134.08162303133852,10394800
2021-08-04,133.4551544189453,135.3346709744882,133.1639586789139,133.46397363611462,10155000
2021-08-05,135.14053344726562,135.61704043868053,134.13459069972117,134.37284419542863,9151500
2021-08-06,138.97901916503906,139.2613956986616,136.8700682381922,136.94066237159782,13328800
2021-08-09,138.82901000976562,139.9055469684494,137.56716177006567,138.99666939152928,9516900
2021-08-10,140.5320281982422,141.1673618372012,137.92893220041265,138.3083739263378,8667000
2021-08-11,142.2085723876953,142.50858723461627,140.37316605711317,141.1849780652545,9156500
2021-08-12,142.76451110839844,143.27630838442684,141.670335900191,142.84393790935846,8844200
2021-08-13,141.16738891601562,143.09104209865234,140.8056124819098,142.76454253593573,8980900
2021-08-16,140.24082946777344,140.32907548523525,138.34366127241137,140.24966214819074,8755800
2021-08-17,138.54666137695312,140.17911904293894,137.01128244417657,139.04082040434747,9347200
2021-08-18,137.2847900390625,139.42903113923518,137.07300765476205,137.92894294435325,8065500
2021-08-19,136.13768005371094,137.26715934891328,135.01701997671375,135.1493890365227,9517700
2021-08-20,136.5259552001953,136.68478193103937,135.14940300838674,136.19946905493362,6974100
2021-08-23,138.27305603027344,138.61719392757308,136.98475045143914,137.06416378209656,7934600
2021-08-24,139.12904357910156,139.90556567659948,138.42311562359944,138.5378327873996,7670900
2021-08-25,141.99681091308594,142.75568082013766,139.24370774538704,139.87020863740662,11335000
2021-08-26,142.7291717529297,144.5645778647752,142.19972276250317,143.1791939696792,11027500
2021-08-27,143.8763427734375,143.97340800020234,142.29682803466864,142.7292119474304,8780200
2021-08-30,141.5733184814453,144.26466133139064,141.07917293479102,144.0175885580635,7937600
2021-08-31,141.14096069335938,142.39397669568294,140.61152470806624,141.5733448594721,12340800
2021-09-01,140.9379425048828,141.85563917935198,140.27613774611248,141.37914567739637,8729900
2021-09-02,141.59095764160156,142.60571976469916,140.6820665289585,141.2026966143261,8813300
2021-09-03,140.73500061035156,141.97036417603067,140.43497220344116,141.52916097908056,7959700
2021-09-07,140.4879150390625,142.40273512283778,140.26731346077798,141.176190886154,9285600
2021-09-08,139.8614044189453,140.81440487866988,139.45549157955347,140.20554235180816,7852700
2021-09-09,140.47032165527344,141.9174680730465,139.49084970111585,139.65850912476245,7904300
2021-09-10,138.85546875,141.82035473081487,138.73193239515157,141.6791664782873,8311600
2021-09-13,141.0614776611328,141.22913701958183,139.481976241257,139.887875616442,10052800
2021-09-14,138.59957885742188,142.3674444678126,137.88481836768284,141.58210331522693,11685600
2021-09-15,139.56143188476562,140.0291063082809,138.0701625679332,138.29076421919348,11691500
2021-09-16,139.49966430664062,141.9351152820763,138.73197482844824,140.66444754958064,10880900
2021-09-17,139.13780212402344,140.31140397707767,138.5377723753972,138.87309103754126,25581600
2021-09-20,134.97288513183594,136.3847272540793,132.79334030701713,135.79351659818047,15819900
2021-09-21,134.99050903320312,136.3758933566516,134.63755190675133,135.47583518041282,8999900
2021-09-22,137.57601928710938,138.75844092585058,136.8612720795786,136.94950466286076,11236200
2021-09-23,142.22628784179688,142.6939757222191,139.12904555530196,139.42024134599984,12336100
2021-09-24,143.8675537109375,144.35287999190146,141.90862361546894,142.4557113515801,10102400
2021-09-27,147.34420776367188,147.71481681295234,145.25290903399915,145.5970469700776,13220900
2021-09-28,146.55006408691406,149.3914139186296,146.1794549955321,147.97955822002362,13387900
2021-09-29,146.43533325195312,147.2736166039412,145.63234023012714,146.6647675235906,7777100
2021-09-30,144.4411163330078,147.35306035884318,143.64694243625956,147.2912854433882,13161200
2021-10-01,147.47659301757812,148.50900693938615,144.36169935326012,144.71465654441621,11285000
2021-10-04,147.3177490234375,150.39735227429443,146.2412121146315,147.33540092187218,14120000
2021-10-05,149.7235107421875,151.0373382733105,147.95693536946504,148.43631384344195,12292900
2021-10-06,150.04306030273438,150.11407982266005,147.36213099429037,149.1287059952723,8692600
2021-10-07,150.99290466308594,152.25347055621103,150.50465397141386,151.9782784060651,10195400
2021-10-08,151.10829162597656,152.1025375875202,150.29158765105353,150.93074963935595,8190100
2021-10-11,147.93028259277344,152.05819254045156,147.77049882242736,151.62321657967215,12154700
2021-10-12,146.7939910888672,147.97466523143729,146.27023735853876,147.14020278889987,13032600
2021-10-13,142.92347717285156,146.83834088548312,142.5683932068052,145.64879469908428,22753500
2021-10-14,145.11619567871094,145.59556052113143,142.089054582482,143.5893098167956,15176800
2021-10-15,147.9036407470703,148.4007638334521,145.71096220524572,146.78511380271135,14267400
2021-10-18,147.85037231445312,149.67908081294712,147.28222973680852,147.7882251588793,12672900
2021-10-19,149.64356994628906,149.71457591236566,147.87699515082716,148.60492144060018,8053900
2021-10-20,151.65870666503906,151.68533729116422,148.6582099083732,149.40389453105317,8185600
2021-10-21,150.46913146972656,152.09366708097616,149.74119170645807,151.5876581900819,8415200
2021-10-22,152.49319458007812,152.7683867931292,150.64672743486955,150.93967791683724,8817900
2021-10-25,151.74749755859375,153.54070329759966,151.33913868008358,153.31877236365895,10159200
2021-10-26,152.15582275390625,153.12345179247123,151.39237990036722,151.8007387248317,8015100
2021-10-27,148.98667907714844,151.53444191342504,148.551689561808,151.1971160983183,9847000
2021-10-28,151.23260498046875,151.3657581127488,149.10207359045828,149.40389638735192,7212900
2021-10-29,150.81541442871094,152.9015710340732,150.37155247400338,151.960572311796,8140100
2021-11-01,150.73548889160156,152.98142879759922,150.03417957412736,152.72398133578608,7435500
2021-11-02,151.33026123046875,152.41328523532852,149.95428677718738,150.73548797297835,7173800
2021-11-03,151.3834991455078,151.91613870516917,150.1584362856387,151.0284151361247,8402700
2021-11-04,149.39500427246094,151.09055966282864,147.79711256915726,150.91301764530465,9574200
2021-11-05,149.18194580078125,150.99289588896477,148.61380326864656,149.93650269353003,7975600
2021-11-08,150.0785369873047,151.72970328582724,149.79447250297517,150.06966462846458,6413700
2021-11-09,148.9422607421875,149.55479217792714,147.89475342266923,148.56054610576243,7990300
2021-11-10,148.80020141601562,149.98087523840923,148.32970906780574,148.64929005390914,6999200
2021-11-11,148.79139709472656,149.74125458363417,148.16110719246393,148.7115051980653,5815300
2021-11-12,148.12554931640625,148.90675036034077,147.11354503021204,148.8268449476939,8113400
2021-11-15,147.85922241210938,148.95111851267316,147.36209942471726,148.43625080829239,6492500
2021-11-16,146.7939910888672,148.31200457091123,146.58093252515914,148.30311866476382,9706100
2021-11-17,146.00393676757812,146.97155247386561,145.04519342301782,146.66085726632977,9909600
2021-11-18,144.74334716796875,146.34125248380784,144.30835769306057,145.93289363536465,8122500
2021-11-19,142.8524932861328,143.90888663503773,141.54753838990771,143.18983261989092,12193600
2021-11-22,145.89736938476562,147.34434954562852,144.69006482715585,145.72869974467815,14549900
2021-11-23,149.38613891601562,149.63470046131974,146.80285977133175,146.91826818364734,12354400
2021-11-24,148.21435546875,150.41590646025415,147.75273535025133,149.54594102375142,9629800
2021-11-26,143.74908447265625,144.38824658577076,140.98827691858202,143.93551239964296,13619300
2021-11-29,143.12767028808594,146.27909173433054,141.8759903237604,144.97413697643654,12104400
2021-11-30,140.99717712402344,142.5950827223778,140.5177986717218,141.29012761252096,18922600
2021-12-01,140.1626739501953,144.93863109222534,140.08278207982204,142.92349479520567,12253400
2021-12-02,143.1099395751953,144.9208899117364,140.97052226797672,141.88487656937767,12969900
2021-12-03,140.51779174804688,143.66034152756737,139.54130371342652,143.3673910535043,12681800
2021-12-06,142.17779541015625,144.35271522095726,141.556391685011,142.93235223869502,11186500
2021-12-07,144.3172149658203,145.04514118741957,143.06552158795503,143.70468358747834,9851600
2021-12-08,142.66607666015625,144.9386470831941,142.1866982938537,144.39713510383055,11705700
2021-12-09,142.4441680908203,142.8613858183416,140.8373766211828,141.72510042855387,11189600
2021-12-10,141.8760223388672,143.54493384976266,141.26349075768516,143.20760802123158,10405400
2021-12-13,140.18930053710938,141.84933923091603,139.62115801039147,141.5919053630412,12069000
2021-12-14,141.26345825195312,142.82584688333145,139.63892246781506,139.772075587176,12563600
2021-12-15,140.2070770263672,141.90263246789226,139.68332331791328,141.90263246789226,14014200
2021-12-16,142.3997344970703,143.65142792354268,140.88172130285696,142.3819762337313,19542800
2021-12-17,139.15953063964844,141.48537541489821,137.75692588764477,141.43211417232354,28082000
2021-12-20,136.6561737060547,137.33083876838214,134.79194872025192,137.16216911640348,15148000
2021-12-21,138.5647735595703,139.5323890332335,137.67704995901607,137.96112801307527,11291300
2021-12-22,139.10629272460938,139.42587377923533,137.81022378599536,138.26295796938717,7273000
2021-12-23,139.60342407226562,141.25459069474886,139.5590487237726,139.91413278524888,8055200
2021-12-27,140.4024200439453,140.43792304109087,138.78675598918255,139.90529681035437,6188100
2021-12-28,140.82850646972656,142.1689645634819,140.33138329709124,140.43790582105865,6342300
2021-12-29,140.75746154785156,141.70733236718596,140.39349159583065,141.01490899512024,6398900
2021-12-30,140.6864471435547,142.2488495131852,140.58879699545278,141.24571740501003,6948200
2021-12-31,140.571044921875,141.40549377176825,140.2248332413656,140.65980915922302,5805900
2022-01-03,143.544921875,144.37938433363047,141.60080477363516,141.91151349183633,13120900
2022-01-04,148.98667907714844,149.65247189183447,145.79086814841963,145.86188767412355,20195800
2022-01-05,146.26290893554688,150.35305666868305,146.2182539602125,149.87081836471359,17539400
2022-01-06,147.8167724609375,149.4688970905359,146.3432404311652,149.0581041320163,14047500
2022-01-07,149.2813720703125,149.61179428581275,147.40597253919904,147.9507304123867,13913300
2022-01-10,149.42425537109375,151.20140571744204,147.82569762411396,150.9870836967746,12922500
2022-01-11,149.5760955810547,150.49593074021448,148.5222955104893,150.26373034449165,11854100
2022-01-12,150.42446899414062,151.45146506821953,149.29922381974978,150.442333705723,12568000
2022-01-13,150.2369384765625,151.6479510421781,149.93330648348643,150.33517395982636,13623400
2022-01-14,141.00283813476562,143.80699816639134,140.11871890717197,143.5658722630873,40158400
2022-01-18,135.0908966064453,139.11852392455683,134.4389640627138,139.11852392455683,32324800
2022-01-19,133.0011444091797,135.948194728272,132.6617966797485,135.3587955658784,22380000
2022-01-20,131.8670196533203,134.5014995118015,131.59910344486124,133.05477106362076,14860800
2022-01-21,129.5629425048828,131.73303484956145,128.83957838998995,131.72410930711447,20705400
2022-01-24,129.44683837890625,129.92015102305317,124.64226671968898,127.06241044703916,28471400
2022-01-25,130.85784912109375,131.14362998848688,125.73176723317908,128.28587582168265,18915900
2022-01-26,132.09915161132812,134.46572790599552,130.34879187913316,132.8135899951292,20709100
2022-01-27,129.76832580566406,134.29606906724538,128.71453957917038,133.43874014209345,17536800
2022-01-28,130.92930603027344,131.06325730708755,126.96418471517951,128.76813912804664,14117000
2022-01-31,132.7064666748047,132.8761337453502,129.19679342056898,130.063047992457,13985700
2022-02-01,134.98367309570312,135.26945388157705,132.4385044020558,132.78679121810345,14584900
2022-02-02,133.90313720703125,134.79618199179012,132.23314782010237,134.4032401062111,12441100
2022-02-03,132.79576110839844,135.43024058418234,132.42960946425285,133.9567220918846,12474900
2022-02-04,136.24290466308594,137.0823689070362,132.85827106175142,133.15297746399662,16654400
2022-02-07,136.69839477539062,137.18955858833567,134.71583392905356,136.87700103707832,12572300
2022-02-08,139.27035522460938,141.52975782547924,138.2433589975901,138.42196525966506,20411400
2022-02-09,139.850830078125,140.59204531797832,139.154256179702,139.84189090841247,9131100
2022-02-10,139.27035522460938,142.02093526627363,138.6184362359828,139.90442312577747,16455600
2022-02-11,137.4574432373047,141.27074805076114,136.6090534689701,138.96669101162917,16830000
2022-02-14,136.18040466308594,137.24311651458467,134.2424991078371,136.394726691121,17026500
2022-02-15,138.17185974121094,139.2613752286794,137.39491531024436,137.98431438195402,9500000
2022-02-16,138.4219512939453,139.40430607642196,137.29671969229446,137.29671969229446,9076500
2022-02-17,135.23374938964844,137.28775487958325,134.55504033829814,136.63583607849807,11367500
2022-02-18,135.8678436279297,137.65393333705288,134.96587323046438,135.85891808502598,11733300
2022-02-22,135.62669372558594,136.8501742262607,134.32285609941718,134.492536772073,11333500
2022-02-23,132.7868194580078,136.90375609595887,132.14382617982338,136.74300096302238,11799000
2022-02-24,129.08961486816406,129.4825567187557,124.82978780865857,127.65181234765235,25655100
2022-02-25,132.1438446044922,134.07282470800104,129.41112960457934,129.71476157639572,18367700
2022-02-28,126.63375091552734,129.54507195558378,125.8121513636117,128.19657926061055,31315300
2022-03-01,121.85597229003906,125.454942099948,119.2929378210445,125.06200016878851,36840400
2022-03-02,124.38325500488281,125.06196401819835,121.99882747744763,122.60609128513316,19405600
2022-03-03,123.4991683959961,125.90146126334403,122.40072702744817,124.88339066222525,16640800
2022-03-04,120.02521514892578,120.93612465647561,118.23912555666925,120.50746696983305,21016000
2022-03-07,115.39032745361328,118.49811961886832,115.15812707873793,118.03373249590018,27560100
2022-03-08,114.57765197753906,117.69436964681233,113.65781009895336,115.7743287538605,19207800
2022-03-09,119.16790008544922,120.7753834480156,118.27485528699926,118.6856482632882,17536200
2022-03-10,117.75689697265625,119.17683504395328,116.38161387016636,117.75689697265625,15604200
2022-03-11,115.10454559326172,119.73945036069834,114.6848134403135,118.31951237610286,20061800
2022-03-14,116.24763488769531,118.70350798009756,115.40817063218913,115.6135807384728,15786900
2022-03-15,118.31057739257812,119.26614191873468,117.10497502644601,117.70331343810263,15096600
2022-03-16,123.59740447998047,123.67778887458549,120.05201525815532,120.44495718099488,20354900
2022-03-17,125.16020965576172,125.19593907487352,121.38263437814307,122.22209857912071,17050500
2022-03-18,125.11558532714844,125.78536894533065,123.65099236046133,125.19595609090248,23656500
2022-03-21,124.71372985839844,125.70501036188816,123.89213008663536,125.33887226513559,12676100
2022-03-22,127.36605072021484,128.53593728032945,126.56231581492807,127.05349320228457,13548600
2022-03-23,124.8298110961914,126.44622013394346,124.31184343530798,125.90146221704737,12093200
2022-03-24,125.64246368408203,125.66032839395895,124.23145139298659,125.29417678877739,10017600
2022-03-25,126.74092102050781,127.86615260405861,125.74071516846267,125.99969217415911,8383500
2022-03-28,125.80323791503906,125.89254786087292,123.15089331983091,125.0262931680657,10818100
2022-03-29,126.08004760742188,128.24122783130846,125.24059701326506,128.01796665028374,11316500
2022-03-30,125.50851440429688,126.91952687081952,124.94590542764549,126.72305591808961,8771000
2022-03-31,121.73989868164062,125.33886887470908,121.68630453613557,124.87448166782717,17353900
2022-04-01,120.837890625,122.71329016994913,119.48939787240515,122.70435100074064,15721300
2022-04-04,121.37373352050781,122.29356866138258,118.67673415386987,119.77517554628453,17416400
2022-04-05,119.96126556396484,121.81457230593722,119.66437462066956,120.61803055722018,12110300
2022-04-06,118.29688262939453,119.25951644558293,117.82006157251607,118.37784913464786,12914700
2022-04-07,117.93699645996094,118.68371951851185,115.81378804281272,117.81104399995166,12994200
2022-04-08,120.09619903564453,120.46505098606252,118.29687033546263,118.45880332914051,13126900
2022-04-11,119.6553726196289,121.36472959450755,119.26852349297991,119.6553726196289,10466400
2022-04-12,118.34185028076172,121.07683777078546,117.58613547211941,118.8816544171002,12989900
2022-04-13,114.52728271484375,116.28162557761347,113.36671479643655,114.20340297650245,30838000
2022-04-14,113.46566772460938,115.42693623777015,112.47603147089522,113.80753769886891,18835200
2022-04-18,115.5708999633789,116.2726371281174,112.9438745829109,113.06082848906898,11834400
2022-04-19,117.96400451660156,118.14394839833008,115.36397466799782,115.56190195566656,15015400
2022-04-20,118.37783813476562,120.11418376020698,118.16191374636419,119.22352482960204,13430200
2022-04-21,117.46019744873047,119.48444261724799,116.92040697380047,118.9536438455066,12174200
2022-04-22,114.08643341064453,117.42419417133756,113.97847808212015,117.20826978650032,14318800
2022-04-25,114.05046844482422,114.36535651867105,110.7576998632124,113.3667283500431,17149000
2022-04-26,110.67671203613281,113.7265806825748,110.5417678665557,112.1341708426179,17209500
2022-04-27,109.23725891113281,111.16254033859113,109.05732876168437,110.05595687808226,17215200
2022-04-28,110.96460723876953,111.24350787885761,108.98534824301431,110.48778619022181,13015600
2022-04-29,107.38395690917969,111.20753109257689,106.97011205652652,110.70372116132876,14874800
2022-05-02,108.36458587646484,108.5985005674857,106.35833789270694,107.85177738792764,18545000
2022-05-03,110.68572235107422,111.71133933209506,108.66147722581275,109.3362256008999,15720900
2022-05-04,114.34735107421875,114.6172531567878,110.42481349388046,110.47879802873133,17128500
2022-05-05,111.48641204833984,113.44768073684472,109.90300762862368,112.68296736106554,15055400
2022-05-06,111.30648040771484,111.81928883996807,109.02133201335472,111.3784552068824,14417900
2022-05-09,109.63310241699219,110.95561016010113,108.4095583052652,109.85801851306121,14312300
2022-05-10,106.96110534667969,111.36046393484135,105.76454998716217,110.75769040385855,16382400
2022-05-11,106.2863540649414,110.5597600613588,106.10642392643965,107.32996808715706,14630300
2022-05-12,106.1963882446289,106.44829318230772,103.79428590675552,105.26073643046848,16318800
2022-05-13,107.14102935791016,108.18464334933826,106.12441106396625,107.42892855325138,10443200
2022-05-16,106.39431762695312,107.47391219955917,105.46766436041887,106.64622256963487,10269000
2022-05-17,109.9209976196289,110.63173332545871,108.68845490994003,108.89538074384784,11160200
2022-05-18,108.04071044921875,109.73208416377499,107.53690050729766,109.12931057413431,12664900
2022-05-19,106.43928527832031,107.64483905645565,105.82751325595927,106.33132995101164,12765800
2022-05-20,105.56663513183594,107.6628551832425,103.47941364783122,107.47392645117823,13150100
2022-05-23,112.09815979003906,113.87049939139803,108.36455192588245,108.37355048992046,24376700
2022-05-24,113.68158721923828,114.69820545840763,110.75767809706423,111.88225852866964,19324900
2022-05-25,114.47328186035156,115.03107618882731,112.61097706237321,113.60960496922038,12780400
2022-05-26,116.45257568359375,117.12732406211168,115.34599218660581,115.48992807423521,15990900
2022-05-27,118.09894561767578,118.09894561767578,116.18265611791662,117.10031761850692,11177800
2022-05-31,118.9626235961914,119.79031322349003,116.69547911924765,117.11830877128729,17015000
2022-06-01,116.87541198730469,119.53841107158583,115.75982312736578,119.53841107158583,10768000
2022-06-02,118.7557144165039,118.76470611953074,115.75982997366175,116.86641346876135,8374800
2022-06-03,117.10033416748047,118.54879455606064,116.94739285039942,118.04498463443115,8596000
2022-06-06,116.71347045898438,119.10658129736305,116.4705709306623,117.93701471465394,11323500
2022-06-07,117.01937103271484,117.2442871633433,115.71484649283684,115.90378208279286,6722200
2022-06-08,115.15705871582031,116.46156952602723,114.16742911526035,116.05672323703766,8422100
2022-06-09,112.7369613647461,115.24703312010699,112.70097395946144,114.5902749854795,13560100
2022-06-10,107.55487823486328,111.01858468838155,107.34795240954237,110.28985188085524,12945200
2022-06-13,104.3520736694336,106.11541510077954,103.5153854881623,105.13478418220184,16805600
2022-06-14,102.61572265625,105.54863061899442,101.86000782996334,103.95622759852188,13357900
2022-06-15,103.83027648925781,105.21575368895456,101.8150231982726,104.01920519830738,14083500
2022-06-16,102.0489273071289,102.79565036358842,100.64545312015963,102.43578325147227,16724900
2022-06-17,101.6890640258789,103.12852566467713,100.90636040622633,102.14789478270957,30919900
2022-06-21,104.2081298828125,105.28772442537145,103.49739417780154,104.24411728275042,11680500
2022-06-22,103.62335205078125,104.54100677343308,102.91261630869728,103.35344996911567,9842700
2022-06-23,102.4897689819336,103.62334807194982,100.29459246666248,103.47040676802952,11851500
2022-06-24,105.54862213134766,105.99845431002949,101.50913108867529,101.8689982043996,14841100
2022-06-27,104.70294952392578,106.61024068911306,104.03719973180849,106.21438612217534,11280500
2022-06-28,104.19915008544922,107.32098723745618,104.00122278208684,105.8635281649754,11590900
2022-06-29,103.73129272460938,105.09877939025644,103.21848436700502,104.3610549659152,9338400
2022-06-30,101.31121063232422,102.63371842464491,99.79977413594268,101.8150205098198,15172600
2022-07-01,102.60671997070312,102.93959138117171,100.00669059626647,101.34718853115355,10573600
2022-07-05,102.21646118164062,102.2981438930075,99.20315438309007,100.53735380769287,12514200
2022-07-06,101.55387878417969,102.55226212775857,100.55549544060081,101.40866278810402,10656200
2022-07-07,104.12245178222656,104.28582410524803,102.92439038827249,103.01515125114886,10347400
2022-07-08,103.79570770263672,104.96654153657856,103.11499084043402,104.52180845883026,8807800
2022-07-11,102.43427276611328,103.67771804588263,101.85339493787605,103.06053448780433,7939500
2022-07-12,102.53413391113281,104.53997917644448,101.889722647811,102.18016162458437,11250900
2022-07-13,101.57205200195312,102.08939662485734,100.18338355926285,101.42682905711841,12979900
2022-07-14,98.02323150634766,98.23198773138412,96.26244161341391,98.01415334231731,26204800
2022-07-15,102.5159683227539,103.36005760475044,97.7237221764294,99.07608481534061,18863900
2022-07-18,101.4631118774414,105.13897854956785,101.00930066424485,104.16782283031158,13977900
2022-07-19,103.97723388671875,104.32213487677055,102.26182787440001,102.6793334034956,11862300
2022-07-20,103.95909118652344,104.14061293275311,102.99701346720677,103.55973503528523,11667500
2022-07-21,104.66703033447266,104.85763023564225,102.89716916317614,103.86832499748431,11595900
2022-07-22,104.15876007080078,105.51111565732424,103.16944794470042,104.59441499315257,7645500
2022-07-25,104.57626342773438,105.70171336591828,104.16782915628804,105.13898493452133,9394000
2022-07-26,102.94254302978516,104.903010967723,102.58857080620362,103.99538846118368,10675100
2022-07-27,104.59442901611328,105.04824032709473,102.83364583824078,103.47805706888111,9337400
2022-07-28,104.20413970947266,105.26606332469507,103.04238398730452,104.60349583569682,10384800
2022-07-29,104.70332336425781,105.73801237342818,104.18597885967264,104.9120726439519,12944500
2022-08-01,103.65956115722656,104.47642276270157,102.62487209849485,103.92277250369129,14740400
2022-08-02,102.04399871826172,103.83201616462607,101.89877579335833,103.39635431452609,14942900
2022-08-03,103.11499786376953,103.55973097180934,101.39051364380984,102.96977493279545,14394500
2022-08-04,101.98047637939453,102.85179324862285,100.76425848875998,102.42520951663785,18033900
2022-08-05,105.0663833618164,105.45666131685763,101.69910469139563,102.13475961702619,14174600
2022-08-08,103.78665161132812,105.91956351491643,103.63235741832135,105.51113608057814,10332500
2022-08-09,104.72148895263672,105.27513927070466,103.80479514861854,104.14968923011551,10233800
2022-08-10,107.45342254638672,108.34289560451963,106.64563911049727,107.06314461138093,12847300
2022-08-11,109.04177856445312,110.0038563041755,108.28845014486139,108.82395107943522,11684900
2022-08-12,110.84793090820312,110.9568480985828,108.40643114752942,109.52280291932867,9906700
2022-08-15,111.14745330810547,111.38343710291792,109.45927486177466,109.94939185502653,8456200
2022-08-16,112.2093734741211,112.76302378413506,110.61196277026787,110.99316257973668,9555000
2022-08-17,111.26544952392578,111.78280104571164,110.44859473599418,111.00224506757232,8149300
2022-08-18,110.40321350097656,111.15654192764482,109.4139081819101,110.9477856809423,9531800
2022-08-19,107.67125701904297,109.81324671950163,107.19929635562796,109.47743081896355,13464500
2022-08-22,105.89230346679688,106.3370434273426,104.830386923504,105.96491492051162,8967600
2022-08-23,104.84854888916016,106.4550446032187,104.72148229223701,105.91047248431808,7607000
2022-08-24,105.10269927978516,105.65634961675113,103.87740323674224,104.63980981740474,9771300
2022-08-25,107.5986557006836,107.77109927585279,104.99377649832141,105.4294383676452,10758900
2022-08-26,104.07706451416016,108.90561566350064,104.01353121974553,108.42457687370283,11276200
2022-08-29,103.82293701171875,104.24952069379636,102.97884781143607,103.46896479140118,8117300
2022-08-30,103.84111022949219,104.90302706316842,102.88810368156044,104.37660426669925,10745400
2022-08-31,103.22391510009766,104.40382025395047,102.86993593687029,103.90463200891637,10738300
2022-09-01,103.93185424804688,104.0407645161226,101.57203713673447,102.82455369187618,9979800
2022-09-02,103.20575714111328,106.6002634672433,102.73379647194963,105.16622513135546,10666600
2022-09-06,103.23298645019531,104.14968716060882,101.71725846017837,103.76848735316932,9751900
2022-09-07,105.19345092773438,105.38405082502955,102.34351678313175,102.67933268210457,10647900
2022-09-08,107.6440200805664,107.81647056017205,104.04075788310112,104.63071385446968,11435000
2022-09-09,108.16136932373047,108.96008153820604,107.70755808354569,108.13414175725697,9299700
2022-09-12,109.44111633300781,110.32151121463062,108.72409376884706,109.4774220618449,8614600
2022-09-13,105.63819122314453,107.93447523588812,105.08454089699559,107.16299743006753,12904600
2022-09-14,105.39313507080078,106.95424007081796,104.26767810095566,105.91955089744567,9345700
2022-09-15,106.9814682006836,108.35197321088188,105.06638414248548,105.39312880144128,10821400
2022-09-16,106.26444244384766,106.55488136271414,104.71240882197272,106.54580319895298,14844100
2022-09-19,107.24468994140625,107.7620345473943,104.83948866196289,105.28422179790783,8201300
2022-09-20,105.1299057006836,106.81808394188472,104.04983281394483,106.5639507743249,9619000
2022-09-21,102.09845733642578,105.82878652068666,102.03492403576533,105.77433138429497,12606300
2022-09-22,100.93669891357422,103.10591616726137,100.80963231563014,102.90623810631774,11684500
2022-09-23,99.05792236328125,100.1470666293607,97.26083363178914,99.88386218933628,18138600
2022-09-26,96.92501068115234,99.48450593537461,96.2624431883022,98.0232331100431,15753600
2022-09-27,96.07182312011719,98.1775066679008,94.98267908404627,97.79630694773688,12793600
2022-09-28,98.0141372680664,98.68578280395765,95.8812260950074,96.16258681231295,12762600
2022-09-29,96.35321044921875,97.36974324411146,94.75579286845979,97.07022614935472,12713900
2022-09-30,94.84654235839844,97.67832678578611,94.75578150182905,96.26243110978753,15973400
2022-10-03,97.7781753540039,98.3499750383792,94.8102458896218,95.8630913175498,12248100
2022-10-04,102.35260009765625,102.55227818255409,99.71142186684585,100.39213883375518,16013600
2022-10-05,101.0888671875,101.60168102153392,99.66031037179722,100.5027922381571,10943500
2022-10-06,99.0284423828125,100.90571823117006,98.84529658683022,100.23722280136262,11521400
2022-10-07,97.05045318603516,98.63468477736758,96.40026946115013,98.46069135916748,11681100
2022-10-10,96.14384460449219,98.26836784175403,95.71344432592626,97.73724227236144,8931700
2022-10-11,93.36914825439453,95.73176668930427,93.26841597322337,95.57609206806305,12739700
2022-10-12,94.880126953125,95.90576156520447,92.7464442175861,93.22263446077322,13181000
2022-10-13,100.1548080444336,100.64015068566272,93.18600369948167,93.38746826449699,22398700
2022-10-14,101.82146453857422,105.53021942862705,101.39106421861624,102.52658356155584,33387100
2022-10-17,106.09798431396484,107.15109015904487,104.68773925856723,105.68590275946444,22276300
2022-10-18,108.82689666748047,110.0173653829019,107.10530231257025,109.57781264769982,21539700
2022-10-19,106.6932144165039,108.81773780803796,105.92398669571581,108.04851008724987,17072000
2022-10-20,106.34523010253906,108.70784867549702,105.90567738316727,107.2884512437602,12207400
2022-10-21,111.93126678466797,112.07778202749257,106.52838184082461,106.64742591227989,20593300
2022-10-24,112.06861877441406,112.72795481078448,111.10709287684404,111.78474069797399,12624200
2022-10-25,112.36165618896484,112.88362938644316,110.70416369964258,111.58327608557636,11289100
2022-10-26,113.65284729003906,114.65100365719529,112.52648049441963,112.63637215314657,11667000
2022-10-27,114.1015625,115.56674972416157,113.74442333244073,114.6510068357401,10727600
2022-10-28,115.45687866210938,115.6400244667623,113.59792149728024,114.7334408565705,11859500
2022-10-31,115.27372741699219,116.69313187506613,115.00816110608834,115.1088933959679,13295200
2022-11-01,117.35246276855469,117.47151383290596,115.68581773328512,116.18031980392584,13386900
2022-11-02,116.27188873291016,119.37625691475094,115.96969186898045,116.89459424650867,16546100
2022-11-03,116.48249816894531,117.37992232993088,115.30119593470816,115.66748751829829,12474400
2022-11-04,119.66928100585938,119.80665083109656,117.6363445290073,118.57955864183005,14953200
2022-11-07,120.3011474609375,121.14362930229979,119.48613679035985,119.96232703917457,12011200
2022-11-08,120.37440490722656,120.933008651379,119.17478390907824,120.18210671759188,9884100
2022-11-09,118.80850219726562,120.35609613435625,118.33231192339889,120.25537781826624,9494000
2022-11-10,123.69857025146484,123.85424488989284,121.36342272878547,121.45500262109827,16351600
2022-11-11,123.9000015258789,124.69669327691902,122.50806858109391,123.7992692606683,10704700
2022-11-14,122.62715148925781,124.29379652408163,122.62715148925781,123.44216222030933,11085600
2022-11-15,121.73887634277344,124.27548835872932,120.51178407947867,123.33226021587494,14038300
2022-11-16,121.90373229980469,122.30666155007418,120.90557554908504,121.79384758541575,7893400
2022-11-17,121.37257385253906,121.69308949913398,120.21874267643067,120.87807876938678,8820200
2022-11-18,122.56301879882812,123.32308703557402,121.13446219892091,123.23152113511634,9468500
2022-11-21,121.83959197998047,123.22235868712089,121.56486632360674,122.47145679770185,7800500
2022-11-22,123.66192626953125,123.87255721626288,122.42568162642476,122.70955971543894,9185700
2022-11-23,124.9806137084961,124.99893248287495,123.49711436581545,123.57037549020015,7316200
2022-11-25,125.21868133544922,125.58497288326187,124.59596893641546,124.9805792535568,3220500
2022-11-28,123.03007507324219,125.19122906709268,122.88355284274715,124.60515411824149,9906900
2022-11-29,125.0538558959961,125.12711700928688,123.0850141288976,123.31394986800805,7925300
2022-11-30,126.53736114501953,126.53736114501953,121.96781251377331,124.6234616268747,14761200
2022-12-01,124.76081085205078,126.97690687116938,124.01904740649437,126.53734024273736,8858500
2022-12-02,123.7718276977539,123.94582110410714,122.1051687244011,123.15828156222832,8931900
2022-12-05,120.3011474609375,123.23153609383242,119.59603544662698,122.9293392420728,10154500
2022-12-06,120.50261688232422,123.72603612446282,118.92753781929792,122.15095706143653,13966700
2022-12-07,120.42019653320312,121.8670720542558,119.34877897086182,120.24620313901356,11739400
2022-12-08,121.6839599609375,121.77552589636095,120.3561211525414,121.18029841014577,8907300
2022-12-09,121.02460479736328,122.4897852929503,120.87808255586556,121.06122837117269,7957800
2022-12-12,122.9018783569336,123.30479355320443,120.51178848674357,121.24437173314853,8841600
2022-12-13,122.78282928466797,125.53921082280596,121.86708623866639,125.35606500823162,10025400
2022-12-14,122.16927337646484,124.27548500890414,121.57403206016197,122.5080938050597,9966100
2022-12-15,119.13817596435547,120.95134328433645,118.17664297069904,120.0996949848819,12087800
2022-12-16,118.39642333984375,118.95502720906131,117.6088836877195,118.26821986034125,21133700
2022-12-19,119.10154724121094,120.26454490915187,118.21327530225786,118.7260892106986,9017200
2022-12-20,119.67845916748047,120.92387025075503,119.22974005117493,119.93486609876084,8549900
2022-12-21,121.02460479736328,121.7755068320615,120.66746556691888,121.04290959770297,8051700
2022-12-22,119.65098571777344,120.2370606885674,117.5905639336046,120.05391488015606,8648200
2022-12-23,120.21871948242188,120.36524169106103,118.71690177668786,119.57770228603422,5091900
2022-12-27,120.63998413085938,121.07953684483128,119.5502477587565,120.48430950243451,5411000
2022-12-28,121.29933166503906,122.16928477590163,119.97149305184182,120.74072784048434,8827700
2022-12-29,121.99527740478516,122.04106734709401,121.16194796340132,121.729704123271,6585200
2022-12-30,122.8011474609375,123.01176444801733,121.28101065841543,121.61983111238689,9292500
2023-01-03,123.73517608642578,125.21868908507152,122.6088162327224,123.84507473607256,11054800
2023-01-04,124.88902282714844,126.07947743440992,124.14727330402683,124.53188365034441,11687600
2023-01-05,124.86135864257812,125.19346180691988,123.3392132742021,125.14733363036125,8381300
2023-01-06,127.25062561035156,127.65653096737671,124.06797908108167,125.5808900905041,10029100
2023-01-09,126.72482299804688,128.11781802662577,126.27280343097205,127.8595171093418,8482300
2023-01-10,127.85953521728516,127.97023160427145,126.66949275179746,127.1122923760889,9048700
2023-01-11,128.80966186523438,128.92035820506027,127.39822722709299,128.13622159438606,8703700
2023-01-12,128.68052673339844,129.94435701771593,128.4314458628536,129.1510003099014,11001700
2023-01-13,131.927734375,132.37054791484914,124.35395902005588,125.09196751012998,20200000
2023-01-17,129.88902282714844,130.5716691791465,128.44067969679156,130.23034600314747,14292900
2023-01-18,125.98681640625,129.82443570121728,125.83921187435125,128.15469990359847,13392600
2023-01-19,124.307861328125,125.36873911522979,123.23774945896278,124.83369725699328,13303400
2023-01-20,124.6122817993164,124.99051315250682,123.20084682408736,124.68608406893968,13092500
2023-01-23,126.63257598876953,127.26910825273292,124.37243600869981,124.64917692664585,10487100
2023-01-24,127.72112274169922,129.41853266077536,124.5384756243457,125.84843419730726,6945000
2023-01-25,128.33920288085938,128.33920288085938,126.61411884438579,127.35212745255436,8967000
2023-01-26,129.13255310058594,129.2063553652818,127.63809595043652,128.6159513240574,7487600
2023-01-27,129.4462127685547,130.31335768367455,128.92037692534547,129.7137336540936,7489900
2023-01-30,128.34841918945312,129.23401813554992,128.14546649840148,128.44066145498658,6729300
2023-01-31,129.11410522460938,129.21558157284034,127.53661182508125,129.04030296441033,9188700
2023-02-01,128.7727813720703,129.962823586279,127.4166946124427,127.49973096149544,8841800
2023-02-02,128.1731414794922,129.5753562429886,127.30598253465021,129.15099677428282,11822100
2023-02-03,130.15652465820312,131.3004385410896,127.42591149773286,127.47202559211956,11501200
2023-02-06,130.92222595214844,131.21743502591008,129.17868782973096,129.36318646266028,8406200
2023-02-07,132.5181427001953,133.15467486781688,130.23954897835594,130.42406166418485,10447900
2023-02-08,131.58642578125,132.8779302241988,131.25432262787135,131.5956457857201,6958000
2023-02-09,129.53848266601562,132.23220248602038,129.03110079936252,132.02924973935913,6443100
2023-02-10,130.1104278564453,130.33183468351544,127.85028770927389,128.94807368610296,6582900
2023-02-13,131.52183532714844,131.66942575539255,129.83364575635736,130.35024744606255,7134600
2023-02-14,132.10304260253906,132.6657726188391,130.62703936769975,131.45729030752534,9249400
2023-02-15,132.65650939941406,132.73953165108261,130.35024189968968,130.63621681744115,6728300
2023-02-16,130.8299560546875,132.27828479759046,130.7007915549268,131.8354853567696,8165300
2023-02-17,131.21742248535156,131.76169832719637,129.21558365288175,130.05505446393278,7948800
2023-02-21,128.80966186523438,130.38714101311461,127.99785116960368,129.78751707060394,9996300
2023-02-22,127.82261657714844,128.62519346981344,126.78941284623758,128.1547197872762,11107500
2023-02-23,128.84658813476562,129.30784176770013,127.25065450618847,127.97942905263373,8068000
2023-02-24,130.0089569091797,130.40564239801506,128.1639421690133,128.33000081532785,9126900
2023-02-27,131.1436309814453,132.2045086636795,130.73772554869174,131.09750280475183,10014700
2023-02-28,132.2414093017578,132.61962654587361,130.90376263556865,131.8631779812996,11019800
2023-03-01,131.50338745117188,132.3428722747317,130.81150713916256,131.08826207923448,7139200
2023-03-02,130.1381072998047,131.39270367337005,128.726658226856,131.217439116247,11106800
2023-03-03,132.52735900878906,132.60116125795565,130.1472892594403,130.5439605128286,9513100
2023-03-06,131.7524871826172,132.87793303450798,131.60488264991764,132.3244371513992,9261300
2023-03-07,127.87794494628906,131.28199880341774,127.1307163584009,131.00524382514803,11747600
2023-03-08,127.1214828491211,127.85025727401231,126.28199799887747,127.30598145625316,10002500
2023-03-09,120.23958587646484,126.70637040071524,119.20638230996192,126.16208045104264,25888100
2023-03-10,123.29308319091797,124.77832036454066,117.91487149668787,118.96653619295384,37599700
2023-03-13,121.0790786743164,123.50527728856319,119.38166868303325,121.04218457726407,42901100
2023-03-14,124.18791198730469,125.027396898887,121.11596139071918,124.79677010403532,29648100
2023-03-15,118.32076263427734,120.83921730242474,116.90933485138834,120.82998322201568,34280600
2023-03-16,120.61782836914062,121.7248343037224,116.25436578335037,118.09015332283113,24558500
2023-03-17,116.06063842773438,118.523731171571,115.72853524450113,118.43148888954974,38396000
2023-03-20,117.28756713867188,119.43701064586844,116.24513651602736,117.14918964833143,22875500
2023-03-21,120.43331909179688,121.52187084305194,120.10121593311274,120.47021318660936,17807800
2023-03-22,117.324462890625,120.53479095895408,117.23221358068643,120.4425346108443,17250200
2023-03-23,117.01081085205078,119.49235749309963,116.25435522322675,117.98867327821704,16677600
2023-03-24,115.23037719726562,115.94070464118424,113.56986142967864,115.89457646612907,22311100
2023-03-27,118.53295135498047,119.35398217332511,116.50343135783469,116.96468494288993,18853900
2023-03-28,118.89273834228516,119.31708379259778,117.84107360696267,118.73591379966149,10820500
2023-03-29,119.13257598876953,120.12888542669916,117.86873862557152,120.01818907015445,14595300
2023-03-30,118.7728042602539,120.03663464387499,117.7580477285773,119.87981010605174,12134700
2023-03-31,120.21190643310547,120.23958052195135,118.86505385479836,119.61228240632168,13105200
2023-04-03,120.07353210449219,121.2543401115248,119.38165175304299,119.84290532067578,11775400
2023-04-04,118.46837615966797,120.47021514899892,117.53664892978881,120.38719287706124,11579900
2023-04-05,118.64501190185547,119.14706902554262,117.57580146323419,117.89191912291825,9614700
2023-04-06,118.51485443115234,119.082000683968,117.94770817833668,118.0778721943855,8760200
2023-04-10,118.90534973144531,119.22146032380778,117.35267385939126,117.65019263184118,9477300
2023-04-11,119.4911117553711,119.88160386923768,118.57995639627434,119.28656624046724,10516300
2023-04-12,119.47248077392578,121.26688554319499,119.06338985391498,120.10470187807898,11821000
2023-04-13,119.92809295654297,119.97456896574172,117.91983565795982,119.43532808978173,12450200
2023-04-14,128.98382568359375,129.34642652580754,125.42289218861391,125.65532898969498,43931300
2023-04-17,130.0065460205078,130.22038389324814,127.98899640224877,130.11811113901308,16050500
2023-04-18,131.46624755859375,131.8195560320996,129.26275124856613,130.41564287639508,13760100
2023-04-19,131.2988739013672,131.55920192925032,130.53647454341413,131.30816626421534,9158100
2023-04-20,130.9176483154297,131.49408680784185,130.01579275915282,130.08088184665004,10586200
2023-04-21,130.66665649414062,131.19661917231718,129.03030663899233,129.92287013341033,11842500
2023-04-24,130.84327697753906,131.1872929768161,130.2017493480571,130.59225552959447,7567500
2023-04-25,127.99828338623047,130.1274122203145,127.96109974389691,129.79270269205225,10629300
2023-04-26,125.72969055175781,128.12843966134915,124.58610564390162,127.95178545062049,14416100
2023-04-27,127.42182159423828,128.2214045340633,126.1294739087224,126.44558446505003,9041100
2023-04-28,128.52822875976562,128.60261022124138,126.13877219035167,126.96624644240126,9887300
2023-05-01,131.28030395507812,133.29785370973943,130.9363020252192,132.26583373334603,20415800
2023-05-02,129.16046142578125,132.40528381144946,128.70488025365032,131.46623018999736,14113400
2023-05-03,126.42701721191406,128.92803938903776,126.22247169793857,128.71420151054193,12930900
2023-05-04,124.69766998291016,126.18527093974366,122.54995656425722,125.47866828799553,17089200
2023-05-05,127.1336441040039,128.19355540179592,126.36195218389314,126.85471709157082,11261400
2023-05-08,127.44043731689453,128.27720400268896,126.89187576524127,127.83092938271956,7484900
2023-05-09,126.8268051147461,127.3288623057515,125.71111143387805,126.38051629294698,7343600
2023-05-10,126.89185333251953,128.36085514148462,125.39496025141302,128.25858241469552,8133400
2023-05-11,126.49210357666016,127.19870630889098,125.4228858337718,125.51586622421974,7057300
2023-05-12,124.67911529541016,127.36608435361809,123.77725930340239,127.20802901923146,9988600
2023-05-15,125.72969055175781,126.13878152674747,124.54892200381812,124.8371413216115,7639500
2023-05-16,124.8836441040039,126.38982994850535,124.54893456224629,125.94355528843374,6477200
2023-05-17,128.72348022460938,128.85364424817092,125.94354553851306,126.35262233626756,12711500
2023-05-18,129.6997528076172,129.9135907216575,128.08198734276218,128.55616756162263,10999600
2023-05-19,129.4021759033203,130.62015634556295,128.4259529385829,129.96932211998757,13492200
2023-05-22,128.33299255371094,131.68938019077746,127.98899066253614,131.09434260740792,11402500
2023-05-23,126.9941635131836,129.2627488951612,126.87330602719749,127.877420494051,9514900
2023-05-24,125.83197021484375,126.77102387365669,125.59024107397305,125.88775277144353,8578000
2023-05-25,126.13877868652344,126.69663258291455,125.1253578219997,125.34850221791892,8472500
2023-05-26,127.31957244873047,127.93320895067457,126.10160599557224,126.54788063934289,8579900
2023-05-30,127.80303192138672,128.04476103992013,126.46419393944916,127.18939548186306,7399900
2023-05-31,126.17596435546875,127.2265687580125,124.95798393859496,127.12429602642196,14219900
2023-06-01,127.91458129882812,128.51891111427392,125.93421584510475,126.92905184628603,12248100
2023-06-02,130.60153198242188,131.54057112772205,129.55091357592627,129.75545900350613,12922500
2023-06-05,129.3185272216797,130.26687328356348,128.42597790551955,130.26687328356348,8511900
2023-06-06,129.55093383789062,130.2575505843406,128.50032945388895,128.9372974591774,9329500
2023-06-07,130.80612182617188,131.34537684682581,129.076791651942,129.74621069918032,9281400
2023-06-08,130.84327697753906,130.99203988604742,129.68109335508964,130.7874944335514,7368100
2023-06-09,131.10362243652344,131.83813052835976,130.35983616853576,130.49000018411496,7249100
2023-06-12,131.09434509277344,131.3918709835064,129.94145354640617,131.15943420142702,7596600
2023-06-13,132.04269409179688,132.83297065646826,130.29476491165087,130.61087553751943,7701600
2023-06-14,131.54994201660156,133.52100162444762,130.81543375282095,132.9538552409123,9068700
2023-06-15,133.03750610351562,133.32572542805949,130.1924823122168,130.71313840646567,9343100
2023-06-16,133.19554138183594,133.8556679507628,132.48893881540624,133.00030246924925,13813500
2023-06-20,132.51686096191406,132.95384326002164,131.13153259272033,132.5912424367851,8428600
2023-06-21,132.32159423828125,133.90216123389115,131.7358491133408,132.8608349910178,9926500
2023-06-22,129.7741241455078,132.5819648406862,129.1883788324124,132.31233019089228,10075200
2023-06-23,129.0953826904297,129.4021867304495,127.95178361219067,128.80714918996347,9919500
2023-06-26,129.41148376464844,130.1738689072679,128.0168633016688,129.11395792287587,8429700
2023-06-27,129.4207763671875,130.01581386502326,128.8071399575032,129.23482980914127,8154000
2023-06-28,128.8536376953125,129.43009050189633,128.26790671248017,129.3836003129569,7558600
2023-06-29,133.35362243652344,133.4744941017453,130.02514023569887,130.22968573677505,15423200
2023-06-30,135.22239685058594,135.74305286566013,133.5674484368948,134.44141282797466,14212800
2023-07-03,136.31024169921875,137.11911724800308,135.74309532252184,135.91974956577747,8021600
2023-07-05,135.4021759033203,136.14171413854416,135.14006000089324,135.68301845141943,8934900
2023-07-06,134.0635223388672,134.23201930820707,132.4065640524601,133.88565490395533,9709500
2023-07-07,135.12132263183594,136.52552097664736,133.866908872023,134.71879262942724,8981500
2023-07-10,135.87957763671875,136.6659395090326,135.2710974449543,135.2710974449543,9100100
2023-07-11,138.0045928955078,138.37905430721347,136.40381499872336,136.99356851026602,11260900
2023-07-12,138.68795776367188,140.29810603554432,137.61141161777365,138.03266818424507,11323200
2023-07-13,139.3619842529297,139.83005031333101,138.31352084858835,139.20284350650235,11234900
2023-07-14,140.20452880859375,143.12525681027427,138.93138839786866,141.870843043834,27028400
2023-07-17,143.58395385742188,143.93031818225228,140.7474745833013,140.7474745833013,17262400
2023-07-18,143.8460693359375,144.53879798376371,143.05972175958414,143.58395347715305,13491700
2023-07-19,144.3983917236328,145.2970849199136,142.49804450203536,142.99419342486166,12510000
2023-07-20,146.1770477294922,146.58894821231368,144.5481867273733,144.6605180284174,9935900
2023-07-21,145.0537109375,146.16771076680183,144.81032165848947,145.84942918250036,10636400
2023-07-24,147.9088592529297,148.64839726412828,144.84770354601892,145.07238037328685,14381400
2023-07-25,146.80426025390625,147.6467735305015,145.99918598070113,147.25359971580744,9944700
2023-07-26,147.68421936035156,148.14292930748638,146.29874762297274,146.70129192030421,8728600
2023-07-27,146.05535888671875,148.63907877636402,145.61537558273733,147.69359033815113,10778400
2023-07-28,146.88851928710938,147.53445284492707,146.4485359733566,147.234883659289,9103800
2023-07-31,147.8714599609375,149.20076607298495,147.11318082189925,147.14126364731788,8892700
2023-08-01,147.14125061035156,147.9088858617673,146.17703559842258,147.3752836576012,6853900
2023-08-02,145.47494506835938,145.74643141841656,144.1081999906907,145.6247296556844,8299400
2023-08-03,146.36428833007812,146.897876304198,144.4920237619121,145.10050403286803,6084000
2023-08-04,146.05535888671875,147.7216731631504,145.75578970773367,146.4110794314577,6209400
2023-08-07,146.7480926513672,147.62805928952613,146.59832234097993,146.59832234097993,7251800
2023-08-08,145.92430114746094,146.01790580284208,142.84441801525406,144.46393710846394,8623400
2023-08-09,143.96778869628906,145.58730795628765,143.6682337702767,145.40008434199916,6277800
2023-08-10,143.75247192382812,145.51240519701045,143.31248860553254,144.5201072567677,5995100
2023-08-11,144.58560180664062,144.65113791090116,142.88184879101806,143.2562959220307,5180700
2023-08-14,144.88519287109375,145.02560699541831,143.15334248845306,143.7992760288352,5044300
2023-08-15,141.19683837890625,143.48100350640703,140.6351532778257,143.08782964934886,10300300
2023-08-16,140.5977020263672,141.3185278436564,140.12026544675294,140.9815196692057,6978200
2023-08-17,139.13734436035156,141.599362526,138.9220236528226,141.24364197541,9953900
2023-08-18,139.45562744140625,139.95177640901298,138.0233461901272,138.21992597052116,8517500
2023-08-21,139.93304443359375,140.5134561406489,138.56629935066977,140.09218520164686,8327000
2023-08-22,137.03103637695312,140.08282221486544,136.534887452353,139.72708740694694,9673300
2023-08-23,137.95779418945312,138.16374441088766,136.16979258953467,137.00294965470403,7858000
2023-08-24,137.82675170898438,139.86752750903037,137.60208910349877,138.0795114244007,6534000
2023-08-25,137.65823364257812,139.12795367028764,136.53487793470126,137.8735400345625,6695500
2023-08-28,138.13568115234375,139.11862293308627,137.73315111613948,138.14505161734553,5094100
2023-08-29,139.25904846191406,139.34331123259852,137.7799575793808,138.27612088497915,6337000
2023-08-30,138.69737243652344,139.6241343213218,137.78932291407224,139.12798531844592,6277300
2023-08-31,136.98423767089844,138.87522886814105,136.63787329971225,138.79096610726893,10933900
2023-09-01,137.44293212890625,138.62245352140573,136.3944543846634,136.75954535978775,7903500
2023-09-05,135.9263916015625,138.74415864513009,135.74852419936798,137.76121698537963,7854700
2023-09-06,135.70176696777344,136.24471122155913,134.90604866728975,135.45836338754435,8629200
2023-09-07,134.5409393310547,135.9919472963918,134.23201394868647,134.92475701377694,8373700
2023-09-08,134.64390563964844,134.91537771193597,133.53926213708527,134.21327851187928,7107900
2023-09-11,135.2336883544922,135.78600302416146,134.51286243054037,135.50516045652148,6854200
2023-09-12,136.9935760498047,137.91099584579266,134.8498397012467,135.2710963138877,8363200
2023-09-13,137.05911254882812,138.26671674641662,136.5067980043591,137.92970859849189,8325900
2023-09-14,139.71774291992188,140.3262231887897,138.09823807360453,138.39779297567569,10034900
2023-09-15,139.30584716796875,140.16708718154675,138.83778101161687,139.40882229373597,19863400
2023-09-18,139.59603881835938,139.61476546325227,138.31354218596897,138.6973598429271,6512400
2023-09-19,139.4181671142578,140.15771958020997,137.80803280911252,139.95176934545702,7943400
2023-09-20,138.82843017578125,140.65388539898544,138.67864557176296,140.09220027603982,7332000
2023-09-21,137.74249267578125,139.34328503841164,137.26507039146745,138.15439313326482,8052400
2023-09-22,136.4225616455078,138.0888760647545,135.9170564679509,137.88292580761203,7071700
2023-09-25,137.09657287597656,137.16210899360448,134.52220904350628,136.06683591353567,7044700
2023-09-26,135.67364501953125,136.52552882591283,135.0183552777935,135.36473393604743,7468400
2023-09-27,136.46939086914062,136.7595896504992,135.28049862798795,135.91707613789373,6717800
2023-09-28,138.16375732421875,139.36200547860716,136.68466663396703,136.9374263446685,8868100
2023-09-29,135.7578887939453,139.25901390338058,135.60810422128415,139.10924361496248,11917800
2023-10-02,134.58773803710938,136.31957413491773,133.52054783987114,135.58003593998507,9170600
2023-10-03,133.59542846679688,134.41921506435102,133.25842031372002,134.0541240888714,9431100
2023-10-04,134.19454956054688,134.30688084770995,132.86522933598312,134.04476498816743,8128700
2023-10-05,134.7603759765625,134.9489954403181,132.8082911555661,133.94936120720567,8576200
2023-10-06,136.8350830078125,137.57065291285397,134.04367882202118,134.7698235091785,10270600
2023-10-09,136.52386474609375,137.11796998670525,135.32620026862298,135.4770900778378,6964900
2023-10-10,137.3537139892578,138.4099281416334,137.00479393684975,137.13681890719138,11288800
2023-10-11,137.8252716064453,138.8437563954765,136.75964633550754,138.16476653612236,8698200
2023-10-12,137.50462341308594,138.58912775754237,136.86336329119763,137.96671807007812,10484400
2023-10-13,139.5698699951172,144.38880324418298,139.41898019566213,140.04138982618178,29427000
2023-10-16,139.4284210205078,141.00329554327354,138.3627815883004,140.9372758593186,12663500
2023-10-17,139.1266632080078,140.80527293299247,138.428808562367,139.164392858932,11482700
2023-10-18,137.59893798828125,139.07950296279404,137.0896884480104,138.24019813274663,9620300
2023-10-19,137.01425170898438,138.64572098900047,136.62761631159904,137.1934315805182,11143600
2023-10-20,134.80752563476562,136.87278493216152,134.02480093728053,136.3352597722285,13332900
2023-10-23,132.96861267089844,135.49595244442185,132.71398789413,134.7981121972243,10133400
2023-10-24,133.12892150878906,133.6570214733008,132.36506160371712,133.14778633313443,8881400
2023-10-25,132.4027862548828,133.13835617043748,131.5634813825373,132.5631156887243,8242600
2023-10-26,132.74227905273438,133.6004487370822,131.48803437322115,131.7992392386323,9109400
2023-10-27,127.96107482910156,131.17684405250557,127.48955492149321,131.03537944643568,17434700
2023-10-30,129.59254455566406,130.17722470352462,128.29114485659662,128.6683694597706,9855500
2023-10-31,131.13909912109375,131.3088537506683,129.63966944313077,129.86600415268222,9672500
2023-11-01,131.02593994140625,132.52536963058716,130.5827101254128,131.3182799499032,9432000
2023-11-02,133.36468505859375,133.42126514351625,131.29942562105097,132.1104404141124,10186200
2023-11-03,134.8546905517578,135.58083522229103,133.77020054443747,134.0908306209058,9538700
2023-11-06,135.87318420410156,135.9769191638664,134.65665473143704,135.01501448146942,7625100
2023-11-07,135.80714416503906,136.0429040937685,134.68493899158793,135.33562430758016,6297900
2023-11-08,136.47671508789062,136.58987525429612,135.4393655970245,135.90146025925483,7618200
2023-11-09,136.0712127685547,137.35374753206762,135.51482271407195,137.15571722301596,7992500
2023-11-10,138.08932495117188,138.13647982386263,135.87318983117473,136.68420471665647,7983300
2023-11-13,137.47634887695312,137.91957875986594,136.89166877168356,137.40090396181412,6676300
2023-11-14,139.98480224609375,140.7486620291352,138.17416791860668,138.32504332033207,9927700
2023-11-15,141.21078491210938,141.60685990157586,140.00369511859856,140.00369511859856,8365300
2023-11-16,142.82337951660156,142.89882442983355,141.5408447709493,141.5408447709493,8126200
2023-11-17,144.11534118652344,144.15305644499725,142.90823707069305,143.53064675784515,7812400
2023-11-20,144.55856323242188,144.99236786773022,143.26660332342516,143.41749314350156,7019000
2023-11-21,144.2567901611328,144.87919984297054,143.87958002103724,144.47368527220556,7083500
2023-11-22,144.5963134765625,145.11498831341973,144.19079882605695,144.67175839734603,5174500
2023-11-24,144.79434204101562,145.6430865972685,144.5491568436877,144.84149691463753,3496900
2023-11-27,144.46426391601562,144.78489398263042,144.01160885787445,144.69058425026378,6259100
2023-11-28,144.79434204101562,145.10554693934364,144.0210567942755,144.4925767512003,6582700
2023-11-29,145.5299072265625,146.76528704849733,145.22812758688474,145.3884426243466,9126100
2023-11-30,147.18966674804688,147.23682162015268,145.586501823976,146.08631181107492,9869800
2023-12-01,147.90634155273438,148.86824606580794,146.94445142930454,146.94445142930454,8916000
2023-12-04,148.99087524414062,149.04745533437793,147.0010605294652,147.13308553656773,9607500
2023-12-05,148.97201538085938,149.47182538080324,148.02897547309405,148.3024507149013,9135600
2023-12-06,147.4065399169922,150.1507890224694,147.11419989902313,149.79242931546503,9366000
2023-12-07,147.85919189453125,148.34957657978003,147.25564704716516,147.76489655598155,8130900
2023-12-08,149.49066162109375,149.73584676995327,148.0383723826528,148.3024223551613,7369400
2023-12-11,150.0376434326172,150.22624852159782,149.14174407807883,149.4906786018212,8093900
2023-12-12,151.3767547607422,151.4993401514318,149.83017004353027,150.16022534418147,10223000
2023-12-13,151.885986328125,152.80073607591623,150.66947133004385,151.376751172791,12379100
2023-12-14,154.6490936279297,155.45066878084032,152.49896415125406,152.6121243164545,13643000
2023-12-15,155.81846618652344,155.8656210556817,153.14023653822656,153.79093631953123,20309300
2023-12-18,156.761474609375,157.61021891526943,156.19565946175493,156.4691346246582,8469600
2023-12-19,158.8550262451172,158.87389106722682,156.12021701458775,156.54458197937433,10345700
2023-12-20,157.0632781982422,159.76037254396365,156.9689684644074,158.42125778345093,10734700
2023-12-21,157.95916748046875,158.5155575124074,156.24282812678547,157.3367577550905,7601700
2023-12-22,157.86485290527344,158.64757764689784,157.70453786994963,157.95916263882626,6576300
2023-12-26,158.79847717285156,159.15683691468658,157.65739264154033,157.9214570337028,4683600
2023-12-27,159.7509307861328,159.8169504768574,158.03460589267718,158.27979105184372,6428600
2023-12-28,160.5996856689453,160.93918058278578,159.3737310139855,159.7038007098136,6320100
2023-12-29,160.4110870361328,160.96747710381322,159.96785714773753,160.31677729363093,6435100
2024-01-02,162.27830505371094,162.36317518980186,159.28887034656313,159.458610618745,9977400
2024-01-03,161.5709991455078,162.24054929758722,160.6656746705868,162.07080905271448,9852300
2024-01-04,162.64321899414062,164.4839997839759,161.81770540051127,161.91259668017605,11972500
2024-01-05,163.45924377441406,164.5124733318374,162.70015693042274,162.70015693042274,10066000
2024-01-08,163.22203063964844,163.5446378440562,160.82142880255864,163.22203063964844,11229900
2024-01-09,161.9315643310547,163.0037604143166,161.40020795733633,162.84245683503605,9923600
2024-01-10,162.27316284179688,162.33009181707794,160.309026324343,161.3053268268902,9670200
2024-01-11,161.5900115966797,161.6469405809146,160.01490880041456,161.61847608879714,11919500
2024-01-12,160.40391540527344,167.29259640908697,160.26157849064393,164.9109759460637,19436500
2024-01-16,159.3981475830078,159.49302439057672,155.8968705158976,156.43771030633505,17206400
2024-01-17,158.54415893554688,160.42290202843512,157.97485469273727,158.78137265631167,11107500
2024-01-18,158.85726928710938,158.9616438945128,156.7887727674102,158.5726099507023,9382300
2024-01-19,161.59947204589844,161.84618358047715,158.53467484219206,158.98063779337124,13115700
2024-01-22,161.40969848632812,163.1840524158629,161.03016233915122,161.7418034738899,12837500
2024-01-23,160.34698486328125,161.06810933054288,159.8251118048267,160.99219920582442,8360800
2024-01-24,161.7797393798828,162.26365010364287,160.2236181256864,160.6980455138972,9967100
2024-01-25,164.094970703125,164.142416344373,162.1687963911467,163.49718747582935,8873500
2024-01-26,163.4687042236328,164.2088098113454,162.9942768223619,163.78182804587664,7443000
2024-01-29,163.8957061767578,164.00008079702863,162.5388505916141,163.43077653240536,6971200
2024-01-30,167.25465393066406,167.71958355620103,163.99059082342822,163.99059082342822,10822100
2024-01-31,165.44235229492188,169.1808431739778,165.42337114167398,167.18824195590526,11521800
2024-02-01,164.84454345703125,165.89777288401743,162.6621744802231,164.7591499982318,9354800
2024-02-02,165.79339599609375,166.82765873693674,164.398578274706,164.4365405747899,8607600
2024-02-05,165.5751953125,166.13501628029312,164.07600269490123,164.96792869965805,7820200
2024-02-06,166.1444854736328,166.87509326368186,164.87300900590824,165.6795413976579,6764800
2024-02-07,166.45758056640625,166.8750789697446,165.06277741470677,166.70429206567403,7225500
2024-02-08,165.8598175048828,166.3437282277405,164.69273018600555,166.04958556413828,6060300
2024-02-09,166.05908203125,166.14448997128747,164.78762000748162,166.04959869496852,6296700
2024-02-12,166.79916381835938,167.76699968066987,164.81606094073337,165.84082576934907,8539300
2024-02-13,165.3474578857422,167.2167032899838,163.79133635147977,166.3532562916045,8397600
2024-02-14,167.02691650390625,167.09334329239704,165.49925963075256,166.11602396443158,7056700
2024-02-15,170.6705322265625,170.9931539074644,167.1407907162721,167.1407907162721,8723400
2024-02-16,169.8734893798828,170.77489862748652,169.04799026069725,170.42382695213206,8152600
2024-02-20,170.53768920898438,171.2303637188881,169.28520825442058,170.02531392720303,9668000
2024-02-21,171.64784240722656,171.73325035019496,169.38957763277347,170.7464331647667,7024000
2024-02-22,173.70687866210938,174.0389691999663,171.970472406029,172.52081000181218,9296500
2024-02-23,174.57981872558594,175.72792504973566,173.82073190790015,174.40901731437765,7105800
2024-02-26,173.98204040527344,175.02578661879247,173.1470434344582,174.3520932485434,7145400
2024-02-27,174.06741333007812,174.15280678882112,172.91930710908773,173.9345742347972,5717100
2024-02-28,174.94985961914062,175.72791305734785,173.60248748692752,174.04843594056865,6131600
2024-02-29,176.54393005371094,176.89500171310078,174.4469689552258,176.16439390725577,9643000
2024-03-01,175.81332397460938,176.90451583340356,175.6330536993716,176.20235797152844,6311800
2024-03-04,177.13221740722656,177.99567880021087,174.84548820991387,175.26298666271404,7063600
2024-03-05,178.9065704345703,179.61821151467728,176.82857616411795,176.82857616411795,6617800
2024-03-06,179.8364715576172,180.3488613215342,178.03365300369188,179.57079333868876,7572900
2024-03-07,178.26133728027344,180.7568299062852,177.08476665622948,180.19700907849818,7618300
2024-03-08,178.59347534179688,180.71891558839314,178.3088159683026,178.80222458380084,6172200
2024-03-11,178.6598663330078,178.80220324195417,176.69574439925185,177.70152818428755,5762600
2024-03-12,180.130615234375,180.43425575956988,178.29933218131626,179.2861349314453,5708400
2024-03-13,181.59185791015625,181.92394844272968,180.1306132360268,180.62402184480607,7795500
2024-03-14,178.35623168945312,181.82904361105847,177.53073267534398,181.25972495957816,10310900
2024-03-15,180.56707763671875,181.17434415077483,176.94244522461395,176.94244522461395,17214200
2024-03-18,182.806396484375,182.84434431154483,180.17806424275938,180.88022211160907,9013800
2024-03-19,183.87860107421875,184.01144019291252,182.54072654965233,182.85385043194006,8478700
2024-03-20,186.28866577148438,186.5068983228866,183.7077795412809,184.2581170660835,9367000
2024-03-21,188.8790283203125,189.23009995235682,186.28865885050274,186.4689435734579,11203800
2024-03-22,186.5638427734375,190.22642320705918,186.48793264526574,188.83160536845347,8108800
2024-03-25,184.8559112548828,186.86747893022638,184.41943164766377,186.54487175179887,8620000
2024-03-26,185.71934509277344,186.6017875814552,184.1347593214929,184.63765120490154,5961500
2024-03-27,189.31553649902344,189.3914466295502,186.33613264813874,186.4499906047404,8725800
2024-03-28,190.0556182861328,190.45413556252706,188.38562458119483,189.2870482189171,8628300
2024-04-01,188.76519775390625,190.66290757030683,188.41412607095276,189.76149830319193,7309000
2024-04-02,188.6892852783203,189.56223004560812,187.9491796173942,188.24332231873962,7014700
2024-04-03,188.15789794921875,189.35344971011273,187.5885793135315,188.86004119107542,9353400
2024-04-04,186.7263641357422,190.57255397987643,186.63093389058443,190.06672853575785,9243800
2024-04-05,188.44422912597656,189.08366842916283,186.21096089165496,187.21307291356746,6532300
2024-04-08,189.42727661132812,189.90447149415994,188.6065008303441,188.6065008303441,8001000
2024-04-09,188.15789794921875,189.8090023909844,186.02007463207437,189.03594916913636,7351500
2024-04-10,186.55455017089844,188.0815794697576,185.32337934002095,186.63090309212447,7681400
2024-04-11,186.516357421875,187.60437557468177,184.4262563759214,187.0603664982784,10137700
2024-04-12,174.45286560058594,180.3128170621153,174.21426820465587,179.7306533963621,31532300
2024-04-15,174.54833984375,178.90990796764004,173.8898085897857,176.08490791538944,14766600
2024-04-16,172.5536651611328,174.80602549423577,171.45610823988386,174.55787484556882,16451800
2024-04-17,171.86647033691406,174.09973836837415,171.02660288050362,173.09762643748962,9017100
2024-04-18,172.9831085205078,174.99687108359075,171.76149104329275,172.83995591100177,9557700
2024-04-19,177.3256072998047,177.40196022253804,173.1358371435667,174.08067361637623,13402300
2024-04-22,180.77093505859375,181.45809672584136,177.49737120450726,177.50692442058224,11529700
2024-04-23,183.37644958496094,183.46234116906865,181.8303428196935,182.41252116114381,9144400
2024-04-24,184.2735595703125,184.41671219594375,181.49628213042132,181.83986299476692,6964900
2024-04-25,184.55032348632812,185.0943325814848,182.46020780549338,183.48141172959566,9802300
2024-04-26,184.66485595703125,185.98190375230607,184.25446084078007,184.74120887546937,6413700
2024-04-29,184.46441650390625,185.39971421292185,183.653179537329,184.65529150697463,5387800
2024-04-30,182.99468994140625,186.0964565277787,182.8992451443853,184.01587936793962,8153700
2024-05-01,183.10919189453125,185.5906107156563,182.08798801756038,183.50049513128624,7445300
2024-05-02,182.91831970214844,184.67439312359332,180.87592647957385,184.2640125734771,6501700
2024-05-03,181.82077026367188,183.74864146909349,179.86428309609008,183.2428161104816,8922800
2024-05-06,183.24281311035156,183.43368812810877,181.16225065998637,182.98512382682264,7911100
2024-05-07,183.0042266845703,184.13039955093174,182.90878188854626,182.95650428655827,7688800
2024-05-08,186.7263641357422,187.6807539643181,182.28845725799746,182.28845725799746,9227600
2024-05-09,188.49197387695312,188.57786545857692,186.2014443233279,186.26824403253585,7977300
2024-05-10,189.7040557861328,190.24805037411755,189.22686090836316,189.48453565711975,7529800
2024-05-13,189.6658477783203,190.734774070511,189.00731660118564,189.7326620428204,7049200
2024-05-14,192.31907653808594,192.38589081187718,189.1218795591192,189.92356346762142,8596200
2024-05-15,192.8916778564453,193.44522555826163,190.65840974289043,192.7962330736797,8370000
2024-05-16,193.2352752685547,195.1535932389949,192.77717231019278,192.9966778539951,8497900
2024-05-17,195.449462890625,195.69761353618276,193.55977533673882,194.51416504960696,9260500
2024-05-20,186.65951538085938,196.4897309451442,186.48771768417754,195.06768523154884,17373300
2024-05-21,190.4198455810547,190.78250378063117,187.6330292793257,188.0147793513531,14420800
2024-05-22,189.2650146484375,191.77506416081215,188.6732977083887,189.92354585608186,9425300
2024-05-23,187.9384307861328,189.25549332200828,187.12720822353947,188.78783709451415,8069400
2024-05-24,191.55557250976562,191.6032803468456,188.54923606930294,188.73057245126876,7356200
2024-05-28,190.40072631835938,191.2692243545398,189.59904254472963,190.74430715889065,6910200
2024-05-29,189.07411193847656,189.91397939194528,187.9097555371963,188.969128506793,6120000
2024-05-30,190.23849487304688,190.7347815795727,189.35090490632123,189.5036107487647,6829100
2024-05-31,193.3879852294922,194.02742456659686,189.3031985702233,190.20986585230213,14417900
2024-06-03,192.61492919921875,193.18755426057615,190.10487971991847,193.0825708149027,6444300
2024-06-04,190.0762481689453,192.7676194373073,189.2363806080914,191.0306378288864,6848300
2024-06-05,188.26292419433594,190.70617428252737,187.9384351617438,190.6488986625119,8351600
2024-06-06,187.9289093017578,188.9882826202694,186.42097158766174,188.26293701234547,7640300
2024-06-07,190.83021545410156,191.75597461770602,188.024307437637,188.42514935958465,6964500
2024-06-10,190.50575256347656,191.67964796454967,189.38911822155342,190.15263299016314,6070800
2024-06-11,185.49517822265625,188.9118950141953,184.7698473106833,188.8832644889089,9235300
2024-06-12,182.7942657470703,187.74755082799157,182.5842988392324,187.0603890501278,12751300
2024-06-13,184.8271026611328,185.7051393894414,182.17390060566132,183.54822402834617,8587800
2024-06-14,184.94161987304688,185.97236241283088,182.6892597815552,182.71789030520225,6874000
2024-06-17,186.0869140625,186.65955375205004,183.85364548635286,184.65532940145712,8725400
2024-06-18,188.0147705078125,188.930991025547,185.27567673463204,185.72424105772285,9023000
2024-06-20,189.6085968017578,190.35301959036525,187.16536154039684,187.43258948693125,8731100
2024-06-21,187.3466796875,188.17699397183773,185.36154759002739,187.7379829150178,20972100
2024-06-24,189.80902099609375,190.14304864072443,188.1102085595612,188.78781706567207,9785900
2024-06-25,189.03598022460938,190.9447596786857,188.721029867147,189.05505753391142,6862500
2024-06-26,188.42514038085938,188.91188841939731,187.3275981156472,188.44423225132738,7758600
2024-06-27,190.08578491210938,190.74431610090178,187.91931632822877,188.43469489460125,7913500
2024-06-28,193.0348663330078,193.3593699170051,190.2098808173549,190.88748938726886,15307600
2024-07-01,196.07936096191406,197.6445594874765,193.416620106431,193.58840326228037,10205800
2024-07-02,199.30519104003906,199.33382156432344,195.43037141669657,195.92664354617938,7802900
2024-07-03,199.17156982421875,200.78449059341636,198.1789964757142,199.99234547043878,5560900
2024-07-05,196.532470703125,199.0084419463454,196.27336816071954,198.64377422771068,8093100
2024-07-08,196.89712524414062,198.55736401431693,195.74551462114852,196.7723624234459,8707000
2024-07-09,199.2579345703125,201.30203861673223,197.16582905485706,197.33857869799746,9058900
2024-07-10,199.42111206054688,199.58425558028438,197.2906255075793,197.82804290048543,8328500
2024-07-11,199.085205078125,199.70900458588088,197.09867916383936,197.89521368869632,10658100
2024-07-12,196.67642211914062,199.08520875553353,193.95093996868792,195.77432240821722,15443400
2024-07-15,201.58038330078125,203.07747876015205,198.38465354242032,198.83570341075963,10719700
2024-07-16,205.00645446777344,205.1216258105347,199.68984362925002,201.53242403462906,11557000
2024-07-17,208.1253662109375,208.78754638356358,204.67053414664076,205.17916232258048,11572500
2024-07-18,201.51318359375,207.90464262796732,200.80303124118646,206.93537311360464,12415100
2024-07-19,201.32125854492188,203.787638142558,200.49593484279177,202.68399960778325,8095900
2024-07-22,201.80108642578125,203.61487723988253,201.25407758649305,201.97383607849395,7663200
2024-07-23,201.84909057617188,202.95271450120742,200.90861016610094,202.5112707886033,5557300
2024-07-24,200.17922973632812,203.48052438660613,199.68020772158312,201.1005270559385,7119000
2024-07-25,200.25599670410156,201.71471129291234,199.66100105914288,200.23679904485417,6403800
2024-07-26,203.6820831298828,204.56498521561846,200.20803848586095,200.8030488593653,8027800
2024-07-29,202.3480987548828,204.99680458777706,202.06019244524745,204.07550732564854,6533600
2024-07-30,206.5131378173828,207.08893590558594,204.3730597013521,204.63216225145678,8850700
2024-07-31,204.21949768066406,207.66473846208044,204.09473484474648,206.11965617262393,9071600
2024-08-01,199.5746612548828,205.20796693510616,198.05836812142135,204.6033650548551,10918600
2024-08-02,191.1103057861328,196.41732477251182,188.95102995336836,195.65918547882615,18041700
2024-08-05,187.04122924804688,188.2600243620043,183.20251739365065,186.22551176510183,13927000
2024-08-06,192.26190185546875,194.4307836748442,186.17754637997143,187.5210898263343,10605800
2024-08-07,192.31948852539062,197.4537723017031,192.1275558309593,195.30408805090468,9204400
2024-08-08,195.83189392089844,196.64762609323657,193.65342072084405,194.30600938741946,7761200
2024-08-09,197.50173950195312,198.14472201831654,194.71866445703174,195.26568795748204,5540200
2024-08-12,197.8760223388672,198.78771357086882,195.44803800867777,198.08715268440758,6936000
2024-08-13,199.55545043945312,199.6993962854889,197.11786006073427,199.35391161147854,6387800
2024-08-14,201.76271057128906,202.26173259433187,198.76850521541047,199.36351554061437,6999800
2024-08-15,203.01991271972656,205.26555604485006,202.58806048697608,204.41144308904532,7001000
2024-08-16,205.34231567382812,205.45747235510242,203.05827720505397,203.15425086846594,7931200
2024-08-19,206.7626190185547,206.83939501460688,205.1983538600032,205.37108886847773,6090800
2024-08-20,205.8701171875,207.29043644816198,205.06397658334606,206.33075850164272,5640000
2024-08-21,205.9468994140625,206.33076474687974,204.25785680520957,205.7837412719152,5202300
2024-08-22,207.8950653076172,208.05820882254338,205.6973943235858,205.92772233240674,5247100
2024-08-23,209.50729370117188,210.35181499430405,207.7702789315898,208.825930548005,7214000
2024-08-26,210.33265686035156,210.82208744164993,209.25782202603688,210.17910484301336,5105200
2024-08-27,211.30191040039062,211.5322384088343,210.3518384830516,210.6589278507846,5185200
2024-08-28,212.3671417236328,213.25005838467985,210.35182667608916,210.40940501408693,6506400
2024-08-29,213.25006103515625,213.98900257334432,210.1119097835547,213.19246805291826,6416100
2024-08-30,215.73562622070312,216.38820025870874,212.981340289583,213.5283638010213,8574100
2024-09-03,211.41708374023438,215.0638633692745,210.39982731942075,213.33643989830546,8956100
2024-09-04,210.48619079589844,213.1157139537024,208.45167799328414,212.12723207920712,7389500
2024-09-05,208.854736328125,211.8969139547451,207.31924560820755,211.27311444323652,8067900
2024-09-06,203.89320373535156,209.91998068208017,202.57843485706223,208.82594829731795,7777000
2024-09-09,208.06777954101562,209.3537445138377,205.54382177933104,206.513105906515,8935100
2024-09-10,197.2714080810547,209.82399812562028,192.52100489184315,209.78561744862617,28406900
2024-09-11,198.8740692138672,199.3251190484655,193.6918138354718,196.97391086092546,13658700
2024-09-12,198.2694854736328,200.36157653556083,196.6284296106188,199.27713568329062,9054400
2024-09-13,196.08140563964844,199.46906762936456,194.83382137679152,198.51898118784175,10226700
2024-09-16,199.47869873046875,199.8145919368192,197.30022525287094,197.53055327809923,8634900
2024-09-17,200.81263732910156,201.46521139164926,199.28675270326914,199.35392255393126,7573300
2024-09-18,199.1619873046875,202.81835838288768,198.36545275492742,200.58230673818105,8259900
2024-09-19,201.9930419921875,203.36538928713296,198.97965334983056,201.32127025220836,11635200
2024-09-20,202.5784454345703,202.8951409629487,201.05256077890448,201.46521533060852,20885000
2024-09-23,202.91432189941406,203.25980657066546,201.52279170592422,202.4920612297152,7223500
2024-09-24,203.0582733154297,204.3634360377964,201.88746493315114,202.63601263414566,7323200
2024-09-25,201.71475219726562,203.68209532865095,200.19845896675733,203.14466326540543,8976500
2024-09-26,201.32125854492188,203.16383862893971,200.582302352154,202.61682975945425,7807500
2024-09-27,202.0122528076172,203.87403078215758,200.88943111693106,202.15619867429749,7032500
2024-09-30,202.3577117919922,202.45368545325593,196.98350891876606,197.99117378793656,8663800
2024-10-01,198.6917266845703,200.6590695133516,197.87600917065313,200.47672835038065,8540100
2024-10-02,198.93167114257812,200.52474033695253,197.39619493599187,198.73014693766058,5810900
2024-10-03,196.9547119140625,198.16391556637382,196.10059907948147,197.85681157736644,7251300
2024-10-04,203.94537353515625,204.37987213930614,199.78381659479555,202.09150201972523,10211700
2024-10-07,203.6653289794922,205.9826791484361,202.46804538880093,203.7618907615038,6718900
2024-10-08,203.4915313720703,204.05155728333924,201.20316157021594,203.32738813254895,6021800
2024-10-09,206.06959533691406,206.86136077091666,202.16874354804747,202.47771475974207,7024000
2024-10-10,205.50958251953125,207.41173500682478,204.1867713494914,207.41173500682478,7927100
2024-10-11,214.6341094970703,216.89352881613823,207.74968365741609,208.2421134569088,18320700
2024-10-14,213.85198974609375,215.9955317699529,211.3415453439257,215.51275230031362,9048900
2024-10-15,214.7306365966797,217.6852443827513,214.1802757018522,215.9569004873874,9235800
2024-10-16,215.93760681152344,215.97622268757254,213.42714760377535,214.6727269219523,6382500
2024-10-17,216.6907501220703,218.0715071604394,215.6189790372494,216.54592216463283,6470200
2024-10-18,217.60801696777344,218.13907733966104,215.4162087479307,217.2507648690765,7000500
2024-10-21,215.31967163085938,217.9266781613519,215.22310983099362,217.46321393517286,5870000
2024-10-22,216.40106201171875,217.521113903058,213.48508466002997,215.3389560319398,9586800
2024-10-23,215.71554565429688,217.05767211185088,214.86584899630188,215.95693541093075,6180500
2024-10-24,217.23147583007812,217.30872232380713,214.02582737326665,214.18997064746745,6002200
2024-10-25,214.65342712402344,217.84942517866347,213.27268477329852,217.25078329046238,6369700
2024-10-28,217.73353576660156,217.86871342564066,215.27135758179068,215.6575899885166,6843000
2024-10-29,215.2230987548828,218.94050685947278,215.13620197943288,217.45355245759362,6580000
2024-10-30,216.68109130859375,218.5156474524891,213.94855766414204,214.87548602178538,7110900
2024-10-31,214.27684020996094,217.91700157327347,214.18029315501,216.96109290971893,7829900
2024-11-01,215.26173400878906,218.3611702661073,215.02999453599656,215.86037589692594,6923500
2024-11-04,212.21054077148438,216.0534611932713,211.6215492339804,214.98169019005127,8229600
2024-11-05,213.86166381835938,214.3154777176928,212.42297563395553,212.45194122469928,5600700
2024-11-06,238.55101013183594,239.4586379717928,226.68429620853013,226.90637065875526,23987800
2024-11-07,228.2388458251953,236.1467765550335,227.11879382619438,236.07918035167899,16451100
2024-11-08,228.8181610107422,231.09688077350958,227.65949319123993,231.09688077350958,9502100
2024-11-11,231.04861450195312,233.76184776036473,230.76860886504485,231.734167897953,9017100
2024-11-12,231.30931091308594,233.14388184693877,230.53686076900374,232.26521962387952,6861000
2024-11-13,232.85421752929688,235.68329839480197,232.0334864664189,232.29419152794952,11472600
2024-11-14,233.5397491455078,235.87640014281013,232.7479984317867,234.07080953881766,10172200
2024-11-15,236.8612823486328,237.93305345699474,233.14388893789499,233.14388893789499,11518800
2024-11-18,236.5909423828125,239.39105784741582,234.32187263051287,239.22691457028856,9051400
2024-11-19,234.7177276611328,236.70677679200912,233.2307733224933,233.90666165823853,6792700
2024-11-20,232.4873046875,236.1853975821107,230.42100892931995,235.98262370088807,9015300
2024-11-21,236.3302001953125,237.0350688275059,233.77147490470944,234.85289619986844,8783500
2024-11-22,239.9897003173828,240.56902689654652,234.65981033615955,235.21983634263424,7997300
2024-11-25,241.6697540283203,245.55130530795057,240.4821205914916,240.99386567944467,10295400
2024-11-26,241.3607940673828,242.3553186985206,239.78692811975665,241.86288889278865,6212100
2024-11-27,241.18698120117188,242.53877266956593,240.20212160840157,240.76214760817405,5472300
2024-11-29,241.119384765625,243.09878358106323,240.8586797210085,241.25456243074825,5494800
2024-12-02,237.7688751220703,241.6311106570481,236.59089210524135,240.95522238507886,8899700
2024-12-03,236.38816833496094,240.46281387900356,236.20470976229734,239.68071342355267,6657700
2024-12-04,235.0170440673828,236.89989581875426,233.8873418565162,236.2722736572103,7346300
2024-12-05,237.02540588378906,238.66685314495626,236.19502460109126,236.93850911465168,6572500
2024-12-06,238.84068298339844,239.20760013056864,236.40747009501496,237.2378514526948,5519700
2024-12-09,235.41294860839844,239.33311597717812,235.3646677094542,238.6186117125457,7076500
2024-12-10,234.4956512451172,239.42000786865495,233.87769409575165,235.49017580217017,9108300
2024-12-11,235.14256286621094,235.85708177176627,233.8390524294808,235.59637673776825,7884400
2024-12-12,233.21144104003906,235.69293449672634,232.73831187283054,234.63081380840498,6113800
2024-12-13,231.6762237548828,234.3604765375674,230.9037736251097,233.7328690945859,10392700
2024-12-16,231.32862854003906,232.3810843211176,229.33957934401576,232.3231531380507,9032000
2024-12-17,230.150634765625,230.78790721651086,228.4802218867217,230.43064038196303,8083600
2024-12-18,222.43582153320312,230.83619659782678,221.6247555113085,230.76860039603835,11322400
2024-12-19,224.93661499023438,228.21950946148152,224.27037697069503,224.27037697069503,11790800
2024-12-20,229.41680908203125,230.97135955828864,223.61379044750802,223.93242666437249,32348400
2024-12-23,230.17958068847656,230.40165510544298,226.79047432549615,227.9394917493917,8611500
2024-12-24,233.96458435058594,234.13839262104892,230.836182814854,231.1837698892596,3729100
2024-12-26,234.76600646972656,234.88186883103566,232.4969370056862,233.11489415476902,4451800
2024-12-27,232.86387634277344,235.0074186310496,231.7727898921543,234.36049582992294,5730200
2024-12-30,231.0775604248047,232.5451993283752,228.94366879713553,230.54650008911693,5723800
2024-12-31,231.45416259765625,233.1245756017034,230.7975747930278,231.78244913333967,4871000
2025-01-02,231.73416137695312,234.9011937371106,231.20310097714537,232.6224738942401,9220900
2025-01-03,234.9011993408203,236.446099680159,231.98520694861776,235.49019093770127,9491100
2025-01-06,233.75596618652344,238.4534043913479,233.49391466904717,236.52201288218131,9917800
2025-01-07,236.00762939453125,238.03606663951624,233.8044861980307,235.00796836721887,8753400
2025-01-08,235.96878051757812,237.05578696137664,233.41624059042408,235.5999684129956,8675300
2025-01-10,232.8048095703125,236.628762281155,231.70810291840846,235.92996814062778,10256800
2025-01-13,237.01698303222656,237.3372500960213,231.96043318189513,232.61069705427852,10005300
2025-01-14,240.1809539794922,240.42359041299397,235.05647368868276,235.51263136841433,12407400
2025-01-15,244.917236328125,246.19834907161936,236.50259128635952,243.02466018784034,18448500
2025-01-16,246.78065490722656,249.46907059514717,244.897793913136,246.5186034262573,15292300
2025-01-17,251.52662658691406,252.94361501241318,244.7133916419881,246.65448303751725,17678100
2025-01-21,255.28265380859375,256.46672083789156,251.85662841034198,252.4098466101375,13712100
2025-01-22,255.0982666015625,255.6223696516269,252.58455641473486,255.15649698282425,9021900
2025-01-23,258.1166687011719,258.999839319307,256.03968646138014,256.89377150881944,10749700
2025-01-24,257.039306640625,259.2327492897336,255.26322113163457,255.9231850657849,7666300
2025-01-27,258.0196228027344,258.13608356694,254.53536671960657,256.38911286643724,7522300
2025-01-28,259.2716064453125,259.4559828890109,257.02961850864546,258.0195941318063,7375400
2025-01-29,258.72808837890625,262.7073321141327,257.7866577607091,259.3395369767374,7684900
2025-01-30,260.3294677734375,261.75617104949805,258.766873890751,260.71768010583645,8753500
2025-01-31,259.4268798828125,262.8432200467561,259.0968978658329,261.3000557826277,7193800
2025-02-03,258.9513244628906,260.2712821624786,253.99184960482245,254.11799568005065,8381400
2025-02-04,260.04803466796875,261.8920656979003,258.97071346699056,261.8920656979003,5626000
2025-02-05,262.46466064453125,262.6684965624178,260.4265087965908,260.9894418764152,5704400
2025-02-06,268.7441101074219,268.8217703532776,263.20230221236784,264.4251993255983,7264400
2025-02-07,267.6764831542969,270.3454837389774,266.61859193134063,269.10318646976515,6857900
2025-02-10,263.0567321777344,268.0453220031556,261.64942897239877,268.01620681498275,8627400
2025-02-11,266.8904113769531,268.08419351374835,261.71741468826207,262.29974816032586,7196400
2025-02-12,267.33685302734375,268.3073988294126,265.2016404153094,266.0071803987953,6683900
2025-02-13,268.1812438964844,268.81209279292267,265.7451642667245,267.3853891686898,8398700
2025-02-14,268.4432373046875,271.0054922240324,268.30737630553097,269.20026178200214,5688600
2025-02-18,271.70428466796875,271.72368491952835,267.89001749911944,268.6082414686908,7919800
2025-02-19,271.02490234375,271.9954480996811,269.0546956439582,270.18053227508295,7007200
2025-02-20,258.94158935546875,270.52990776080935,257.9128132494212,270.47167738640707,13846700
2025-02-21,256.45703125,261.2709600914064,255.09827295553427,260.41687498668233,12835600
2025-02-24,253.6424102783203,259.1357025074417,250.99280984837583,257.67016901902093,10372800
2025-02-25,249.81845092773438,255.25351263379156,245.88775278979048,254.50620312645628,9608400
2025-02-26,251.16757202148438,253.22512451076048,249.36234131570777,249.58557752679306,5943600
2025-02-27,251.4198760986328,255.87470735773962,250.2649242342284,252.5165975848914,8204400
2025-02-28,256.85491943359375,257.0102103033765,250.29405049282587,253.0503967893836,10467100
2025-03-03,252.943603515625,258.47572558891886,250.2260875328823,256.22405256395905,9058300
2025-03-04,242.87908935546875,249.65350978324315,238.70573940367385,247.7609336031201,13465600
2025-03-05,244.1213836669922,245.59661742826808,240.53036717213234,243.8496320279879,7861400
2025-03-06,239.27835083007812,242.0152970466892,236.66759511360632,240.80211481791196,9983200
2025-03-07,235.143798828125,239.45302388235442,232.36803767756697,238.00690553291304,20498700
2025-03-10,225.380126953125,230.5143072655119,221.9638018922669,229.25260968443942,18887200
2025-03-11,222.390869140625,226.44775837890697,220.0130348377413,224.92399432932947,18143000
2025-03-12,221.1873779296875,227.41829488617915,220.56622922120076,227.1077131272591,16054000
2025-03-13,218.55718994140625,222.7402395654928,217.62545954737027,222.5461333861297,16467900
2025-03-14,225.5936737060547,226.27305282100195,220.8768204089151,221.40090863777328,11962100
2025-03-17,227.0397491455078,228.72850399973166,223.67196918142557,224.37074846283141,9586000
2025-03-18,228.04913330078125,229.2137852248078,226.6418449421928,227.4182844946614,10344900
2025-03-19,232.06719970703125,235.19235827185224,227.9714953720013,228.79646520042016,10120600
2025-03-20,231.97012329101562,234.63912397597252,229.2428922333378,229.59228927901535,8328500
2025-03-21,234.5129852294922,235.16324913514356,229.5340805612011,230.8054931833966,19326900
2025-03-24,240.75357055664062,241.36501910335522,237.21108457850144,238.2495608050386,9422700
2025-03-25,243.733154296875,244.4028332211237,240.32652930123646,241.96675395701018,9287700
2025-03-26,243.63609313964844,247.16887900045046,242.42291097853027,245.1598570425021,12779300
2025-03-27,240.81179809570312,243.25757744441526,239.89948275399726,242.1802711082619,8022500
2025-03-28,235.69705200195312,242.1608757350301,234.00829698898778,239.66658074525773,11978400
2025-03-31,238.0748748779297,238.61837812715723,230.36873927152533,232.35836101622476,13603000
2025-04-01,236.48318481445312,238.45339153399044,233.78506877067235,235.47380892493115,8054700
2025-04-02,238.57957458496094,239.9674479641913,234.34799432373393,234.48387014274496,7758800
2025-04-03,221.95411682128906,228.2141341410838,220.60505877931982,227.36976405138714,17188500
2025-04-04,205.3434295654297,212.58923458837728,204.02511643608108,210.2553432331429,27170700
2025-04-07,209.40577697753906,216.83712407913987,197.41406528016333,200.9393169780438,22914400
2025-04-08,211.77870178222656,222.49116855668552,208.24369056058796,218.27259368729497,19485700
2025-04-09,228.83859252929688,231.9048767833682,206.04652973562588,207.5113154920403,24022400
2025-04-10,221.7783203125,224.9422627815506,214.93289385418547,224.60047349209523,18896400
2025-04-11,230.65492248535156,232.97905393688654,219.71785872027854,220.9971025358475,20284500
2025-04-14,229.2096710205078,234.15087913970558,228.14526363842643,231.53380246810318,13017800
2025-04-15,227.65699768066406,233.04739831448416,227.35427768752865,230.55727455130136,10912900
2025-04-16,224.21963500976562,228.09643576900157,222.5790672431111,226.55352634462056,9322300
2025-04-17,226.5144805908203,228.83859723978307,225.13757837531108,225.38170933973876,9557900
2025-04-21,223.61419677734375,226.36798622449223,221.02639969234494,225.21569525952322,8716200
2025-04-22,230.0592498779297,230.44986835764868,225.9383180454656,226.53399818903708,10701400
2025-04-23,235.22506713867188,240.99631170351697,234.36572139205154,234.58055782870665,14126800
2025-04-24,238.89678955078125,239.7073061190241,232.00253368423319,234.1118287364866,9055200
2025-04-25,237.83238220214844,239.85377878556818,236.07463632488924,238.9065494767277,8588600
2025-04-28,237.5101318359375,241.04514340247584,235.18600030625285,238.81867021795682,7394300
2025-04-29,238.87725830078125,239.49247309158469,236.01605058594708,236.50431250866183,7216800
2025-04-30,238.87725830078125,239.4631785682675,232.83257331348125,235.5473233123009,12991700
2025-05-01,241.09397888183594,242.61735374261244,236.4847850001896,237.13905420831426,8689600
2025-05-02,246.58203125,247.66597331622904,243.60364543700763,245.36137644120922,7165000
2025-05-05,246.630859375,249.16982732673011,244.7071062124704,245.28325170363556,5450700
2025-05-06,243.3985595703125,246.71873456309945,243.1544286178849,244.13095242759528,6369900
2025-05-07,243.53529357910156,246.5234543137232,242.98844258199068,243.98450112705527,8724100
2025-05-08,247.5194854736328,249.87291137635128,245.64456159073174,245.66409623863075,8320100
2025-05-09,247.13864135742188,249.51158700328907,246.41600839213655,248.5253033443988,5087600
2025-05-12,253.94500732421875,257.4116847639064,252.62672400889193,256.7281061698435,9603900
2025-05-13,256.8355407714844,257.4800500721763,254.27705311794927,254.90201286940857,8589000
2025-05-14,259.40380859375,260.38033243913924,256.13244775146745,256.82577133737385,8643100
2025-05-15,261.2103271484375,263.1926691597646,258.54443639594166,260.70254552918584,9214600
2025-05-16,261.2786865234375,262.1575519192299,258.49558793581224,261.22009748379395,8932900
2025-05-19,258.66162109375,262.02086524830315,255.78086405036862,259.31587533133506,12145000
2025-05-20,259.4428405761719,260.3998446453458,256.14218530617444,256.3570217379832,8436300
2025-05-21,254.9117889404297,259.4135494924094,254.60906893720573,258.144080433802,7464000
2025-05-22,254.5504913330078,256.1422002145729,252.79273047922572,253.34935623964725,6514100
2025-05-23,254.5895233154297,255.8394726451303,249.9901043492613,250.78108627971244,6671800
2025-05-27,259.06201171875,259.0717566921421,255.83946524243134,255.8883093139594,7506600
2025-05-28,257.30426025390625,260.45844302460614,256.7281147573034,259.9897008471859,5535400
2025-05-29,258.1636047363281,259.17919788181575,256.3668044334763,258.5835028383828,5081200
2025-05-30,257.80230712890625,259.10107079095377,256.56213251620557,257.265230909512,10977700
2025-06-02,258.44677734375,258.8080863604011,255.75156227727646,256.84526410102234,6011200
2025-06-03,260.0190124511719,260.32173248111746,256.7086118716836,257.5386631607241,6998400
2025-06-04,258.01715087890625,260.8490642816774,257.9780815778546,259.6772534604333,5915700
2025-06-05,255.8004150390625,258.5248949172323,254.19890174190374,258.5248949172323,8173800
2025-06-06,259.4917297363281,260.3901151155264,258.05623828371085,258.1245723139139,7738100
2025-06-09,260.47796630859375,261.61073756854347,257.1675659016327,259.75534818459647,8285000
2025-06-10,262.2942810058594,262.58722620570774,259.60884073640483,259.63813525638966,7538100
2025-06-11,261.8548583984375,263.2903496169879,259.5502764699578,262.37241483499554,7434100
2025-06-12,261.9427490234375,261.9915930968164,258.91554891738133,260.5951413369258,6618000
2025-06-13,258.7300109863281,260.75139274608847,256.5425772552077,258.85693405632503,7098300
2025-06-16,264.0129699707031,265.3508326588525,260.5853915714537,260.731864186611,8566000
2025-06-17,263.1926574707031,264.23754498425956,261.5130355109874,261.87437431373314,6739300
2025-06-18,267.5284729003906,271.20021221292876,263.3880211997966,263.66144669321045,9586400
2025-06-20,268.5440368652344,270.79002961674195,267.3819711943445,269.1006625666469,13969700
2025-06-23,271.7372741699219,272.0106996489925,265.7218838292262,268.60264103465835,8094600
2025-06-24,274.6571044921875,276.0730461780452,272.94818777394573,273.6317365805569,9267900
2025-06-25,277.391357421875,277.60619385702887,274.3153133103271,274.8914587952529,6826900
2025-06-26,281.9712829589844,282.6157923247423,277.79176175773335,278.0163729885891,8942100
2025-06-27,280.3697509765625,281.9224501380631,278.34836923641,279.10028187976,17868600
2025-06-30,283.1040344238281,285.77970025058426,282.13728534359143,283.5825215764878,12689200
2025-07-01,283.59228515625,284.2953834962509,279.86195702454677,284.0610273166312,9338300
2025-07-02,285.14495849609375,285.9457151893501,282.89896560647867,285.18402779363225,8158700
2025-07-03,290.443603515625,290.8360888827844,285.74351114178125,286.66586822419856,6541600
2025-07-07,286.4892578125,290.4828645965253,284.6347217587213,289.7076857742013,8825700
2025-07-08,277.4717712402344,284.2618850781592,275.048135846527,283.83993409983367,15440900
2025-07-09,277.8446350097656,281.8088060970764,277.1774068900867,281.7891623646238,11273800
2025-07-10,282.7801818847656,282.89792448782646,277.68760468940775,277.68760468940775,8410900
2025-07-11,281.4751281738281,281.9853860406829,278.3253938002881,280.16028588065166,7384700
2025-07-14,283.2806396484375,283.8693527089549,279.90521169280953,281.6812326297011,9079900
2025-07-15,281.17095947265625,286.4696162877272,280.12106794184945,282.5937524960941,12526100
2025-07-16,280.4547119140625,285.2725470105113,277.6974624718264,282.9862680414337,9979800
2025-07-17,284.4580993652344,284.85058472552134,278.11937245969557,278.11937245969557,8509500
2025-07-18,285.8023681640625,287.009289803847,282.819455566978,284.08521856694546,12217000
2025-07-21,285.50799560546875,288.65773001934355,285.125302200427,285.5374312562634,7898100
2025-07-22,285.9593811035156,288.11809552877634,283.75161723688194,286.0280742772089,6717500
2025-07-23,291.1893310546875,291.41499440772435,287.0583381931105,287.34290279554006,7083500
2025-07-24,290.9832763671875,293.9662191525474,290.6398703754944,291.83697024730424,7001200
2025-07-25,293.014404296875,293.2891470363467,290.4043332995373,291.1304626389869,5918500
2025-07-28,292.6807861328125,293.8091927274499,291.2482011503524,292.0724293571669,5840400
2025-07-29,291.4640808105469,295.63430134586406,290.63985258046154,294.36850837533046,7635700
2025-07-30,294.0054931640625,294.9670779062804,291.7977290922438,291.836986615819,8061700
2025-07-31,290.6791076660156,295.33015090094835,289.9530081922764,293.5246941387346,14749700
2025-08-01,283.93804931640625,286.32242707449086,278.9043429750852,284.9487133421405,12007100
2025-08-04,288.7362976074219,288.7951689197271,284.811383748588,284.811383748588,6649500
2025-08-05,285.9005126953125,290.2375553774225,281.84803463230764,289.15819815384634,7182300
2025-08-06,285.8808898925781,287.784475314663,284.71322574362773,286.8130388717205,6330200
2025-08-07,281.5536804199219,287.95127882891904,281.03363056399576,287.44105083933385,8057100
2025-08-08,283.3394775390625,285.76311250140685,279.3654851809607,283.555348950698,6634100
2025-08-11,284.1244812011719,285.8514526951056,283.3591242790355,283.9674810703858,5510100
2025-08-12,287.3527526855469,289.2170807199043,284.88985973561466,286.02808831162713,8570900
2025-08-13,285.0762939453125,289.0208214451698,281.7695589346143,288.43210834423235,8420400
2025-08-14,288.6381530761719,288.67741059714604,284.20301143696577,285.1253385944976,6322400
2025-08-15,285.0370178222656,289.95298150728627,284.3796115875491,289.30536719380285,7340500
2025-08-18,286.0574951171875,286.4205448097455,282.9960675051489,284.5562169634104,5386900
2025-08-19,285.203857421875,286.9897003409671,284.0950645111781,285.3706494849781,6031500
2025-08-20,286.754150390625,287.8236856501562,281.8774445149503,285.35100110061984,7374200
2025-08-21,285.9986572265625,287.27424223237057,284.0362003285711,286.45983579537915,6624000
2025-08-22,290.6791076660156,291.5818510194805,284.6838161848099,287.69619472568826,8552800
2025-08-25,289.3642578125,291.76827944217837,288.61854456863614,290.67910031440016,5856300
2025-08-26,292.96533203125,293.13212406826625,287.9904975110241,288.63811176318757,6714700
2025-08-27,293.6620178222656,295.41842494390727,291.46407591230917,291.6701254801894,6056500
2025-08-28,295.4184265136719,295.5852185641284,293.0929201153854,294.38811877937053,6410500
2025-08-29,295.7618408203125,297.26311888832026,294.1035626344117,296.37019756170366,6796400
2025-09-02,294.0741882324219,294.81990151683937,288.97178814468,294.6236737871366,7221900
2025-09-03,293.8877258300781,294.9278255320024,290.8164761661132,294.9278255320024,6316900
2025-09-04,298.1168212890625,298.7153562428407,292.68080753910596,294.36852159403367,6605800
2025-09-05,288.8540344238281,299.42185399614533,288.7853412459479,297.9500113286781,9837700
2025-09-08,287.41162109375,290.8949700189617,285.9692141135519,289.3544641521949,8188500
2025-09-09,292.2589111328125,293.3873179050423,286.82289692490065,287.1074615709347,7848200
2025-09-10,294.89837646484375,295.8796048140829,289.8548483762926,291.13046319713106,7787300
2025-09-11,299.8241271972656,299.9909491896388,295.1436788264331,295.5852136096933,7942500
2025-09-12,301.1488037109375,301.7767742987404,297.9990690164523,299.27465392414524,6846700
2025-09-15,303.1014404296875,304.13174819496044,301.40393449781925,301.40393449781925,7122000
2025-09-16,303.3860168457031,305.06390905534744,301.3646887009418,304.18080946841434,10525600
2025-09-17,305.8979187011719,307.03614710830897,302.9738476236277,304.56346260331446,8657800
2025-09-18,307.3501892089844,307.556238792954,303.7981171700278,305.9372178866198,8050700
2025-09-19,308.8710632324219,309.8719053836384,303.31730709863126,307.7132209495945,23568600
2025-09-22,306.5749816894531,307.8113389670314,303.74903930910966,303.9845245259009,7520200
2025-09-23,306.8693542480469,310.37234675445063,304.74989735202223,305.9666409066948,8584400
2025-09-24,307.53662109375,310.63727651453155,305.81947137817144,308.15476983779797,7310500
2025-09-25,307.5660400390625,309.72472445454315,305.94698929656073,308.2234462682717,7083200
2025-09-26,310.12701416015625,311.8441636854759,307.8113297451866,308.988785738579,7258100
2025-09-29,309.7640075683594,312.0404647281687,307.7721150397051,311.10828573544467,6462400
2025-09-30,309.50885009765625,311.45169300349573,304.28870810842403,310.31346452838187,11823300
2025-10-01,304.8774719238281,308.68464295873514,301.6394301376976,308.07628613361976,9235200
2025-10-02,301.77679443359375,304.73030161726365,300.39328868596704,304.1808160870063,7600000
2025-10-03,304.210205078125,305.80961197949307,302.4243624063698,302.7187488597389,6029900
2025-10-06,304.8511047363281,307.38512889871987,300.8578215934895,305.8371035459471,7214500
2025-10-07,303.38201904296875,305.66954382645594,300.4338918141804,305.0187809092415,8454200
2025-10-08,299.773193359375,304.4566873375159,299.2999031353941,303.8946608384686,6489900
2025-10-09,301.2522277832031,303.7270945284432,299.1422058887319,300.77893750215213,7060300
2025-10-10,296.67718505859375,306.1230400580682,296.59828830624,301.38038837024254,8597400
2025-10-13,303.6580810546875,305.1272097801061,301.17337467050265,301.3212684867699,10788700
2025-10-14,297.85052490234375,302.70165257420854,290.0907186231138,301.5578902761218,16178800
2025-10-15,301.4100036621094,307.7499693151439,301.1635039391426,302.1002149225357,11354800
2025-10-16,294.3600769042969,304.35808863852304,292.9106575300408,301.0747260223031,10549400
2025-10-17,293.3938293457031,295.3559575215809,290.08088749555986,294.97143359875633,10153500
2025-10-20,298.1265869140625,299.43798218705626,293.9854099500461,294.32064593592156,6894900
2025-10-21,292.93035888671875,299.7929016175946,292.841622611914,297.43638030144115,7372700
2025-10-22,289.99212646484375,293.88683421544886,286.47213320670807,293.60088610479784,8054100
2025-10-23,290.4161376953125,292.22050252499105,288.41456104050746,290.25837425327126,5438800
2025-10-24,296.2334899902344,298.36325106738366,291.31336547241364,291.93451945757295,7228300
2025-10-27,299.89154052734375,300.2662249001909,296.7955198233114,297.92941246883,5642200
2025-10-28,301.0846252441406,303.65809815329317,298.9154456060477,300.59162576862406,6336000
2025-10-29,301.2325439453125,303.9341713954877,298.7675466103937,299.26054607737746,7520300
2025-10-30,305.10748291015625,308.2330823767899,300.82825156305904,301.50859316866377,7514600
2025-10-31,306.7639465332031,308.4894444595929,302.9481359332913,304.22008283002725,7721300
2025-11-03,305.0187683105469,307.9471862719047,301.9227172950412,306.6456604912348,7770000
2025-11-04,304.920166015625,307.84858401169095,300.82827651560933,302.415720333495,7085200
2025-11-05,307.3161315917969,308.7162632770978,301.35085025066564,305.27510663609064,6865200
2025-11-06,309.03179931640625,310.4319009529449,305.9160390722913,306.63579903674446,7206100
2025-11-07,309.8106994628906,310.0276204199649,303.3327096940284,307.5232049313688,7302300
2025-11-10,312.4532165527344,315.0858168552232,309.810716541713,310.58966412464275,5794100
2025-11-11,311.2009582519531,314.58292715130625,310.86572224729366,313.05464094031504,5030200
2025-11-12,315.92388916015625,317.7381233989844,311.782682032414,311.83200002815875,10578300
2025-11-13,305.1469421386719,316.14082355780937,304.7722577523736,314.7604311532612,8973300
2025-11-14,299.3591003417969,303.3327046462357,297.0124483237873,303.20451997960254,10327000
2025-11-17,296.1644592285156,301.31137424610444,293.5022804823602,299.74363974118836,8344000
2025-11-18,295.2179260253906,298.70837045931603,292.8613742767781,295.3066623130797,8077300
2025-11-19,299.02386474609375,300.1873662746028,295.0798692888629,295.5432899586994,5546600
2025-11-20,294.2023620605469,305.58079800315744,293.98544109490615,302.05090502503106,7501600
2025-11-21,293.84735107421875,297.456110287291,288.71030575970536,297.0715864028587,11766800
2025-11-24,293.8276672363281,295.6221924256846,290.386540762355,294.0642973394352,10940200
2025-11-25,298.75762939453125,300.2366275598507,291.4217960873232,295.84892096661844,8877200
2025-11-26,303.33270263671875,304.21022597199055,298.95486530692773,300.7296512123902,7910900
2025-11-28,308.696533203125,309.3275869646093,303.9243019705234,304.77227670123045,4322400
2025-12-01,304.5948181152344,309.6431280779537,304.22013368841834,308.56839280068186,7727300
2025-12-02,303.5693359375,306.1329390093465,302.7903884074122,304.4172805196406,7249000
2025-12-03,307.75982666015625,307.98658713845214,302.50443592551073,302.89885953876745,8535300
2025-12-04,311.67425537109375,314.0307770729326,308.61765279183703,308.8740221323167,9627800
2025-12-05,310.6291198730469,314.02095869272745,310.27414460153136,311.2207252653726,6518900
2025-12-08,310.79669189453125,312.0390600856641,308.96274846028484,310.64879808375287,7417200
2025-12-09,296.30255126953125,314.336450228146,295.8193913272319,310.5403783790639,18049200
2025-12-10,305.76806640625,306.8329619363725,294.2811866679717,296.292632599085,18874100
2025-12-11,312.9363098144531,313.5476242674454,304.9102649889192,304.9102649889192,9721900
2025-12-12,314.0603332519531,315.7858311866128,312.16723236849225,315.2040954937631,8982900
2025-12-15,315.53936767578125,318.35934027084556,313.9322146909975,315.11539535630396,10864100
2025-12-16,311.1319274902344,315.0463441586525,309.9980348220149,314.6223718715413,8331300
2025-12-17,310.5699462890625,314.8984658400699,310.2544194174254,313.9716244610726,8718700
2025-12-18,308.6176452636719,313.2518519730792,307.84856735129125,311.57564186364317,11444900
2025-12-19,312.7686767578125,314.099781180705,308.8049723403709,309.39657764946713,24494400
2025-12-22,318.56634521484375,318.7043994886834,313.0644852104395,313.0644852104395,8354600
2025-12-23,321.3666076660156,323.1907116116738,318.56637445826755,319.07908304324746,6668300
2025-12-24,324.5612487792969,325.36974495293686,320.9426198260136,321.6722493328215,4289300
2025-12-26,323.31890869140625,326.22758744424,321.96809498869885,324.50208933838474,4158300
2025-12-29,319.2171325683594,323.1808371734579,319.0002116144308,322.4216288798564,8635300
2025-12-30,318.8917541503906,320.3904615362508,317.97475237184364,320.2622768741799,7904300
2025-12-31,317.70855712890625,320.3313177342217,317.5310845539587,319.79886991908165,5048500
2026-01-02,320.92291259765625,321.1694123071354,316.2492576445291,317.9846252281575,8054000
2026-01-05,329.3630676269531,332.5281155423397,320.63697169770103,320.942628937084,10752600
2026-01-06,331.41326904296875,332.6612412306879,327.49110960074296,329.44229029813283,7660800
2026-01-07,323.8660888671875,328.9767963949314,321.4989374679619,327.9764659913386,9815200
2026-01-08,326.63934326171875,328.2339475379842,322.53888044956136,323.27183137637843,11737100
2026-01-09,326.0450744628906,328.7291759216584,325.0348299492433,326.1936353875406,6738100
2026-01-12,321.38995361328125,322.9053354478686,318.1611187929736,318.80490292970194,12805100
2026-01-13,307.9297790527344,323.7372950994605,307.60294504088824,321.20175473899405,19371200
2026-01-14,304.9287414550781,308.78159262538577,303.19546018048277,305.2556057077196,25951500
2026-01-15,306.30548095703125,309.95031666446005,304.8098971346673,305.5230197927318,14751400
2026-01-16,309.48480224609375,314.17950872864606,307.0383983149945,307.38506061636195,14652500
2026-01-20,299.8477478027344,308.1774060521912,298.9761500928895,303.2845981841295,12900600
2026-01-21,299.15447998046875,302.4823658305288,298.2729680555718,300.53118494697816,10270100
2026-01-22,300.729248046875,305.2555953909441,300.0062112868251,301.9474777854751,10535800
2026-01-23,294.8757019042969,299.4812715954647,293.6772702297321,299.11481126550876,11107900
2026-01-26,298.16400146484375,298.8969221500132,294.60830241167326,294.96484861763906,11752700
2026-01-27,297.44097900390625,299.08512378237486,295.3016109870806,298.45122352878457,11527400
2026-01-28,297.89654541015625,299.03558292254246,295.2025300603667,297.4013222225187,9556700
2026-01-29,303.49261474609375,303.898671192008,299.3327275624257,299.51100066931883,11580000
2026-01-30,302.9676818847656,304.98817089860455,299.66947824936375,302.333781642444,11953200
2026-02-02,305.1961975097656,306.34508884518107,298.49085539325506,301.5513314360023,9839400
2026-02-03,311.8420715332031,313.22869052113475,306.14700443281885,306.77099053389486,12688000
2026-02-04,314.2389221191406,316.25944126204155,311.4062598905275,311.4062598905275,9848800
2026-02-05,307.1968688964844,312.9909865673853,302.6210112179966,311.99062599899656,9388000
2026-02-06,319.3199462890625,321.15227836348157,311.7034102684662,311.7034102684662,17797400
2026-02-09,319.0228271484375,323.2817350541263,317.05181803840316,318.27007812796035,11477500
2026-02-10,315.2392883300781,323.01429884581904,312.1094739861534,319.4684837021083,9902200
2026-02-11,307.8505859375,322.1724337503843,305.78055639607567,320.15191444315514,8703500
2026-02-12,299.74871826171875,310.62380057979817,297.15372325834437,309.29660600764385,13443400
2026-02-13,299.6595458984375,301.38294318623025,293.6871553220786,295.6680481198895,9114500
2026-02-17,304.19580078125,305.29518175186814,299.61002921690664,299.8675549474044,8896800
2026-02-18,305.8300476074219,309.2966101142475,304.2849535938903,305.51309749540866,7209600
2026-02-19,305.1070251464844,306.226234501648,302.2050242231491,304.2354576365961,6737700
2026-02-20,307.82086181640625,308.0288471084009,302.75966472033866,305.4536802835111,7792700
2026-02-23,294.82623291015625,308.028871901531,292.2807780649544,305.84987743753925,12955400
2026-02-24,294.459716796875,296.886322684036,288.5962907533433,293.98432184665864,13554100
2026-02-25,300.4023742675781,300.75895068108485,294.1724883145502,295.78692074637365,8095500
2026-02-26,303.20538330078125,306.05787397622345,300.73918125790124,301.67017313360896,7007800
2026-02-27,297.4310607910156,300.0557680991628,291.636973162459,297.13393894248406,18620800
2026-03-02,294.7172546386719,297.11414843979566,290.4088063693875,291.9935267958635,8508900
2026-03-03,297.3914489746094,299.5011046657454,286.73423592223537,289.4975898716125,10278200
2026-03-04,296.52978515625,298.12438947518206,292.99388398032096,297.12402886142485,8055700
2026-03-05,290.74554443359375,298.3620800816865,289.63624924146006,295.1332451958745,12732500
2026-03-06,286.7144470214844,287.21955415339994,280.99955170429564,283.6044306839189,13496500
2026-03-09,287.1502685546875,288.31898819476027,277.77073879547015,282.7724816341387,12241100
2026-03-10,285.97161865234375,289.9532025593205,284.43640849634494,286.52626625452876,8344900
2026-03-11,284.7731628417969,287.7049062038017,282.1385715612803,286.05084727233185,10205000
2026-03-12,280.18743896484375,281.16797137675815,276.43363807803536,280.1279843639117,13760500
2026-03-13,280.7321472167969,284.4463214441296,280.2468381234208,281.9504072447318,9091200
2026-03-16,283.4261474609375,286.506421278288,281.89093739443587,283.6044205599556,8149000
2026-03-17,284.1492004394531,288.97266988082987,283.2181783456238,286.23902796907333,8961200
2026-03-18,284.99102783203125,286.6450865635814,282.3960631878955,284.08971801136914,10057000
2026-03-19,285.2188720703125,286.7441681021885,281.900870340191,284.13928904174674,9846700
2026-03-20,283.82232666015625,287.9326733008621,282.5446423017302,285.3277943529036,22436500
2026-03-23,287.14031982421875,292.9245231806114,285.2188513876401,291.4982779446762,11470800
2026-03-24,289.6065368652344,292.6571288676103,282.64369950840546,283.4360748065673,11092300
2026-03-25,292.59771728515625,294.7965097163498,289.6461758443202,291.3398308899875,12188200
2026-03-26,288.87359619140625,292.1717693530369,287.95248830787267,289.78478993876473,8669200
2026-03-27,280.13787841796875,287.3384134369941,279.05829538327214,286.3777093696089,9873300
2026-03-30,281.0589904785156,284.50575515603197,279.6327451103039,282.01972478590784,11734400
2026-03-31,291.3497314453125,292.25104134220237,282.22772810140145,285.71408872506316,12956900
2026-04-01,292.5580749511719,295.8661624411999,290.1116710297465,292.567989087923,11267200
2026-04-02,291.7855224609375,292.7957669317203,285.9616926535428,289.1212191631598,6669300
2026-04-06,294.125,295.4987855589938,291.88509063240025,292.7412191857173,7142600
2026-04-07,296.0662536621094,296.8427544058445,291.38734983011653,291.8253790066561,7849100
2026-04-08,306.5888366699219,309.8640903908154,303.96066179364243,306.5888366699219,10590200
2026-04-09,308.938232421875,309.8640846884941,304.73715687535,305.5734164156603,6586600
2026-04-10,308.4803161621094,308.9581744354404,305.344449093958,308.6097380099313,6069700
2026-04-13,312.2732238769531,312.33295236293975,304.0900871089203,306.0910825316173,8318200
2026-04-14,309.7247009277344,312.91036189245165,307.4847916064935,308.4305432499699,11455500
2026-04-15,304.5579833984375,312.8307129741003,302.8954898881459,312.54203541599225,9885800
2026-04-16,308.5599670410156,308.5599670410156,303.8312695552229,303.98059076810495,8208600
2026-04-17,308.8984375,313.4877482505245,308.69932229637936,311.068653468178,11082400
2026-04-20,315.5683898925781,315.70777661938337,308.9780833700189,309.45594165814435,10772000
2026-04-21,311.5962829589844,318.8038038717339,311.3474041387296,316.0661368489313,7084300
2026-04-22,311.6161804199219,313.73663281642627,310.5410372905177,313.43799038623484,5545900
2026-04-23,310.29217529296875,313.57736372602733,307.5047445243564,312.11395497732667,6969700
2026-04-24,306.8974609375,309.7545850384977,306.5092257615542,309.7545850384977,5215300
2026-04-27,310.232421875,311.1781431330245,305.50372444273444,305.50372444273444,7925300
2026-04-28,310.0532531738281,314.03531438457196,309.7745101043047,313.78643555890045,7398600
2026-04-29,307.86309814453125,310.65052875636707,305.91189671624613,309.1771855961317,8031800
2026-04-30,311.82525634765625,312.6913497643884,305.1951210592971,305.6928786901284,8865400
2026-05-01,311.06866455078125,314.6624601726697,310.43152018106696,312.54203812020876,6135400
2026-05-04,306.270263671875,309.2568094519629,305.13539207341324,309.22694520939064,7338200
2026-05-05,308.0124206542969,309.5753869306937,305.42407485773,306.32999740556414,6316800
2026-05-06,313.4877624511719,314.84167905955115,309.95369528217543,310.0532528884956,8629500
2026-05-07,304.8964538574219,314.8814709002291,304.76706239082745,313.23887676443206,8359600
2026-05-08,300.74517822265625,307.60426284206056,299.1523476664256,306.86759124184925,9464300
2026-05-11,298.6545715332031,301.83026757429667,297.5395993270601,300.74515961007836,9512000
2026-05-12,303.5126953125,304.6873960201211,294.2245209852311,298.67447538308426,9498200
2026-05-13,298.9034729003906,301.6411400127173,298.72428743531935,300.91440289675086,7709500
2026-05-14,298.56500244140625,302.38777761395096,297.4699295162906,300.8945046380796,7364300
2026-05-15,296.4743957519531,299.44104214981957,295.1205095874812,298.86362628854243,8699300
2026-05-18,299.3813171386719,299.908939014877,295.8870488301784,296.6635495230975,7546300
2026-05-19,294.3738708496094,300.436555061437,293.935841710235,299.7396822358739,8066900
2026-05-20,300.625732421875,301.57145376364997,292.35300240137923,295.3694126574367,9327000
2026-05-21,301.6411437988281,302.6167597554335,298.8636475324957,299.8790926087445,7874400
2026-05-22,305.0059814453125,306.07119010408854,302.4773640852478,303.31359328873907,5973900
2026-05-26,305.3643493652344,308.54004556072954,304.0701916446211,307.1065011172144,7725400
2026-05-27,297.93780517578125,304.52811132231307,294.42363753054383,303.63215366632585,11779200
2026-05-28,295.3992614746094,299.7197941661088,294.4236455581874,296.23549066837876,9757700
2026-05-29,297.9676818847656,298.53513289689414,293.87612858626386,295.070728717322,13969000
2026-06-01,295.2499084472656,298.20659004481905,293.94578586060317,296.3549462063085,7930000
2026-06-02,299.6102600097656,300.7152977310929,293.9457758280521,295.17027051801705,8296200
2026-06-03,299.50079345703125,300.60580089187994,295.23002417973413,298.5749714904202,7003900
2026-06-04,309.4957580566406,311.5066879726736,303.0746723882986,304.36883009196185,10345200
2026-06-05,310.9691162109375,313.58732636819616,308.211549706599,312.8805189963161,9118800
2026-06-08,309.7147521972656,314.88147906470095,309.3862455138746,311.84516953437026,6827000
2026-06-09,311.2976379394531,315.0009559692908,307.62418415256917,312.1040028799189,11594600
2026-06-10,307.75360107421875,313.3384270822022,307.64407859799763,311.1582462393224,7446200
2026-06-11,312.0840759277344,313.30857066124145,307.4947650619962,308.1717081621576,9116600
2026-06-12,319.28167724609375,319.85906276888113,314.1348496322589,314.5529794375797,7426200
2026-06-15,317.96759033203125,324.4583697274161,317.41010417767774,322.4673390673774,7988900
2026-06-16,329.6549377441406,330.26218746993305,322.56684357389287,322.8455866314347,11094900
2026-06-17,331.9645080566406,336.25517637046335,330.01330666560995,330.69024974688585,12246400
2026-06-18,323.761474609375,336.57375116590936,322.70623086248213,335.4388795655989,20111000
2026-06-22,329.993408203125,331.2776010100568,325.28461010223134,328.22139226156105,10182500
2026-06-23,332.6414794921875,333.86594380335947,325.7425357353925,327.9924099173137,7582200
2026-06-24,331.95458984375,333.02973300317086,328.291070440402,331.57628916780243,7907400
2026-06-25,333.6170654296875,341.90972446819404,333.2586945227413,333.4577793441399,10043100
2026-06-26,327.57427978515625,334.8913229247855,326.03124330500606,334.49312290223526,17640900
2026-06-29,327.91278076171875,330.8993264933345,325.73259994718205,326.80774304304947,7981800
2026-06-30,325.86199951171875,328.95806779511634,325.2149206632551,327.41503128103255,8080100
2026-07-01,332.5718078613281,334.13477419390347,323.5524415571975,326.89735842569155,15210200
2026-07-02,332.9700012207031,338.4751995750331,330.2820977776739,336.5040683580973,8413900
2026-07-06,337.7200012207031,339.7200012207031,334.1099853515625,335.0,8673500
2026-07-07,339.2200012207031,341.3999938964844,337.0899963378906,340.9800109863281,7115800
2026-07-08,330.6199951171875,336.5299987792969,330.1300048828125,336.5299987792969,18505200
2026-07-09,335.4700012207031,337.0,330.80999755859375,331.4599914550781,15570600
2026-07-10,336.4700012207031,338.5899963378906,335.7699890136719,337.4700012207031,6299000
2026-07-13,334.5299987792969,338.3500061035156,332.5,338.3399963378906,7120300
2026-07-14,342.8900146484375,344.7300109863281,325.75,327.0,14537900
2026-07-15,346.9100036621094,351.239990234375,344.04998779296875,345.8500061035156,10750000
2026-07-16,343.1499938964844,349.3399963378906,341.1099853515625,349.2799987792969,12432400
2026-07-17,341.1000061035156,346.1300048828125,335.04998779296875,339.0299987792969,9250900
2026-07-20,338.8699951171875,344.260009765625,337.3699951171875,341.79998779296875,7723300
2026-07-21,345.2300109863281,345.739990234375,337.29998779296875,340.1199951171875,6015300
2026-07-22,348.2099914550781,349.07000732421875,344.25,345.07000732421875,8040200
2026-07-23,349.8999938964844,349.9200134277344,345.4200134277344,346.5799865722656,10913000
2026-07-24,353.2099914550781,353.3699951171875,347.5,350.6400146484375,7520800
2026-07-27,356.20001220703125,359.04998779296875,352.5799865722656,357.8900146484375,7884900
2026-07-28,357.30999755859375,359.29998779296875,354.1499938964844,357.29998779296875,6533800
2026-07-29,344.7099914550781,357.3699951171875,343.7799987792969,356.5,8265300
2026-07-30,350.8500061035156,352.2799987792969,345.3699951171875,347.5400085449219,7606500
2026-07-31,351.7900085449219,354.4700012207031,349.70001220703125,353.29998779296875,6603400
2026-08-03,352.6400146484375,355.6199951171875,350.8399963378906,353.75,6436600
2026-08-04,357.5199890136719,363.0,353.8699951171875,355.0,8477200
2026-08-05,359.239990234375,362.1700134277344,358.20001220703125,358.9700012207031,5269500
2026-08-06,356.29998779296875,362.80999755859375,354.95001220703125,362.80999755859375,5820100
2026-08-07,357.5199890136719,358.8500061035156,353.3299865722656,355.760009765625,4566200
2026-08-10,359.7900085449219,359.989990234375,356.5,357.9599914550781,5327500
2026-08-11,362.0400085449219,363.1199951171875,358.6000061035156,360.04998779296875,4576500
2026-08-12,365.17999267578125,366.0899963378906,361.29998779296875,362.9700012207031,4366800
2026-08-13,363.1099853515625,366.5,361.5199890136719,366.5,5102700
2026-08-14,362.8399963378906,365.8999938964844,361.45001220703125,363.0,5058600
2026-08-17,360.9599914550781,365.75,360.9599914550781,361.94000244140625,5282600
2026-08-18,363.25,363.57000732421875,359.2699890136719,362.3399963378906,5525100
2026-08-19,357.260009765625,363.04998779296875,355.6499938964844,363.010009765625,6696200
2026-08-20,351.54998779296875,357.95001220703125,351.54998779296875,357.6000061035156,6799700
2026-08-21,351.5799865722656,356.8599853515625,350.3699951171875,354.07000732421875,8112100
2026-08-24,356.3900146484375,358.2799987792969,352.82000732421875,353.29998779296875,4394400
2026-08-25,356.69000244140625,357.3699951171875,353.07000732421875,357.0,4298000
2026-08-26,356.5,358.3500061035156,354.6000061035156,356.5,5796500
2026-08-27,354.2200012207031,357.57000732421875,352.2300109863281,354.67999267578125,5209900
2026-08-28,357.6199951171875,358.7300109863281,354.2200012207031,355.6700134277344,3914500
2026-08-31,356.0199890136719,357.7699890136719,354.7699890136719,355.8999938964844,7962900
2026-09-01,354.95001220703125,359.92999267578125,354.1199951171875,355.7300109863281,5079000
2026-09-02,356.2200012207031,361.4700012207031,353.7900085449219,357.54998779296875,5341400
