Date,Close,High,Low,Open,Volume
2015-01-02,77.76708221435547,78.24290709611357,77.02361103615712,77.89595539221699,18177500
2015-01-05,76.51805114746094,78.56011609844697,76.19092203502743,77.30117497890204,26452200
2015-01-06,75.48710632324219,76.91456580191738,74.70398246361094,76.55770660448336,27399300
2015-01-07,75.48710632324219,76.6865722156962,75.159977199033,76.09179680266656,22045300
2015-01-08,77.49945068359375,77.5490184634429,75.41773250061243,76.07198332932936,23961000
2015-01-09,77.06327056884766,77.93561500221034,76.52797036555162,77.5192653576597,21157000
2015-01-12,76.05213165283203,77.3209876764198,75.54656923115994,77.1623768919821,19190200
2015-01-13,75.78449249267578,77.40030802878574,75.18971706203146,76.5577088717913,25179600
2015-01-14,75.61597442626953,76.52796392716691,75.3681506990922,75.75475510845044,25918600
2015-01-15,73.4053955078125,75.90345550293978,72.89983295579397,75.73493717326042,34134000
2015-01-16,74.52556610107422,74.66434681037194,73.19722673110569,73.39549028937486,21791500
2015-01-20,75.57632446289062,75.6457148064973,74.16868745659526,75.06085441938114,22821600
2015-01-21,76.07198333740234,76.62711373244261,75.18973130945957,75.49703793119049,25096700
2015-01-22,76.97404479980469,77.07317276987104,76.01248760790453,76.49821995531516,19519500
2015-01-23,77.15247344970703,77.5093401704906,76.36934967704192,76.97404008931525,16746500
2015-01-26,76.82536315917969,77.78692052750698,76.61719211495121,77.30118809097387,19260800
2015-01-27,75.12032318115234,76.21074601311109,74.97162743975352,76.04222770224956,20110000
2015-01-28,75.57632446289062,76.96413889800418,75.3384157938078,76.23058275659368,53306400
2015-01-29,77.32099914550781,77.34082171501359,73.56399071536725,76.18100854294607,61293500
2015-01-30,75.24919128417969,77.47960456597902,75.090580487244,77.32099376904333,42649500
2015-02-02,74.33721160888672,75.47720239719297,73.10800789879916,75.4474647565992,41955300
2015-02-03,74.74364471435547,74.92207811735635,73.21704950267697,74.53547367135123,26957700
2015-02-04,74.97163391113281,75.68536748107134,74.3570358860037,74.43633373367891,20277400
2015-02-05,74.95181274414062,75.31859460305834,74.55529324641506,75.05094072782693,15062600
2015-02-06,73.82173156738281,75.04102004514603,73.6036454818044,75.02119747508426,21211000
2015-02-09,73.7919921875,74.17859657989936,72.81060482558195,73.40538779510064,16194300
2015-02-10,74.53547668457031,74.68416489059813,73.8514806849185,74.198432437285,15811300
2015-02-11,75.8439712524414,76.08187989931314,74.37685154361012,74.43632681458317,20877400
2015-02-12,75.56641387939453,76.20084201308207,75.22936967919682,76.1909269464051,17235000
2015-02-13,75.08067321777344,75.81423688530275,74.84276456064548,75.79440675213716,18621900
2015-02-17,74.94190216064453,76.24050378246547,74.42643207684702,74.64451819179318,25254400
2015-02-18,76.04222869873047,76.23057714450246,74.79319504278403,75.27893497525078,22426400
2015-02-19,78.7286376953125,79.1449797305421,76.28013812725594,76.31979083008443,45851200
2015-02-20,79.20446014404297,79.64062473585815,78.51054921023507,78.85750845862877,36931700
2015-02-23,78.1536865234375,79.49194069289109,77.69769177560839,79.26393953748658,24139100
2015-02-24,77.76708221435547,78.788122318651,77.42013051045889,77.81664998476066,18897100
2015-02-25,78.867431640625,79.50185986664357,77.8166613093407,77.8166613093407,25593800
2015-02-26,79.71002960205078,80.6616718350596,79.026033674615,79.1846369319597,31111900
2015-02-27,78.28256225585938,80.52289092741896,77.93561054107762,79.97767568777608,30739200
2015-03-02,79.05577087402344,79.1648139216467,77.83647477922692,78.31229967458121,21662500
2015-03-03,78.90706634521484,79.00619431485242,77.83646612197876,78.91698141107238,18635000
2015-03-04,80.19575500488281,80.44357871777616,78.16359753396557,78.60968475496131,28126700
2015-03-05,80.5030517578125,81.27626051053582,80.34444851870532,80.52288188956297,27825700
2015-03-06,79.31349182128906,80.62200053525316,79.13505847106767,80.19574350766752,24488600
2015-03-09,78.74846649169922,79.21437628830196,77.94551250826441,78.98637514165267,18925100
2015-03-10,76.87493133544922,78.5700449012705,76.87493133544922,77.81665857324523,23067100
2015-03-11,76.89473724365234,77.74725137569477,76.58743827616465,77.12273837509682,20215700
2015-03-12,78.24290466308594,78.36186277057135,77.23178721988889,77.42012810301617,16093300
2015-03-13,77.37057495117188,78.68899150518448,77.00379309188635,77.91578264348344,18557300
2015-03-16,77.390380859375,77.43994862208532,76.68656249416513,77.28133783179528,19305400
2015-03-17,78.6691665649414,79.0855086220938,77.65804149702255,77.67787163097086,22170000
2015-03-18,80.20567321777344,80.53279478376231,78.48081466301844,78.56012006937081,36912400
2015-03-19,82.02964782714844,82.27747153659601,80.2948818610154,80.41383996422282,42099500
2015-03-20,83.07052612304688,83.86355760528562,82.34687742706045,82.6640915325521,44466300
2015-03-23,83.69503784179688,84.22042298604683,82.57487720524473,83.1894752699987,27357300
2015-03-24,84.56736755371094,85.32075381365149,83.78424365612457,83.97259211185474,32576500
2015-03-25,82.19817352294922,84.77553882027803,82.19817352294922,84.7557162494514,37436100
2015-03-26,82.28739166259766,83.04077034029963,81.42496237801527,81.99991523440353,32794800
2015-03-27,82.57488250732422,83.21921825361855,82.15853282929649,82.65418036520364,18372600
2015-03-30,82.47572326660156,83.60579871892675,81.69260704016594,83.08041369180808,24527700
2015-03-31,81.50425720214844,82.77311329771341,81.49434213681401,82.1783379482897,19734300
2015-04-01,80.95905303955078,81.99991571452112,80.16602165369807,81.78182962544315,22058200
2015-04-02,80.85002136230469,81.8413164062289,80.73107079734162,81.5340173627663,19664100
2015-04-06,81.72234344482422,82.08911767025192,80.09662062336496,80.09662062336496,19062900
2015-04-07,81.60338592529297,82.69380866987153,81.50425795996382,81.93051501756023,17467000
2015-04-08,81.56373596191406,82.37659740563981,81.12756382426343,81.91068763369105,18966700
2015-04-09,81.45469665527344,82.07921725603241,80.99870192821521,81.78182577348247,15927300
2015-04-10,81.32583618164062,81.89087398378047,81.19697056465436,81.49435450300267,12529700
2015-04-13,82.28739166259766,83.20929622095127,81.20687629021421,81.21679135683605,26883100
2015-04-14,82.79293823242188,82.96146409600945,81.7223455980429,82.44598656558706,19634200
2015-04-15,81.989990234375,82.93172481187749,81.55381811161685,82.82268178118794,22390900
2015-04-16,81.59347534179688,82.34686153304405,81.43487210115396,81.75208614541917,13769700
2015-04-17,80.0768051147461,81.39522921770508,79.67037811665682,80.77071611982043,24215000
2015-04-20,82.36669158935547,82.42617442761068,80.53279749289824,80.83018899523404,28796800
2015-04-21,82.89207458496094,83.75449622779455,82.81276918518935,83.26876388940717,27171900
2015-04-22,83.89327239990234,84.00231542799965,82.92180777519027,83.58597344598019,45548000
2015-04-23,81.69259643554688,84.8449061890536,81.69259643554688,83.3678792655526,73728100
2015-04-24,80.82027435302734,82.21800383317779,80.77071414436435,82.04947794737929,29660400
2015-04-27,81.19696044921875,82.20807781440709,80.91939155316751,81.15730774978286,25446000
2015-04-28,79.97767639160156,81.1870574334667,79.53159669195371,81.1176670898997,23775300
2015-04-29,79.76948547363281,80.68147477971189,78.82775097374342,79.31349082059327,26430300
2015-04-30,78.08428955078125,80.25522762415154,77.63820990750372,79.31350057146376,28999000
2015-05-01,78.30239868164062,79.0657001521988,77.43006170684134,78.5502224593317,24136400
2015-05-04,78.12394714355469,78.9962914790535,77.94551376247355,78.63942471689121,14692000
2015-05-05,76.88484191894531,78.11405323046603,76.54780523103163,77.86622946712443,22311300
2015-05-06,77.42012786865234,78.12394631910614,76.3792727924797,77.29126225816802,28663000
2015-05-07,77.74724578857422,78.25280821728674,76.88481665288563,77.32098875318495,19749400
2015-05-08,77.82655334472656,78.5402867785136,77.35072853454227,78.41141362003725,19943600
2015-05-11,77.33091735839844,78.34203482988713,77.25161195118916,77.79682717202809,18874100
2015-05-12,76.78569030761719,77.21194735197116,76.12152464126854,77.19212478471273,21285300
2015-05-13,77.75716400146484,77.84637690033134,76.97404022739494,77.04343055861739,21512300
2015-05-14,80.66166687011719,81.13748417584368,77.98516616423179,78.25282001631018,49438000
2015-05-15,79.71994018554688,80.81036314697128,79.48203150884967,80.70132765751127,27069900
2015-05-18,80.17591857910156,80.67156596598197,79.53158302654019,79.63071099132048,21613700
2015-05-19,79.92809295654297,80.97887053419386,79.84879512442,80.54269842411315,17955400
2015-05-20,79.84880828857422,80.39401595308121,78.76829290036731,79.76950288039794,23056900
2015-05-21,79.7794189453125,80.21558356977908,79.38289946245007,79.49194250931174,13402700
2015-05-22,79.8388900756836,80.60218380110709,79.55141365460781,79.65054162943196,19567900
2015-05-26,78.63941955566406,79.89836064406938,78.39159585170418,79.72984234049169,16321300
2015-05-27,79.84880828857422,79.95785133407162,78.73855526304621,78.90707358318582,14160900
2015-05-28,79.45228576660156,80.36427523674763,79.30359002271304,79.551413741534,11982000
2015-05-29,78.50064849853516,79.37298532061511,78.19334192517071,79.25402720547596,16134600
2015-06-01,79.59107208251953,79.68028499738487,77.97526404401185,78.60969220409955,18119000
2015-06-02,79.73976135253906,80.64183574684672,78.86741703112197,79.06568054188932,18923300
2015-06-03,81.72234344482422,81.81155634409726,80.54270024568797,80.64182821031764,31775000
2015-06-04,81.33575439453125,82.22791380706478,80.80045420922293,81.42496731059246,20863900
2015-06-05,81.4249496459961,81.74216366147465,80.80043668011045,81.15730339289615,16143100
2015-06-08,79.9677505493164,81.28617446241944,79.43245044407956,81.10774109400715,16915500
2015-06-09,79.9677505493164,80.48322808605377,78.62950406771388,79.89836021509937,16497500
2015-06-10,81.44479370117188,81.88095832016649,80.10653951792796,80.12636965146135,21531200
2015-06-11,81.11766052246094,82.17834572424164,80.65175072638331,81.59347782183156,18656800
2015-06-12,80.82027435302734,81.37539709312563,80.4931452113351,80.6616710971336,11417900
2015-06-15,80.00740051269531,80.22548657362631,79.37297246070275,79.84879728118665,18805100
2015-06-16,80.3543701171875,80.80045740407289,79.74967956337309,80.11646143530366,13693700
2015-06-17,81.07801818847656,81.50427533695245,80.63193090491961,81.04828054883555,18350300
2015-06-18,82.1882553100586,82.46581664334646,80.85991634835071,80.92930668167267,26782600
2015-06-19,81.79173278808594,82.25764253549272,81.40512843661622,82.1089468088554,23353200
2015-06-22,84.00233459472656,84.23033576812884,82.58478246899898,82.68391801750985,29383100
2015-06-23,87.11499786376953,87.20421834240891,84.02216244657009,84.22041841224379,50667900
2015-06-24,88.08646392822266,88.47306832764119,86.68873451264813,86.89691309354711,41370200
2015-06-25,87.2141342163086,88.62177124936116,87.07534596347686,88.4829905595098,27302000
2015-06-26,87.24385833740234,87.5709798768069,86.07413015919488,87.35290137153027,38214600
2015-06-29,85.05310821533203,86.7383065750262,84.98371787259121,85.85605469033005,35957900
2015-06-30,85.02336883544922,85.94527348811114,84.82511286061079,85.84614550069193,23016500
2015-07-01,86.1534423828125,87.18438241134707,85.73709278181144,86.01465414049228,25260000
2015-07-02,86.53013610839844,86.67883186180244,85.58840137882663,86.63917915669602,16908800
2015-07-06,86.78787994384766,87.42230813638704,85.63797411800714,85.73710210503255,24635900
2015-07-07,86.46073913574219,87.08525217657755,84.48806447658131,87.03569197122975,33059900
2015-07-08,84.9043960571289,85.99481875934913,84.70613257119335,85.53882408616535,24399300
2015-07-09,85.13240814208984,86.83743667735756,84.90441453736237,85.97501490550447,23307400
2015-07-10,87.18438720703125,87.45204107689597,86.01465887183411,86.58961175385886,23245900
2015-07-13,89.31565856933594,89.43461666614635,87.65028302888508,87.88819922250592,29976700
2015-07-14,88.89933776855469,90.00959091453241,88.86960012800739,89.67254667470777,26627800
2015-07-15,88.9786376953125,90.19792626040608,88.64159347628363,89.21654636799265,30886600
2015-07-16,90.05913543701172,90.06905050312695,88.98853518595193,89.49409767611564,21804100
2015-07-17,94.1432876586914,94.55962974489665,91.73444049853151,91.74435556619756,54001600
2015-07-20,97.05768585205078,97.74167418009631,94.52988086928924,95.0156132454624,54860500
2015-07-21,97.53349304199219,98.37609209449423,96.29437456390713,98.08861570002101,39453300
2015-07-22,96.19525909423828,96.7305592538652,95.08500607097724,95.89786759567444,28299500
2015-07-23,94.60918426513672,96.60168149695419,93.9846636603459,96.11594913110103,29418800
2015-07-24,96.10602569580078,96.90897960875544,95.04534058592735,96.50254511957137,33444900
2015-07-27,93.35025024414062,95.76901251376444,93.01321356747806,95.73927487323313,38585400
2015-07-28,94.46049499511719,94.72814129909489,92.49772770168688,94.0144077378475,35236000
2015-07-29,96.14569091796875,96.4331673485733,93.91527737708715,95.48152514535475,64648300
2015-07-30,94.38117218017578,94.9759475172034,91.0008610175653,94.08378829315134,86211300
2015-07-31,93.19163513183594,95.49143898411887,93.13215229535096,94.12344718966223,46509000
2015-08-03,93.32048797607422,94.25230746937642,91.9921566296874,92.71579756824774,29343100
2015-08-04,93.24118041992188,93.90535364070558,92.51753949812787,92.97353416899308,20136000
2015-08-05,95.60047912597656,96.24481473733888,94.35144547941924,94.42083581739578,29813200
2015-08-06,94.29197692871094,97.88045975267885,93.59806593650498,96.33404207441555,42271300
2015-08-07,93.47911834716797,94.56954129750056,92.79512240026808,94.54971116290557,23199100
2015-08-10,93.33040618896484,95.0651720751427,92.8149286618037,94.8470860108037,21624200
2015-08-11,92.8050308227539,93.93510639838303,92.09129728804501,92.91407386627775,22491000
2015-08-12,93.37006378173828,93.61788749275215,90.39617924957187,91.89302901875041,27050500
2015-08-13,92.61668395996094,93.90537037116036,92.53737855186067,93.23128952826804,17451800
2015-08-14,93.5980453491211,93.89543678936514,92.3985796492995,92.72570872097225,15929700
2015-08-17,93.11233520507812,93.63772031990659,92.57703502308865,93.5980676142429,18313500
2015-08-18,94.34153747558594,95.01561833623983,93.22137691782913,93.26102962292408,22278800
2015-08-19,94.48030853271484,95.26343236182065,93.34032552008506,93.80622774076171,23251300
2015-08-20,89.77166748046875,93.94501827655093,89.67253949891658,92.72572973379681,44598200
2015-08-21,85.31082916259766,88.40367170095904,84.86474952206498,86.7581186816125,62778700
2015-08-24,81.37539672851562,81.37539672851562,71.37323456973708,76.35944683029606,83710700
2015-08-25,82.27747344970703,86.906818634714,82.27747344970703,86.19308512483258,52021200
2015-08-26,86.43099975585938,86.69864603567956,82.53521072149796,85.20178870555631,45124300
2015-08-27,88.94888305664062,89.27600458293857,86.43099343280676,88.32436251111596,42431400
2015-08-28,90.21774291992188,90.68365269144317,89.00836203971235,89.09757494252491,33215900
2015-08-31,88.65150451660156,90.2574050009518,88.11620435515148,89.81131775158674,32850700
2015-09-01,86.47065734863281,88.61185039725655,85.7470087448094,86.0939604467878,36097400
2015-09-02,89.10748291015625,89.10748291015625,86.86715469680146,88.03688278381199,27190500
2015-09-03,87.38265228271484,89.03811305167328,86.9663102144104,88.9786377741956,27048200
2015-09-04,87.49168395996094,87.62054956540419,85.9452588797451,86.44090629557519,27328700
2015-09-08,88.75062561035156,89.45444403757013,88.05672224914436,88.90923641461573,27012500
2015-09-09,89.65270233154297,91.1792972004399,89.38504850565029,89.98973892654385,32551100
2015-09-10,91.17931365966797,91.25861150852565,88.84976445555357,89.28593665768227,26437400
2015-09-11,91.24870300292969,91.27844064129752,90.3367059027614,90.88192114943917,21185000
2015-09-14,91.50642395019531,91.81373049238007,90.8026055237376,91.50642395019531,20127900
2015-09-15,92.09130096435547,92.43825267897275,90.99096298158345,91.56591585893787,18859400
2015-09-16,92.6364974975586,92.78519323250235,91.8236360512425,92.09128988673712,16321200
2015-09-17,93.51874542236328,94.67856605671798,92.09128608950807,92.55719584373054,27841800
2015-09-18,93.57823944091797,94.36136331418926,92.23999284754747,92.38868103115986,62300000
2015-09-21,94.7182388305664,95.65005097352773,93.69719864323538,93.7963341921079,28790000
2015-09-22,92.15077209472656,93.85580051611926,91.11982450125703,92.95371853571598,36888900
2015-09-23,93.1519775390625,93.49892922126436,91.99216438871079,92.58693978148247,21701400
2015-09-24,93.58815002441406,93.94500921096936,91.43703446111296,92.24989593216894,29106000
2015-09-25,91.96241760253906,95.0156074791521,91.25859918423178,94.95613220979578,28961600
2015-09-28,88.43341064453125,91.48660052802913,87.412378182389,91.27842952183327,41199900
2015-09-29,85.91552734375,89.27601645659037,84.97380021201428,88.3243742582,42281800
2015-09-30,89.11740112304688,89.23635165485668,87.24385461725367,87.67011166985618,36169100
2015-10-01,90.15827178955078,90.15827178955078,87.5908215245621,89.26611239371978,29283700
2015-10-02,91.26851654052734,91.39738214835974,87.60072862057663,88.12611368102033,37881700
2015-10-05,93.19163513183594,93.44936635901138,91.8533885371117,92.13094989744208,27292500
2015-10-06,91.99217224121094,93.35024145075224,91.53616991941594,93.26102853756197,22172800
2015-10-07,91.59565734863281,92.84469113675875,90.5746247328318,92.2994758744473,24129300
2015-10-08,91.6650161743164,92.4084871511,89.68242690289345,91.09006347048906,27290500
2015-10-09,92.42833709716797,92.92398456185481,91.43704216779429,92.09130045141137,20012900
2015-10-12,93.43944549560547,93.77648208125207,91.86328290625801,92.50762600802925,18449600
2015-10-13,93.30068969726562,94.53980846817765,92.73565184024896,92.84469489712768,19480300
2015-10-14,93.25110626220703,94.37126672033743,92.79511153864121,93.26102132834397,19253400
2015-10-15,95.1246566772461,95.46170087238444,94.07388651465796,94.16309942447175,27557500
2015-10-16,96.69091796875,96.74047818237689,94.51997943660092,95.34275612521223,25412900
2015-10-19,97.61280822753906,97.71193620312984,96.07629813545302,96.33403692237282,23729900
2015-10-20,96.15559387207031,98.72304372770289,95.71942174775506,97.87053717296335,30881800
2015-10-21,96.26465606689453,97.32534139246908,95.63022788503577,96.52239487920606,21917800
2015-10-22,98.80236053466797,98.86184337129369,96.70082019406267,96.93872885162594,26392100
2015-10-23,101.30043029785156,101.95468101232065,99.2881028202708,101.02286893032043,42809700
2015-10-26,102.86665344238281,102.90630614015713,100.66598543824917,101.31032097889015,25961200
2015-10-27,102.79727935791016,103.19379883533972,101.50860050998907,102.04390067007198,23795500
2015-10-28,103.29291534423828,103.57048424170354,102.0240592077423,102.99553144142281,24081500
2015-10-29,103.96700286865234,104.20491908194121,102.61884124526726,103.05501340665056,20316700
2015-10-30,101.08232879638672,103.80838941090425,100.76511477285293,103.60021841698948,33487100
2015-11-02,102.4106674194336,102.56927822393857,100.29921213457236,100.83451225530747,24003900
2015-11-03,101.68702697753906,102.74771215877689,101.508593602986,102.32145507306565,21242300
2015-11-04,103.03519439697266,103.23345035191697,101.58790474953548,102.29172322146164,43469300
2015-11-05,107.81322479248047,109.68677136338421,107.01027085996519,107.8528774921214,63232900
2015-11-06,106.16768646240234,107.79340955744794,104.9880506277289,107.09950612528708,35084300
2015-11-09,105.56300354003906,107.3076848759806,104.93849040615908,106.06856611297852,26383500
2015-11-10,106.97064971923828,107.20855840747299,104.32388625607629,105.0376198837613,25031700
2015-11-11,108.0610580444336,108.91357225461873,106.17759624139714,107.32749438070604,25057100
2015-11-12,107.07965850830078,108.43773507577357,107.059835940467,107.53566076124648,20924700
2015-11-13,103.04509735107422,107.30766826099854,102.9261468085514,106.77236813070715,30278400
2015-11-16,103.13432312011719,103.26318873546472,99.59540060161719,102.42058957638947,49309200
2015-11-17,104.21483612060547,105.27552142221741,103.23345623067937,103.70928113781402,26807200
2015-11-18,106.83184051513672,106.9408835514891,104.47256154210568,104.87899605268808,23836500
2015-11-19,105.33499145507812,106.79219607496137,105.02768491290517,106.42541426274563,25520600
2015-11-20,106.38575744628906,106.93097261052138,105.69185411270168,105.90993261541549,22129600
2015-11-23,106.01897430419922,106.53445182802552,105.15655268095675,106.25689049810937,19897200
2015-11-24,104.81951904296875,105.56299020686559,103.48127246055039,105.077257830754,23577300
2015-11-25,104.49238586425781,105.67202150369657,104.18507934117838,105.40437524215402,15150800
2015-11-27,104.53202819824219,105.03759063758274,103.94716792688995,104.85915728034365,5913100
2015-11-30,103.33257293701172,105.17638196109883,102.84684057866001,104.91864318273731,20383200
2015-12-01,106.18751525878906,106.21725289650989,103.59031982845543,103.91744896934472,22781900
2015-12-02,105.14664459228516,106.98053855489798,104.86908324395192,106.06854910666601,24429100
2015-12-03,103.47134399414062,105.91984325356124,102.45031160469321,105.34489047949106,23236500
2015-12-04,105.25569152832031,106.79220163017443,103.20371141232935,103.89761480885585,21224700
2015-12-07,104.6906509399414,105.90003188118547,103.7489238466013,105.55308019221698,15474900
2015-12-08,105.56300354003906,105.97935319227311,103.04511330606113,103.0946810817735,20401800
2015-12-09,103.68944549560547,105.51343205259109,102.6485903836935,105.2556932597929,23517300
2015-12-10,104.50230407714844,105.47377638393765,103.50110169711736,104.13552981310961,17454300
2015-12-11,101.23104095458984,103.43170934585865,101.02286992688794,103.24336845202176,26427700
2015-12-14,103.74893188476562,103.8282297319739,100.57678354404887,101.39956015804873,24648100
2015-12-15,103.63988494873047,104.87900357526728,103.37223109012977,104.38335612465255,21764300
2015-12-16,105.8603744506836,106.15775835809632,103.28300943821036,104.45273762518396,22680500
2015-12-17,105.29534149169922,106.81202142105839,105.20612102133595,106.55428263920624,21675700
2015-12-18,103.13432312011719,105.66212059734293,103.06493277908699,105.15656563968575,35994200
2015-12-21,103.85795593261719,104.23465280803826,102.6981427975119,103.99674416665293,16138800
2015-12-22,104.5915298461914,104.74022559781011,103.89761885963081,104.3040534098566,14597100
2015-12-23,103.71917724609375,105.18629694916336,102.95588354067894,104.96821087247928,19599700
2015-12-24,104.10578918457031,104.40318068580198,103.5903191538128,103.82822781701012,6501800
2015-12-28,105.00786590576172,105.05743367446499,103.62005157484671,104.10578394362409,13069700
2015-12-29,106.3262939453125,106.80211126586403,105.32508397063957,105.4936022898774,17179900
2015-12-30,105.29534149169922,106.31637398987019,105.13673068348878,106.06855027427608,13115000
2015-12-31,103.74893188476562,105.24578179642684,103.7092791796714,105.07726347201151,18391100
2016-01-04,101.33016204833984,101.34998461787755,98.88166252804486,101.0625082002134,37912400
2016-01-05,101.83573913574219,102.80720400484242,100.78496128818922,101.9943424037056,23258200
2016-01-06,102.0736312866211,102.86666262395468,100.02165126226403,100.2496448410929,25096200
2016-01-07,97.06758880615234,100.54703580818862,96.45299084636537,99.62513130552874,45172900
2016-01-08,96.48274230957031,99.62514558402061,96.18535079009744,99.0105399731676,35402300
2016-01-11,96.66117858886719,97.74168652005213,94.55963044399114,97.05769810565258,29932400
2016-01-12,98.50497436523438,99.0898347107424,96.70081799683214,98.1381925391326,28395400
2016-01-13,94.60918426513672,99.70443926239523,94.38118311864586,99.70443926239523,33410600
2016-01-14,97.51367950439453,98.00932694152843,91.64520810086469,95.0156121859711,48658600
2016-01-15,94.1432876586914,95.54100968037491,92.72573550167583,93.16190772321313,46132800
2016-01-19,94.43074798583984,96.57194089410804,93.1024089757927,95.68968909706048,30998300
2016-01-20,93.52867889404297,94.17302213705045,88.59203417939084,92.02191386756155,59051400
2016-01-21,93.34033203125,95.15439596237702,91.81373696760096,94.08380321116466,30518900
2016-01-22,97.0874252319336,97.2162908466667,94.65874818149646,95.57074524023353,30495400
2016-01-25,96.16551971435547,98.61401931082437,96.08621430777822,97.86063307430014,32482000
2016-01-26,96.49264526367188,97.02794543569125,94.82727703469624,96.90899488389593,26877100
2016-01-27,93.62779998779297,96.99820414987701,93.40972146337624,96.93872887621608,58699400
2016-01-28,108.16019439697266,109.37948297046616,103.89762301594402,106.2668173807775,107475300
2016-01-29,111.23320007324219,111.85771313898314,107.89253353000711,108.0412292779397,62739500
2016-02-01,114.08812713623047,114.71264776750878,111.03494457268067,111.29267580297402,46132700
2016-02-02,113.6123046875,116.56635913965604,112.21457530248163,113.80065313134833,59778600
2016-02-03,111.70902252197266,114.33594790534359,108.79461315267237,114.26655756621643,56919300
2016-02-04,109.5281753540039,110.96555754890012,108.29897175107693,110.82677686290741,38890200
2016-02-05,103.1640625,108.62609965214851,102.28181062214956,108.55670930994611,76894700
2016-02-08,98.88166809082031,101.7861625036764,96.61160182057621,99.53592636706517,71229700
2016-02-09,98.67350769042969,101.50861206680645,95.97718401250654,96.29439811796921,62709000
2016-02-10,100.12077331542969,102.35118658235757,99.36738716096659,100.665988472537,45179400
2016-02-11,101.02286529541016,104.19500590017188,98.0192354428948,98.73296896971112,43670600
2016-02-12,101.12198638916016,103.33256959556908,100.20998940975191,102.83692218712126,36176800
2016-02-16,100.7254638671875,103.0252674694827,99.36738728693072,102.89640186990262,45687200
2016-02-17,104.28421783447266,104.79969540478906,99.52600697181951,101.13189982916133,44073400
2016-02-18,102.56929016113281,105.07726518615958,102.13311796096109,104.87900922043443,29593500
2016-02-19,103.65971374511719,104.10579345227119,101.17156127595197,101.65730125207473,32404500
2016-02-22,106.22715759277344,107.3076653270373,104.4229937420573,104.57168947912481,35709700
2016-02-23,104.54195404052734,106.5344588079402,104.20491742154123,105.91985327787319,25319300
2016-02-24,105.9495849609375,106.01897529406442,101.84562511490785,103.30282967355213,34412400
2016-02-25,107.12924194335938,107.12924194335938,104.69065734222019,106.1775997255719,29906300
2016-02-26,106.98056030273438,108.49724052372032,106.2271815078142,107.7537692339836,26686200
2016-02-29,105.98925018310547,107.96193250346471,105.82073186316924,106.66333102583035,32779000
2016-03-01,108.86399841308594,108.86399841308594,106.6633226706049,106.8913238102316,26817300
2016-03-02,108.99287414550781,109.58765715180294,107.82314582969688,108.72522784305909,25670200
2016-03-03,108.62609100341797,109.33982450237566,107.59514345636568,109.29025673490047,21353100
2016-03-04,107.44644927978516,109.09200237775968,106.99045455170271,109.09200237775968,24938900
2016-03-07,104.80960845947266,107.12923479243477,103.80839853721264,107.12923479243477,31436400
2016-03-08,105.00786590576172,106.4353329390434,103.49118596438977,103.8678752924037,25617000
2016-03-09,106.5741195678711,106.5741195678711,104.5716995829094,105.77116553531633,20493300
2016-03-10,106.38575744628906,107.71409640870093,104.849247483801,106.9706253100091,24854300
2016-03-11,108.45757293701172,108.46748044014531,106.98053816832214,107.53566842596219,20697600
2016-03-14,108.93338012695312,109.36955223972691,107.82312727761017,108.32868972078172,17249400
2016-03-15,109.70659637451172,109.86520717660716,107.89252503118654,108.16017886897775,17618500
2016-03-16,111.20345306396484,111.52066710342876,109.14155802595975,109.5281624002133,24744800
2016-03-17,110.05355834960938,111.70902660874356,109.76608947912274,111.17372644604497,24241200
2016-03-18,110.47981262207031,111.44136987681145,109.31008434769136,110.58885566516342,36256900
2016-03-21,110.8763198852539,111.39179740730695,110.0634584663047,110.6879790194467,18448000
2016-03-22,111.27285766601562,111.89737075919655,110.2022573094367,110.39060576929232,19001100
2016-03-23,111.56033325195312,112.20467647437552,111.02503307777054,111.03494814478694,18562000
2016-03-24,112.06590270996094,112.10554785451488,110.7078258380784,111.15390556262649,17839100
2016-03-28,112.7003173828125,113.59247672486774,111.9667537259061,112.3335355543593,21351800
2016-03-29,115.12899017333984,115.30742355955206,112.65075289982559,112.83910135276626,29825300
2016-03-30,113.70152282714844,115.97158907212416,113.36448618894119,115.71385784160564,33235200
2016-03-31,113.10675811767578,114.00884019894548,112.77962895218364,113.70153360576468,21207500
2016-04-01,115.04967498779297,115.1587180235988,112.36326691916976,112.7597863618292,24760500
2016-04-04,111.57024383544922,113.55283363216635,110.6384242108386,113.07700875324309,48487900
2016-04-05,111.24311065673828,112.33353349266605,110.92589660332331,111.13406761684755,22962400
2016-04-06,112.72013854980469,112.81926652402377,111.44136726233333,111.4909350309327,20814600
2016-04-07,112.65074157714844,113.88986008936011,112.08570383809909,112.79943731120969,20714500
2016-04-08,109.66694641113281,113.33474188985046,108.94330540670434,113.25543648682338,48497800
2016-04-11,108.04122924804688,109.9445212076935,107.82314315953676,109.73634262285753,39762300
2016-04-12,109.64712524414062,110.19234044320017,108.04122484571221,108.38817653466846,26248100
2016-04-13,109.54798889160156,111.66935912808248,105.59271725108763,111.25301713317964,88227400
2016-04-14,109.87511444091797,111.06467276511277,109.30016919201873,109.65703593297924,28473300
2016-04-15,108.6855697631836,110.00399376536308,108.2493975969336,109.82556038489533,20922800
2016-04-18,109.488525390625,109.84539218153662,108.24940668967642,108.78470687604386,21167200
2016-04-19,111.31250762939453,111.47111088406582,108.20975724814582,110.1328642527979,30210500
2016-04-20,111.44136810302734,112.28396723471552,110.58885390494856,111.45128316941795,21027900
2016-04-21,112.45248413085938,113.04725949614105,111.33231617055011,111.57023236704607,20875200
2016-04-22,109.59754180908203,110.77718494588484,108.06103953106492,110.24188488959562,38458200
2016-04-25,109.14157104492188,109.70660885646066,108.12053846994654,108.91357744469369,21017900
2016-04-26,107.81322479248047,109.53807563047552,107.20853435816983,109.5281605648205,22521500
2016-04-27,107.94210052490234,107.99166829485043,105.38455788036991,107.00037339972747,52213100
2016-04-28,115.7138671875,119.738522415515,115.21821969388316,118.53905638851991,87110100
2016-04-29,116.55644226074219,116.81417345866882,114.83158389504189,115.80305610892984,37140600
2016-05-02,117.53783416748047,117.69644497925077,115.55524439823024,116.80427807049222,28095200
2016-05-03,116.40776062011719,117.13140922613752,116.00132608015154,116.49697353104824,24117500
2016-05-04,117.03226470947266,117.27018091300097,115.5552375367194,115.59489023730747,23448400
2016-05-05,116.7844467163086,117.94426746705629,116.22932400687702,117.01244786509925,22056700
2016-05-06,118.44981384277344,118.59850957575642,116.09053493530308,116.14010270062379,26395600
2016-05-09,118.20199584960938,119.2329434016313,117.86495923068772,118.49938732993513,21138100
2016-05-10,119.45103454589844,119.45103454589844,117.96409220715282,118.57869776317375,23220000
2016-05-11,118.47955322265625,120.02597828029617,118.38042525353325,119.3618125678949,22038400
2016-05-12,119.23294830322266,119.78807102214002,117.86496407604211,118.93556437365115,22035500
2016-05-13,118.76702880859375,119.5898053163042,118.63816320591998,119.33206654797748,18124300
2016-05-16,117.63695526123047,118.56877481841735,116.32844639259623,118.34077368058124,31247800
2016-05-17,116.32845306396484,117.97400620077451,116.17975731884665,117.78565775275949,21328600
2016-05-18,116.62583923339844,117.24043719281025,115.7138497973181,115.78324013347684,21642300
2016-05-19,115.79315185546875,116.46723267256223,114.87124731978179,116.03106807066389,20544100
2016-05-20,116.32845306396484,116.96288118435466,115.93193359797627,115.94184866444542,18944800
2016-05-23,114.96046447753906,116.57627235352096,114.93072684224178,116.39783897875773,20441000
2016-05-24,116.67540740966797,116.70515260975077,115.10916720607071,115.22811775448218,20183600
2016-05-25,116.8637466430664,117.63695539866552,116.35818416325954,117.10165528410167,20019800
2016-05-26,118.43001556396484,118.71749202323113,116.89350527964035,117.21071937900648,18481300
2016-05-27,118.34078216552734,118.80669197752617,117.97400789368305,118.5192155496337,13493600
2016-05-31,117.7757339477539,119.05450516012246,117.09174567172734,118.42007708680492,23547600
2016-06-01,117.74600982666016,118.0434013289613,116.79436760746859,117.46844845810179,15029500
2016-06-02,117.89469909667969,118.40026159760687,117.19088064710402,117.65679044570558,13228300
2016-06-03,117.43871307373047,117.94427561215048,116.83402255363484,117.94427561215048,14135100
2016-06-06,117.75592041015625,118.3903485321291,117.3296633066764,117.58740209465904,12744700
2016-06-07,116.73489379882812,118.26148890805896,116.64567332182482,118.20200606906337,17103000
2016-06-08,117.35939025878906,117.56756125833019,116.24913736492404,116.73487726016573,14505600
2016-06-09,117.52790832519531,117.64686642311611,116.68530926311547,117.10165126136964,13859200
2016-06-10,115.60481262207031,117.08183988833326,115.24794585716413,116.5168021043951,18510800
2016-06-13,112.95806121826172,114.47474890765056,112.32363302895342,113.99892398417906,31718200
2016-06-14,113.93943786621094,113.94934536983412,112.59127620143148,113.07700858326265,17618500
2016-06-15,113.60238647460938,114.43507806799785,113.0770014226161,114.296297396263,19819400
2016-06-16,113.39422607421875,113.50326912120767,111.95685145551776,112.87875603998215,19236300
2016-06-17,112.03614807128906,113.43387753298815,111.58015331751646,113.4239624661944,24644300
2016-06-20,112.38309478759766,113.72134126201469,111.76848928570443,112.77960665929221,20785400
2016-06-21,113.3843002319336,114.20707675811984,112.97787328331036,113.12656902079861,19166300
2016-06-22,112.91840362548828,113.74117262958632,112.62101213573158,113.65195972044715,14846300
2016-06-23,114.07821655273438,114.08812405618437,112.55162153068311,113.37439809581757,16176900
2016-06-24,111.10433959960938,112.69041000399397,110.03373924053219,110.04365430764778,40643100
2016-06-27,108.02140808105469,110.59877334706329,107.28785196170163,110.59877334706329,36130400
2016-06-28,111.71893310546875,111.76850087606032,109.58765510367063,109.6669529484452,26813800
2016-06-29,113.16622924804688,113.25544215868553,112.05597623900451,112.3831053706393,20968300
2016-06-30,113.28518676757812,114.1773537437714,112.6804962372127,113.67179119676516,23192700
2016-07-01,113.19596099853516,114.1277730118846,112.8192641163701,113.20586850165988,14980000
2016-07-05,113.20587921142578,113.20587921142578,111.98659066954022,112.94814797216976,14207000
2016-07-06,115.68412017822266,115.77334065843013,111.98659416885813,112.37319860280283,24337600
2016-07-07,114.84149932861328,115.95175221047566,114.3557670016018,115.61470805082963,16630200
2016-07-08,116.21940612792969,116.47714490663395,114.84150689109383,115.41645971936506,18142600
2016-07-11,116.84393310546875,117.66670212826423,116.47715126816432,116.68532229053281,17711600
2016-07-12,116.90340423583984,117.68652809012278,116.54653747786332,117.59730761913882,15217700
2016-07-13,115.76341247558594,117.36931287055498,115.66428450223763,117.35939780432628,16207700
2016-07-14,116.26897430419922,116.61592599041673,115.68410640773584,116.47714531592973,14579700
2016-07-15,115.84273529052734,117.25037238738695,115.565173898243,116.7150721752754,16646000
2016-07-18,118.33087921142578,118.56878787838798,115.87246444288259,116.2987215678041,20868400
2016-07-19,119.56008911132812,119.79799779082076,117.627066909862,117.95418850804664,21541300
2016-07-20,120.85868072509766,121.13624210615644,119.51051896311459,120.19451491142405,20046500
2016-07-21,119.56008911132812,121.03711652585817,119.2032223105989,120.85868312549356,17801700
2016-07-22,119.94667053222656,119.95658559783858,118.27137990381323,118.85624776725669,18422400
2016-07-25,120.5711898803711,120.78927595744338,116.75470622054475,120.3332812340102,18487400
2016-07-26,120.16476440429688,121.0073635245593,119.69885460899259,120.93797318672543,17612000
2016-07-27,122.26630401611328,123.91185710874764,120.45224017590567,121.35431456290799,52654200
2016-07-28,123.91185760498047,127.21287130669225,122.55378092295723,126.40991732658586,78955800
2016-07-29,122.86106872558594,124.74452262340652,122.63306761467186,123.56488706183083,35058800
2016-08-01,123.22786712646484,123.49552098587958,121.79049254050246,122.77187237807001,25006900
2016-08-02,122.01848602294922,123.71360696309765,121.0073685492448,122.98004328927415,23968400
2016-08-03,121.44351959228516,122.84124123001428,121.2452561083309,122.01846478830599,18525300
2016-08-04,123.27743530273438,123.70369241548202,121.44354123644055,121.86979834918819,21066000
2016-08-05,124.06055450439453,124.74454282193066,123.53516943332343,123.89203619159431,20184000
2016-08-08,124.16960906982422,124.35794996979588,123.46579055429345,124.15969400256876,15233900
2016-08-09,123.9713363647461,124.99236889006391,123.44595128379459,124.24889772351446,19621000
2016-08-10,123.79290008544922,124.38768305515445,123.45586346139724,123.98124853005451,10670100
2016-08-11,123.81273651123047,124.28855383560413,123.6640407612462,124.110120448219,11729500
2016-08-12,123.79290008544922,123.91185819198618,123.09899670476595,123.61446670713357,12159000
2016-08-15,122.82144165039062,123.83255913737312,122.62317812932933,123.82265163355507,19295100
2016-08-16,122.2266616821289,122.84125966718523,121.71118410945874,122.42491763286068,14222400
2016-08-17,123.28734588623047,123.29725338959972,121.7805734463417,122.583527435051,13794200
2016-08-18,122.83135986328125,123.17831158029999,122.56370599373807,122.93048784486086,12400800
2016-08-19,122.48439025878906,123.0791732240915,122.20682890857036,122.52404296067452,11688300
2016-08-22,123.06925964355469,123.74334045778592,122.03831207102574,122.25639815253874,14386400
2016-08-23,123.28734588623047,124.0010718407792,123.16838777898252,123.42612656319659,13309500
2016-08-24,122.40509796142578,123.60456388660867,122.01848599127865,123.38647779785181,12243700
2016-08-25,122.8115234375,123.28734831287774,122.02839956607443,122.04822969916256,10730800
2016-08-26,123.87220001220703,124.10020114890916,122.8313449872085,122.9701256572083,17504800
2016-08-29,125.43844604492188,125.62679447879498,123.26750799294595,123.26750799294595,15925900
2016-08-30,124.74455261230469,125.4979388903359,124.06056424108685,125.4979388903359,17804300
2016-08-31,125.02210998535156,125.12123795837465,124.01098499676924,124.50663242486422,14200600
2016-09-01,125.07166290283203,125.52765760255245,124.50662517024594,125.27983390294489,13536100
2016-09-02,125.4087142944336,125.75566598128341,124.9031518004641,125.74575091509355,12118800
2016-09-06,128.60069274902344,128.80887134899803,125.36907657894662,125.56733254856564,26278400
2016-09-07,129.90919494628906,130.83109190930534,128.8187645455566,128.9079774530822,27990800
2016-09-08,129.135986328125,129.93893274880375,128.67998403469946,129.78032194013753,15676600
2016-09-09,125.99359130859375,128.8187805083532,125.99359130859375,128.58087939213837,27100700
2016-09-12,127.56977081298828,127.63915360556113,124.65536075374077,124.86353182040394,21252800
2016-09-13,126.10262298583984,127.2327061267738,125.55741533007877,126.91548449915734,18016200
2016-09-14,126.6577377319336,127.67877776481933,125.78540099986338,125.78540099986338,15691100
2016-09-15,127.23271179199219,127.97618299811768,126.55862336627234,126.86592994096408,15077200
2016-09-16,127.94645690917969,128.05548484166428,127.0840199465722,127.0840199465722,24119200
2016-09-19,127.53007507324219,128.80885388695424,127.143470690809,128.77911625184083,14958800
2016-09-20,127.52017974853516,128.04556485365885,126.91548923354898,127.53008725253285,11083800
2016-09-21,128.80885314941406,128.87823592229512,127.27234313153065,128.00590675403183,14068300
2016-09-22,128.9476318359375,129.5919674177307,128.4321542949278,129.36397384469043,15538300
2016-09-23,126.8460922241211,127.4805279066973,126.19184153459089,126.44957275862836,28326300
2016-09-26,126.20175170898438,127.04435842710664,125.69619675368692,126.261234546004,15064900
2016-09-27,127.56977081298828,127.8869773843956,126.3207368500277,126.49917027330778,15637100
2016-09-28,128.10504150390625,128.34295773604612,127.28226488446138,128.08522649569827,12047600
2016-09-29,126.97496032714844,128.1645111839836,126.43966773565853,128.0554681397594,14532200
2016-09-30,127.15339660644531,127.47060309784037,126.34052755644433,126.91548039342958,18402900
2016-10-03,127.64905548095703,127.96626200078501,126.68749816535625,127.26245105387758,13156900
2016-10-04,127.0740966796875,128.15460449920275,126.43966854359084,128.04556145428177,14307500
2016-10-05,127.35164642333984,127.67877552825308,126.71721834513316,127.13356035339768,12386800
2016-10-06,127.61930847167969,127.93651496821606,126.96505021975156,127.311994352652,11682700
2016-10-07,127.86713409423828,128.1248653218807,127.21287583257707,127.91668673827587,12804400
2016-10-10,129.1062469482422,129.56223410954888,128.07529183179747,128.5511091254094,15138700
2016-10-11,127.75809478759766,129.5027684104335,127.11374401070454,129.0963338609108,17537900
2016-10-12,127.92662048339844,128.53131102760392,127.34176007410687,127.88696021357062,11073000
2016-10-13,126.70731353759766,127.13357064618202,125.64662829944305,127.09392550569127,17139300
2016-10-14,126.76679229736328,127.82747756468643,126.46940835762544,127.37149036968442,13345300
2016-10-17,126.42974853515625,127.35165306610313,126.21166245383856,127.08399921612971,11351700
2016-10-18,127.4507827758789,128.2636366660205,126.89564496866093,127.55981068559328,13504000
2016-10-19,128.9773712158203,129.33423796043195,127.48052146462192,127.6193021360843,16752300
2016-10-20,128.86834716796875,129.52260548382137,128.37269967886118,128.9377450769051,13167500
2016-10-21,130.92031860351562,130.97979387459094,128.57093951432714,128.65024491774724,19088800
2016-10-24,132.11976623535156,132.2486393962456,130.9995983007073,131.5646435822047,17470200
2016-10-25,131.13841247558594,132.33788611376303,131.06902968919115,132.33788611376303,13336800
2016-10-26,129.89926147460938,131.10864231776475,129.80014107206296,130.4940443937198,13084700
2016-10-27,128.56103515625,130.65266795400302,128.14469312257833,130.59319268147271,16741400
2016-10-28,130.14710998535156,131.81249340082837,128.7989482208078,129.363993614297,24545500
2016-10-31,129.8497314453125,130.969884457468,129.74068839535462,130.86084140751012,15669000
2016-11-01,128.37269592285156,130.7914580190806,127.53008916563782,130.2660729060755,22077800
2016-11-02,126.06297302246094,129.0963330541669,125.1807211496709,129.0963330541669,39640900
2016-11-03,118.95538330078125,122.2068292342592,118.45973587036133,120.93797302246094,63766300
2016-11-04,119.6988525390625,120.8685807587336,118.2119102714965,118.54894688858133,30545500
2016-11-07,121.08667755126953,122.13744775985919,120.29363857985611,121.76075840807688,23008900
2016-11-08,123.13865661621094,123.52526103136567,120.48198591851833,120.96771831343428,19460800
2016-11-09,122.10769653320312,122.7322095486807,119.46094117234864,120.44232092895032,31916000
2016-11-10,119.74842071533203,123.09899458034711,114.26655385062068,122.85117086824003,67846700
2016-11-11,117.9839096069336,119.64928525586684,117.12148792856176,118.48947209758641,32840100
2016-11-14,114.07821655273438,118.09295627708902,112.56153659711285,118.09295627708902,51377000
2016-11-15,116.17974853515625,117.4585197457244,114.82167948776944,115.71384632804714,34681400
2016-11-16,115.3272476196289,116.85384270738923,113.21579215799538,113.4834460222608,32397900
2016-11-17,116.76463317871094,116.76463317871094,115.00012937611562,115.79316079907899,18597800
2016-11-18,116.0013198852539,118.09295262137546,115.8228865099409,117.35939655085733,22879300
2016-11-21,120.70997619628906,120.88840958014455,116.77454181083064,117.17105371897185,35415400
2016-11-22,120.41259002685547,121.90944741009723,119.8475522489798,121.33449456580837,26089200
2016-11-23,119.78807830810547,120.25398814538373,118.89591890214658,120.17469029712935,15672100
2016-11-25,119.33206176757812,120.08544791090246,119.02476280883141,119.956582313391,8658600
2016-11-28,119.36182403564453,120.63068031347514,118.77695610456261,119.0743476034829,18101300
2016-11-29,119.81781768798828,121.03710618381358,119.3519078733471,119.52042619179777,18891000
2016-11-30,117.38912963867188,120.72979587256935,116.92321986768252,119.27259129112748,30188900
2016-12-01,114.09805297851562,117.4188897156608,113.0076299911967,117.34949936818543,43277000
2016-12-02,114.39542388916016,115.46602411126555,113.30500109833989,114.1079474834293,25070400
2016-12-05,116.40776062011719,116.54654130132987,114.0683040468464,114.94064083775181,20201500
2016-12-06,116.28880310058594,116.77454305028034,115.31733832715703,116.66550000549016,19131200
2016-12-07,116.92323303222656,116.92323303222656,115.55524876245141,115.98150588145802,21913700
2016-12-08,117.8748779296875,118.45973827924597,116.61592919555154,116.95297338784029,22442800
2016-12-09,118.63816833496094,118.89590711443039,117.914519764405,118.18217361004085,17464700
2016-12-12,116.74478912353516,118.20199373773286,116.6258385839137,118.18217116878908,17805500
2016-12-13,119.26268768310547,120.46215361142971,116.5861944629413,116.83401818936315,29768000
2016-12-14,119.16355895996094,120.63067873891514,117.81539729161813,118.95538793862593,25913100
2016-12-15,119.52041625976562,121.43361556672379,118.58859670791658,119.03468391513293,20139600
2016-12-16,118.8265151977539,120.44232306433953,118.23173224334894,119.84754767291399,25324300
2016-12-19,118.20199584960938,119.31224880478212,117.47835484405194,118.80668631342012,15918100
2016-12-20,118.05330657958984,118.727387417357,117.76583771262703,118.45974112077853,13684400
2016-12-21,118.00375366210938,118.16235692392213,117.4486309012941,117.8847955435145,10767600
2016-12-22,116.37801361083984,117.95416874752807,115.9121038344414,117.82530314334566,16258600
2016-12-23,116.2491455078125,116.53662192626203,115.28759584152499,115.98149922193446,10890000
2016-12-27,116.98271179199219,117.64687755150477,115.84272115876652,115.94184913492097,12051500
2016-12-28,115.9021987915039,117.22062283384116,115.63455249413994,117.1611475595336,12087400
2016-12-29,115.33715057373047,116.5068787616116,115.04967416892298,115.9814937180935,9934900
2016-12-30,114.0484848022461,115.81298856881557,113.77091586874674,115.58498740704327,18684100
2017-01-03,115.84273529052734,116.81420016352256,114.50448854173884,115.01995861841253,20663900
2017-01-04,117.65679168701172,118.61834893035878,116.26897734289162,116.52671612923757,19630900
2017-01-05,119.61955261230469,119.89711397154653,117.29001113240511,117.82531128079145,19492200
2017-01-06,122.33570861816406,122.80161087351247,118.98512697809012,119.92686168149302,28545300
2017-01-09,123.81273651123047,124.33812160659222,121.96892736257749,122.47448988733203,22880400
2017-01-10,123.26752471923828,124.4075154169297,123.19813437570821,123.73343455278888,17324600
2017-01-11,124.99236297607422,125.02210817423183,122.98003565723667,123.26751206892482,18356500
2017-01-12,125.51775360107422,125.6267966369815,123.7135973201256,124.51654370909799,18653900
2017-01-13,127.2227783203125,128.14469040284416,126.26122866190143,126.38017920443747,24884300
2017-01-17,126.75688171386719,127.22278396443527,126.2909719003192,126.92539246894255,15294500
2017-01-18,126.80644226074219,127.31199721626193,125.735841949677,127.29218220887986,13145900
2017-01-19,126.43965911865234,127.23269801114922,126.34052358485569,127.11373234540149,12195500
2017-01-20,125.93411254882812,127.36157214752723,125.67637374175148,126.9848903486112,19097200
2017-01-23,127.80764770507812,128.1248693422471,125.84488798446574,126.20175476330074,16593600
2017-01-24,128.2438201904297,128.7692052929933,127.26244789082912,128.25374282033934,15162700
2017-01-25,130.33544921875,130.59319557336823,128.6403434102612,128.868337001996,18731300
2017-01-26,131.6241455078125,131.98101230368118,130.29581387217496,130.48416233748912,20020100
2017-01-27,131.0293426513672,131.79264390155546,129.938927419914,131.5249900636528,19539500
2017-01-30,129.83978271484375,130.4345656179529,128.4718062392248,130.4345656179529,18956100
2017-01-31,129.185546875,129.52258348010565,128.3925080019597,129.03684357795333,19790500
2017-02-01,132.07020568847656,132.32795202434926,129.54240085208951,131.09874099238365,50139800
2017-02-02,129.7010040283203,134.3105337826802,129.26483190952933,132.06029042034913,54366400
2017-02-03,129.83978271484375,131.6935141914913,129.62169665876758,130.0975290316379,24804900
2017-02-06,130.910400390625,130.910400390625,129.16572683440322,129.8398000972754,17058500
2017-02-07,130.69232177734375,131.84222754253167,130.51389594789757,131.08884883049154,14596400
2017-02-08,133.03176879882812,133.26968501345638,131.28709526943223,131.44570607918442,22390600
2017-02-09,132.9722900390625,133.3291567886653,132.14951350175716,133.3192492855504,16470600
2017-02-10,133.0218963623047,133.76536771230553,132.51632616368758,132.9326834305358,15061900
2017-02-13,132.88308715820312,133.527422806338,132.53612788553968,133.527422806338,13526200
2017-02-14,132.68482971191406,133.06151149194216,131.3961433041297,132.93265343933567,14364900
2017-02-15,132.27838134765625,132.5361125519002,131.50517260896603,132.28828885037237,13226500
2017-02-16,132.67491149902344,132.70464913722722,131.86205751151937,131.9116252838458,12831100
2017-02-17,132.3676300048828,132.92275282610063,132.01076317324814,132.33789236274345,12276500
2017-02-21,132.5559539794922,132.74430242885742,131.74308490874947,132.33786789348608,14759100
2017-02-22,134.93504333496094,135.59920903584234,132.29821066270353,132.43699132966444,27360100
2017-02-23,134.1816864013672,134.93506512568158,133.1606538025624,134.70707152013233,18422500
2017-02-24,134.26100158691406,134.43942743225583,132.99214515572214,132.99214515572214,12625700
2017-02-27,135.22254943847656,135.98583566876093,133.8446500459088,134.08255115624752,14306700
2017-02-28,134.36009216308594,135.61904080959457,133.57697591702748,135.5992106780862,16112100
2017-03-01,136.22372436523438,136.28319963079517,135.1134790722124,135.28199736662054,16257000
2017-03-02,135.56948852539062,136.62027385191215,135.1234088342414,135.8966176658228,12294800
2017-03-03,135.97589111328125,136.13450189426203,134.8953835290182,135.44059863491682,11160600
2017-03-06,136.22372436523438,136.63015884784338,135.3216425016752,135.68843184922954,12748200
2017-03-07,136.1047821044922,137.16545969867946,135.79748312978336,135.837128267247,13527100
2017-03-08,136.52114868164062,136.78880256705008,135.85698284640785,135.956103270883,10184500
2017-03-09,137.03662109375,137.36375024656763,136.20392182932292,136.52114347785908,15535300
2017-03-10,137.58180236816406,138.2757208477516,137.01677218233723,137.70076803304235,16314100
2017-03-13,138.384765625,138.464055901305,137.46285355889685,137.5025138230082,10955500
2017-03-14,138.10720825195312,138.2459889284164,137.31416933246618,138.2459889284164,12944000
2017-03-15,138.50372314453125,138.8804200427763,137.2844346659481,138.07745847662878,19344800
2017-03-16,138.77134704589844,139.029078216142,138.51360074969853,138.97951045718384,13612900
2017-03-17,138.62269592285156,139.1183434469973,138.48391522112922,139.1183434469973,20592800
2017-03-20,138.72181701660156,138.96964075283933,138.03782108443167,138.49382341453176,12099500
2017-03-21,137.3042449951172,141.0711684713505,137.19520195596974,139.92126280869712,29894800
2017-03-22,138.37486267089844,138.57311864176773,136.4021953407015,136.7293093733573,17055400
2017-03-23,138.31536865234375,139.16788282494235,137.87919649995018,138.26580088485196,13022800
2017-03-24,139.11831665039062,139.79240501888796,138.543363818012,138.86058543282468,16664700
2017-03-27,139.09852600097656,139.42564005033807,137.5620156778381,137.8395770764224,12800500
2017-03-28,140.5259246826172,140.7142730869992,138.7911590384021,139.13811821762752,14679400
2017-03-29,141.40821838378906,141.61639697844183,140.19883733628012,140.75397521336726,16527600
2017-03-30,141.17030334472656,141.70559590878236,140.61518064838455,141.16038071560394,12404000
2017-03-31,140.81344604492188,141.38839891214158,140.65483522790402,141.07117727810586,11478300
2017-04-03,141.0414276123047,141.22977605070557,139.59414562683457,140.69446837041266,13564000
2017-04-04,140.4962158203125,140.85308257380223,140.04022865671735,140.62508899200463,12948600
2017-04-05,140.6151885986328,142.1913438704237,140.0600507449448,141.02160801474525,17158100
2017-04-06,139.94110107421875,140.98196375821786,139.68336984214542,140.872920712733,15103400
2017-04-07,139.5545196533203,140.3178210974605,139.01922696745785,139.9708617703161,11818300
2017-04-10,139.81222534179688,140.19882974582623,139.4058059305576,139.77258020141733,9039400
2017-04-11,138.7019805908203,139.80231853484233,137.6016426467983,139.57432494311445,16638100
2017-04-12,138.3649444580078,139.1777984134513,138.2261637765438,138.5037251394718,11612500
2017-04-13,138.17660522460938,139.35624865873314,138.11712994657975,138.40459883237656,10965600
2017-04-17,140.1889190673828,140.31779224112725,138.53345844526294,138.54336594864353,11519700
2017-04-18,139.73292541503906,140.67465247513135,139.38596617534043,140.04022439113626,14807500
2017-04-19,141.03152465820312,141.7948108134509,140.04022979334803,140.11953519765154,15563900
2017-04-20,142.54820251464844,142.9942821721427,141.44786462565114,141.70559584141338,15968200
2017-04-21,142.42921447753906,142.9149543232984,141.03150045370475,142.64730052045496,12382000
2017-04-24,144.20364379882812,144.4018997171835,143.08347592748257,143.69808893812834,14407200
2017-04-25,145.2147979736328,145.86904112374023,144.52087943031032,144.52087943031032,17767500
2017-04-26,145.28414916992188,146.30518150336184,144.81823944969705,145.80953415214023,12395000
2017-04-27,146.41424560546875,146.4638133729187,144.867828067167,145.393213125027,11275100
2017-04-28,148.94204711914062,150.21090328219205,147.77232648874826,148.19857600207337,30652200
2017-05-01,151.13282775878906,151.24187080329597,150.10187258782193,150.4190942176456,25218300
2017-05-02,151.4500274658203,152.10428570349973,150.33978206318312,152.0051501671389,21870400
2017-05-03,150.47857666015625,152.26291059801594,150.0225743270519,152.26291059801594,29782500
2017-05-04,149.5368194580078,150.20098512703683,147.42535679497524,148.86273116084146,36225500
2017-05-05,148.93214416503906,150.31004340571673,148.4860493804069,150.13160246667204,17148500
2017-05-08,149.7449951171875,149.76482524912447,148.43649380256366,149.39805100106364,15827500
2017-05-09,149.17005920410156,151.2616921447133,148.90242045943538,150.1712767799433,17453900
2017-05-10,148.981689453125,149.20969814875855,147.56414514371858,148.9222141850322,12080700
2017-05-11,148.73385620117188,149.33854659788253,148.1093508003416,149.0015100163605,11841900
2017-05-12,149.02134704589844,149.15022020842946,148.3274437206507,149.0907298154442,9598200
2017-05-15,148.88259887695312,150.16136277502417,148.46625679093088,148.86276874162976,15064700
2017-05-16,148.47613525390625,148.90239988719412,147.73266414729665,148.80326435592949,14550800
2017-05-17,143.5890350341797,147.3757727034987,143.1627704723552,146.71160710805665,28300100
2017-05-18,146.3745880126953,146.8603127648835,143.25200044054233,143.4601789957356,23031600
2017-05-19,146.77113342285156,148.08955757128578,146.67201299968244,147.15773786292166,16187900
2017-05-22,146.94956970214844,147.29651386112334,146.40435445123288,146.79095887898018,12586700
2017-05-23,146.781005859375,147.51455421863082,145.96813698717096,147.2270854259952,12817800
2017-05-24,148.73385620117188,148.9222046220099,147.12796356195489,147.21717645836532,17862400
2017-05-25,150.63720703125,151.26171264607436,148.64469423958232,148.99165356801115,19891400
2017-05-26,150.8057098388672,150.92466039591608,149.8342298697648,150.9048302610876,14996200
2017-05-30,151.05352783203125,151.5689903102576,150.31996413091787,150.64709327630788,13226000
2017-05-31,150.14151000976562,152.01505648870798,149.7747206653458,151.37070582340468,18023900
2017-06-01,150.21092224121094,150.9643009562491,148.99163369059534,150.42900833981997,14530600
2017-06-02,152.27281188964844,152.29264202313797,149.98292306530328,150.52813829156642,16854400
2017-06-05,152.29263305664062,153.36323331264384,152.07454697897558,152.30254055982212,12520400
2017-06-06,151.47975158691406,153.17487230131127,151.15262249725996,152.0745345000957,13457100
2017-06-07,151.78709411621094,152.41161484172395,151.01388518270062,151.9357974501704,12066700
2017-06-08,153.36322021484375,153.38303521951443,151.76723503330314,152.73869967068853,17799400
2017-06-09,148.2977294921875,154.2355765189017,145.33375216789125,153.42272253131102,35577700
2017-06-12,147.14779663085938,147.9011752033005,143.30156812080395,146.8801428103252,33170200
2017-06-13,149.36831665039062,149.86396412819408,147.60381283948715,148.84293153399582,20483400
2017-06-14,148.94204711914062,151.07332493768334,147.75249635702474,149.94324944477944,20808800
2017-06-15,148.49598693847656,148.7338880465079,145.095837385243,146.3845238489349,18994200
2017-06-16,149.3286590576172,149.51700750363304,147.30642417220145,148.28779641581758,22882400
2017-06-19,151.53924560546875,152.23316413203648,150.38935502415814,150.38935502415814,19026500
2017-06-20,150.92465209960938,152.50080739770982,150.88500695809267,151.5491727417081,14743900
2017-06-21,152.57020568847656,152.7387240107787,150.5578781988052,151.03369552800885,15039800
2017-06-22,152.06463623046875,153.20463447568622,151.57891139532308,151.67803181275923,13005500
2017-06-23,153.72010803222656,153.848966084101,151.32116105356948,151.39055895731403,18027000
2017-06-26,152.2529754638672,155.13764716600198,151.86637106957812,154.8898234484844,18049700
2017-06-27,149.26918029785156,151.97541100253437,149.0808318562363,151.50950121305212,19360800
2017-06-28,151.90602111816406,152.13401468767745,148.55543984236974,149.60620991381904,16719100
2017-06-29,149.7251739501953,151.17247114907758,147.62363361780703,150.954385062589,23973500
2017-06-30,149.6656951904297,150.59751478809116,148.7537057254306,150.57768465542878,17666000
2017-07-03,147.1378936767578,150.82551188802339,146.513388179951,150.39926234458315,13862700
2017-07-05,149.03128051757812,149.53685062732282,146.8405271285534,147.70294890264398,14334300
2017-07-06,147.5244903564453,148.73385602245614,146.71162140979638,147.73265378115283,14951800
2017-07-07,150.12168884277344,150.66690401490413,147.89127551438665,147.9507507829903,13615900
2017-07-10,152.16378784179688,152.63960522323154,150.19110527719866,150.3695462489628,13378700
2017-07-11,153.9183807373047,154.06706893870927,151.57892390411652,152.03491113906492,13667700
2017-07-12,157.51675415039062,157.77450050597156,154.84026093554425,155.12774492815996,22739400
2017-07-13,157.8736114501953,158.38908900447476,157.04092741125396,157.3581490218748,13929200
2017-07-14,158.5774383544922,158.92439760235374,157.9430102555709,158.73604916071227,16371200
2017-07-17,158.33953857421875,159.38040129984262,157.42754903276526,158.85501618493964,12858800
2017-07-18,161.44229125976562,162.3047129997704,158.03223431515994,158.2701505412813,23722900
2017-07-19,162.71112060546875,164.25753800430172,161.74956348230458,162.16590546460904,26273600
2017-07-20,163.09776306152344,163.56367291566312,161.3927344731742,163.36541694338183,18523100
2017-07-21,162.9986114501953,163.61322456745162,162.32453818567117,162.7309727206717,14744000
2017-07-24,164.55494689941406,164.72346521064173,162.87965616444126,163.2067852836335,17367000
2017-07-25,163.84121704101562,164.09894826523268,162.43358012236655,163.57356318735518,15383200
2017-07-26,164.1683349609375,164.56484683665977,162.67148523523366,164.56484683665977,35236900
2017-07-27,168.956298828125,173.96234091022987,166.04188951147168,173.17920949811622,68910700
2017-07-28,170.94882202148438,171.92028689926673,167.578425026588,167.5982551621236,24557600
2017-07-31,167.77667236328125,171.21646709241622,167.0827689148882,170.5027335095089,25478900
2017-08-01,168.38136291503906,168.9860534471298,167.57841641566435,168.34171777196656,14385000
2017-08-02,167.8262176513672,169.06533618818182,165.45702361401592,168.8175124808189,17433800
2017-08-03,167.12237548828125,168.2227132474897,166.78533890912553,167.82620140447796,10793800
2017-08-04,168.14341735839844,168.57958948594137,167.22152046460295,167.49908179559245,10777700
2017-08-07,170.4828643798828,170.56216977383949,168.1830684589685,168.47053727684883,12787800
2017-08-08,169.73941040039062,171.54357426096124,169.13471994586473,170.38376111886248,14393500
2017-08-09,169.68984985351562,169.95750370568328,168.08395699242854,168.50029902582298,10815000
2017-08-10,165.94273376464844,169.10496641186225,165.39753375730044,168.57958140866546,20832700
2017-08-11,166.61683654785156,167.35040016610378,165.397548144369,166.48796337987193,13791200
2017-08-14,169.2635955810547,169.59072469656067,167.81629844511536,168.6093373500427,12954200
2017-08-15,169.5114288330078,170.0070762857359,168.53004143126063,169.9971687820269,8729200
2017-08-16,168.52011108398438,169.8881027083844,167.76673250330668,169.7592295478372,15779900
2017-08-17,165.45704650878906,168.38136363512615,165.3975712309456,167.8658860172147,17216000
2017-08-18,165.95269775390625,167.20172399481453,164.76314679218962,165.3876523496632,15093600
2017-08-21,166.31944274902344,166.53752881826688,164.37651338334706,165.70484480440558,11907500
2017-08-22,168.1632537841797,168.39124735903576,165.6949242205302,166.81509221492692,11391000
2017-08-23,167.2413787841797,167.8857144555884,166.73580867569655,167.37023684288505,9856500
2017-08-24,166.27981567382812,167.81631070227277,164.96139161235615,167.40989127995266,14030400
2017-08-25,164.8721923828125,166.91425767160555,164.73339656128155,166.39878003407793,12614500
2017-08-28,165.78414916992188,166.2401363111605,164.88206726422328,165.45702006809847,8553700
2017-08-29,166.58714294433594,166.96382479298225,163.56368989383316,163.81151366639955,11121000
2017-08-30,168.44082641601562,168.6985576428694,166.17076776629847,166.70606035313617,11138300
2017-08-31,170.47299194335938,170.65141777199528,168.5796149788231,168.91665162799782,17226500
2017-09-01,170.52256774902344,171.41472718615427,169.8187416534496,170.89924955809857,11677600
2017-09-05,169.23385620117188,170.8893167679402,168.07404305412913,169.77907138806177,13210900
2017-09-06,170.5919189453125,170.97852331327934,168.09386693350746,169.42219833873116,13906300
2017-09-07,171.70220947265625,171.80132989469368,168.7877998226505,170.4432606176892,18049500
2017-09-08,169.4618377685547,171.9797349528443,169.31314960355868,171.58320796959194,10998500
2017-09-11,171.99957275390625,172.37626965643292,170.70097885430292,170.8992348092265,12372000
2017-09-12,171.4543914794922,172.4853316338346,170.25491786270743,172.2474153862349,11186300
2017-09-13,171.54359436035156,171.66254491420898,170.56220691314613,171.5039340917587,9119300
2017-09-14,169.47178649902344,170.78028793039803,169.01578417953888,170.76045779669172,15615700
2017-09-15,170.14584350585938,170.83974685958648,168.77785180425548,169.39246488266406,15660500
2017-09-18,168.53004455566406,170.57212480456852,167.86587877181054,170.49281939554658,12954000
2017-09-19,171.01815795898438,171.05780308972734,168.87695787591915,169.13468904063856,13168600
2017-09-20,170.6712646484375,171.54360912101532,169.214059734455,170.99839382565418,12264100
2017-09-21,169.62046813964844,170.77037383486703,168.53003771729297,170.19542098725773,11161400
2017-09-22,169.055419921875,170.2350632334732,167.74691856325026,168.72830592668825,12097100
2017-09-25,161.45220947265625,167.82624409589138,160.15361546160733,167.7667688169061,41251600
2017-09-26,162.780517578125,164.0592811504017,161.36295821990763,163.0679864002482,23363300
2017-09-27,166.22030639648438,166.87456460098434,164.12868886935962,164.45580284565122,19242500
2017-09-28,167.2611846923828,167.59823645502036,165.7048595606887,166.47806837469517,12178700
2017-09-29,169.38253784179688,170.1656692052864,167.34047297146543,167.36030310275785,15340400
2017-10-02,167.99473571777344,170.37383725468254,167.28100223150898,169.89801997249245,13392300
2017-10-03,168.48046875,169.2437548457354,167.7270750308373,167.82621055997706,8190300
2017-10-04,166.95387268066406,169.1842860378396,166.82499951305383,168.35160201472414,12127900
2017-10-05,169.74932861328125,169.81871138444345,167.13231092140677,167.70724860003665,14580600
2017-10-06,170.73069763183594,170.86947829754834,168.2722907852345,168.76793818077277,13124500
2017-10-09,170.99835205078125,173.3576385019914,170.50270465353262,171.19660798448908,14570400
2017-10-10,170.09629821777344,171.69228370523675,169.3131818563541,171.4940277388233,11341100
2017-10-11,171.23631286621094,171.27595801289965,169.90796599972623,170.45318130395927,11283700
2017-10-12,171.04795837402344,172.3366449225625,170.7902119887387,171.10743365494713,10351000
2017-10-13,172.22756958007812,173.12963638159022,171.69226190018958,171.94008560822274,13658300
2017-10-16,173.0007781982422,173.4765954820101,172.5447759204105,172.97104056337912,11498800
2017-10-17,174.57691955566406,174.59674968599217,172.8421537379161,173.1891129518487,15990100
2017-10-18,174.49765014648438,175.201476221683,174.2200887684806,175.11224817978413,12752400
2017-10-19,173.04042053222656,174.49762512074045,171.12722879922828,173.4071947735673,14048400
2017-10-20,173.4567413330078,174.3489156332443,173.10979726565748,173.9722188091918,12602200
2017-10-23,169.77908325195312,173.81364566494935,169.75925311850992,173.6748649827668,13852700
2017-10-24,170.30445861816406,171.73192562535988,170.00706713733842,170.80010604422043,12267900
2017-10-25,169.11492919921875,170.75055986158688,167.4198081323979,170.40360056910347,15868200
2017-10-26,169.14466857910156,170.79020676283193,168.90675233672508,169.88813981982182,11833100
2017-10-27,176.33152770996094,176.65865681621037,172.38616342922563,172.6339871346305,30285300
2017-10-30,178.30419921875,179.1170682534274,176.0638783107652,177.69950875728185,24353200
2017-10-31,178.4925537109375,179.22611736764028,177.38230828540637,178.99812378046002,20174200
2017-11-01,181.06993103027344,181.30783212692842,178.9981283084503,180.77253953349484,40918300
2017-11-02,177.3624725341797,180.35618721285795,175.79622485794295,179.05759338106873,35529900
2017-11-03,177.3624725341797,178.29429211221563,175.17171938884402,177.72924678793294,17822100
2017-11-06,178.60159301757812,178.87915436815607,176.75778397390508,177.00560768877534,13312700
2017-11-07,178.68089294433594,179.17654035888333,177.4021292702255,178.92871665160965,12928200
2017-11-08,177.99691772460938,178.78004920090777,177.55083802500116,178.2249113264606,10494100
2017-11-09,177.73916625976562,177.83828666731063,175.5483980273867,176.7577789315302,12610300
2017-11-10,176.906494140625,177.54092227026402,176.41084669165826,176.79745109681392,11070200
2017-11-13,177.21377563476562,177.48141434008096,175.7565710686602,175.95482700347247,9523400
2017-11-14,176.51988220214844,177.41204152183005,175.63761525971873,176.57935747333266,9585900
2017-11-15,176.4009246826172,177.01553780715068,174.8644145602232,175.12216091520685,10253700
2017-11-16,178.02664184570312,178.2645580595446,176.94613406901334,177.2038652895388,15607600
2017-11-17,177.44178771972656,178.41325248985072,177.34265217899642,177.73917921595717,13018000
2017-11-20,177.18406677246094,177.93744549746648,176.54963860246662,177.31292483173618,10052400
2017-11-21,180.2769012451172,180.30663888371075,177.4318895626212,177.5904852598,14504000
2017-11-22,179.2955322265625,180.1480465811311,178.8692826122593,179.7217969668279,10376300
2017-11-24,181.18885803222656,181.55563225921216,178.72052859348346,178.82957162393294,9426300
2017-11-27,181.4366912841797,182.13059463906762,180.40575131776887,180.97078150462093,12344500
2017-11-28,180.8319854736328,182.6460566711532,180.50485639283826,181.91249311489045,14379700
2017-11-29,173.60548400878906,180.38593762467534,172.48531590998596,180.30663221603828,41933500
2017-11-30,175.63760375976562,176.7280340799437,173.6748443094032,175.31048978967033,25307600
2017-12-01,173.5757598876953,175.93503169303423,170.8397760175257,174.49765697371421,20182500
2017-12-04,169.97732543945312,175.03293511478452,169.30323709062822,174.7553586469446,24459400
2017-12-05,171.3255157470703,173.8533210087174,167.53876160690015,168.9662288194049,20184900
2017-12-06,174.52735900878906,175.23118496793978,170.40356903558285,170.9983519623569,20255800
2017-12-07,178.5718231201172,178.81964679021428,174.26960783746134,174.26960783746134,20404500
2017-12-08,177.44178771972656,180.69323379300565,177.18405649017194,179.94976261540904,19883800
2017-12-11,177.4814453125,178.65118124615287,177.2435441995923,177.73919168609788,13168600
2017-12-12,175.41957092285156,177.62023192035818,175.06270411564157,177.04529412770563,16854100
2017-12-13,176.7478790283203,177.6003932248488,175.7070163856114,175.75658415449456,14615700
2017-12-14,176.83709716796875,178.7899493372519,176.1332711313096,176.73796162726978,13591000
2017-12-15,178.61151123046875,178.91882536114028,176.80736234353435,177.4616206202517,28463100
2017-12-18,179.24594116210938,179.72175845251718,178.18524841732895,179.43427447688407,17265400
2017-12-19,177.94732666015625,178.51237196473718,176.6685630051992,178.38349879857833,14920600
2017-12-20,176.34144592285156,178.24473028084086,175.81606084556094,178.24473028084086,11860500
2017-12-21,175.9052734375,177.12456190467773,175.5087615358687,176.3910133740639,11600700
2017-12-22,175.65744018554688,175.984569293323,174.69588299401184,175.5979649161255,8509500
2017-12-26,174.45797729492188,175.45917959756298,173.14946089848007,175.09240536187474,8897300
2017-12-27,176.0737762451172,176.88664523561903,174.72561472196054,175.01309868238997,9496100
2017-12-28,176.3711700439453,177.38229498119344,176.1332538451933,176.40090767804452,12220800
2017-12-29,174.9239044189453,177.29309862097264,174.9239044189453,176.45049190698796,10261500
2018-01-02,179.84071350097656,179.9993243104074,176.00440719436878,176.13326524181693,18151900
2018-01-03,183.0624237060547,183.1714667479119,179.751502436514,180.2967176457999,16886600
2018-01-04,182.72535705566406,184.58899596450084,182.49736350595222,183.2903871790294,13880900
2018-01-05,185.22344970703125,185.27300234901395,183.3201502745883,183.97440850911812,13574500
2018-01-08,186.64097595214844,187.25557386221686,184.70795419793515,185.57037579767086,17994700
2018-01-09,186.23455810546875,187.15647017887486,185.47127196380572,187.05733464377002,12393100
2018-01-10,186.20481872558594,186.25438649267394,184.01406560430883,185.31265942183705,10529900
2018-01-11,186.1354522705078,186.7599577874975,185.7488478548627,186.7599577874975,9588600
2018-01-12,177.8085479736328,179.9001806600527,175.85569595771645,176.50995417264406,77551300
2018-01-16,176.83709716796875,180.16784864759262,176.49013790148217,179.920024921805,36183800
2018-01-17,176.05397033691406,177.75899867859457,174.26963659260204,177.69950828215173,27992400
2018-01-18,178.23480224609375,179.40452281144417,175.53847926804798,176.57934179925704,23304900
2018-01-19,179.7118377685547,180.78243802802905,178.6015923702668,179.2756807377695,26826500
2018-01-22,183.75628662109375,183.77611674959783,178.83947356900663,179.22607788207782,21059500
2018-01-23,187.7017059326172,187.89996189858664,183.93478207535492,184.43042955325888,25678800
2018-01-24,184.9260711669922,189.000293911204,184.89633352933782,188.2369925841679,24334500
2018-01-25,185.8479461669922,186.9780216418481,184.97561702255004,186.3138559363235,17377700
2018-01-26,188.34600830078125,188.34600830078125,185.18377553073591,186.1155950445878,17759200
2018-01-29,184.3610382080078,187.19614248756918,184.01409403670232,187.10692956860157,20453200
2018-01-30,185.49111938476562,186.54188968628011,180.25708288690976,185.98676689498654,20858600
2018-01-31,185.2631072998047,188.17751678957273,183.60764659578518,186.73021954855946,43275100
2018-02-01,191.40911865234375,193.61971705502415,186.2543884657204,186.58151758081607,54211300
2018-02-02,188.62359619140625,192.51939309299877,188.32620469017658,190.36826980548153,26677500
2018-02-05,179.6820831298828,188.95069520574518,179.0377475849117,185.30272261578048,33128200
2018-02-06,183.6968536376953,184.15285594249758,176.1927591862232,177.0155357600023,37758500
2018-02-07,178.61151123046875,183.46886540875073,178.38351763438607,182.5469532686563,27601900
2018-02-08,170.08636474609375,180.25704401733483,169.9872292150419,179.43426751267143,38478300
2018-02-09,174.57691955566406,175.36003575511182,165.7246495458865,173.23866558873263,39887600
2018-02-12,174.8743438720703,176.00441949783342,170.34411873901024,175.5186795322309,32092100
2018-02-13,171.64271545410156,174.43817448841568,171.5931628071067,174.09121520368797,21809400
2018-02-14,177.957275390625,178.24474427349915,171.70220661542277,171.94010772512257,28929700
2018-02-15,178.3934326171875,178.9287251950358,175.3005823170835,178.9287251950358,20922100
2018-02-16,175.81605529785156,178.31412255649565,174.7652851764264,177.43187074454818,20645300
2018-02-20,174.47779846191406,176.40091286195545,173.58563916080317,174.2398973821292,21204900
2018-02-21,176.3612823486328,179.69203387545096,174.8644173430519,175.1717314731892,23200800
2018-02-22,177.43186950683594,178.6412504261423,175.86562183878408,177.14438553164598,18464200
2018-02-23,181.69444274902344,181.79357829332676,177.94734908895566,178.333953510202,19007300
2018-02-26,183.32017517089844,184.04383140401674,181.62506920917784,182.97323100010635,17599700
2018-02-27,179.88037109375,183.09215674422944,179.88037109375,182.84433303041052,15849800
2018-02-28,176.7677001953125,181.2880021705322,176.58925926157562,180.71304935776007,18783000
2018-03-01,174.40843200683594,178.55203754433077,172.89175197746962,177.45169956950028,23201600
2018-03-02,175.08250427246094,175.56824422955643,171.48411399147727,171.7814903672907,20025900
2018-03-05,178.82958984375,179.57306100184647,174.35885539174205,174.66615438360174,16189300
2018-03-06,178.2149658203125,180.79233817550687,177.55080016457208,180.1975552855521,15086800
2018-03-07,182.1107940673828,182.21983711221935,176.51989139549858,177.18405716824475,19097300
2018-03-08,180.75270080566406,182.7947657933089,179.8704489869449,181.9620817426893,17225900
2018-03-09,183.6175537109375,183.89511507833163,181.61514886416,182.3090522826453,18526300
2018-03-12,183.151611328125,184.4799577798845,182.61631882216028,183.61752106755605,15301200
2018-03-13,180.2967071533203,184.3709294787594,179.53340590474082,183.9942326059095,18067500
2018-03-14,182.5865936279297,182.64606889642647,180.26696740080482,181.0104385089314,16821700
2018-03-15,182.25949096679688,182.3982716554093,180.60403020764838,181.64489293522192,15614300
2018-03-16,183.478759765625,183.7166759744637,181.81339168163106,182.88399193246673,24403400
2018-03-19,171.05784606933594,175.6277161779473,168.57960881143305,175.46910536321113,88140100
2018-03-20,166.68621826171875,168.71837567192273,160.54019339077587,166.01214504324798,129851800
2018-03-21,167.91542053222656,171.89050711569357,161.87843901146795,163.36538116688382,106598800
2018-03-22,163.45462036132812,168.78779192368677,162.29480710863663,164.68383151956297,73743000
2018-03-23,158.00250244140625,165.1497457300234,157.63572814797135,163.99983995076295,53609700
2018-03-26,158.66664123535156,159.69759628468182,147.7227534389627,159.420034954314,126116600
2018-03-27,150.89491271972656,161.43238247494358,149.4377079889614,154.94930527971079,79117000
2018-03-28,151.69786071777344,154.52305729612175,149.48727727677547,150.32986888497823,60029200
2018-03-29,158.39901733398438,160.01483298287022,152.7982067779469,153.79940925693478,59434300
2018-04-02,154.0373077392578,157.81413873690323,152.76845152813178,156.4362394861042,36796000
2018-04-03,154.7510528564453,156.0199091627467,149.49718667749977,155.18722504785396,42543900
2018-04-04,153.74986267089844,154.20584990664906,149.1998070624136,150.70657971846416,49885600
2018-04-05,157.95289611816406,160.16349422134783,155.2863109170195,160.15357159359417,41449600
2018-04-06,155.83152770996094,160.01479265860203,155.4449233723357,156.35691270401688,41644800
2018-04-09,156.55520629882812,159.13257925388,154.68165942316588,156.44617837378374,34915200
2018-04-10,163.60330200195312,164.53512161877373,155.64320524475696,156.55519472850744,57889300
2018-04-11,164.8721923828125,167.181896432086,161.8289094590176,163.9205425232201,56144600
2018-04-12,162.4434814453125,165.99231880630245,161.68019530518626,165.52640901897402,38263000
2018-04-13,163.08782958984375,164.25755022823114,162.3443584676949,163.14730485946228,19990600
2018-04-16,163.39515686035156,164.33688408628456,161.96768963849212,164.2774088063673,18119400
2018-04-17,167.19180297851562,167.52883961733787,164.21791825158064,164.38643657099175,22743000
2018-04-18,164.9118194580078,166.65649302914,164.32695909975985,165.42729703905403,20969600
2018-04-19,166.63668823242188,166.8646818371402,163.7619237830923,164.75321873955892,22235000
2018-04-20,164.83251953125,166.9637975775333,164.36660970469242,166.3293694282149,19119400
2018-04-23,164.39634704589844,166.98362741013062,163.6528758507278,165.81390665685637,23088100
2018-04-24,158.29989624023438,164.65410063060472,156.81295378466345,163.98991968960416,35079900
2018-04-25,158.29989624023438,159.65796550934834,154.8303638439022,158.7459759517135,41083600
2018-04-26,172.6439208984375,174.73555371199632,169.31316947793533,171.71210128586256,77556900
2018-04-27,172.07887268066406,175.55832735149198,171.09750044096126,175.2708433689428,29804700
2018-04-30,170.50270080566406,174.19031856804924,170.21523197716897,172.27711179234808,20750500
2018-05-01,172.34654235839844,172.50515318223614,168.748136813129,170.502733127677,26025900
2018-05-02,174.53729248046875,176.52978969481686,172.6835608149028,172.73312858287306,30424500
2018-05-03,172.50514221191406,174.58685242004674,170.62167283203053,173.60548015262694,24026100
2018-05-04,175.0725860595703,175.43936031794507,171.55348627675664,171.57331640925128,17677800
2018-05-07,176.42074584960938,177.93742576162336,175.62770694358582,175.80614788227166,18697200
2018-05-08,177.3624725341797,177.48142307573013,175.5682312779849,176.69830680059127,15577200
2018-05-09,181.06993103027344,181.41687517154858,177.22370195744594,178.10595381811453,23282800
2018-05-10,183.91494750976562,184.50973051930407,180.91132507611303,181.55566073147946,21071400
2018-05-11,185.36221313476562,186.68063698435796,182.57666214559163,183.24084294748693,21207800
2018-05-14,185.01527404785156,186.22465500008715,184.5791018846244,186.07596681987758,15646700
2018-05-15,182.7154998779297,183.6770421026647,181.60523920310746,183.27062265236023,15429400
2018-05-16,181.60520935058594,182.715469842902,181.06991679922325,182.1008567642753,16975500
2018-05-17,182.1603546142578,182.45774612452763,180.6337670462815,181.08975425286278,14840700
2018-05-18,181.0897216796875,182.58658646594765,181.02033891114894,181.892683150773,13130500
2018-05-21,182.8839874267578,183.68693381361263,181.53582586180445,182.17025394378493,13532900
2018-05-22,182.1999969482422,183.80588976928098,181.83320756709747,183.3201498461213,12731400
2018-05-23,185.2729949951172,185.28291762388713,180.5940822551595,180.91130385662845,16628100
2018-05-24,184.31146240234375,185.17389929266875,183.41930299961913,184.26190975571723,12354700
2018-05-25,183.3102264404297,184.70795569168658,182.84431669001071,184.4006567341672,10965100
2018-05-29,184.12310791015625,185.18378551702415,182.1107806072386,182.7352860669987,16398900
2018-05-30,186.0363006591797,186.36342977123363,183.63736896340973,184.91613265056702,13736900
2018-05-31,190.1105194091797,191.0423389603274,185.8479486570988,186.23455303194112,30782600
2018-06-01,192.3013153076172,192.85643806671433,190.39803079387244,191.38932575682037,17307200
2018-06-04,191.5974578857422,192.29136122110037,189.80321671647377,190.16999095245777,18939800
2018-06-05,191.26040649414062,193.302471205699,190.94318492195904,192.60856792399815,15544300
2018-06-06,189.6743621826172,190.8540055315744,187.4637787950018,189.36706318434292,22558900
2018-06-07,186.54185485839844,189.30757591960182,185.14414063626342,189.08948984574496,21503200
2018-06-08,187.45387268066406,187.83055445910182,184.80710197213114,185.8975324185664,12677100
2018-06-11,189.87261962890625,190.92340493501214,187.15648126723664,187.16638877095053,12928900
2018-06-12,190.72512817382812,191.59747250538933,189.8924441078612,190.49713458751896,11562700
2018-06-13,190.73504638671875,192.80684900024443,190.2393989599829,191.0621755034795,15853800
2018-06-14,195.0967254638672,195.5626352258746,191.2306818280166,191.41903025852488,19120900
2018-06-15,194.14511108398438,195.35449206501337,192.94563760655214,194.08562068452486,21860900
2018-06-18,196.5836944580078,197.84264324995695,192.44008892561553,193.10425471126862,16826000
2018-06-19,195.7708282470703,196.2367380434897,192.1030251474352,194.53170966637177,19994000
2018-06-20,200.24154663085938,201.77805657326797,197.07931384559498,197.36679780386885,28230900
2018-06-21,199.7459259033203,201.61947269261083,198.34819643922546,200.99495205419396,19045700
2018-06-22,199.9838104248047,200.47945780504526,197.5749562913376,199.40885764861073,17420200
2018-06-25,194.64076232910156,198.2589827132341,191.4289613638016,198.2589827132341,25275100
2018-06-26,197.2676544189453,197.36678994391067,194.52176373774518,195.8798478251749,17897600
2018-06-27,194.1351776123047,199.00243890134223,194.09553247417213,197.44609874387024,18734400
2018-06-28,194.5217742919922,195.62211212459644,191.577627527077,193.48091172721118,18172400
2018-06-29,192.62844848632812,195.87989482267386,192.2715816871701,195.6023334373244,15811600
2018-07-02,195.64195251464844,195.7311654210613,190.54669758251922,191.68668061146298,13961600
2018-07-03,191.05224609375,193.6990014434691,190.8440826524459,192.85640992349778,13489500
2018-07-05,196.72247314453125,196.92072910262948,192.34095142893256,193.04477747503526,19684200
2018-07-06,201.46084594726562,201.8672804615918,195.97898669624203,196.72245782568604,19740100
2018-07-09,202.95770263671875,204.00847270373382,200.36049997712263,203.14603594276477,18149400
2018-07-10,201.7681427001953,203.12622690064134,200.4992865300264,202.71979239080133,13190100
2018-07-11,200.77685546875,202.71980006118886,199.99373918017042,200.45964897718486,12927400
2018-07-12,205.11875915527344,205.27736998517196,201.4212330482869,201.6591341671734,15454700
2018-07-13,205.5152587890625,206.61558156891698,204.65282197037004,206.00098359257464,11486800
2018-07-16,205.42604064941406,206.9030755155876,205.0394362382626,205.69369451127582,11078200
2018-07-17,208.16200256347656,208.62791233417767,203.0568252172297,203.1163004856667,15349900
2018-07-18,207.53749084472656,209.15330629398784,206.62550139589192,207.9934931321234,15334900
2018-07-19,206.27854919433594,208.1620185532827,205.95142006684583,206.95263758230453,11350400
2018-07-20,208.11245727539062,209.65887492561032,206.68499017489245,207.03194944619355,16163900
2018-07-23,209.0740509033203,209.7778619461466,206.9824176599706,208.7469217087533,16732000
2018-07-24,212.80126953125,214.3179494837015,210.74929700038717,213.23744169749008,28468700
2018-07-25,215.60662841796875,216.716873802159,212.40475030937498,213.84212480696965,58954200
2018-07-26,174.72561645507812,178.56193762666325,172.23747194598047,173.36754741586827,169803700
2018-07-27,173.36756896972656,178.3636887403823,171.49402216498564,178.30421346498736,60073700
2018-07-30,169.57090759277344,173.77400352364938,165.11008042652668,173.77400352364938,65280800
2018-07-31,171.0776824951172,172.72323572512056,168.52013973577664,169.18430553020826,40356500
2018-08-01,170.15576171875,173.55591105496342,169.41229055168418,172.41591285655338,34042100
2018-08-02,174.83468627929688,175.25102834505836,168.78779613261557,169.19421556821757,32400000
2018-08-03,176.23239135742188,177.2930840720794,174.6165759653938,176.14317845412128,24763400
2018-08-06,184.0735626220703,184.17268304199823,176.82719892086038,177.41205931410516,49716200
2018-08-07,182.2098846435547,186.66080349358924,182.1206717467417,184.87646992754213,33398600
2018-08-08,183.56797790527344,185.22345365929073,182.16034099625344,183.14172836898882,22205200
2018-08-09,181.4961700439453,184.94588700479872,180.8914795817807,184.23215350434344,19732100
2018-08-10,178.69081115722656,180.5148052478118,177.8581270811096,180.4553148486952,21500400
2018-08-13,178.482666015625,181.02037877045322,177.34266770128687,178.5322337903286,17423300
2018-08-14,179.5334014892578,180.40574575189405,177.06507199663935,179.13688962040038,19102000
2018-08-15,177.96717834472656,179.29550992645753,173.25852740680355,177.778829887056,33020200
2018-08-16,173.17921447753906,178.928727872026,172.49521858241766,178.84942246561022,31351800
2018-08-17,172.2870635986328,174.68599553833764,170.54237482360358,172.98096703144654,24893200
2018-08-20,170.99835205078125,173.05033953585055,169.42219695776055,172.52493937888548,21518000
2018-08-21,171.11732482910156,172.65383498549267,169.8980363086447,171.3056732846925,19578500
2018-08-22,172.12844848632812,172.72323148588757,170.63159860958226,170.71090401792085,16894100
2018-08-23,171.39486694335938,174.02180727071823,171.32548417201818,171.58321537779156,18053600
2018-08-24,173.12965393066406,173.2981873800535,171.4147179325106,172.18792676987275,14631600
2018-08-27,175.91519165039062,177.11464995458536,174.25971593144564,174.45798700324298,17921900
2018-08-28,174.72561645507812,176.68839105485034,174.29936695043438,176.54961038752933,15910700
2018-08-29,174.3687744140625,175.25102630824728,173.22879128005718,174.76530146681773,18494100
2018-08-30,176.09361267089844,178.22489050107828,174.17049828409725,174.3687542245393,24216500
2018-08-31,174.20028686523438,176.07383403337033,173.45681552667307,175.60792411779488,18065200
2018-09-04,169.6700439453125,172.37627487047934,167.33058730414652,171.98967045259835,29809000
2018-09-05,165.7246856689453,169.64031289754718,165.21913068006464,168.01458975330803,31226700
2018-09-06,161.1151580810547,165.52641733879844,158.6071832066759,165.52641733879844,41514800
2018-09-07,161.62071228027344,163.19688265178635,158.7657932814878,158.91448146466843,24300600
2018-09-10,162.75079345703125,163.57357005954762,160.7483886000716,162.08662767267808,20197700
2018-09-11,164.49549865722656,165.7346174368839,162.29482249447815,162.5129086097748,20457100
2018-09-12,160.58975219726562,163.05808161156838,160.3914962691272,161.82887065557784,24078100
2018-09-13,159.95535278320312,161.89829752903972,159.45970531115873,160.5897809423815,25453800
2018-09-14,160.90699768066406,161.4224601451879,158.94422286050022,160.31221468195503,21770400
2018-09-17,159.18214416503906,160.64925644912427,158.37919767933,160.51047576179135,21005300
2018-09-18,158.90457153320312,160.35185358058038,157.48701199604824,158.0024895664645,22465200
2018-09-19,161.6405487060547,162.01724561939005,158.09171104504333,158.68649405284017,19629000
2018-09-20,164.5747833251953,165.0010328711957,163.03827320694597,163.0680108438316,18936000
2018-09-21,161.5116729736328,165.79407425981805,161.39272242433654,165.18938375762875,45994800
2018-09-24,163.97010803222656,164.25757692408968,159.47954293469786,159.6282311329096,19222800
2018-09-25,163.4744415283203,164.1485147831148,159.74716311629632,160.57986230734045,27622800
2018-09-26,165.49667358398438,167.8262225515981,162.78053535259377,162.8697482596192,25252200
2018-09-27,167.37022399902344,170.27472586448513,165.7544236294065,166.09146025855756,27266900
2018-09-28,163.02833557128906,167.32062837868668,161.14486653621015,166.86464128007933,34265600
2018-10-01,161.0259552001953,164.436012271687,159.8562192856903,161.61081559446748,26407700
2018-10-02,157.9430389404297,160.86735625365242,157.28878059041784,160.1734527578649,36031000
2018-10-03,161.0160369873047,162.23534070829126,158.141287584149,158.60719743669617,23109500
2018-10-04,157.46717834472656,160.05445826791555,155.98023620785835,160.05445826791555,25739600
2018-10-05,155.96043395996094,159.4993490128948,154.84026584295069,157.82407327832271,25744000
2018-10-08,155.88111877441406,156.9616265557203,153.04601483268362,154.18599788621452,24046000
2018-10-09,156.5254669189453,159.19205276080575,156.04964957710675,156.3173034494987,18844400
2018-10-10,150.0622100830078,156.31727778494096,149.99281218727913,155.45485615833547,30610000
2018-10-11,152.01507568359375,153.4623577358115,147.86154772210898,148.8231049644271,35338900
2018-10-12,152.4016876220703,155.5242605937799,149.98292557845363,155.36564977512566,25293500
2018-10-15,152.18360900878906,154.21576673555575,151.22205167162574,151.98535303870568,15433500
2018-10-16,157.39781188964844,158.0719003251682,153.6606256705908,154.04723009835809,19180100
2018-10-17,158.0322265625,159.09291933521772,156.57502189165865,158.1710072394392,17592000
2018-10-18,153.57138061523438,157.27882841979354,151.94565783280964,157.1301251319511,21675100
2018-10-19,152.70895385742188,155.98022944182367,152.21330649996574,154.50319487125992,19761300
2018-10-22,153.4326171875,155.97032960839704,153.11541069786745,153.41278705503572,15424700
2018-10-23,153.0460205078125,153.42271741381617,149.536843182799,149.90361745909107,19095000
2018-10-24,144.76869201660156,153.3037412080965,144.33253499208868,152.9369669569993,27744600
2018-10-25,149.6359405517578,150.88498162625578,145.72032928659524,146.44397022397484,22105700
2018-10-26,144.10455322265625,147.70295901067368,142.54822789589622,144.5506480855384,31303300
2018-10-29,140.85308837890625,147.5344214345099,137.8197284122067,147.20729230316547,31336800
2018-10-30,144.94712829589844,145.36347030089044,138.5235421638017,138.72179810056574,50528300
2018-10-31,150.46865844726562,155.03852891279155,147.66330696306153,153.65072199035978,60101300
2018-11-01,150.4290008544922,151.42029575303908,148.04989914836352,150.20100726309514,25640800
2018-11-02,149.0411834716797,152.78827671223485,147.66328426550686,150.47855794739172,24708700
2018-11-05,147.38572692871094,148.88259199421714,146.15653086279244,148.79337907832831,15971200
2018-11-06,148.634765625,149.6557982024448,146.71165102252405,148.0102449729076,16667100
2018-11-07,150.21092224121094,151.67803452879494,148.5257238550179,150.25058250966376,21877400
2018-11-08,146.582763671875,149.62604610195993,145.46261078434273,149.17996644756505,24145800
2018-11-09,143.69810485839844,146.47371827479716,142.8158530669091,145.47251594430753,17326900
2018-11-12,140.31781005859375,143.77741992263816,139.26703978036954,143.22229714364886,18542100
2018-11-13,140.92247009277344,143.61879311473893,140.38716243899432,140.76385929713828,15141700
2018-11-14,142.9645538330078,144.312715522273,140.3177982254131,142.44907624200525,22068400
2018-11-15,142.59776306152344,143.57913523312448,139.60404852960136,141.0909907299261,30320300
2018-11-16,138.31536865234375,140.53587455272964,136.57069516872846,139.8419711857212,37250600
2018-11-19,130.40484619140625,136.55087150244032,130.06780955803708,136.41209082246715,44362700
2018-11-20,131.27716064453125,132.99211150709772,125.74574151200677,125.92417487518362,41939500
2018-11-21,133.64639282226562,135.99575702053914,132.9623968845504,133.23003563116546,25469700
2018-11-23,130.58328247070312,133.32917377934606,130.1173726236278,132.48656700247514,11886100
2018-11-26,135.1927947998047,135.80739275884446,131.6241273338603,131.84221340822126,24263600
2018-11-27,133.8248291015625,135.4208147055159,132.54606516779296,134.56830037434895,20750300
2018-11-28,135.56948852539062,135.5992261630699,130.70224193837456,135.09367119656213,29847500
2018-11-29,137.47276306152344,138.77137202577873,134.47906349380332,134.73679471044042,24238700
2018-11-30,139.38600158691406,139.74286842019717,136.16429258192795,137.05645210215448,25732600
2018-12-03,139.8617706298828,142.42922036511973,139.53464155198645,141.75514720530225,24819200
2018-12-04,136.7292938232422,142.14177045558748,135.96600766590524,139.50492247762543,30307400
2018-12-06,138.4145050048828,138.483887779014,132.50638103240237,132.65508433575613,28218100
2018-12-07,136.22372436523438,139.64368826859913,135.47034579153484,138.03779559462697,21195500
2018-12-10,140.6151885986328,141.80473946175877,137.79989956721752,138.3847750580367,26422200
2018-12-11,140.84315490722656,142.6274884192268,139.87169032189857,142.6274884192268,20300300
2018-12-12,143.24212646484375,145.90871241572717,141.26944398375352,141.83448939013158,23696900
2018-12-13,143.74766540527344,144.580364601951,141.9435165853843,144.302803245045,18148600
2018-12-14,142.80592346191406,144.73894525603407,141.2694135290645,142.09219001086083,21785800
2018-12-17,138.96963500976562,143.6584556703444,137.21503879444398,141.83447667724295,24334000
2018-12-18,142.40939331054688,144.6596212794877,138.6127329789654,139.85185129373914,24709100
2018-12-19,132.08013916015625,143.64854893654393,131.34657548193047,139.98076079733482,57404900
2018-12-20,132.23873901367188,134.3898623454241,128.86834226632146,129.5622456994865,40297900
2018-12-21,123.8622817993164,133.72566199944575,122.34560197072561,132.22881230205354,56901500
2018-12-24,122.98004913330078,128.610612317385,121.94910147726989,122.02840688842156,22066000
2018-12-26,133.0119171142578,133.0714075027452,124.79409061223062,124.90313363552212,39723400
2018-12-27,133.34898376464844,133.81489354132347,128.54119782489917,131.28708871863012,31202500
2018-12-28,132.0404815673828,134.73680498535606,131.04918663800913,134.1618521112041,22627600
2018-12-31,129.94882202148438,133.46792132452754,128.81874663870548,133.27957290640487,24625300
2019-01-02,134.49887084960938,136.31294214395066,127.44085673248901,127.8671213608656,28146200
2019-01-03,130.5931854248047,135.97590905312902,129.9785723489049,133.51750212740563,22717900
2019-01-04,136.74911499023438,136.79868275555486,132.5856798446048,132.8434110479297,29002100
2019-01-07,136.84825134277344,137.66110522026977,134.72688105755734,136.36251144124867,20089300
2019-01-08,141.2892608642578,141.8939513581992,138.32528366838775,138.672242933716,26263800
2019-01-09,142.97447204589844,143.440381900863,140.04024734863347,141.70561566989826,22205900
2019-01-10,142.94471740722656,143.30158416591036,139.61396603483087,141.8344719917478,16125000
2019-01-11,142.54820251464844,144.09462006114,141.3289140839084,141.90385178630427,12908000
2019-01-14,144.12437438964844,145.2941103141186,140.0402439732112,140.76388506255958,20520300
2019-01-15,147.6533660888672,149.36830195811237,144.71914177942702,144.73895678589847,24069000
2019-01-16,146.25564575195312,148.34727863691265,145.72035315090284,147.70294298969063,18025700
2019-01-17,147.009033203125,147.70293659145,145.2246994003183,145.6707790695301,15787900
2019-01-18,148.73385620117188,151.1030500258007,147.25683671851928,148.44638738186362,31029600
2019-01-22,146.28538513183594,150.2109041829542,145.09581923662802,147.9011854169663,22378700
2019-01-23,143.04385375976562,147.50468070575025,141.81464266708224,146.98920313450117,20098400
2019-01-24,144.56051635742188,145.16520676476975,141.27933312897716,143.380873175386,20955500
2019-01-25,147.7128448486328,148.5257139119325,145.26434528122348,146.1961648899975,22237200
2019-01-28,146.1862335205078,147.66326809816766,144.93720761906218,146.76118627303399,15508500
2019-01-29,142.93482971191406,146.81079682581762,142.18143582475363,146.8008741951162,17632100
2019-01-30,149.11056518554688,149.63595023069124,144.4316524195393,144.94712996181704,44613200
2019-01-31,165.23892211914062,170.18547317581243,163.56363159357448,164.15841448611584,77233600
2019-02-01,164.26747131347656,167.6279601489717,164.21790354727403,164.39632935445286,30806500
2019-02-04,167.77667236328125,167.82624013658665,162.1956768854242,164.25757222204984,20036000
2019-02-05,169.6700439453125,170.48289792287443,167.22154425674623,167.67753145426727,22557000
2019-02-06,169.00587463378906,170.96863432011753,167.79649363363717,169.7096855492788,13281200
2019-02-07,164.93165588378906,167.7667599987707,163.81148776857412,166.73580479734449,17517600
2019-02-08,165.87338256835938,165.91302771016467,162.78054722489733,163.03827846153243,12561400
2019-02-11,164.34674072265625,166.83490008611412,163.6429299601958,166.43837313279582,12811200
2019-02-12,163.60330200195312,166.8745781643805,163.06800941673683,165.4074659623436,16292300
2019-02-13,162.64173889160156,164.773016579909,162.30468717673196,163.94033260990628,14205100
2019-02-14,162.52279663085938,163.43478612823927,160.83759831774523,161.7694179484916,12755200
2019-02-15,161.08541870117188,163.26626442147275,159.45969569593382,163.0779159732994,15504400
2019-02-19,160.87725830078125,162.72106759901422,158.9343285784909,159.10284691275353,14345400
2019-02-20,161.14486694335938,162.2947724465078,159.84627328288872,160.83756800092215,11770700
2019-02-21,158.6468048095703,160.82766535586853,158.20072519817566,160.5203512781938,15607800
2019-02-22,160.48072814941406,160.99620572431036,158.91448041773808,159.18213427165955,15858500
2019-02-25,163.18695068359375,164.6243402932276,161.48192235955088,161.6504557921238,18737100
2019-02-26,162.7012481689453,164.7928811594308,162.37411901392596,162.90941164198253,13784100
2019-02-27,161.39273071289062,162.50297623256728,159.0136288490233,161.4819436294445,12697500
2019-02-28,160.04454040527344,162.07669774469517,159.45968011092006,160.95652979459345,11114200
2019-03-01,160.86732482910156,161.7099314903632,160.28246450589862,161.1845464371865,11097800
2019-03-04,165.9130401611328,166.04191335210177,162.40386249854723,162.4732452834034,18894700
2019-03-05,169.76914978027344,170.38376287008228,165.10015952891004,165.91301343665094,28187900
2019-03-06,171.00830078125,172.05908622255265,169.77910462034345,171.3949052392709,21531700
2019-03-07,167.65769958496094,170.24497969856398,166.1509272067736,170.0070634938106,18306500
2019-03-08,168.1236114501953,168.14342645636808,164.52520632922034,164.75319990787847,13184800
2019-03-11,170.5720977783203,172.78268087294597,170.08635789725895,170.1061880278625,18884000
2019-03-12,170.42343139648438,172.28707080192572,169.72952793465865,170.59194972821626,12155300
2019-03-13,171.86077880859375,172.51503702270958,170.62166027850708,170.81993134408785,11973300
2019-03-14,168.6886749267578,169.66013982945074,166.69617734424276,168.2822403306448,18037400
2019-03-15,164.53514099121094,166.12121905245445,161.09534610758368,165.70487696471935,37135400
2019-03-18,159.0730743408203,162.47320817114664,157.89343113406778,162.1460942050335,37524200
2019-03-19,160.16351318359375,162.39392655443643,159.42004205997952,160.0742851530314,25611500
2019-03-20,163.9998321533203,164.6739054309311,159.8363965610117,160.0941277919876,20211500
2019-03-21,164.6342315673828,164.94153051538478,162.32451301742458,163.45458841140837,16223000
2019-03-22,162.90939331054688,165.96258328787198,162.6615695960818,164.20798715419053,16389200
2019-03-25,164.8424072265625,165.09023092895288,160.5897591489653,161.5810539585268,12631200
2019-03-26,166.22030639648438,167.97490244456756,164.90189761069288,165.8931924201928,15437900
2019-03-27,164.42605590820312,167.46933806163872,163.35545575940287,166.38883041064906,10620300
2019-03-28,164.10885620117188,165.26866929524382,161.90818054802259,163.13739153814683,10443000
2019-03-29,165.23892211914062,165.734569487606,163.37528317340448,164.94153067286993,13455500
2019-04-01,167.23146057128906,167.42971654265463,165.8238235108442,166.36903877657028,10381500
2019-04-02,172.68357849121094,173.37748193594695,168.07406299135826,168.65892338578143,23946500
2019-04-03,172.02931213378906,176.41084894957973,171.4444517667529,172.98096190340783,27391100
2019-04-04,174.4877166748047,176.4504761631489,174.00197677260604,174.4877166748047,17847700
2019-04-05,174.19032287597656,175.4591790056014,173.57572494236527,175.34022847031102,9594100
2019-04-08,173.40721130371094,173.97225666273442,172.7133078920715,173.68478779432664,7297400
2019-04-09,176.03411865234375,177.6301037607492,174.02179157556608,174.0911743406496,19751000
2019-04-10,176.2720489501953,177.2335909922433,175.0031776877674,176.6289005579915,11701500
2019-04-11,175.96475219726562,176.8470040529445,175.45919724377316,176.68840836472478,8071000
2019-04-12,177.5409393310547,178.0663244673695,176.4009410133073,176.4505087881591,12329800
2019-04-15,178.08612060546875,178.9287273107787,175.3303220264931,176.94613753448198,10834800
2019-04-16,177.3129119873047,178.6015983684305,176.74788176597113,177.44178516320514,11215200
2019-04-17,177.22369384765625,179.166638428535,176.80735182160203,178.0365628932567,9973700
2019-04-18,176.72805786132812,177.32284086618182,175.79623821250544,177.2435354571373,11655600
2019-04-22,179.8605499267578,180.0885435195673,176.69831676064928,176.69831676064928,13389900
2019-04-23,182.18017578125,182.61634795804838,179.90019448268743,181.1492357391482,19954800
2019-04-24,180.99063110351562,183.52834371774856,180.0687189481805,182.88400806018296,37289900
2019-04-25,191.57760620117188,196.75216568918907,190.44753086045299,195.2652236552981,54148800
2019-04-26,189.8230438232422,191.2207579743512,187.44392726368935,190.82424611073804,22075000
2019-04-29,193.08441162109375,193.70893222320188,188.99035900897894,189.28775049217137,19641300
2019-04-30,191.7164306640625,195.67170282342383,190.6061851986811,192.4995621180769,23494700
2019-05-01,191.3496551513672,194.4722280655926,191.32982501791042,193.08442124281683,15996600
2019-05-02,190.85401916503906,192.31122397949665,188.09822036138914,191.3199290105302,13209500
2019-05-03,193.76841735839844,194.4524132667719,192.02374376132806,192.6879095362235,14575400
2019-05-06,192.1922607421875,192.5887726532269,188.89124689822324,189.57524280183202,13994900
2019-05-07,188.1180419921875,191.22078481914016,186.21475755292488,190.8639180414059,16253000
2019-05-08,187.89002990722656,189.05976576230006,186.90865763048612,187.74134172164767,12505700
2019-05-09,187.0077667236328,188.1180272372568,184.63857264576686,185.57039222153955,12967000
2019-05-10,186.70050048828125,188.3460538521678,182.98314416225162,186.61128756668734,12578500
2019-05-13,179.95965576171875,183.81579202350136,179.26575240984758,181.90260027291666,16833300
2019-05-14,179.15670776367188,181.89269113496795,176.5496126846514,180.93113395389048,17628100
2019-05-15,184.64849853515625,185.6497009023566,178.45290563573982,178.84941753091877,16746900
2019-05-16,185.36221313476562,186.93836817733208,183.43909887484836,183.43909887484836,12953100
2019-05-17,183.6869354248047,185.9470864320573,182.67581046073104,183.23093314658834,10485400
2019-05-20,181.12939453125,182.62624429559708,179.7911404457111,180.29671049516125,10352000
2019-05-21,183.21115112304688,184.0834804467377,182.28923889767134,182.96332737039214,7502800
2019-05-22,183.70677185058594,185.11440874536711,182.0116509740916,183.12189638384365,9213800
2019-05-23,179.2955322265625,182.29915504099273,178.10598118264318,180.8320425910243,12768800
2019-05-24,179.4838409423828,182.03147593642154,179.2558473649186,180.742789621871,8807700
2019-05-28,182.70553588867188,183.10206287061908,179.87043225306962,179.9596451517736,14843300
2019-05-29,180.60398864746094,182.95335230904126,179.77130470740173,181.9025823190679,12797700
2019-05-30,181.4168701171875,181.88277991976952,179.31532981683242,181.48626801908497,8581500
2019-05-31,175.92510986328125,178.968377388357,175.61781085963088,178.71064615567346,15226500
2019-06-03,162.7210693359375,173.52619398696916,159.60840361923943,173.47662621143076,56059600
2019-06-04,166.0418701171875,166.81507880974615,159.43984347214894,162.284869681599,46044300
2019-06-05,166.7060546875,167.25126988535305,163.1968775407025,166.02205881437155,19758300
2019-06-06,166.86463928222656,168.22270818593478,165.7742090578177,166.8349016511933,12446400
2019-06-07,171.84097290039062,172.35643534550604,167.37022332653441,168.68864732746155,16917300
2019-06-10,173.29815673828125,176.3116861451673,172.28703185052842,173.22875884480794,14767900
2019-06-11,176.5496368408203,178.41326106323015,175.25102774907594,176.92631863658414,15266600
2019-06-12,173.5162353515625,177.70942325144773,171.37505007663788,176.82717148339296,17699800
2019-06-13,175.92510986328125,176.48023259580583,173.0900057999222,174.001995307064,12253600
2019-06-14,179.75149536132812,180.2570502849708,178.43307140748,178.9386263311227,16773700
2019-06-17,187.36463928222656,187.85037921736884,182.80469192297429,183.39945977368052,29459900
2019-06-18,186.82937622070312,192.83662170506662,185.6497327103882,192.31123654725673,37571400
2019-06-19,185.8479461669922,186.46255923293725,182.94345964316256,185.37212889493662,21417100
2019-06-20,187.880126953125,189.4959425300229,186.00658013966265,189.2877639392114,14635700
2019-06-21,189.47610473632812,190.3286189470669,187.10691055343167,187.10691055343167,22751200
2019-06-24,190.92340087890625,192.2913775343927,189.9023683575532,190.74495993412827,15509000
2019-06-25,187.1960906982422,191.45866100585482,186.49227991982016,191.20092982482038,16750300
2019-06-26,186.02639770507812,189.09940270619464,185.6794384524873,187.89002176271006,12808600
2019-06-27,187.85037231445312,197.14872276061521,186.63108389564889,188.22706919422956,11159000
2019-06-28,191.31991577148438,191.5181717263665,188.28655579650456,188.8912462907689,16378900
2019-07-01,191.31991577148438,193.58006693425207,190.25922296762738,193.51068415672523,14181800
2019-07-02,193.30250549316406,193.30250549316406,191.03244682766663,191.31991569323418,9050000
2019-07-03,195.4833221435547,195.68157806883858,192.46979275174988,192.46979275174988,10246100
2019-07-05,194.6903076171875,195.35448849502401,192.47972427873574,194.47222153436704,11164100
2019-07-08,194.0558624267578,194.9678518174169,191.95432231462846,193.49083226259162,9723900
2019-07-09,197.4758758544922,197.7236995947651,193.19347436211507,193.27277977411768,14698600
2019-07-10,200.9652099609375,201.19321867762923,197.93185000038574,198.25897913106715,20571700
2019-07-11,199.47825622558594,202.02589122238965,198.46714638045125,201.49058353876885,13678500
2019-07-12,203.08657836914062,203.5128430354404,197.4262930429974,197.94175549280985,15366300
2019-07-15,202.1349334716797,203.5425703225195,200.06313089638468,202.47197008541062,16030300
2019-07-16,202.06553649902344,203.6813519280797,201.33198799824166,202.11510426620137,12132700
2019-07-17,200.04331970214844,202.58103230029513,199.835141111631,202.4025913475716,12083700
2019-07-18,199.03219604492188,200.70748690695692,197.6443891848717,198.40767539491912,11937900
2019-07-19,196.63323974609375,200.56868136446843,196.34577090569522,200.41997806691737,12098300
2019-07-22,200.55880737304688,200.80663111774905,197.07935231681313,198.16978284388716,13589000
2019-07-23,200.59844970703125,202.46208908139556,199.21064280652215,201.07426705492568,14583700
2019-07-24,202.87843322753906,203.0271214234148,195.50319619288334,195.90963076289162,32532500
2019-07-25,198.96279907226562,206.84359022630701,196.53411455148293,204.90064563487275,39889900
2019-07-26,198.01112365722656,201.11388102342588,194.54159207875202,198.44729576153082,24434000
2019-07-29,194.23431396484375,197.8921943558041,193.59988587033834,197.26767376438386,16530800
2019-07-30,195.32473754882812,196.9802133181637,191.8155603102032,193.68910703842727,11903600
2019-07-31,192.53919982910156,197.02976441427577,191.00268974372446,195.23552310608397,14593500
2019-08-01,191.05224609375,196.74228379607928,189.21835975548873,192.47971305224087,17777000
2019-08-02,187.37454223632812,190.9431943437172,186.43281522712647,189.43643717937772,15297000
2019-08-05,180.1480255126953,184.0537300029914,177.7788312071651,183.082265195433,23086700
2019-08-06,182.90380859375,184.17266480045308,181.496171712125,182.09095467662416,18035700
2019-08-07,183.5382537841797,184.74763483221585,179.6424718944931,182.0017587137703,15833200
2019-08-08,188.50460815429688,188.68303394397594,182.4477967917804,184.99541636437093,14828900
2019-08-09,186.21473693847656,189.31747942194767,185.4910808332626,188.3460147390881,11058800
2019-08-12,183.75628662109375,185.95696198040855,182.85421997456507,185.22341361127437,10930900
2019-08-13,186.8095245361328,189.71402651548019,183.75633436925915,183.9050376827455,13577000
2019-08-14,178.14559936523438,184.37092964599083,177.74907236030677,184.18258120939504,18903700
2019-08-15,181.00051879882812,181.60520924822666,178.4628064623224,179.37479588788173,12925900
2019-08-16,182.10086059570312,183.48868245880848,180.77252912929748,182.15042836330673,12654600
2019-08-19,184.54937744140625,185.86780152869838,183.24087598414363,184.39076662053793,9691200
2019-08-20,182.2098846435547,184.38082255508223,180.80224792088347,183.83560742018486,10083400
2019-08-21,181.95220947265625,184.2817437648346,181.54577487188075,183.38958427012153,8398200
2019-08-22,180.45530700683594,182.5072945973384,178.34385927172,181.83320623694664,10821400
2019-08-23,176.20266723632812,181.53583860114406,175.12215943315425,179.2657648255648,17323400
2019-08-26,178.7899627685547,178.92874346038303,176.68842225630812,177.8383129346168,8773600
2019-08-27,179.72177124023438,182.4379096286173,179.43428724414596,180.3462767514678,14399600
2019-08-28,180.17774963378906,180.36609807872819,177.36247584090782,178.95846118228755,9386100
2019-08-29,183.95458984375,184.46014476439868,181.87286463927418,182.17025611505056,10128700
2019-08-30,184.05374145507812,185.1739096491603,181.86298796823442,185.1540795138243,10774500
2019-09-03,180.80227661132812,184.05372268054123,180.5247152487826,182.39826200894478,9779400
2019-09-04,185.51092529296875,186.11561578150497,182.28921689728358,183.04259556908295,11308000
2019-09-05,189.23817443847656,189.6941767095341,186.30395025187858,186.88881056344226,13876700
2019-09-06,185.85787963867188,188.5542028808882,184.72780409788703,188.5542028808882,15226800
2019-09-09,187.11679077148438,187.3348768256365,184.23213455693985,186.09575839338902,14722400
2019-09-10,184.54937744140625,186.4625845439744,182.94348447650563,185.80832625236286,15455900
2019-09-11,186.8491973876953,187.79092459936038,184.4601728408056,184.8368697758561,11761700
2019-09-12,185.8380584716797,189.26793039867314,185.6001422473146,188.2072527077104,11419800
2019-09-13,185.5604705810547,186.33367929226395,184.91611990440845,185.69925124393947,11441100
2019-09-16,184.59893798828125,186.15526311999932,184.15285830726447,185.3027488986509,8444800
2019-09-17,186.4427490234375,186.68066524786644,183.92485147426774,185.0351120623095,9671100
2019-09-18,186.50221252441406,187.43403210381956,184.39074965303598,186.45264475670885,9681900
2019-09-19,188.4848175048828,189.4364672937098,186.51213514758413,187.0177052428198,10392700
2019-09-20,188.276611328125,191.4190291086454,186.4823701867275,189.00026741214742,19934200
2019-09-23,185.1937255859375,188.4451717375327,183.59774014788326,187.6917779121405,13327600
2019-09-24,179.70193481445312,186.40308276455025,178.81968297541698,186.3436074918448,18546600
2019-09-25,181.20867919921875,181.82327708991846,176.3215883274959,179.8704252668067,18068300
2019-09-26,178.54214477539062,179.82090868228926,176.1233825319307,179.7515258971206,16083300
2019-09-27,175.55833435058594,179.18646222006666,174.1308672621529,178.91882348545542,14656200
2019-09-30,176.52980041503906,177.11466078511165,175.31051190391352,176.32162182730542,10740000
2019-10-01,174.27952575683594,178.27444234752875,173.3576289094256,177.59044655702053,17073000
2019-10-02,173.08009338378906,174.9932852559371,171.5832284232583,173.3179944761418,16151700
2019-10-03,177.81849670410156,178.27448392013582,172.1185506219474,174.0416652854714,16086300
2019-10-04,178.87916564941406,179.40455074799638,176.54963165829395,177.98700626999957,10430200
2019-10-07,178.11587524414062,179.60281771829972,176.53971985176267,178.4330968990892,9178300
2019-10-08,176.20266723632812,178.79985501576326,176.17292959961395,176.70822218642866,9466900
2019-10-09,178.2843780517578,179.1467996981967,176.39100132993687,177.6003822110821,7556900
2019-10-10,178.4628143310547,180.02906204160385,177.61030013736234,178.750298314045,8605000
2019-10-11,182.5865936279297,184.86657471804284,180.5544362405254,180.5643437432887,14930500
2019-10-14,181.68453979492188,183.01287141647379,180.98072884100796,182.59652934670203,7006000
2019-10-15,187.2456817626953,188.7227165199571,182.06121398365255,182.19999465624394,15039100
2019-10-16,187.89993286132812,188.0486210313374,185.27299255881692,186.680644489377,10516900
2019-10-17,188.73263549804688,189.17871517807257,187.12674259957046,188.6434225872337,9603000
2019-10-18,184.23216247558594,189.82306508409687,182.31895546076947,188.5740238344982,16874200
2019-10-21,188.1081085205078,188.2568118261365,185.12431641612076,185.4117852721347,8122600
2019-10-22,180.75270080566406,188.99035865677462,179.92001675504446,188.34602304935783,19537600
2019-10-23,184.52955627441406,184.75756501272738,180.41568811771867,180.42559562226924,12300400
2019-10-24,184.75753784179688,185.1044819615779,181.208700485608,183.01284923596253,11413500
2019-10-25,186.25440979003906,187.35474780280828,183.478780871472,184.21234458863836,8061200
2019-10-28,187.75125122070312,187.88012440021436,183.46886504496106,185.57040542859633,13657900
2019-10-29,187.6620330810547,190.85400383481056,186.82934900423825,190.02131975799415,13574900
2019-10-30,186.61123657226562,188.79208199572744,184.36099325588708,187.90983027381054,28734600
2019-10-31,189.98165893554688,196.3656004243641,186.61126237203993,194.987701137253,42286500
2019-11-01,191.93447875976562,192.4202186176917,188.25678382075571,191.171192716398,21711800
2019-11-04,193.0249481201172,195.65187360892588,192.1228661122772,192.8564297987559,16371300
2019-11-05,192.62844848632812,194.04599305250838,191.91471488801213,193.66929611840797,9942000
2019-11-06,189.88253784179688,192.67798154603338,189.6842818904118,192.3409449160828,10973000
2019-11-07,188.76234436035156,191.75605873872388,187.8206173736394,190.23937898226092,13473000
2019-11-08,189.17869567871094,190.6656378761717,188.04862021367907,188.34601167836288,10760800
2019-11-11,187.9594268798828,188.42533669366813,186.89873407480903,188.27663338286612,8631200
2019-11-12,192.77711486816406,193.3619752121112,188.08829436129892,188.3460255825402,17615500
2019-11-13,191.5082550048828,193.99639963970563,191.06217534637915,193.00510478704902,10860700
2019-11-14,191.46859741210938,192.3409417349273,189.78339916426867,191.25051133140488,9040500
2019-11-15,193.40164184570312,193.5998978013367,191.69661340052664,192.56894263050637,11524300
2019-11-18,195.68161010742188,196.9009137431693,191.36948630414045,192.86633617996145,16167200
2019-11-19,197.5848846435547,198.25895783974997,195.1462928067042,195.68158533744997,19056800
2019-11-20,195.7906494140625,197.85254461233583,193.72875421578917,196.8513422129747,12355400
2019-11-21,196.2069854736328,197.3568911478763,195.14630783301592,195.7014305375585,12131000
2019-11-22,197.08924865722656,197.5650659483158,195.89968274056503,196.65307650457854,9959800
2019-11-25,198.05079650878906,199.22053232730747,197.51550393147346,197.78315778311097,15272300
2019-11-26,197.23793029785156,198.4076509175924,196.31601825558465,198.25896274591634,11735500
2019-11-27,200.24154663085938,201.37162208106452,197.6840042696671,198.15982153134345,12736600
2019-11-29,199.88470458984375,202.02590522077313,199.45845503998015,199.84505944895685,7985200
2019-12-02,197.96157836914062,200.41998536000102,196.32594791826912,200.37043271830595,11503400
2019-12-03,197.08924865722656,197.1982765694296,193.3818004856772,195.8798677343239,11595300
2019-12-04,196.98020935058594,198.28871070735886,196.32595110921986,198.25897307147488,8456300
2019-12-05,197.6245574951172,199.53774944612223,196.48457437804745,198.12020495922752,9740400
2019-12-06,199.29981994628906,199.81529747078372,198.31843266184003,198.75460478826182,12270600
2019-12-09,199.58731079101562,201.3716446295494,198.46715784384807,198.90331489241436,11954800
2019-12-10,199.1214141845703,200.29115010527653,198.407680601825,199.90454567511955,9475700
2019-12-11,200.49928283691406,200.8660722022871,198.53652334826828,198.53652334826828,8036800
2019-12-12,195.03726196289062,201.88711301453668,192.41033665773847,200.58851917968943,23734800
2019-12-13,192.4202423095703,195.08682785364928,191.48842273830536,194.69030084143077,18798000
2019-12-16,196.19708251953125,197.38663336055586,193.114154811215,193.57015711535357,14911500
2019-12-17,196.66299438476562,197.2676848781239,194.42267335863096,197.10907406407196,10175700
2019-12-18,200.73721313476562,202.52154694337764,198.34818884451172,198.34818884451172,23274400
2019-12-19,204.2662353515625,204.50415158534474,200.74713524741477,201.01478911967473,16514600
2019-12-20,204.50413513183594,205.90186453167533,201.6591085633621,205.67385582041007,27306900
2019-12-23,204.3851776123047,206.7742019794803,203.88953015650694,204.90065520160314,13348900
2019-12-24,203.33441162109375,204.98987234249637,203.21546106955543,204.5041475064081,6046300
2019-12-26,205.98114013671875,206.0108928966437,203.52273326440485,203.7804795933937,9350700
2019-12-27,206.2884979248047,207.11125947342887,204.79163277696026,206.8535282158084,10284200
2019-12-30,202.63058471679688,206.09019407630888,202.1250146606919,206.0505489375747,10524300
2019-12-31,203.46327209472656,203.77057108431418,201.8276416093914,202.22415350706075,8953500
2020-01-02,207.953857421875,207.9637649262208,204.47441752544307,204.95023487537443,12077100
2020-01-03,206.85350036621094,208.56843626979165,205.1484719660643,205.40621831494474,11188400
2020-01-06,210.7493133544922,210.927739185822,204.72223821666302,204.9006640479928,17058900
2020-01-07,211.20529174804688,212.71206425110722,209.9066978321433,210.9673906495363,14912400
2020-01-08,213.3464813232422,214.35760631734092,210.7592011294325,211.14580552041744,13475000
2020-01-09,216.3997039794922,216.47900939550698,214.39728382151253,215.64631009033232,12642800
2020-01-10,216.16175842285156,217.96592235915483,215.52733030671448,217.291833977407,12119400
2020-01-13,219.97825622558594,220.0377314997937,217.30176300451834,217.68836741282854,14463400
2020-01-14,217.15304565429688,220.4441517899839,216.72679613272476,219.68085052642485,13288900
2020-01-15,219.224853515625,219.7502385844087,218.22365114653817,218.6895609435289,10036500
2020-01-16,219.8394775390625,220.69199177101737,218.4714857160289,220.6325164962698,10015300
2020-01-17,220.2062530517578,220.3549412394602,218.61026762459173,220.09721000545602,15905900
2020-01-21,219.51234436035156,220.4342413538847,217.21253293939026,220.22607789610095,14275800
2020-01-22,219.3933868408203,220.81093123768824,219.35372657567254,220.37475907681832,12212800
2020-01-23,217.84695434570312,219.5619053548799,217.36122954189034,218.82834170856364,11195000
2020-01-24,216.04281616210938,219.849385004895,214.22874465282248,218.87792022361282,11905800
2020-01-27,212.99951171875,214.17915496687039,210.6501478512568,211.2449307896908,13810700
2020-01-28,215.89410400390625,216.83584623519565,211.66128578161968,214.25847351180462,13413800
2020-01-29,221.28675842285156,222.2483156951887,216.5483699652949,219.51234719018524,33181300
2020-01-30,207.7060089111328,209.58946307756923,202.96762073363075,204.7321243582591,48775500
2020-01-31,200.15235900878906,206.8733372918856,199.30975228448216,206.61559093454187,31359900
2020-02-03,202.41250610351562,203.35423322426226,200.73721531848193,201.6690349356694,15495600
2020-02-04,208.00340270996094,208.7667039889746,203.4137026585634,204.8213395474977,19628900
2020-02-05,208.28097534179688,210.8781631806116,206.89316851020735,210.66007708908182,12538200
2020-02-06,209.0145263671875,209.35156298788317,207.5176614545207,208.63782948172818,10567500
2020-02-07,210.48162841796875,210.9673683192804,208.10251180296524,208.46930116761217,12242500
2020-02-10,211.20529174804688,211.93885542902783,208.82619000718108,209.67870423741732,11856400
2020-02-11,205.38638305664062,209.0244333528046,204.71229469095942,208.36026761626928,25030800
2020-02-12,208.92527770996094,209.3812799539733,205.5945267186927,206.0406214604717,13813700
2020-02-13,211.2845916748047,212.46423501084925,207.35905726566108,207.69610902307352,15396600
2020-02-14,212.31552124023438,213.05899236907703,210.79884134747206,212.1370954297724,10741700
2020-02-18,215.904052734375,216.08247857284684,211.5423456848754,211.69104900956313,15609200
2020-02-19,215.5967254638672,216.41950201628228,214.228733710941,216.09237289597561,12135100
2020-02-20,212.71206665039062,216.86559480295082,211.09625108363406,214.63518122349623,13109200
2020-02-21,208.35035705566406,212.3750270986265,207.0121180018901,211.62163328593365,14092300
2020-02-24,198.97271728515625,201.87720413639323,196.44491221736035,200.0433176124331,23080100
2020-02-25,195.0570831298828,201.7284929361897,194.24421412884456,200.48937442921064,21433500
2020-02-26,195.4833221435547,199.4584237811993,193.7882165875262,195.47341464137563,16524500
2020-02-27,188.09820556640625,194.1748480885161,187.85038184365735,190.15019325122768,21682600
2020-02-28,190.79452514648438,191.06217899708437,180.2372408143527,181.1095700157063,32568900
2020-03-02,194.72994995117188,194.85882311350568,187.2060261645802,192.34092588951376,24949000
2020-03-03,184.27182006835938,195.52302394887474,182.36853555450094,194.51189885133846,27984100
2020-03-04,190.09071350097656,190.16011140769461,184.7674644784254,187.52326321969804,23062500
2020-03-05,183.5580596923828,187.34481315880845,182.28920353501553,185.15404495490924,19333400
2020-03-06,179.51356506347656,182.18015039702132,174.72560954141701,176.77759696199584,24559600
2020-03-09,168.0244598388672,173.47658095458263,163.75198189379608,168.12359536408135,29949000
2020-03-10,176.63882446289062,176.73794486823076,168.02447015120921,173.14946249940837,24517800
2020-03-11,168.75802612304688,174.3489279887689,166.2004838159884,172.49519649384075,20373900
2020-03-12,153.1253204345703,165.14973209945882,152.99644726061157,158.15117758148926,43266300
2020-03-13,168.79769897460938,169.303253942079,156.2280865595839,162.10645821675976,35028600
2020-03-16,144.7389678955078,157.7447677177131,141.8543111327493,150.99405163604348,39120400
2020-03-17,148.11927795410156,152.5999350106582,138.78128207529338,149.42779444555768,34255600
2020-03-18,145.68069458007812,146.8900603543709,135.9065269708406,138.53345221468916,37553100
2020-03-19,151.79698181152344,158.53777453936144,143.53949408136737,145.3436428023484,39862300
2020-03-20,148.42657470703125,157.88353611358346,146.71163883964718,154.66182782825337,32568400
2020-03-23,146.810791015625,150.98413436617852,141.0117093943652,148.35720874770473,29830800
2020-03-24,159.5786590576172,159.9057882108282,151.2418799067256,153.85889800645307,30440400
2020-03-25,154.8501739501953,161.57115177000506,151.7275861217966,157.53657450192858,35184300
2020-03-26,161.91810607910156,162.57236434633546,155.65313014783945,156.8724186451682,26556800
2020-03-27,155.42514038085938,158.69641698995204,153.40290518441685,156.8228699969385,24879900
2020-03-30,164.50535583496094,165.29839463651948,156.6840410955786,157.7942863421863,22515200
2020-03-31,165.3479766845703,169.44201394815866,162.7706041382974,164.03946028004327,23676300
2020-04-01,158.21066284179688,162.72104227236392,156.66423018239112,160.21306753205042,19507600
2020-04-02,156.81295776367188,159.9454535797899,154.56271388854063,157.71503983983848,20886300
2020-04-03,152.83782958984375,156.53537019548818,149.51700098576845,155.78197644426734,25983300
2020-04-06,164.10885620117188,164.75319176700359,157.13013237963017,158.7558552370419,28453600
2020-04-07,167.3603057861328,171.88060773195613,164.56484714145031,170.29452997421248,31411900
2020-04-08,172.7628936767578,173.4766272962823,166.2798309463655,169.75927099707624,21664200
2020-04-09,173.6649627685547,175.53850959806437,170.07647992999216,174.36877370464606,23534300
2020-04-13,173.26844787597656,173.47662648317942,167.97493616094914,172.15820230679188,19355400
2020-04-14,176.61900329589844,179.65236314571018,175.08249323853468,177.42194971191222,21011800
2020-04-15,175.429443359375,176.63882423505683,171.3155759570851,173.6649398114376,17423000
2020-04-16,174.71572875976562,176.50006263186586,171.00828033251065,176.40092708998696,23593200
2020-04-17,177.67971801757812,178.71065814342688,175.12217514892365,177.64005774776027,20974800
2020-04-20,176.68841552734375,178.92873664609874,175.23121075566158,175.86563891213842,16110700
2020-04-21,169.3131561279297,173.853288160905,166.87456424632103,173.72441499563723,24850500
2020-04-22,180.69325256347656,183.17149007957204,176.5892918418609,176.89659087370293,33242000
2020-04-23,183.51841735839844,185.42170162352286,181.55564269746117,182.4775547580757,21426600
2020-04-24,188.41542053222656,188.7524571530218,179.25585061783767,181.63495222175106,28792000
2020-04-27,185.8677978515625,192.06339111328126,185.77858493882417,190.98288327866794,29197800
2020-04-28,181.3177490234375,187.55298712512695,180.97078976717316,187.01769454861898,21731000
2020-04-29,192.49954223632812,195.19586533888122,188.346014547985,189.26791146399665,45954500
2020-04-30,202.927978515625,207.86462270917676,199.81531324385696,205.118731697235,46230100
2020-05-01,200.50921630859375,205.47559813020527,197.3172456375188,199.84505056505395,30415600
2020-05-04,203.47317504882812,204.11752577558354,197.02975853702785,198.45722553825703,19250700
2020-05-05,205.26744079589844,208.54862447224508,204.70239544631238,205.21787302604636,21071200
2020-05-06,206.6552276611328,209.75798521785813,204.86098649767018,206.30826843159727,21857000
2020-05-07,209.4209442138672,209.75799595802985,207.2202684404872,209.3218238046091,15152000
2020-05-08,210.50146484375,211.3539790092418,209.0145225871451,210.3924218065606,12506000
2020-05-11,211.32421875,213.1283825511253,208.53868277495025,209.0541603075515,12911900
2020-05-12,208.2710723876953,213.40597290270924,208.17193684357613,211.43329053203627,14704600
2020-05-13,203.31459045410156,208.94513823709826,200.35061325172475,207.6068840689912,20684600
2020-05-14,205.00970458984375,205.12865514260832,198.94298438348417,200.79670108521395,17178900
2020-05-15,209.04425048828125,209.50023762187058,202.34308801660057,203.48308610249018,19383200
2020-05-18,211.33413696289062,212.77151137138245,209.1037237037267,210.3031819192295,20151900
2020-05-19,214.99203491210938,218.57060997564648,210.97728768832476,211.41345984857227,31843200
2020-05-20,227.96810913085938,229.3261784213144,221.2471303361404,221.55442936163362,50162900
2020-05-21,229.375732421875,235.1351535242866,229.18738396569944,232.67674634200608,47782600
2020-05-22,232.8651123046875,233.9357127208348,226.7488239639074,229.494700225862,33925600
2020-05-26,230.17868041992188,238.80294331192403,229.65329531550296,237.6827903232748,33178300
2020-05-27,227.14529418945312,228.55293101712496,219.20502813569777,227.0759114176311,34697600
2020-05-28,223.49737548828125,229.6136637720692,222.05007814494928,222.3474696676571,29377200
2020-05-29,223.13055419921875,225.50967091525212,220.93980105083412,223.2395972377781,23241500
2020-06-01,229.89122009277344,230.41660521672765,221.55442576593646,222.6349336528641,18223800
2020-06-02,230.69415283203125,230.97171419695508,224.58777255178694,228.9296491010326,20919000
2020-06-03,228.15643310546875,230.62474767491267,226.5406176115093,230.08945509538248,15380300
2020-06-04,224.32009887695312,229.61362472834423,222.65473083450817,227.56163718394748,17041500
2020-06-05,228.76112365722656,229.3360765026521,223.34864695784768,224.73646886520714,16750400
2020-06-08,229.38563537597656,229.53433868756787,225.43037837858236,227.03627128724105,15466500
2020-06-09,236.59234619140625,237.68277660516696,228.40425596266664,229.50459387983992,27462900
2020-06-10,234.66921997070312,239.11023168276265,233.23184549790702,238.86240797621303,20720700
2020-06-11,222.47630310058594,230.8626644574939,221.60397389010276,227.93834758086746,26708200
2020-06-12,226.59022521972656,229.64341580064044,222.54573958498204,227.89872682528272,22091400
2020-06-15,230.47605895996094,231.73500768933346,222.84309143034983,223.13056028932934,15340300
2020-06-16,233.59864807128906,236.38419957650984,230.971722513685,235.07568298678672,15236700
2020-06-17,233.47967529296875,235.52174026803576,229.71275182999162,232.95429023145962,19578100
2020-06-18,233.88612365722656,234.0843796141801,230.12910747503136,232.94439651722732,15782500
2020-06-19,236.71128845214844,238.73353839854053,233.49950284758046,235.71999361104298,30081300
2020-06-22,237.13755798339844,238.6046701431826,234.8476692734358,236.48329974456362,18917800
2020-06-23,240.1312713623047,243.055588162307,237.7719847647225,239.17962164512457,24017900
2020-06-24,231.98280334472656,241.10271208693533,230.6544568741818,239.10029244186845,20834900
2020-06-25,233.62840270996094,235.2343109256559,230.71400806124967,232.57763241045828,18704300
2020-06-26,214.19898986816406,231.06090957453293,213.52490151453114,230.6148299237534,76343900
2020-06-29,218.7193145751953,218.8283576234436,205.30709527045812,207.9241133024566,58514300
2020-06-30,225.0933380126953,225.51958755508608,216.56819590528403,218.66973623252326,33927100
2020-07-01,235.4821014404297,236.91947598923105,225.57906015771016,226.51087976376274,43399700
2020-07-02,231.3880615234375,237.91078399988285,230.58511504759153,236.91948906655,30633600
2020-07-06,238.18832397460938,238.30727451561665,230.24805771723553,231.72507735460576,26206200
2020-07-07,238.7632598876953,245.49414474821359,236.74102520401266,237.32588549048444,27887800
2020-07-08,241.4596405029297,244.83996011938856,234.53048293332122,236.03725558473903,29791300
2020-07-09,242.37158203125,244.38390929366182,237.15737675477754,242.86722943826686,22174900
2020-07-10,242.9366455078125,243.3529875457348,237.23669990075217,241.56865372181096,22982700
2020-07-13,236.9194793701172,247.97241137402958,236.34452651720005,244.85974601579528,24674900
2020-07-14,237.64312744140625,238.23791044505438,230.0101595663755,234.6989803126721,23378100
2020-07-15,238.18832397460938,242.6888110381981,235.9777407071234,239.44727266211922,19133600
2020-07-16,238.83267211914062,239.65544869823316,234.27272467146835,235.92818533327153,18880700
2020-07-17,239.923095703125,242.0345586123702,235.78939791848782,238.90206319911425,18152400
2020-07-20,243.28358459472656,243.90810520163038,233.58872199953782,237.97024349927685,20872200
2020-07-21,239.64552307128906,244.760607979897,237.99006253468102,244.0766121329838,19364200
2020-07-22,237.78192138671875,239.7942489807477,236.0471551762827,238.16852582286322,15427900
2020-07-23,230.57516479492188,240.3096713699716,229.73255820742426,237.54396567415787,21771800
2020-07-24,228.70164489746094,231.45744341133576,224.92479875703089,228.18616733253234,18325800
2020-07-27,231.4673309326172,232.90470533719989,228.82057568738915,229.44509623856314,13163100
2020-07-28,228.11676025390625,232.91463870190316,227.8292914101219,232.587509594588,14170100
2020-07-29,231.25918579101562,231.66562033942958,228.30513115753575,229.12790775824203,13588300
2020-07-30,232.45863342285156,232.84523779450794,227.00651195664395,228.21589283740667,20615300
2020-07-31,251.46176147460938,253.622792101852,246.83241636433706,253.59305446658362,53005100
2020-08-03,249.76666259765625,253.1767042514364,248.15084711603382,250.45064335351154,23124900
2020-08-04,247.65521240234375,250.59935953342313,245.27609551181612,249.37014838368583,17183500
2020-08-05,246.9513702392578,250.07395811822374,245.61313125623738,248.01206299801274,13050100
2020-08-06,262.970703125,264.27921961993843,246.50529465278117,246.87206891607784,45241600
2020-08-07,266.1031799316406,276.4622227468874,261.1367832769081,261.7811188499135,72766400
2020-08-10,260.71063232421875,271.47608345744163,257.42944769877164,265.7067685016562,30248800
2020-08-11,253.90036010742188,263.60514536343936,252.9090652365863,257.9250148628608,28238300
2020-08-12,257.62762451171875,261.60269615659547,255.8630906956138,256.7156199692329,21415700
2020-08-13,259.0253601074219,262.851774371615,257.31043919341164,259.2731838466184,17374000
2020-08-14,258.96588134765625,260.36361084815877,256.4281687125643,260.0265741976145,14792700
2020-08-17,258.8865661621094,261.80097543570025,257.14187754882556,260.2148976283439,13351100
2020-08-18,260.05633544921875,262.8418720731041,257.0031600569901,258.6784510837014,18690400
2020-08-19,260.3041076660156,265.57780346029676,259.07491174852066,259.11457201254495,23291500
2020-08-20,266.66827392578125,267.282871976935,259.18397862860735,259.2236388985947,20299700
2020-08-21,264.6856384277344,268.1353250252356,264.10077811668583,266.3510064576947,15538600
2020-08-24,269.0275573730469,274.836531396704,266.4303391309209,268.7103357210728,23685600
2020-08-25,278.3753967285156,280.6256249023249,267.90732667241116,270.0386043174784,42127200
2020-08-26,301.2644348144531,302.01782861437897,281.5277498480447,281.5277498480447,69015200
2020-08-27,290.66748046875,298.60776198914965,289.4779145343069,297.547069226995,30301300
2020-08-28,291.1036682128906,294.64259831800206,288.4470051025773,292.4319997680473,17157400
2020-08-31,290.64764404296875,294.29560160361154,289.0119834406697,291.3911151342261,17345100
2020-09-01,292.8681945800781,298.8655171752459,290.16194836378156,292.14453834590944,17295900
2020-09-02,299.86669921875,300.9571296299292,290.4989505638761,296.2782166171665,24341400
2020-09-03,288.5857849121094,295.009387165798,281.16099531666765,293.4133865436839,32294100
2020-09-04,280.2687683105469,286.48417534162945,268.7796660853804,284.7494095739898,30333700
2020-09-08,268.7995910644531,276.8687176911536,267.074747218976,268.9185416397375,24864000
2020-09-09,271.33721923828125,276.05579226031756,268.9878553560728,273.36936151774904,22918800
2020-09-10,265.7561950683594,276.72983476417016,264.70542509632884,273.11161512448666,24814700
2020-09-11,264.28912353515625,269.0275422844676,260.3537117530146,267.7091031026115,18913900
2020-09-14,263.8330993652344,274.2318021676468,263.3870348658596,268.59133245530916,24093800
2020-09-15,270.048583984375,272.1302791808794,266.95571832424275,268.3138178193406,18478500
2020-09-16,261.2260437011719,270.0684082831144,259.51112273740233,264.9632451579217,29183400
2020-09-17,252.60174560546875,259.2235875410871,248.01204588823967,256.0316171077512,31281400
2020-09-18,250.33168029785156,256.9436300742948,247.87327337349672,256.1505760652015,28130800
2020-09-21,245.9898223876953,247.7741562256559,242.0048277965363,245.38513189610754,24709400
2020-09-22,252.5323486328125,253.0973939255421,246.0591948416241,251.10488171008313,30293100
2020-09-23,246.85226440429688,255.7441658916591,245.98982754107175,253.03793500420102,19641300
2020-09-24,247.35780334472656,250.04421905053735,243.4818368410572,244.35418115160107,20006800
2020-09-25,252.60174560546875,253.5236424995527,244.46320872552587,247.22891453373578,18351300
2020-09-28,254.5843505859375,257.34014905830304,252.60176088633872,257.141877987576,18826300
2020-09-29,259.5111389160156,261.03771150754767,254.6636916135558,255.5657737368742,20200200
2020-09-30,259.6201477050781,263.76375343697214,257.8358288522011,259.6994682440942,20142500
2020-10-01,264.3089904785156,265.9941738260117,262.4949036888926,263.04013408960924,20009800
2020-10-02,257.67718505859375,262.84182274311667,256.92379129394055,258.9361186241271,16367600
2020-10-05,262.34625244140625,262.56433858202627,258.5694203826119,259.9175975024248,12822300
2020-10-06,256.4083251953125,263.3771266628919,255.99196805450927,259.50116023470514,18696900
2020-10-07,255.8730010986328,257.9150659039337,252.6017404595939,256.9535087673083,23133400
2020-10-08,261.4639892578125,262.3164884707243,256.89410339543934,257.48888646943016,16312800
2020-10-09,262.1479797363281,262.4453561411012,259.8878283042834,262.2173473961597,14107800
2020-10-12,273.34954833984375,277.74097715969367,265.53814026864677,267.84787415489484,31019300
2020-10-13,273.7362060546875,276.6704306794632,271.01014490194666,275.16364297199124,18063300
2020-10-14,269.4537658691406,276.32343172750234,269.1365442655314,275.20326373795046,15577800
2020-10-15,264.3981628417969,266.69797414764406,261.374725658758,265.2705071475953,15416100
2020-10-16,263.61505126953125,269.00769806378014,262.9905306285475,265.0524410067769,16622700
2020-10-19,259.1244812011719,266.21223369649806,257.6177238415861,263.2185339846654,13587000
2020-10-20,265.2308349609375,267.3522203594009,260.5915825452743,260.77000834928066,18763200
2020-10-21,276.3035888671875,280.5859590765309,273.96411759131166,277.12635017594306,28998600
2020-10-22,275.69891357421875,279.9912371337842,272.6457388053963,277.4336795285745,16720000
2020-10-23,282.3109130859375,282.75697768725735,274.41029068205205,276.3730354317049,17535200
2020-10-26,274.6976623535156,282.7470008040622,271.8724966337441,280.695013495499,21322900
2020-10-27,280.82391357421875,282.0332944455136,273.90466494967404,276.3333493209198,16287200
2020-10-28,265.3398742675781,276.3630668488689,264.9334397971636,276.3630668488689,23121800
2020-10-29,278.3853454589844,281.13125181160507,271.3967282134318,274.14260431413163,32368100
2020-10-30,260.819580078125,274.2913040530158,256.84450820010375,272.1104432269322,47247800
2020-11-02,259.0848083496094,268.1155201945895,255.0998139298487,262.29662424575497,27165700
2020-11-03,262.9905090332031,267.69915952467073,258.6090027801114,260.8691538059391,17961900
2020-11-04,284.8783874511719,286.42480536949984,276.19463279292626,278.5539199445081,35364400
2020-11-05,292.11480712890625,294.79131576439545,286.4347060664534,289.3590082032344,23823600
2020-11-06,290.8558654785156,292.0355089320338,285.55243125292134,291.39117324150493,13891000
2020-11-09,276.34326171875,290.03304153749013,276.10536062910086,287.34664089380567,25117700
2020-11-10,270.05841064453125,271.61475060003454,261.7018034978435,270.7225914112201,29067700
2020-11-11,274.0732421875,275.976511574874,270.10806233656234,271.0894346690546,14957000
2020-11-12,272.6853942871094,277.3147548914051,272.04105863712016,274.7671196771608,12899500
2020-11-13,274.5391845703125,275.34213116514434,270.7226924610442,275.3024708913962,10391200
2020-11-16,276.5316162109375,276.97771101570106,272.23932261444486,272.6556495304327,12970400
2020-11-17,272.6061096191406,275.26277280878617,270.91100373531947,275.26277280878617,15040300
2020-11-18,269.6024475097656,274.9752786275152,269.4735743456771,272.1302371447207,12152900
2020-11-19,270.56402587890625,271.08941095311593,266.8466700938607,268.66072640611867,12963700
2020-11-20,267.35223388671875,270.6234948000177,267.06474990888495,270.1873226446554,18114700
2020-11-23,266.09326171875,268.5913440305697,262.22721796464464,268.53186876142325,20990800
2020-11-24,274.5093688964844,275.4015281647024,265.53813281939904,266.15273075412887,16930400
2020-11-25,273.1909484863281,277.74098829096494,270.2765391601814,275.7187685457387,12467000
2020-11-27,275.3916320800781,276.70014860060974,272.4276700276529,274.9753051656759,7808400
2020-11-30,274.55889892578125,275.2825549597438,268.65079088411153,273.6270794718239,16693300
2020-12-01,284.05560302734375,286.7816645928727,276.53167673671504,276.7299478604331,20738900
2020-12-02,285.0170593261719,289.23998469655885,278.3852949425003,282.8758590081693,17361600
2020-12-03,279.3964538574219,284.1546569401702,278.62324510017737,283.7581450585941,12921700
2020-12-04,277.26513671875,280.99238417949636,276.86859464146977,277.85988933084406,10880300
2020-12-07,283.0939636230469,285.9786352022847,275.7782332052152,276.759605404161,13007700
2020-12-08,280.93292236328125,283.93654420575723,279.09902104978863,283.5202173573667,10747700
2020-12-09,275.50067138671875,285.12613567782824,269.3843689987013,281.1906940080465,25189700
2020-12-10,274.70758056640625,276.3035807536108,269.4933607990471,273.14134826183744,20065100
2020-12-11,271.168701171875,274.0732181494011,267.897440182532,272.140181040841,14391400
2020-12-14,271.8031311035156,274.806753220003,269.19602086754435,270.9902620847114,16376900
2020-12-15,273.15130615234375,273.6766912557278,265.1416564202378,272.43757259190494,23979500
2020-12-16,273.270263671875,275.44117155415506,270.1377683264025,272.36818173124277,15885000
2020-12-17,272.09063720703125,277.99874638748975,271.2281852255585,274.65808738822363,16377800
2020-12-18,273.9939270019531,275.58000502369697,268.77973596741606,273.3694063229228,26693200
2020-12-21,270.41534423828125,272.27898349056596,265.4588697383409,270.60369268943253,16553700
2020-12-22,264.76495361328125,269.1365677921802,262.32637660769075,269.1365677921802,17312900
2020-12-23,265.7760925292969,269.80077813072745,263.91248330865534,264.56674165021036,14329000
2020-12-24,265.07220458984375,268.0460887780288,263.88266906571835,266.53933168003755,6702000
2020-12-28,274.58868408203125,274.8860604477784,263.3474036780008,266.40057862337534,23299700
2020-12-29,274.37054443359375,278.06808453611467,273.8748970861632,274.539077842562,16383000
2020-12-30,269.5033264160156,275.65925897281426,269.3447156095578,275.5304160537405,11803800
2020-12-31,270.7821350097656,274.6779169436286,267.4612908420822,269.63222922548516,12900400
2021-01-04,266.5988464355469,272.6060909653944,262.89141327903155,272.3880048825454,15106100
2021-01-05,268.6111755371094,270.0287199587083,265.8751919806323,265.9545125123116,9871600
2021-01-06,261.017822265625,265.41917344429424,257.7465616404671,259.7192285430629,24354100
2021-01-07,266.40057373046875,269.24558516756673,262.4750545151092,263.5852999293993,15789800
2021-01-08,265.24078369140625,266.6087754939091,260.88898455886226,265.97433223689694,18528300
2021-01-11,254.60415649414062,261.17644595376123,253.6723369484737,258.21248413938997,30412300
2021-01-12,248.90423583984375,257.45911577126066,248.1211195147358,254.39601812321422,26383500
2021-01-13,249.44944763183594,251.7393364270185,247.03068565955243,249.36023472120903,19528900
2021-01-14,243.50167846679688,252.809936966483,242.48064593056202,251.19412144026523,29739400
2021-01-15,249.17190551757812,251.65014295504372,245.00846964782812,245.74201824870295,24942900
2021-01-19,258.8271179199219,259.9175484170947,250.52006138498896,254.6636670223244,28028500
2021-01-20,265.1515808105469,267.96685480321304,261.3053516121977,266.588940318972,25199900
2021-01-21,270.49462890625,271.21828505891534,265.16145761467874,266.91606891247517,20838700
2021-01-22,272.11041259765625,276.0458540190724,269.6321756887523,269.64209831700083,21954000
2021-01-25,275.5898742675781,277.6616767485915,269.14645813213235,275.7187474305936,19087000
2021-01-26,279.5946960449219,282.905647414727,275.39161562612856,275.71875986267514,19373600
2021-01-27,269.77105712890625,280.98260204430113,265.7860315529168,280.0705972614201,35346200
2021-01-28,262.6931457519531,284.2934698675285,262.39576938583184,274.76711024718605,37758800
2021-01-29,256.0812072753906,264.23957548201406,252.63152026244686,262.9905341831644,30389500
2021-02-01,259.7291564941406,261.87035686158373,252.69095746495492,257.2608119063281,22914300
2021-02-02,264.7550048828125,266.5096160599849,260.97817407203195,261.70183017494816,17320800
2021-02-03,264.3287658691406,266.8565858893887,261.5432297590339,263.30773338307216,14223400
2021-02-04,264.170166015625,265.82564179565304,261.70185141583977,264.6856587205512,16060000
2021-02-05,265.76617431640625,266.8268671421213,263.35733491932723,264.4774727682164,12454400
2021-02-08,264.2593994140625,267.51084570093855,262.6931666745466,266.4105228067336,13755200
2021-02-09,267.1044006347656,271.010104635264,263.43659770981697,264.1205935539394,14613400
2021-02-10,269.5033264160156,271.41651821880134,265.38945883299453,270.078294370915,14687200
2021-02-11,268.0362243652344,271.19842705014383,266.15273998135564,269.52316661445394,12828600
2021-02-12,268.145263671875,268.8193369263752,266.0040631117695,268.1650786786831,9097600
2021-02-16,271.5850524902344,274.1921627978071,267.6991633498535,268.44263449070877,15417200
2021-02-17,271.18853759765625,271.58504948467396,267.23325060077394,268.8788036712196,12763200
2021-02-18,267.0449523925781,269.5826649616648,263.7141857382018,267.22337821729826,15249100
2021-02-19,259.2830810546875,267.9172508111953,257.8853516724328,267.5108162885324,25622600
2021-02-22,258.063720703125,260.7798885920536,255.2881078077728,255.70446486803147,17434900
2021-02-23,263.545654296875,265.1317322276039,252.74056078837012,257.2410330934261,21924600
2021-02-24,262.0091552734375,264.0611429978449,256.14070634660726,260.04638046071045,15736100
2021-02-25,252.472900390625,264.6162629103088,251.82854963033122,260.01664005540107,19053100
2021-02-26,255.37734985351562,263.23830999745786,254.23736693604718,254.23736693604718,26619500
2021-03-01,262.6039733886719,264.3288170823331,255.65498545881434,258.5495802943094,22157300
2021-03-02,256.7453918457031,264.3882674335836,256.398432563095,263.4663703912783,15191700
2021-03-03,253.18663024902344,258.71804239737355,252.87933125477727,258.02415412891276,15513500
2021-03-04,255.3972625732422,264.170199267772,251.29328668398887,254.2374340930853,31626500
2021-03-05,261.9794006347656,263.13922891518143,253.38487613689907,258.4008407623917,26820100
2021-03-08,253.08750915527344,263.2680973162432,252.82977791576698,263.23835967806787,18391800
2021-03-09,263.4267272949219,266.19244885404976,257.54835512336365,258.90642445200484,22039700
2021-03-10,262.5940246582031,266.6286023414046,260.58169713163056,266.30148832067624,14210300
2021-03-11,271.4958190917969,275.4808132153141,265.4885751472502,265.77602885197024,21834000
2021-03-12,266.06353759765625,267.3918690959222,261.72166121793634,266.79711637424987,20600200
2021-03-15,271.366943359375,273.5576963311189,266.1626458154966,266.73758347140597,16844800
2021-03-16,276.8487854003906,279.68390400200286,272.4077742088749,273.67663022760604,22437700
2021-03-17,281.5376281738281,283.7383037019039,273.0124873780431,273.3098636986285,21315000
2021-03-18,276.1946105957031,282.707426065965,275.8575739228392,277.43372935708067,18728300
2021-03-19,287.5845031738281,290.2510884508248,278.75209364143296,278.77190864559003,38930500
2021-03-22,290.9847106933594,297.1009832280453,284.25380991481296,287.9216131112557,28273100
2021-03-23,288.1000061035156,295.4058437753718,287.2871371252847,290.5980580528056,23000900
2021-03-24,279.6839294433594,289.1805203182288,278.71244964849427,288.4667868520234,18675000
2021-03-25,276.3135070800781,285.55238201726075,275.33213489374356,278.53402803720337,24505600
2021-03-26,280.5562744140625,282.0234017709081,275.3519761388524,275.87736123084443,17629200
2021-03-29,288.28839111328125,290.62783256475734,282.2216711438117,283.2823336991601,21718800
2021-03-30,285.4929504394531,289.9240401511423,284.204279083377,287.3070069178583,17474500
2021-03-31,291.9660949707031,293.91894719587566,286.0976156652558,287.4656075110616,19498200
2021-04-01,296.06011962890625,299.7675526384254,294.0180546849759,295.8023732906898,17616000
2021-04-05,306.220947265625,308.06474147592405,298.06257838678306,298.2707721216928,28237000
2021-04-06,303.5939636230469,308.63965066599314,302.59274616641994,306.1514909677622,17335200
2021-04-07,310.364501953125,311.51440761304855,302.8405776476892,303.6732616941335,22855200
2021-04-08,310.295166015625,313.13028559287204,307.3510185036767,312.10925290027984,20894100
2021-04-09,309.73992919921875,312.00007987382196,307.62846667717236,308.68915925193295,15988600
2021-04-12,308.8280334472656,309.43270883850846,305.24944299017716,308.3422783563518,10881900
2021-04-13,307.0634765625,311.69280618114584,306.62730444507133,309.4921305893615,14036900
2021-04-14,300.18389892578125,305.3485363689106,299.3214772891418,304.62488027342675,17421400
2021-04-15,305.1404113769531,307.44022286569765,301.4527930422147,303.67328399580504,14558300
2021-04-16,303.5146484375,306.2605545198828,301.9583082701033,305.4873457507172,13059200
2021-04-19,299.6089782714844,305.0214705207689,297.9436100033605,302.35488466496423,14553500
2021-04-20,300.015380859375,302.4440653471533,294.6227344452051,299.3611226269296,16796400
2021-04-21,298.845703125,299.35127325267996,294.80123285932785,299.3215356129295,14863500
2021-04-22,293.9387512207031,300.2830627469146,293.46294903258087,298.7068772430014,16375400
2021-04-23,298.5086364746094,299.9559185503014,294.56327190310105,296.1592724145303,17536800
2021-04-26,300.4020080566406,303.1379613464025,298.9348807476967,300.6993844190325,16172600
2021-04-27,300.9273986816406,302.6819797559511,298.48879145737527,301.6312095868947,15309300
2021-04-28,304.4266662597656,308.2134199936871,302.71171521224556,304.6843823594291,33907200
2021-04-29,326.6416320800781,328.9215985278165,318.8103772119262,327.24630752202006,56526800
2021-04-30,322.2500915527344,326.9488493488843,321.6751538951361,323.3008918440618,26332400
2021-05-03,319.77191162109375,325.6899436819477,319.0383630387981,323.3306871128496,18719500
2021-05-04,315.588623046875,319.3852993731885,310.3942475633502,317.2341761756683,24032600
2021-05-05,312.2777404785156,318.26517075805026,311.7523553378031,315.42015894408314,15577600
2021-05-06,317.2342224121094,317.4523085272754,310.5429810059663,311.78209978488167,19012200
2021-05-07,316.3023376464844,320.1287513801617,315.9752236669433,319.57362870148063,15916700
2021-05-10,303.3064880371094,311.84152221893976,302.1763973813296,311.61354376348527,24239200
2021-05-11,303.8616027832031,304.1689017601003,297.08114978173637,298.1319198805301,18920100
2021-05-12,299.9162902832031,302.30531486450104,295.59425860219534,298.508668323651,24645500
2021-05-13,302.6026306152344,306.171267343287,300.1342862343046,303.415469279963,18079200
2021-05-14,313.1896667480469,314.09174860369416,306.3893690100581,306.8453863779117,19245700
2021-05-17,312.7138977050781,312.93198380502577,308.8676684434134,310.82052071278764,15401300
2021-05-18,307.26171875,313.7447950229054,307.1130305847325,312.8427131510615,14522400
2021-05-19,310.86016845703125,311.92086127549254,300.9274043092507,301.54200231563533,19106200
2021-05-20,315.8364562988281,316.47089956123494,310.43391719826906,310.8502441187937,17320200
2021-05-21,313.4771728515625,317.14494554649013,313.0608157149479,316.5105325905979,13600900
2021-05-24,321.8040466308594,323.11256307150484,315.26149467954974,315.4399204891148,16445400
2021-05-25,324.9365234375,326.3144074465937,321.97253148283835,324.23268236442,16437000
2021-05-26,324.8076477050781,326.9587404131613,322.98366895998686,325.4916435159768,9686900
2021-05-27,329.8533935546875,330.8744261398363,323.91554650384444,325.14474255728777,20477700
2021-05-28,325.86834716796875,329.97229186707585,325.47180505048374,328.1185754503067,12037400
2021-06-01,326.26495361328125,328.5350278107066,323.7966385515623,327.2760637013761,11765900
2021-06-02,326.28466796875,328.9809909571406,324.27234079280555,327.5039714283095,11654300
2021-06-03,323.2017822265625,324.5301136988752,320.6640698239475,322.94403588426127,12610800
2021-06-04,327.4742736816406,329.5658913832166,322.3492657782319,323.06299931067736,13289400
2021-06-07,333.6499938964844,334.7503468667708,326.0665946490602,326.6118249458043,20136700
2021-06-08,330.7752380371094,335.3550151234234,329.34777112034703,333.76896766205743,14580500
2021-06-09,327.3750915527344,333.86806007171225,327.1272678649579,332.81729005569315,13727900
2021-06-10,329.56585693359375,331.03298411135006,325.6898906801004,327.91041157777425,13240200
2021-06-11,328.3763122558594,329.9326220393936,326.06657852133054,329.6847983491086,13587900
2021-06-14,333.83837890625,333.887961803341,326.9389747420912,329.0107774921073,12250800
2021-06-15,333.8185119628906,336.9609296773633,332.11348375778454,334.05641302577015,15795200
2021-06-16,328.1979064941406,334.61158579150225,325.8584650203184,333.76900931696525,17232200
2021-06-17,333.5806579589844,335.0378626785236,327.2760066360262,327.61304327329054,17794100
2021-06-18,326.7903137207031,333.2238085977751,326.1360553896907,331.6179155361639,23039500
2021-06-21,329.3973693847656,330.02188997148664,324.79774682676305,328.20780348130495,11337500
2021-06-22,336.07867431640625,336.9609412079676,329.7046560226814,329.793868924314,15345300
2021-06-23,337.6251220703125,340.43050354273737,335.2559430204176,336.3959260905471,14817800
2021-06-24,340.1925964355469,341.8976249734317,338.8147121748872,338.87418745221515,12329100
2021-06-25,338.3983154296875,341.1243762456423,336.72302472627456,339.60769634720594,14594400
2021-06-28,352.5440979003906,355.02233490536383,338.7948135851893,339.4788094187152,29156100
2021-06-29,348.8267822265625,353.6345383636902,346.0114780457379,353.1686285434748,21417300
2021-06-30,344.6831359863281,349.8478041184627,344.1478585298199,349.1043329547267,15107500
2021-07-01,351.30499267578125,351.5825540207523,343.4836618715518,343.80088348063805,17137000
2021-07-02,351.6123046875,353.33714809146704,349.5503944039377,352.00881658759465,11521300
2021-07-06,349.70904541015625,355.6667379814897,346.14037739528163,353.39666398353967,13488500
2021-07-07,347.43890380859375,353.3866725921118,346.953179038553,352.1673993527171,14218900
2021-07-08,342.64105224609375,345.2977151324137,339.5779548488796,342.7203727736386,14406500
2021-07-09,347.3695373535156,347.65699106432334,342.2643449286511,342.31392781983334,13018700
2021-07-12,350.085693359375,351.1067258462657,346.5963463730506,348.1725015565857,10018600
2021-07-13,349.0250244140625,355.36930584552533,345.76365565988795,348.44016404206013,11456000
2021-07-14,344.60382080078125,352.1079297982053,343.711661519161,351.47348659674924,13894200
2021-07-15,341.4613952636719,346.18989077833317,337.25831503012074,346.18989077833317,14781600
2021-07-16,338.1901550292969,342.97809584923465,337.179045171872,341.9075107208976,11026100
2021-07-19,334.0168151855469,336.8320889577822,331.627790942661,334.6314131584542,14372300
2021-07-20,338.6858215332031,340.460247887152,331.5881463693273,335.8507023683744,11024300
2021-07-21,343.2160339355469,343.50348766663694,338.27937458931103,338.5271983069589,9279700
2021-07-22,348.1328430175781,348.47980226768016,342.20488888598493,343.66209353487886,12385400
2021-07-23,366.5709228515625,372.0626744163268,354.080601970597,357.7682199401789,33694300
2021-07-26,369.2176818847656,371.1804566344037,365.0146012815734,366.3627477950808,14925200
2021-07-27,364.6081848144531,369.9016960963588,361.3765536706244,368.67250006703915,15705400
2021-07-28,370.0305480957031,374.2633663025684,363.7358196168697,371.2994043200226,29676900
2021-07-29,355.2008056640625,362.3381109905446,353.6345427376173,357.8574688091655,33413200
2021-07-30,353.1983947753906,357.58985459666195,349.86765811162667,350.9184283866419,15976200
2021-08-02,348.8862609863281,356.2713900270993,347.6867723455861,354.9827187252499,13180400
2021-08-03,348.1824035644531,350.69037839785096,344.673241474728,349.6594535052351,12406100
2021-08-04,355.7955322265625,357.34194964790186,348.4500343492428,349.35211622034336,14180600
2021-08-05,359.810302734375,360.73219970957473,353.79313557019657,356.5093041046294,10247200
2021-08-06,360.3456115722656,361.9713194447513,358.25396364410295,358.25396364410295,8925000
2021-08-09,358.462158203125,362.5958715229837,357.6096590531238,360.59346658197126,7798900
2021-08-10,357.98638916015625,360.9305366926931,355.91458611902647,358.68027754964874,7469900
2021-08-11,356.82647705078125,359.2055785824935,354.6951992255373,358.9478624990702,8400300
2021-08-12,359.4930725097656,359.8400317588148,354.00129055177996,355.32965227693023,7170700
2021-08-13,360.0184326171875,361.48555978911224,358.33324963448615,359.81026918295413,7195700
2021-08-16,363.36907958984375,363.75569914673264,354.2689990806307,359.36423946467784,11222100
2021-08-17,355.32965087890625,361.4955060524368,351.9790694475264,359.82021533674686,12328700
2021-08-18,352.35577392578125,356.72735768431033,352.05836731339076,353.1487977216519,10042400
2021-08-19,352.02862548828125,354.45730999360205,347.9444955095023,348.29145476053645,12004500
2021-08-20,356.2416687011719,356.8562667425622,350.23442360021545,351.51320258267305,8697700
2021-08-23,360.18701171875,362.50663817869156,355.97400834984796,356.31104498912975,10942000
2021-08-24,362.3282165527344,364.75687096002576,358.69015087883326,360.49431489699504,9235100
2021-08-25,365.18316650390625,367.63163602444916,362.21917398865673,362.4174450823312,9684500
2021-08-26,361.2079772949219,366.22392619103294,360.96015361328824,365.1731562010596,7888700
2021-08-27,369.3861999511719,370.48652269932006,360.9106109436815,361.9217510386476,11219100
2021-08-30,377.3462829589844,378.1690443337999,367.2945391457995,369.3167890124131,13547300
2021-08-31,376.0774841308594,379.4280659124975,375.50251611701077,376.6425295145626,12345400
2021-09-01,378.7242126464844,380.984363857357,375.5124267815391,376.28563561020815,11567200
2021-09-02,372.0130920410156,378.4267702744736,370.8037112376585,378.178946587326,14832900
2021-09-03,372.9846496582031,373.87680906781947,369.862046346664,371.48778459469844,7509600
2021-09-07,378.8530578613281,379.62626663292235,369.9016665912914,372.60791241783016,10793800
2021-09-08,374.2832336425781,377.554494807856,371.5274349497435,376.8506838787292,11067200
2021-09-09,374.70947265625,376.5235290146142,373.29192820798465,374.3526210127369,9098900
2021-09-10,375.3934326171875,380.4490421796912,374.9671831109393,378.0401728089301,11549600
2021-09-13,373.2324523925781,378.4268279867525,371.0912517788471,378.35743008330803,13026300
2021-09-14,373.2522277832031,375.2942926398303,371.84457586409377,374.1146494141582,8711600
2021-09-15,370.6650085449219,374.27330631053246,364.4694153158542,373.7181835773616,17940300
2021-09-16,369.8124694824219,370.30811692774245,366.4916255483903,369.5448307526397,11934200
2021-09-17,361.5450744628906,368.17683971497365,358.4423166085418,368.17683971497365,26299000
2021-09-20,352.6036071777344,357.88719567110746,346.7549430803481,356.17224460756535,19822800
2021-09-21,354.3681335449219,356.90584622489916,352.09805961371984,355.3792435144386,11751900
2021-09-22,340.2222900390625,346.7945796004399,337.7242379588481,344.20731461578043,43692900
2021-09-23,342.9483337402344,346.6260591567218,340.01410966092726,342.35355082163966,21806300
2021-09-24,349.8874816894531,351.26539628778556,339.3896710608605,340.2520928877083,18801900
2021-09-27,350.5020751953125,352.05841561645803,344.05865765107916,346.7649039103494,15205800
2021-09-28,337.6846008300781,346.55670226470806,335.96968001839247,344.9408867412506,21710300
2021-09-29,336.6535949707031,342.2246968681128,335.92996916562356,340.162786850445,14452200
2021-09-30,336.435546875,339.8158354226693,335.20632078756825,337.48631691218293,16547100
2021-10-01,340.0240478515625,342.0165298799602,335.69209430346353,338.63621089401767,14905300
2021-10-04,323.39013671875,333.0156014474601,319.8908670335288,332.6091669200423,42885000
2021-10-05,330.0615234375,332.26219920558924,323.3207305857964,325.7196471719252,35377900
2021-10-06,330.7355651855469,331.4691135540053,322.9637884223622,326.86949180648423,26443000
2021-10-07,326.3540954589844,335.89034718472595,326.1161943728777,334.0663682700986,28307500
2021-10-08,327.1768493652344,330.4976931247865,325.84851791179705,328.6241616109095,15946100
2021-10-11,322.6169128417969,327.5832793428931,322.4781170454003,324.77792829946685,14708200
2021-10-12,320.9515380859375,321.5562437044352,314.60725679206337,320.21798954237187,31658700
2021-10-13,321.71484375,324.15342064578897,319.8512045646959,324.1236830099349,14761500
2021-10-14,325.67010498046875,327.6427721065974,324.25256056573227,325.5015715404052,14302200
2021-10-15,321.9329528808594,326.20543163201086,319.70253927634974,325.8188120863073,21596400
2021-10-18,332.4208679199219,332.9660983313268,324.64911860402873,326.08650848182344,21585000
2021-10-19,337.0303649902344,339.4788647603777,334.3439641094444,336.6933283328445,18786300
2021-10-20,337.8134460449219,340.98560155556015,336.4950372510375,340.46021651337685,13639500
2021-10-21,338.9039001464844,339.33014968660194,334.8594000743426,337.3178222799958,16354400
2021-10-22,321.7842102050781,326.7605297669298,318.31467819269096,323.5090838339694,35224500
2021-10-25,325.82867431640625,326.69109590997294,316.9367591846728,317.5116968297456,38409000
2021-10-26,313.060791015625,327.33542929403217,306.9048591193704,325.4024226923241,65654000
2021-10-27,309.5021057128906,316.4709078935472,309.3434948931129,311.4549579442683,29971800
2021-10-28,314.1611633300781,322.6862744629049,305.42782825462723,310.2653517497801,50806800
2021-10-29,320.7532958984375,323.1621352287927,316.81785396180146,317.4027143186417,37059400
2021-11-01,327.10748291015625,330.54727722256507,323.16211854762673,323.20177881185055,31518900
2021-11-02,325.2240295410156,331.87564034805075,320.98128842176436,328.4953209834724,28353000
2021-11-03,328.73321533203125,329.2586004276397,320.3865290771259,324.63916248704476,20786500
2021-11-04,332.9263916015625,334.33401339052415,329.7542358838118,331.1024126520275,22495300
2021-11-05,338.16046142578125,343.77119464377546,336.68344158594266,337.3475922815804,26872800
2021-11-08,335.6723327636719,341.7886366746504,335.39477135332146,341.421862337965,18342500
2021-11-09,332.4505615234375,338.33885557432916,331.55840217522467,337.04026169208083,17556700
2021-11-10,324.787841796875,330.2895158192361,322.6763790390437,329.5955973605976,21872600
2021-11-11,324.886962890625,329.56587577012334,324.15341438577855,326.94887310974923,12376600
2021-11-12,337.9225158691406,338.88404283160503,326.9092143568686,327.30572624640484,25414300
2021-11-15,344.534423828125,350.57140562732303,340.21239295129374,341.34245331053467,25076600
2021-11-16,339.9744873046875,343.6323678721777,337.9026846129846,340.83690901944357,18181100
2021-11-17,337.8035583496094,344.2767129547134,337.1394076955589,341.2433529254867,13602800
2021-11-18,335.7416687011719,339.4788395456353,332.3811645032816,336.7627012277553,17487200
2021-11-19,342.2940979003906,349.0349209979875,336.94111178741986,339.2211080822215,26488500
2021-11-22,338.04144287109375,350.7498189691129,337.5457954807086,346.01143112710747,27116800
2021-11-23,334.314208984375,338.42807681771274,330.59685306534936,335.9795771756377,17225000
2021-11-24,338.0910339355469,338.80476746889843,329.91285106468973,333.0750841949081,13566200
2021-11-26,330.2201232910156,334.8098231158565,329.0107424089883,332.8767861295948,14750700
2021-11-29,335.0874328613281,337.70446606683015,332.3911093701691,333.95737234216773,16650900
2021-11-30,321.6355285644531,332.8867315122885,320.61449604727216,332.08378507896754,25390000
2021-12-01,307.89617919921875,327.62294019861577,307.5888802231193,327.414776755562,30329600
2021-12-02,307.6880187988281,311.8613615896398,304.52578585047945,308.6892060123132,24396200
2021-12-03,304.1689147949219,311.0187659884353,296.89281406704816,310.9989509816925,27471000
2021-12-06,315.1029052734375,317.3135037928877,303.6732762774191,305.4477026203686,21758300
2021-12-07,319.9998779296875,323.6974184932654,318.20563672841274,318.7706820353999,18794000
2021-12-08,327.68243408203125,329.85337229580705,320.25764508948055,322.1708369530798,19937700
2021-12-09,326.9488830566406,333.2039513001033,325.1447191229976,326.6713217016124,16879200
2021-12-10,326.8794860839844,332.1135218307641,323.5289045553866,329.66502227155183,14528000
2021-12-13,331.57818603515625,338.1207377273347,326.72084759390367,328.06902424502766,22948700
2021-12-14,330.834716796875,332.77767638581724,324.79773509646463,325.194246965992,20461000
2021-12-15,338.6858215332031,339.1318860901714,321.1597348390758,329.59563392577627,24681300
2021-12-16,331.984619140625,341.46139491344286,330.8347135539258,336.02911882514184,22635000
2021-12-17,330.8843688964844,334.1754453286551,327.870823604307,329.90296626812994,40012600
2021-12-20,322.6169128417969,327.02815666114145,319.7223186424487,326.9092061224686,17901800
2021-12-21,331.290771484375,333.0750902240933,320.9317275596732,323.56857565417766,16116800
2021-12-22,327.5733947753906,331.5980494399973,325.40245663710306,330.89420831620754,16764600
2021-12-23,332.3216857910156,333.73926046044926,325.50157217835203,327.2264458403401,13987700
2021-12-27,343.16644287109375,344.841733582663,335.06758091224634,335.90026495348917,17795000
2021-12-28,343.20611572265625,349.6396098349676,342.19500583233264,343.61255025505903,16637600
2021-12-29,339.95465087890625,346.64589097074906,338.6659797027257,343.8900925578149,10747000
2021-12-30,341.3623046875,344.20734652415706,340.23224420785385,341.00545303663915,10593300
2021-12-31,333.4219970703125,340.4502732567359,333.34267654879824,340.03391614857384,12870500
2022-01-03,335.5929870605469,338.1108543487535,334.2547328826255,335.3550557110125,14537900
2022-01-04,333.6004943847656,340.10338695496097,328.9810562034639,336.9907364863114,15998000
2022-01-05,321.34808349609375,332.8371878445383,321.0209392355223,330.1210192265055,20564500
2022-01-06,329.56585693359375,336.21746674620033,319.91065537364796,320.00979090288706,27962800
2022-01-07,328.9017333984375,334.0663712007667,326.01706169641426,329.8434453738167,14722000
2022-01-10,325.214111328125,325.4817500490974,312.68412980194535,322.4781278394008,24942400
2022-01-11,331.45928955078125,331.7170359199198,322.44842203223953,323.9353644660303,16226800
2022-01-12,330.3589172363281,333.4418295668102,327.15702411733304,332.2621863257024,14104900
2022-01-13,323.637939453125,332.7082808860371,322.9242059820677,332.063945311924,14797100
2022-01-14,329.0107116699219,329.8335032289747,318.41376868806327,318.9887365670013,16868500
2022-01-18,315.3804626464844,321.38770724912837,314.8749228247817,320.4757328930127,22645600
2022-01-19,316.80792236328125,324.25255648211686,316.5501760176956,316.7979997340146,20814700
2022-01-20,313.8043212890625,324.96631190525255,313.2293835392829,321.08042246053043,16925000
2022-01-21,300.5308837890625,315.5390726265912,300.4020106136228,312.06954052686575,28710700
2022-01-24,306.0226135253906,306.83548253324034,286.4941238429113,295.24724373871493,38878100
2022-01-25,297.5372009277344,303.5642917266394,294.9895654082896,297.33896007040755,25108500
2022-01-26,292.0651550292969,304.83303528770085,288.31806236667074,304.3373879500418,28348800
2022-01-27,292.07513427734375,299.08356599902004,291.69843738739166,295.15804679430795,21629900
2022-01-28,299.08355712890625,299.27190556829635,290.4791251947652,293.0465751951822,21871600
2022-01-31,310.53302001953125,311.0584050556387,296.71436802993236,298.0625144426168,21579500
2022-02-01,316.22308349609375,316.87734178183337,309.40296951956975,311.8217315752421,18023800
2022-02-02,320.1882629394531,325.1447375979586,314.11162016781816,324.96631177071333,58458300
2022-02-03,235.6902618408203,245.84112671168018,233.6977646059621,242.52028286095725,188119900
2022-02-04,235.026123046875,240.49807556869192,228.10688832560353,232.92458253075475,89342200
2022-02-07,222.9521484375,236.22558707024265,222.05997391651653,235.63080405625365,88613800
2022-02-08,218.26329040527344,223.80464005138572,214.26837341391084,218.927471258292,94729700
2022-02-09,229.9804229736328,231.33849218278192,220.27565229753864,222.24831952087897,86563300
2022-02-10,226.08462524414062,232.9542913411008,224.72654100471263,226.28288119030293,49310400
2022-02-11,217.6387939453125,228.41416445140362,216.86558514893198,226.471234956997,46156900
2022-02-14,215.80490112304688,219.07617738521267,212.91032177090045,217.40088654976037,38184000
2022-02-15,219.076171875,219.22486005892043,213.18787777639622,218.55078679053494,42685500
2022-02-16,214.6549835205078,215.56698810761435,210.51137824316746,210.56094601163443,45817500
2022-02-17,205.90187072753906,215.60664116164554,205.35665550630617,212.15693913832794,38747500
2022-02-18,204.36534118652344,208.9153807236556,203.39386138428333,207.5672191801396,37128400
2022-02-22,200.3208770751953,205.67386353473034,198.31845712325313,200.57860830625324,39852400
2022-02-23,196.72247314453125,205.13857243054682,196.32596122833482,202.38277377288952,44481400
2022-02-24,205.7928466796875,206.53631792473556,188.56413485413287,189.396819018356,49957200
2022-02-25,208.64773559570312,209.48043476464565,201.4112801723448,203.15596878731102,37627600
2022-02-28,209.1929473876953,211.29448759324586,205.02951211449042,205.87210364692402,34239800
2022-03-01,201.71861267089844,209.90670342528273,200.45966386254756,208.0430640988383,27094900
2022-03-02,206.29837036132812,207.32931034252405,200.2613883982864,202.99735671935014,29452100
2022-03-03,201.20309448242188,207.25990594568566,199.66658461103572,207.20043068147,27263500
2022-03-04,198.3184356689453,204.09768617974882,197.0594870351308,200.60832424142328,32130900
2022-03-07,185.8380584716797,199.14123438340457,185.64971001813566,199.04209884176245,38560600
2022-03-08,188.6334991455078,194.9877030604823,184.48989373978588,186.2147523045471,37508100
2022-03-09,196.77203369140625,197.36681666982452,192.23190132562794,194.03606526779308,31894700
2022-03-10,193.51068115234375,194.57135881377323,189.40672093356542,193.1438917592487,24853000
2022-03-11,185.97683715820312,191.87503879956054,185.04501753022495,190.96304930488995,34694500
2022-03-14,185.00537109375,190.61608870370827,184.20242464895531,185.40188300136523,31010500
2022-03-15,190.35836791992188,190.6061916572676,184.2916476700059,189.13907936744985,31721700
2022-03-16,201.85739135742188,201.95651177480704,192.82669394360815,193.00511977047762,40640300
2022-03-17,206.03074645996094,206.2290024321611,199.35933543297546,199.9441958450524,29499700
2022-03-18,214.60543823242188,214.91273723110518,204.2067492915965,204.9006526960362,52128000
2022-03-21,209.64895629882812,212.8409269719916,205.82255751754292,212.63274839506389,30142300
2022-03-22,214.7640380859375,217.54958951329053,208.3503587518727,209.53000212527914,31998800
2022-03-23,211.60182189941406,214.9127433273441,210.3131354683512,211.47294871851972,23717300
2022-03-24,217.65859985351562,218.7490150246612,212.92019693825017,213.12837549531818,31502300
2022-03-25,219.8890380859375,223.53699599289988,216.98453621485453,218.59042908411953,40039000
2022-03-28,221.64361572265625,222.08969538769563,217.6288684853834,220.19633368710993,26224100
2022-03-29,227.85903930664062,228.8800718121414,223.3288144925983,224.1020384066852,31417900
2022-03-30,225.86654663085938,229.1378076655561,224.73647106182824,226.9173167936126,25588000
2022-03-31,220.42431640625,226.50095848284667,220.3251808740348,226.46129821957717,24192300
2022-04-01,222.8926544189453,225.30149365853208,220.7613614029989,222.59526293695754,19544800
2022-04-04,231.85397338867188,232.3099757174328,223.89387621416836,224.01282676690582,28054800
2022-04-05,229.8218231201172,234.79812812439394,229.008969107014,232.04232930701238,29727200
2022-04-06,221.3561553955078,226.99662582724713,219.4826086293868,224.9347306089512,28995100
2022-04-07,221.00918579101562,223.5568208391309,216.6574019650015,221.98065051757655,21037200
2022-04-08,220.39462280273438,223.17025187373847,218.11464123991095,220.44419057874475,18375700
2022-04-11,214.57569885253906,218.6895666015548,213.34648774183083,216.51862836918798,20516600
2022-04-12,212.27589416503906,220.09721050095476,211.27469173834876,218.32279924455113,20128800
2022-04-13,213.1184844970703,214.72437730811373,209.49034172860436,209.97608164874075,19231800
2022-04-14,208.35035705566406,213.1184982815987,208.1719312322115,213.01936274015176,18379500
2022-04-18,208.93524169921875,211.5225221343132,206.4867419526521,208.17194034933556,16580800
2022-04-19,215.4182891845703,216.52853461621248,207.1806311048147,208.68740356630022,20089900
2022-04-20,198.67529296875,212.29568834688737,197.18835083634906,211.75047320648218,43036500
2022-04-21,186.4328155517578,201.20310164547175,183.96448611723164,199.84503264434116,49954100
2022-04-22,182.50729370117188,191.04234288346137,181.67460966532872,188.71279395775377,36426800
2022-04-25,185.36221313476562,185.55054643388652,180.07861023411346,181.13928776477397,29281100
2022-04-26,179.3748321533203,185.56051856862464,177.9374573890192,185.00539577352586,31747400
2022-04-27,173.42701721191406,179.6325321607996,167.52881634793283,172.91153969557533,71062900
2022-04-28,203.93910217285156,206.71473100829363,191.22078637719784,201.15356583343285,100890600
2022-04-29,198.72486877441406,210.63031381765938,198.15982348077375,202.68014045202173,49193400
2022-05-02,209.29209899902344,210.03557018084996,199.240369225767,199.41879504894462,49915300
2022-05-03,210.18426513671875,213.0292767771703,206.2785606489031,208.6180173147746,41556300
2022-05-04,221.46517944335938,222.3474312284275,205.15838267388668,208.8162478551521,41375900
2022-05-05,206.46688842773438,218.25338349099627,204.36534820355035,216.83583912776692,41129200
2022-05-06,201.9961700439453,207.55733514909008,199.27010901448142,205.53508504215011,34747200
2022-05-09,194.50196838378906,200.80660420921586,193.8774477905192,198.10035838901905,36303200
2022-05-10,195.92942810058594,201.19321664925386,192.49955626673494,197.77323719295447,34452500
2022-05-11,187.09701538085938,198.9231569416904,186.63110554161176,194.62094046425895,31153400
2022-05-12,189.5752410888672,196.3259569009474,183.17146941432156,185.4316205639354,38262200
2022-05-13,196.8909912109375,198.14993998847334,189.61489016381347,190.90357657872764,24549800
2022-05-16,198.29861450195312,203.58221785060556,194.2243920764948,195.33465259058252,27112600
2022-05-17,200.85617065429688,203.67145970606575,196.63325976558357,200.36052319724772,24872700
2022-05-18,190.5665283203125,199.25026580247822,189.96183785388354,198.25897094773953,23960000
2022-05-19,189.6248016357422,193.58998137940185,187.94952589985266,189.5355887217403,24446900
2022-05-20,191.85520935058594,196.1871783731729,186.23456905164684,193.2727689309171,31465600
2022-05-23,194.5217742919922,195.27516802030826,189.57522292255692,193.49083435582054,25059200
2022-05-24,179.70193481445312,182.08103647842762,174.57694209488812,178.97829378660447,50406300
2022-05-25,182.22972106933594,183.8356137712795,177.75898706063882,178.8295721112959,28030200
2022-05-26,189.9618377685547,191.15138856851496,180.67339469817318,181.28800779348728,23056500
2022-05-27,193.43138122558594,193.62963718300583,188.1477775238642,189.69419516808324,22562700
2022-05-31,191.95433044433594,195.87986462999697,190.3385150297135,193.19344898292155,26131100
2022-06-01,186.99786376953125,197.79306430443702,183.38955104588305,194.79934956020318,36623500
2022-06-02,197.12890625,199.19080147626636,186.0957890702157,186.80952261492175,31951600
2022-06-03,189.1192169189453,194.89846730147926,188.12792213894204,194.27394674977066,19465000
2022-06-06,192.5590362548828,195.2057918492942,186.75995498137883,192.30130502364528,30574200
2022-06-07,193.9468536376953,194.81919804623945,189.82307808357928,190.2592351618906,18828700
2022-06-08,194.92820739746094,200.27128572414287,192.71762424539412,192.9753554461062,22267200
2022-06-09,182.3982391357422,197.71374042928548,182.08101754635067,192.58874824259723,23501600
2022-06-10,174.04165649414062,181.50610603720847,173.4964412625436,181.44661563615782,27450800
2022-06-13,162.83009338378906,171.0776741390652,162.60209979408089,169.1049918602242,31749300
2022-06-14,162.30470275878906,165.29841746325724,159.9553387871744,164.58468395588787,27244300
2022-06-15,167.87579345703125,170.661329641027,162.55252968231065,165.74450039607447,30008300
2022-06-16,159.46961975097656,163.64297830252244,158.22059351244727,162.29481651488845,26944100
2022-06-17,162.31463623046875,164.45582176964723,158.5080522282356,160.2725559821109,31374200
2022-06-21,155.682861328125,166.2996208450085,154.61226106049688,164.4855494298019,50724900
2022-06-22,154.4932861328125,159.3902692794772,154.08685167272213,157.00126053138882,47267800
2022-06-23,157.36807250976562,158.35936745470903,152.90724525752032,154.90966528157492,40499200
2022-06-24,168.67872619628906,168.7679390977407,159.89585369459297,160.32210319661192,68736000
2022-06-27,168.0145721435547,170.25489309350084,166.54744485240766,169.8286435619368,29174600
2022-06-28,159.28125,169.8088116430463,159.21186722566654,168.42098977082756,27744500
2022-06-29,162.5128936767578,164.8820879607232,158.92441086091708,162.1461193919892,28595200
2022-06-30,159.8463134765625,163.7916632111336,157.11034481217,160.73847289674504,35250600
2022-07-01,158.63693237304688,159.2217927733983,153.6507198986701,158.9144937537547,31423900
2022-07-05,166.72586059570312,166.7853358584713,155.6531004403031,156.7633456811944,28618600
2022-07-06,168.2921600341797,170.09630910779737,164.0196809116976,166.7358195899737,23085900
2022-07-07,170.69105529785156,171.2164403356707,166.31944156720544,167.97490208036592,24083400
2022-07-08,169.39247131347656,170.89922861706972,166.686225442263,168.50029685970665,19249200
2022-07-11,161.46209716796875,166.0319666680864,160.50054002986025,165.61562467931125,21885600
2022-07-12,161.84872436523438,164.46574232541377,160.68891113440077,163.3654043690906,16639700
2022-07-13,162.06680297851562,163.54382264724677,158.2205740607195,158.7657892618441,16555100
2022-07-14,156.6741485595703,161.1746203649273,155.91084731663682,159.8165513084792,23765200
2022-07-15,163.2662811279297,163.54384251386296,158.42877188312036,159.1424903569766,23342800
2022-07-18,165.7742462158203,170.19542824056563,164.1980909139379,165.29842888667773,23574300
2022-07-19,174.2498016357422,174.95362761088478,168.0343789009671,168.88689304820255,25933700
2022-07-20,181.4961700439453,182.00174009691054,175.16179657187416,175.9449279721321,24784300
2022-07-21,181.5754852294922,182.24957362777684,177.31291412933265,179.05760283598016,27195800
2022-07-22,167.79649353027344,174.0713921211751,166.94397930324826,171.5634172107559,42583900
2022-07-25,165.1992950439453,169.08518450414397,163.37531599182617,167.52884419406948,26166300
2022-07-26,157.7646026611328,164.55497986875235,156.57505161498486,164.4955045853393,28468400
2022-07-27,168.103759765625,169.38252329392938,160.60957413231748,161.1746042549776,43846600
2022-07-28,159.3209228515625,160.1040391932578,153.50202643480458,159.6579594985726,73214300
2022-07-29,157.7150421142578,158.74598226905744,153.81924486012792,156.31731252016746,42065400
2022-08-01,158.53778076171875,163.7520014408737,153.87869791368956,155.88111777957656,40596700
2022-08-02,158.79554748535156,160.827705247941,156.63451653325376,156.93190805660169,27374500
2022-08-03,167.33059692382812,168.06414553400086,160.16353839910235,161.27378394485208,31721900
2022-08-04,169.085205078125,170.65143795683042,165.3480184791774,166.83496106419523,23938200
2022-08-05,165.65528869628906,170.1161156749895,164.3566948181987,165.53633815049744,25832700
2022-08-08,168.76797485351562,175.9647711552269,165.67513927360025,166.5375610889317,27299100
2022-08-09,167.06292724609375,168.05422213991784,165.14973536147394,167.47926928638472,18655100
2022-08-10,176.78753662109375,178.90890719547573,172.4357524234894,174.4580025790822,30262100
2022-08-11,175.94491577148438,181.50608008675786,174.83465533334396,178.14559139095888,24079100
2022-08-12,178.9287109375,179.88036059846178,177.35255583980407,179.23600990455236,21274000
2022-08-15,179.3153533935547,179.86056867315145,176.64876740185895,177.40216128856045,15878700
2022-08-16,177.90771484375,179.4144874788809,175.4988601284712,177.87797720382963,21156700
2022-08-17,173.32789611816406,176.58924924726082,172.65380781088112,175.2212576280379,20118100
2022-08-18,173.13954162597656,174.22995675626117,170.36391334950784,172.8223200510854,18844500
2022-08-19,166.49789428710938,170.81994055822395,165.59581231831734,168.71838513218586,26240800
2022-08-22,161.630615234375,164.0493768927399,160.84748389572914,164.0493768927399,19499700
2022-08-23,159.70750427246094,163.6132081664498,159.30106977820242,161.06557329488396,18111800
2022-08-24,161.8387908935547,164.0196516525699,158.37918156631125,159.20195810249263,20891500
2022-08-25,167.31076049804688,167.409896043459,162.59220198006366,163.74209262665752,15550500
2022-08-26,160.3716583251953,169.43209144591043,160.2626153011381,167.01332991297411,24023600
2022-08-29,157.78439331054688,161.6306220189667,157.62578251049774,159.26142802483227,20052700
2022-08-30,155.79190063476562,160.25272741333785,154.55278208516222,158.9541335935069,19567900
2022-08-31,161.5116729736328,166.3789346284713,160.72855664749912,165.61564843587365,40953000
2022-09-01,163.92051696777344,165.9031066673711,158.95413521562654,162.15601334520824,30145700
2022-09-02,158.92442321777344,166.46816372077225,157.8339926567037,165.99234635137884,22634200
2022-09-06,157.15989685058594,160.2824850610427,156.3173052072264,158.7063296993813,19339800
2022-09-07,158.99380493164062,159.55885034383166,155.4449670056623,156.38669423335267,16831200
2022-09-08,160.64926147460938,160.8177798055024,156.3668750415445,157.32843237884535,22530800
2022-09-09,167.67752075195312,168.06412514515839,161.60089350110928,161.82888708531772,22086800
2022-09-12,167.48919677734375,169.89803617879264,165.8238134418822,165.93285648840623,23220400
2022-09-13,151.79698181152344,160.2229878472796,151.34097953534305,160.13375981705477,44444100
2022-09-14,150.15142822265625,152.20340064312884,147.75249656335097,151.99523720059614,43064200
2022-09-15,148.2481689453125,152.8576846035777,147.40556215248668,148.49599269308936,34606300
2022-09-16,145.0165252685547,147.28659907579265,143.03393545484252,146.7612139852357,40122800
2022-09-19,146.73147583007812,147.28659855580412,143.83689652739272,143.9756772088242,22169500
2022-09-20,144.81825256347656,147.54431324204933,143.955830934562,144.51095359804532,23217400
2022-09-21,140.88282775878906,148.29772457574842,140.76387720990476,145.11566125945427,38338600
2022-09-22,141.57672119140625,143.32139447816127,139.64368435905283,140.3177726437709,34418500
2022-09-23,139.1876983642578,141.37845127369607,137.68092612104357,140.1889006084037,31710700
2022-09-26,135.18289184570312,141.00180367529504,135.00446600941672,138.90024802794656,30497000
2022-09-27,133.23001098632812,138.20631496508062,132.9524496609116,136.71937281065303,30826500
2022-09-28,140.3772735595703,140.79361560887784,133.10117251155577,133.44811665633205,32658500
2022-09-29,135.22254943847656,138.6226838987271,134.02307587866284,138.14686655208894,38985400
2022-09-30,134.49887084960938,139.76265892956278,134.32044504653885,134.86566021029577,33166400
2022-10-03,137.4033966064453,138.40459908232745,134.91525167329377,135.94619178824445,27723100
2022-10-04,139.05882263183594,141.1504551039004,138.12700317139624,139.26700117923596,34670700
2022-10-05,137.77015686035156,138.9894604417,133.60672142963895,137.03660833682997,27979300
2022-10-06,137.85939025878906,140.2186618566196,135.41089062341658,136.5211360812192,36231100
2022-10-07,132.2882843017578,137.08614736813666,131.28708202735578,135.5694675770126,33214800
2022-10-10,132.62533569335938,134.92514708155127,130.72205133380032,132.3874346021392,24024000
2022-10-11,127.42103576660156,131.50518091127628,125.88453325791248,130.4742257772965,38481400
2022-10-12,126.39009094238281,128.54119891036558,125.150972403732,127.20295996419793,34605200
2022-10-13,129.1558074951172,129.99841422113215,121.46336441940831,122.45465933191532,34325700
2022-10-14,125.65653991699219,130.6427443431372,125.41862370269885,129.8596280507722,23559400
2022-10-17,132.87315368652344,133.61662481645823,129.0467549994207,129.1657206658623,29612200
2022-10-18,131.64395141601562,136.6400705127759,130.25612963150132,135.89659941870124,25445000
2022-10-19,132.07020568847656,135.80739142500235,131.06900335762276,131.73316907721394,30691000
2022-10-20,130.38502502441406,135.57941606596407,130.1669389228935,131.7728319195805,26356300
2022-10-21,128.8782501220703,128.98729317086242,124.348040097076,125.21046185736593,46348600
2022-10-24,128.5907745361328,132.31803788284694,123.485604332285,126.14227494403816,63563400
2022-10-25,136.31292724609375,137.1456262806238,129.45316981297384,129.74065374333438,38433200
2022-10-26,128.68992614746094,134.37004234989396,127.411147107178,130.53372035500666,82791500
2022-10-27,97.0874252319336,101.60772757001686,95.54100004023675,97.12707793561606,232316600
2022-10-28,98.3364486694336,99.97208672735346,96.66116547189773,98.71314556260309,95928300
2022-10-31,92.34903717041016,98.45540986504903,91.7939068796394,97.36498697989708,121361400
2022-11-01,94.37126922607422,96.64133540102044,92.73563873008625,93.50884752374887,110189600
2022-11-02,89.75184631347656,94.37127688030247,89.69237103621083,93.38989699051638,71821100
2022-11-03,88.13602447509766,89.67252688039356,87.64037707410301,89.29583757831013,60664000
2022-11-04,89.99966430664062,90.59443973026505,87.32316355586093,89.56349213325879,55638100
2022-11-07,95.87803649902344,96.03663973796807,92.289546516777,93.95492212208184,81987300
2022-11-08,95.63020324707031,96.94862704528045,93.96482780800977,95.08498812360641,52088300
2022-11-09,100.58670043945312,103.98684244254157,99.86305179354484,100.83452417856167,107677300
2022-11-10,110.89615631103516,111.76849304628479,103.69935366554259,106.18750582793226,80671000
2022-11-11,112.03614807128906,113.89978735355452,107.86279738275933,108.27914699531694,59961700
2022-11-14,113.22570037841797,115.25785030828123,109.83547376457382,110.02381464557875,53395000
2022-11-15,116.06080627441406,117.70635184117295,113.41405076200675,115.05959632876564,50670500
2022-11-16,112.24432373046875,115.0695126545756,111.67928594564738,113.50326491314802,33287800
2022-11-17,110.47981262207031,111.35215696681517,108.84418210163332,109.44887259042972,35093800
2022-11-18,111.07460021972656,113.32483638895054,109.65704816363142,112.80936635172509,33357700
2022-11-21,108.9036636352539,111.39181607334933,108.23949783494731,110.54920931683293,24351100
2022-11-22,110.46990203857422,110.64833541657183,107.37705934094218,108.90365433870404,29029000
2022-11-23,111.26293182373047,111.68918891166292,109.76608204588022,110.74746182954631,21343100
2022-11-25,110.4401626586914,111.74867155568367,110.05355070998553,110.33111962036043,12007600
2022-11-28,107.83306121826172,111.06468480598609,107.43654173387552,109.8156510772126,23309400
2022-11-29,108.50712585449219,109.97424545853981,107.59513647080314,108.58643125211184,23899200
2022-11-30,117.07192993164062,117.13141277037444,108.427836916367,108.5567100978068,43348600
2022-12-01,119.39155578613281,120.14493443708561,117.36931335693296,118.16234470998532,36551400
2022-12-02,122.41499328613281,122.96020845378193,116.58618255853281,116.80426862559247,39950500
2022-12-05,121.36421966552734,123.58471784498659,120.29361949288526,120.69013891567629,35474900
2022-12-06,113.12657928466797,119.50060593921687,112.74988237378976,118.86617779381996,43689200
2022-12-07,112.93822479248047,114.87124676294755,111.89736215424148,112.7697064797689,29461100
2022-12-08,114.32604217529297,116.31853947098587,113.59247850687862,115.37681234494076,30619400
2022-12-09,114.8910903930664,116.5168135651114,112.87876278150952,114.29631491404662,26033400
2022-12-12,113.71143341064453,114.71264334504619,112.15510077026792,114.17734320872192,24747100
2022-12-13,119.10408020019531,122.22666055478824,117.6072228281434,121.06683980846766,44701100
2022-12-14,120.53154754638672,123.05935265645726,118.35070171403657,118.35070171403657,36922000
2022-12-15,115.13890075683594,117.59730780116884,113.01753033834721,117.29992387771452,34531000
2022-12-16,118.39034271240234,122.23656395816606,117.78565225665622,119.1833816073748,67064000
2022-12-19,113.48344421386719,116.77454300063903,113.33474846530926,115.81298573134167,29769900
2022-12-20,116.07070922851562,116.30862543554926,111.48101684028215,112.2740557377687,28742500
2022-12-21,118.71746826171875,119.29241350219432,114.61350836378021,115.68410100799696,20392800
2022-12-22,116.10044860839844,117.5873907944349,113.38429543656028,116.17974644378964,23618100
2022-12-23,117.01245880126953,117.15123949159809,114.53422138400184,115.0199538001518,17796600
2022-12-27,115.86254119873047,117.56756957808179,115.03977220793341,116.9034038330725,21392300
2022-12-28,114.61351013183594,117.1214848233782,114.50446709629242,115.23802314751119,19612500
2022-12-29,119.21311950683594,119.97641320548192,114.76220023247431,115.38672082161865,22366200
2022-12-30,119.29242706298828,119.37173247171707,116.71506178314314,117.13141139747924,19583800
2023-01-03,123.65411376953125,125.26992916696545,121.21552941909272,121.75082952962498,35528500
2023-01-04,126.26123046875,127.92660615490277,124.75445802924148,126.27113797211675,32397100
2023-01-05,125.83496856689453,127.40121621871867,123.45585945423423,125.03201460904681,25447100
2023-01-06,128.88816833496094,129.1954673366725,124.94281126846515,127.84730565506447,27584500
2023-01-09,128.34291076660156,131.79261167736576,128.1545623758321,130.0182010306605,26649100
2023-01-10,131.83230590820312,132.27838555996667,126.04314012341165,126.16209066362623,28684400
2023-01-11,131.733154296875,132.68480388032555,129.20534974410532,129.81996275410842,25423000
2023-01-12,135.5199432373047,136.4814854510704,130.61302099038483,132.27840442063882,30757700
2023-01-13,135.78758239746094,136.1940169703067,133.66621174104483,133.7950849290108,22423800
2023-01-17,134.1816864013672,135.55958579083892,133.08134839064078,134.99454040313262,21147600
2023-01-18,131.86204528808594,136.05521827168238,131.6439592108342,134.6277512663834,20215500
2023-01-19,134.96478271484375,136.25346899669938,130.98969596078695,131.33665519565676,28625200
2023-01-20,138.15675354003906,138.72179884510555,133.43819566551292,134.70705181876295,28688600
2023-01-23,142.02281188964844,142.5085366667069,137.4529422032484,138.07744764888903,27470100
2023-01-24,141.89393615722656,143.73774507844354,140.1294326346161,140.45656173163377,21970200
2023-01-25,140.26820373535156,141.92366411273167,139.088560591205,139.99064242213555,26622000
2023-01-26,146.01771545410156,146.2258788750121,142.0525365694061,143.14295168712312,25482100
2023-01-27,150.41908264160156,151.85645711696716,146.10694408954603,146.94955074370452,35771900
2023-01-30,145.7798309326172,149.80448595440728,145.67078788457044,148.1093800836338,28040100
2023-01-31,147.67320251464844,148.5752845041938,146.23582793433843,146.66207748102659,29842100
2023-02-01,151.78709411621094,152.2430964973396,145.77984849772523,146.74140591200688,55661000
2023-02-02,187.12673950195312,195.4437029742972,178.591689945036,181.78366068183163,150475700
2023-02-03,184.90623474121094,195.05709986672147,181.29792194431568,181.87287479600266,76809700
2023-02-06,184.44033813476562,189.0399461515418,183.90504551092542,184.90624797679354,42483800
2023-02-07,189.951904296875,192.0931046901585,182.79475464733247,183.9644903741285,47080700
2023-02-08,181.83322143554688,189.16881298045985,181.3276664674653,188.34603637486495,36139100
2023-02-09,176.3711700439453,185.02516946385683,175.726834470518,184.50970705549832,37118800
2023-02-10,172.63401794433594,177.33276168273383,171.84099404627764,174.81487904188006,33433600
2023-02-13,177.86802673339844,179.42436690011945,174.28946686476417,176.66856844178548,31463200
2023-02-14,177.9176025390625,179.92992995474845,174.34895001230046,175.61780626083268,24034600
2023-02-15,175.61781311035156,176.63884567632195,173.80374157662817,174.88424941813702,25308900
2023-02-16,170.93887329101562,174.31919210142203,170.29452261218145,171.2461722508784,25827500
2023-02-17,171.37506103515625,171.67243739377372,168.22273550017792,168.73821306504692,24171300
2023-02-21,170.58203125,176.61901366845885,170.3837752916554,172.7926146811642,34592600
2023-02-22,169.63040161132812,171.25612486428804,168.21285697121806,169.58084896032935,22433200
2023-02-23,170.54234313964844,172.1779885623624,167.9055105848363,170.50269800483608,20017800
2023-02-24,168.90672302246094,169.23385212671894,166.20049241118272,167.17195709518748,19791300
2023-02-27,168.06414794921875,171.61298587076692,167.58833058362544,170.38378974915403,19277000
2023-02-28,173.41712951660156,176.00440977021506,170.37384696069057,170.40358459714915,46051100
2023-03-01,171.9103546142578,176.3017987557463,171.54358035250698,173.07016779754176,30998400
2023-03-02,173.0106964111328,173.48651372435538,169.93767619340952,170.8794184422329,17352000
2023-03-03,183.63739013671875,184.9954593827126,175.50877454317353,177.36249126591966,45877700
2023-03-06,183.29039001464844,188.00896262262478,183.0326588295068,186.36340973621358,33209400
2023-03-07,182.90380859375,188.7028895567601,182.4081611653204,187.35472794639318,36701500
2023-03-08,183.35980224609375,183.64727108561956,179.7613972448921,181.27807709436618,19432400
2023-03-09,180.10838317871094,187.28534898762197,178.73048379335697,184.72782130910593,26582800
2023-03-10,177.94732666015625,183.16154706370955,177.24351581257753,179.43426888152695,25665000
2023-03-13,179.3252410888672,182.18017523686387,173.29818141681156,176.4108467930736,24728000
2023-03-14,192.33103942871094,192.62843092188572,184.93597286944848,185.94709789585886,41642600
2023-03-15,196.028564453125,196.05830208974152,189.1787131345453,191.2703459570102,42123600
2023-03-16,203.14602661132812,203.96880307199802,194.38298461902048,196.53409241939272,50447100
2023-03-17,193.90719604492188,200.14243431213578,193.72875509737597,198.81410277601756,50141100
2023-03-20,196.0880126953125,197.62452258784626,191.95431538990016,196.7521783647907,25186300
2023-03-21,200.40016174316406,201.77806091937316,196.226803951734,201.43110168666132,31827000
2023-03-22,198.0706024169922,205.56478833860777,197.9318217564422,200.73718772594938,28477800
2023-03-23,202.50172424316406,206.07039199137296,200.39026123164382,201.07425714388052,27389700
2023-03-24,204.2166748046875,205.77301519457242,201.7780976074665,203.39389815045016,27716400
2023-03-27,201.0742645263672,204.06797951805956,199.60715223199819,203.02711679278647,18527200
2023-03-28,198.93304443359375,199.2800036835634,196.17724594410166,198.40765937001166,19127300
2023-03-29,203.56240844726562,203.9291827103764,200.7768571452326,201.78798215208548,18851100
2023-03-30,206.03074645996094,206.27857020670143,201.05445651610344,201.60957928864843,22608300
2023-03-31,210.09503173828125,210.3230253172204,204.9700392079461,205.43594899488193,25440300
2023-04-03,211.2152099609375,211.63155200058463,206.387593549827,207.02202167585494,17924600
2023-04-04,212.85084533691406,214.35761784282738,210.68981455693785,211.5324212849849,21026400
2023-04-05,209.6390380859375,213.31674876543607,208.11245061815816,212.2857936142951,19396600
2023-04-06,214.21884155273438,215.0515256680938,206.83368218453202,207.42846519605177,26104400
2023-04-10,212.88058471679688,213.7826667269681,208.8261921119088,212.84093957529885,16106100
2023-04-11,211.98841857910156,214.1395266783531,211.5522464067262,213.60421896645255,16710100
2023-04-12,212.13706970214844,214.95234307170426,210.7294330173705,212.9697536352356,18972200
2023-04-13,218.43182373046875,219.224847500562,213.81238615247736,213.85203129059846,23310400
2023-04-14,219.56190490722656,220.17650288269624,215.656200722299,215.98332984258553,21591200
2023-04-17,216.9547882080078,219.056328418045,215.23985237860873,217.87668514416077,15481900
2023-04-18,215.99325561523438,218.52106075783294,214.32788736305116,217.99567564546845,12281000
2023-04-19,213.82228088378906,215.43809621446016,211.07639010968043,211.61169776107383,15898100
2023-04-20,211.2152099609375,214.8631679041083,210.91781846805821,211.62162937104753,16475400
2023-04-21,211.03677368164062,211.55225127229988,207.75558993575115,208.38011057201217,17717200
2023-04-24,210.93765258789062,212.05782075798314,208.8757723359463,211.81990451693062,15750900
2023-04-25,205.74325561523438,209.42095115389515,205.32691358025164,208.9847941119795,19198200
2023-04-26,207.57716369628906,212.2461697285354,207.06170119505998,210.65018419851057,41992700
2023-04-27,236.4833221435547,239.5860801943098,234.7089108287852,237.80174624937138,71196500
2023-04-28,238.22799682617188,238.3370247438833,233.69777188796778,236.92938780573903,39554000
2023-05-01,241.06309509277344,241.8759642001365,234.4016070438007,236.54279260820323,29143900
2023-05-02,237.1573486328125,242.78789524839752,236.90952495869084,241.06303703116632,24350100
2023-05-03,234.96664428710938,239.6455577308559,230.7239030480112,237.3854064212788,34463900
2023-05-04,231.4871826171875,236.12643535513135,230.9023071473006,234.00506493525833,17889400
2023-05-05,230.7536163330078,232.63707051688766,227.84912965326185,230.21832376395497,27000500
2023-05-08,231.2393798828125,233.56891396654385,228.2654949985898,229.40547815382422,16400500
2023-05-09,231.3384552001953,233.82661474883614,229.06839683657938,229.4450936887785,16865600
2023-05-10,231.051025390625,234.68907598893915,228.71156873771375,234.1141231112111,19119000
2023-05-11,233.73741149902344,236.13635840303854,230.2778020721307,231.02127322703902,20449000
2023-05-12,231.77464294433594,234.8972307500688,229.43518652876685,234.67914467629853,16161400
2023-05-15,236.7806854248047,238.16849214653735,233.28141585947415,234.85757102043314,20653200
2023-05-16,236.74105834960938,237.55391231265511,233.46978211198044,233.73742084776137,18163800
2023-05-17,240.3791046142578,241.71734364737938,236.06696576918233,236.37426476658152,21193100
2023-05-18,244.70115661621094,244.93905771597244,239.09042374878152,239.19946679482555,22943300
2023-05-19,243.50167846679688,246.52513093495048,241.29109507655596,245.31574994768903,21733600
2023-05-22,246.1583709716797,251.36266949569668,242.9862150086532,243.2736990167083,27738500
2023-05-23,244.59210205078125,249.41970323490676,244.50287401661294,244.66148482629066,17748100
2023-05-24,247.0406036376953,247.41728540634753,242.81767776935007,243.14480689478242,17724300
2023-05-25,250.4903106689453,253.39479746511117,247.00094838612523,251.19412157731733,22371400
2023-05-26,259.7589111328125,260.0265498517954,250.51012836120594,250.7281993124649,25727200
2023-05-30,260.2347106933594,266.31135290723864,259.0154374005094,262.940956499197,23816500
2023-05-31,262.4156188964844,262.693180291999,256.200210011966,257.73670519214994,25473700
2023-06-01,270.23687744140625,271.6147918186333,263.5754050196668,263.5852973969688,25609500
2023-06-02,270.23687744140625,272.9530459308971,268.7598577796487,270.2864603355899,19416900
2023-06-05,269.0275573730469,273.17116310172264,267.21347063050644,267.94701923026497,20742900
2023-06-06,268.7598876953125,274.16245738799296,267.3423431472537,267.7884379849693,19419000
2023-06-07,261.3052978515625,271.8625807149981,260.51224391346034,269.30505361291546,26163600
2023-06-08,262.2768249511719,265.3201079447365,256.6264614480304,258.35130511451564,20899400
2023-06-09,262.6435852050781,265.61746978448156,259.42187691072445,260.1950856912926,16949800
2023-06-12,268.6904296875,269.38434811275147,263.0202225116279,264.84423147196054,15442500
2023-06-13,268.9581298828125,273.3198212360052,266.7475314444002,272.4871371800981,16164000
2023-06-14,270.9704284667969,272.5961361408235,265.9842170382982,269.5231465889594,19175100
2023-06-15,279.3766784667969,281.51787946508557,269.0573233285459,269.9296375853969,25973500
2023-06-16,278.5538635253906,285.3442395585109,277.6914418131458,282.2712193553558,43127700
2023-06-20,281.8548583984375,282.3207681995998,273.81547148594564,276.3036313019316,20701600
2023-06-21,279.1882629394531,281.52770398687585,275.9367871755133,281.06179425259563,20556200
2023-06-22,282.4000549316406,282.7767517792298,275.37177874177934,276.6505271956497,17563100
2023-06-23,286.216552734375,287.1483722477748,276.5216909955678,279.0594032123411,51092000
2023-06-26,276.04583740234375,287.2673007108386,275.1834158502656,286.18679311382806,24232700
2023-06-27,284.5511474609375,286.83114354969996,278.20686707622247,279.55504367467665,26108300
2023-06-28,282.8065490722656,287.02944505240964,281.5872453744649,282.340639228578,16722100
2023-06-29,279.0792236328125,284.0753578917488,278.2465396316425,282.0233703967676,15395700
2023-06-30,284.4818420410156,286.5337996422137,281.9441293320843,282.2811659924353,19694900
2023-07-03,283.5301513671875,286.88073290993367,282.3703532958794,284.2042548786633,8629300
2023-07-05,291.8074645996094,295.52482034373986,283.8671830495328,285.14596189605084,33865500
2023-07-06,289.44818115234375,295.5248235823149,288.7741078971482,293.3142553701415,47600500
2023-07-07,288.0008544921875,293.62150887910394,286.14713820158397,289.63648473378396,25586000
2023-07-10,291.5398254394531,295.5347425297434,284.5511784998187,292.9771848405433,37058300
2023-07-11,295.6933288574219,297.5668602635445,289.35894068243334,291.3415302455222,27585900
2023-07-12,306.647216796875,306.75627498681115,297.4876599269432,299.1232907605846,36677100
2023-07-13,310.68170166015625,313.48705258601495,307.58886677660786,310.88986509411,30281000
2023-07-14,306.1812744140625,312.13896690077314,304.68440931960316,309.0758690549912,23054100
2023-07-17,307.916015625,308.9965234309528,302.05745916188715,304.8628406574557,25323100
2023-07-18,309.33355712890625,311.4648653357093,304.9421280436291,308.17375905316084,20731900
2023-07-19,313.2590637207031,315.905803762913,307.81683497029235,310.3049944741406,21763700
2023-07-20,299.88653564453125,312.7932151799263,299.5891592620239,310.77096502311366,23836900
2023-07-21,291.69842529296875,302.800909197342,288.66506554438087,301.9186725328554,42139300
2023-07-24,289.07147216796875,294.9300282701008,285.79028868592326,293.2051849386824,24915700
2023-07-25,291.9066162109375,295.703262442502,289.31932073955034,292.62034976319046,19585600
2023-07-26,295.9709167480469,299.1430421825214,289.358966650914,298.56810446847095,47256900
2023-07-27,308.9965515136719,322.5178296391777,307.14283473077046,322.2898209017809,64229200
2023-07-28,322.64666748046875,323.3604010020382,311.51441512024616,314.12152548725567,39220300
2023-07-31,315.8265380859375,322.82507714780235,314.8253206295678,320.87222512758746,25799600
2023-08-01,319.90069580078125,321.3182701761647,311.92078577522824,314.7757192768754,22817900
2023-08-02,311.5738830566406,315.6183830009451,307.94574026174797,315.2317634870685,20461100
2023-08-03,310.4636535644531,313.1996371815222,307.23202249512775,307.23202249512775,15180200
2023-08-04,308.0250549316406,315.6381920030264,307.4996698792332,312.21821272193796,17612800
2023-08-07,313.8043212890625,314.30989138505396,307.75741615279827,310.50332247597623,16236500
2023-08-08,309.91845703125,315.1227553397813,307.4104518521526,311.66311551194724,15183500
2023-08-09,302.5531005859375,310.89981675139177,300.21365919986573,310.1563455945085,19955800
2023-08-10,303.0784912109375,309.6210435617212,301.22477459946464,305.2593520785052,14358900
2023-08-11,299.0141906738281,302.0673654764671,297.745304234176,299.93608761646493,14046300
2023-08-14,303.52459716796875,303.5444121758859,295.6537130002151,298.3599590509755,15641900
2023-08-15,299.3215026855469,304.5555384693023,297.4182031951271,303.4750306746695,11623600
2023-08-16,291.7281188964844,298.4589879703595,291.7181962691046,297.5866740664107,18547700
2023-08-17,282.6082458496094,293.47282896172703,282.4694803012663,290.49894440443103,23950100
2023-08-18,280.7843322753906,283.2030946981994,271.99154972899885,276.6010658148206,35347900
2023-08-21,287.3763732910156,287.97115625621416,279.396461784683,280.9825396079064,20181500
2023-08-22,285.0964050292969,290.35025563572106,284.2537983560618,290.0032963876927,12980200
2023-08-23,291.6786193847656,294.81111508897186,285.1658344882448,285.98859599429807,18287000
2023-08-24,284.25384521484375,296.8531963700443,284.14481728424585,295.901561627309,18360900
2023-08-25,283.0146789550781,285.8795355852113,273.6271155393811,283.6391995492964,23701400
2023-08-28,287.73321533203125,288.9128584699036,283.3120190960079,285.49287958247294,14239300
2023-08-29,295.3959655761719,296.54587132156684,285.67136476377044,286.0678766841328,20844500
2023-08-30,292.5311279296875,295.69336104721475,290.87565215344677,294.5831156113279,17717000
2023-08-31,293.31427001953125,298.478908110715,293.0862612959808,293.2250268545487,17229900
2023-09-01,293.79998779296875,299.1133139449209,291.90661090057637,296.76394986830445,12842300
2023-09-05,297.5372009277344,298.7664273516259,292.93760766197164,294.43444260469624,14956000
2023-09-06,296.56573486328125,300.6597577520027,293.0862797748744,299.08360235135336,15418100
2023-09-07,296.070068359375,304.3770944136162,289.6762039967024,295.40588744923144,33748700
2023-09-08,295.2968444824219,302.59276023279784,294.19649144148667,296.61525335375495,17548000
2023-09-11,304.88262939453125,306.3497566042671,298.6572991967648,298.78617236239313,19489300
2023-09-12,299.0340270996094,305.97309149092956,297.61648263441475,303.6633574024578,13480400
2023-09-13,302.4044494628906,304.5059900169056,298.69701585352163,299.72794086935227,13210900
2023-09-14,309.0064697265625,310.146452893405,302.3747039470629,304.0698098777926,19343100
2023-09-15,297.69573974609375,309.2839784085415,296.1493222742044,308.89735891461083,28131100
2023-09-18,299.9162902832031,300.9571681848217,295.2076390310998,295.59425860219534,14234200
2023-09-19,302.4143371582031,303.50476757967397,297.2001163940275,299.84688704196486,15924400
2023-09-20,297.06134033203125,305.3782883735429,296.8234089972703,302.39448120124234,19379500
2023-09-21,293.1556396484375,297.64620415124955,290.7170325130372,293.1259020127335,21319600
2023-09-22,296.4764099121094,302.7215847648245,295.6734636134896,296.6944959593835,25369600
2023-09-25,298.2112121582031,298.33019295011604,291.14330539019653,293.0664197919008,18987000
2023-09-26,296.3575439453125,297.6858756115671,293.43324185420363,295.06887254949135,19417200
2023-09-27,295.1481628417969,298.67717061234566,284.29350077154777,297.8345940661036,36429800
2023-09-28,301.3139953613281,303.6633594810206,294.1172148146599,296.3377057544672,22167100
2023-09-29,297.5966491699219,307.93587851423496,296.754042410053,304.70424728900844,25373700
2023-10-02,304.1490478515625,304.5058994235089,299.004225925941,300.10454852468916,16265600
2023-10-03,298.32025146484375,304.0994866817158,297.03158036045915,301.61135737230416,17362300
2023-10-04,302.9198913574219,304.2284079253051,295.9015365648199,296.1295452893803,16880500
2023-10-05,302.13677978515625,303.54440159622794,296.89282131542484,301.97816897158543,19130000
2023-10-06,312.6841735839844,313.5565180214866,298.29058112096453,298.8159662591981,21803900
2023-10-09,315.588623046875,317.5414751678971,309.10557632186953,309.7796495788927,22503700
2023-10-10,319.038330078125,321.83378880843856,315.3903722999116,316.34200688294163,19038000
2023-10-11,324.9662780761719,325.97738791097737,320.13867709965075,320.19815236923245,22036300
2023-10-12,321.3381042480469,327.66256948427394,319.880899780603,325.1446723921644,20530500
2023-10-13,311.9505920410156,322.22039260310345,309.65078063069194,320.71363525767725,21341000
2023-10-16,318.35430908203125,319.0184898882461,312.77331469106156,315.8661797826119,16536100
2023-10-17,321.17950439453125,321.57601625080804,314.53781735721145,315.41016159216974,16387800
2023-10-18,314.2107238769531,323.10263972349975,312.8129945346358,318.5922603419994,16851000
2023-10-19,310.0869445800781,319.08791890346794,309.0361744423842,317.09540654240755,18709200
2023-10-20,305.963134765625,312.55523915239206,303.80211935646275,311.40536380308697,22312300
2023-10-23,311.2764892578125,314.5973026301898,304.5852493700825,306.8057400373974,17796800
2023-10-24,309.8292236328125,315.5787524774694,307.9259542753489,314.02241214997355,19525500
2023-10-25,296.9225769042969,308.17378070314754,296.2385809646329,307.3014363017255,42192500
2023-10-26,285.83984375,292.4319477072552,276.96774374421744,292.4319477072552,66684100
2023-10-27,294.1469421386719,296.70446963131815,290.41966369017985,291.9165286472556,29596300
2023-10-30,300.0253601074219,306.70667898907504,296.44676928594816,296.4864295580433,28435100
2023-10-31,298.64739990234375,301.0364242117363,294.2757858177128,300.6696499436243,19434200
2023-11-01,309.1352844238281,310.0175210505434,299.2223365843718,299.2223365843718,20434600
2023-11-02,308.163818359375,316.0446243432361,305.64592102556026,314.53783684335446,21631800
2023-11-03,311.86138916015625,312.8031011868626,308.31253639094047,309.82921641467783,16764300
2023-11-06,313.0509338378906,315.5589088571514,311.7127098538126,313.22938992076604,12887700
2023-11-07,316.044677734375,318.2056935641624,312.37687415015614,314.2999888616323,14055600
2023-11-08,316.9963073730469,318.53280249069024,312.1389680232896,315.37059933746826,13609700
2023-11-09,317.7596130371094,321.3580188733632,316.0248467167497,316.63947505329315,16103100
2023-11-10,325.9079895019531,326.23513373605715,316.67903707934255,317.1548694871678,19096200
2023-11-13,326.3243713378906,329.43702160039675,322.86476180916407,323.36040926035906,16908900
2023-11-14,333.38238525390625,335.1568115946723,330.4283155624995,331.62780417236013,17179400
2023-11-15,329.8137512207031,335.4542221949826,327.14716524859887,334.98831233456497,14531200
2023-11-16,331.2808532714844,331.667442561079,323.5388423305294,326.5028044744622,18932600
2023-11-17,332.1234436035156,332.5794307757708,326.4829733409951,327.38505530805384,14494400
2023-11-20,337.010498046875,338.8939521370626,331.2808152503726,331.97473371871814,16960500
2023-11-21,334.0465087890625,336.9410724577099,332.97589354028605,335.3847324721616,12027900
2023-11-22,338.51727294921875,339.9348475941971,335.6326012688178,336.25712187256374,10702700
2023-11-24,335.28564453125,338.8840191731996,333.83833237020224,337.16909856399684,5467500
2023-11-27,331.78643798828125,336.94115367224947,331.290790504135,333.25353518012435,15684500
2023-11-28,336.0390625,336.42568204806275,330.4977274078799,330.4977274078799,12637200
2023-11-29,329.30816650390625,336.9411188190531,327.90051448369286,336.7329553677821,16024500
2023-11-30,324.3020935058594,330.59682164758357,319.593443122573,329.00085151227404,23146400
2023-12-01,321.992431640625,324.01465154921027,317.96777657976315,322.64668993525703,15276400
2023-12-04,317.2342224121094,318.0669066013097,310.9296005859111,314.52800636018907,19037100
2023-12-05,315.5192565917969,319.078001589407,312.644507483201,316.2032524808111,16952100
2023-12-06,314.6864929199219,319.4446950511055,314.2800584907136,319.1274735085169,11294300
2023-12-07,323.7469787597656,325.38260919838507,315.0037509944529,315.0037509944529,15905100
2023-12-08,329.8533935546875,330.26975074319756,320.18826782318274,320.27748073816616,14087400
2023-12-11,322.4483642578125,327.01824891652325,317.2143290387498,326.53249390387987,25802500
2023-12-12,331.3105773925781,331.55840111361704,321.73466518140424,321.77432544730783,18485500
2023-12-13,331.8260803222656,335.4244860310397,329.74438501312073,331.0231337882988,16353300
2023-12-14,330.269775390625,331.7864555623714,325.7792101564801,330.9438487443071,19607300
2023-12-15,332.0045166015625,335.7119500187242,328.3367132008549,329.0999994185291,31776900
2023-12-18,341.62005615234375,344.53446568560287,334.08620858508846,334.54222603722934,18993900
2023-12-19,347.3100280761719,350.52184376682237,342.1156530575935,342.5716401904211,17729400
2023-12-20,346.23944091796875,351.8699880301821,344.7624213705391,345.6149203637917,16369900
2023-12-21,351.0075988769531,353.30741024884486,346.17007504363573,349.90727608593943,15289600
2023-12-22,350.313720703125,354.0905518678329,348.1625974502464,352.4846287114761,11772800
2023-12-26,351.74114990234375,353.8724581015916,350.3731883758891,351.8997607137992,9898600
2023-12-27,354.7149658203125,355.87479391913587,352.2169140907332,352.97030773618815,13207900
2023-12-28,355.2008056640625,358.7496281934857,354.69523557044886,356.5687975042497,11798800
2023-12-29,350.87872314453125,356.8661526201397,348.7573678571759,355.8649351224526,14987100
2024-01-02,343.2755432128906,350.0857348081717,337.05021201896517,348.2617556958284,19042200
2024-01-03,341.47137451171875,344.921091847354,340.19259554865863,341.97694461960975,15451100
2024-01-04,344.0982971191406,345.11932970434566,340.41067870668667,341.501109198634,12099900
2024-01-05,348.8862609863281,350.4227560194501,343.2457904424102,343.96941637649724,13920700
2024-01-08,355.53778076171875,355.8550023440489,348.9853066945852,351.61226199910743,13890200
2024-01-09,354.31854248046875,357.500621013295,352.266554698049,353.2975099042569,13463900
2024-01-10,367.24505615234375,369.69355598770045,355.9541916954143,357.03472985619703,22117200
2024-01-11,366.4520263671875,369.53493921555446,359.77067767079683,368.8906035328076,17205400
2024-01-12,371.2300109863281,373.7776460956339,366.32311946752475,366.9377174545656,19310000
2024-01-16,364.2612609863281,372.34030938016446,364.03328249207794,370.39737960399464,15306900
2024-01-17,365.16326904296875,365.3318024736922,355.48822189160364,363.1112814992652,12724800
2024-01-18,372.8557434082031,373.5694769229854,367.7208432542545,368.25612070140227,16354300
2024-01-19,380.112060546875,381.0141123293726,374.6797533320612,375.7007859201314,21670800
2024-01-22,378.4565734863281,386.95197821430475,377.8419754760099,384.57287645581624,17680500
2024-01-23,381.8468017578125,384.9991122312808,378.75393630536456,381.2718337835055,15506100
2024-01-24,387.2988586425781,392.7013967075876,384.4340023850179,386.6049402388198,15698500
2024-01-25,389.75726318359375,392.0471516396951,382.3027375420606,386.7734865525037,15091100
2024-01-26,390.7089538574219,393.33587907319196,388.18113392185984,390.91711729854256,13163700
2024-01-29,397.529052734375,399.422429541813,389.6780144066085,391.55154595567524,18742400
2024-01-30,396.57745361328125,402.82259967131563,396.0917287704335,400.0767235620257,18614700
2024-01-31,386.7437438964844,394.5353060221331,383.73019942015105,385.6136533733914,20180800
2024-02-01,391.3433837890625,397.01359160077834,389.6284327898342,390.51069973653455,29727100
2024-02-02,470.85516357421875,481.7296700383125,449.0665206306807,455.5991505122071,84707600
2024-02-05,455.4107971191406,467.79206083413476,455.22244866654785,465.7896560115249,40832400
2024-02-06,450.76165771484375,463.05370950369905,449.0566291270659,459.960873984456,21655200
2024-02-07,465.50213623046875,467.415327994543,452.2088689116338,454.01303276517825,23066000
2024-02-08,465.90863037109375,466.49349076622264,460.9818932185822,464.2432621017178,18815100
2024-02-09,464.0350036621094,469.4673101663156,463.40059070831603,468.83289721252225,18413100
2024-02-12,464.81817626953125,474.9789490756288,462.5183648227148,464.1143653554513,19382000
2024-02-13,456.1146240234375,463.8170050865518,451.1284116736069,452.89291546087304,20916600
2024-02-14,469.1600646972656,469.98282618084056,462.0326517085822,463.8566307551382,16858400
2024-02-15,479.8164367675781,484.366476420445,468.10924721096126,471.1426069795392,24212300
2024-02-16,469.1996765136719,474.7905636276594,465.1254390286169,473.94795697120554,23324600
2024-02-20,467.6433410644531,472.03476994795795,462.49851842146023,465.63101374806274,18015500
2024-02-21,464.447998046875,465.41057550181085,458.25576468630754,462.92970889465835,12921800
2024-02-22,482.40948486328125,486.23992842019754,472.41654676636847,476.5645485214587,21625800
2024-02-23,480.32550048828125,490.5764270483582,478.6583655486156,484.3147227261983,18374300
2024-02-26,478.0531311035156,482.4194811901072,476.9218715149137,479.7699019459264,12101400
2024-02-27,483.3224182128906,483.5407356847416,476.2470121182993,476.30655049389355,10809600
2024-02-28,480.315673828125,487.29187042605827,479.0554043295467,481.28818456722973,12715500
2024-02-29,486.37884521484375,487.9368366492081,478.9163793809535,484.70177703360076,17732000
2024-03-01,498.45574951171875,500.3908377455122,488.08574437139015,488.34373392761546,16273600
2024-03-04,494.3772277832031,500.5595589126642,492.62078494513406,499.1504132084591,12324100
2024-03-05,486.46820068359375,491.7871644614326,484.15604619661946,491.21161670016596,15325300
2024-03-06,492.2933044433594,499.12065505181494,490.50709237478395,493.82152694541975,11757900
2024-03-07,508.2700500488281,515.8713989915751,497.5427848270461,499.42823746816646,18586400
2024-03-08,502.0777893066406,519.5629320729014,495.52829549516997,510.254715842795,18597100
2024-03-11,479.8889465332031,493.51387789657764,472.3570385649575,493.2062528362001,20428300
2024-03-12,495.9252624511719,498.4656675759742,481.02022594568126,489.48494207040557,15448200
2024-03-13,491.7771911621094,497.1457896765636,487.2719293079291,491.5985760497797,12090700
2024-03-14,488.0658264160156,497.5129856516663,484.4239312675284,496.43133146634375,12620000
2024-03-15,480.3949890136719,488.0658087524492,477.61640039856326,485.2674143918524,29153600
2024-03-18,493.1764221191406,493.61305704404583,483.08424391414707,488.14521760990164,11755300
2024-03-19,492.4421081542969,492.82913789689565,477.59661025996246,484.43389344040116,10903100
2024-03-20,501.6510314941406,504.31054334054676,491.38026863320005,495.677115993422,11711100
2024-03-21,503.8739318847656,511.09818381772453,502.13732529141583,510.7707530405325,9712500
2024-03-22,505.6799621582031,506.06699186474566,500.48007571593536,503.11972128020517,8120600
2024-03-25,499.17022705078125,503.3380953120619,496.41150443106284,501.9190467966136,8380600
2024-03-26,492.0947570800781,506.09675270183544,491.41993839395826,501.26402973226214,11205400
2024-03-27,490.0802917480469,496.0641709946274,484.3346265696149,495.47865983348026,9989700
2024-03-28,481.8636779785156,489.1177599265289,481.4369761827551,489.06812442310434,15212800
2024-04-01,487.58953857421875,493.62299295598973,478.0927737479156,483.4713059825083,9247000
2024-04-02,493.5635070800781,493.7222861970165,480.9408549816661,481.3874231408066,11081000
2024-04-03,502.86175537109375,503.35792871942033,494.9329149557214,495.1115300929547,12099200
2024-04-04,507.0097961425781,525.943758109554,506.67237161008114,512.4676727823381,26476300
2024-04-05,523.3040771484375,526.6383471527769,510.4729824465434,512.9042437043852,19263300
2024-04-08,515.2759399414062,527.4222518776436,514.9187097239936,525.2292047918388,13260600
2024-04-09,512.9440307617188,521.8453515412855,502.8617544246005,518.2331950359386,10863800
2024-04-10,515.8516235351562,518.5607107573752,501.92896968081385,505.39228040139363,11418500
2024-04-11,519.1560668945312,519.8507216900733,513.3309966786047,517.1217682967572,10369500
2024-04-12,507.9822692871094,516.2088319033819,505.4319310018834,513.7875035345007,11984500
2024-04-15,496.401611328125,514.5615744994229,493.4741763865058,512.7653687884457,13512900
2024-04-16,495.93511962890625,500.90675523233057,493.3053770542174,494.2977236004356,9847900
2024-04-17,490.387939453125,499.30912582005857,483.4117439696621,499.2495874459534,12193700
2024-04-18,497.9595642089844,508.28992732102284,495.22070789767196,495.99473711582823,14808700
2024-04-19,477.38818359375,498.9518557154104,472.0890564119866,498.9518557154104,25215400
2024-04-22,478.0431823730469,488.24450514549414,469.7769174777012,485.97202274350616,17271100
2024-04-23,492.3031921386719,494.94283793154807,485.22775549164936,487.4903047021122,15079200
2024-04-24,489.7231140136719,506.0968351509071,480.8713678072406,504.171680061141,37772700
2024-04-25,438.001953125,442.35833901070566,411.3276713078903,418.1748568844393,82890700
2024-04-26,439.8973693847656,443.023255377978,428.6540645124844,438.0813579966591,32691400
2024-04-29,429.3089904785156,436.3943598912081,425.28006561859786,436.195878453334,21502600
2024-04-30,426.8777770996094,436.2554348890997,426.43120898791216,427.7510167239678,18429500
2024-05-01,435.8287353515625,446.51629805901524,423.84117064830116,425.31978777610783,20344900
2024-05-02,438.2996520996094,440.562201203768,428.9715998380439,435.48139130558843,15221300
2024-05-03,448.5009765625,450.694084429791,440.4530598909977,442.5171275663126,16489100
2024-05-06,462.115966796875,462.592304076786,449.8704131384758,452.093259876696,15094600
2024-05-07,464.6563415527344,467.9211702005298,457.7793871898574,462.72128393951647,13406800
2024-05-08,468.9830322265625,471.9402058578811,459.4564983423583,459.9526716667021,11683900
2024-05-09,471.7814636230469,472.4363857703792,464.05107464244514,466.4029313871889,9437700
2024-05-10,472.5554504394531,473.8454888714661,466.00595699720174,473.4386231422278,10750000
2024-05-13,464.4281311035156,469.72725818959685,459.3076191330967,469.1318441867083,14668800
2024-05-14,468.2388000488281,468.9235216998096,456.558859918331,459.82368906593655,10478600
2024-05-15,477.8546447753906,478.8072891405804,467.59378339452235,471.3448527592267,13100500
2024-05-16,469.60821533203125,474.0340729044409,469.1318780385458,471.36465799748123,16608200
2024-05-17,468.29833984375,469.1815126685142,464.83505951456476,467.2265884372279,10807300
2024-05-20,465.2518005371094,469.5784476860999,463.4655886777014,466.3533210681569,11745100
2024-05-21,461.0740051269531,467.0975562508918,458.73205140568564,463.54493846751484,11742200
2024-05-22,464.199951171875,470.0944931584009,462.0862477959769,464.28925874330497,10078600
2024-05-23,462.2152404785156,470.7295617615154,458.00770019996276,469.26090804074687,11747900
2024-05-24,474.55999755859375,476.1775273800848,462.7312126296393,464.04111742441904,12024300
2024-05-28,476.2470397949219,477.17981782811154,471.205901618862,472.9325751794718,10175800
2024-05-29,470.7295227050781,476.17752617925936,470.07460059335506,471.0272448580583,9226200
2024-05-30,463.4754943847656,468.1196997588506,461.1534068397315,468.06016138210737,10719600
2024-05-31,463.2571716308594,465.52965393072293,450.9818484598858,462.2350557963907,16919800
2024-06-03,473.8355712890625,475.9294383757683,464.65636518199324,467.2563084447153,11279400
2024-06-04,473.3393859863281,475.2248687174636,469.6081834348504,473.34931914302285,7088700
2024-06-05,491.27117919921875,492.84900689624556,480.20651900327624,480.7423947273293,15690500
2024-06-06,489.9810791015625,498.97173709860135,487.133049134123,489.20704994565904,10667300
2024-06-07,489.18719482421875,495.0916694898727,486.4185694824564,492.1146295476639,9380700
2024-06-10,498.75341796875,498.8129563433123,489.6337500954303,490.0802879046476,11220900
2024-06-11,503.586181640625,503.71519155721654,494.4565798764981,496.33212967798784,9673700
2024-06-12,504.9456787109375,510.07612434807345,500.60912858458613,510.0562580327931,11983200
2024-06-13,500.2419738769531,505.46169688773693,497.5229233456596,501.8396375159677,9954600
2024-06-14,500.7982482910156,503.76830117284993,497.41098264470133,499.29830731982713,10243300
2024-06-17,503.251708984375,507.3442312664129,492.7025298188683,498.32479160431706,11266600
2024-06-18,496.15936279296875,502.62596344611273,491.7191677926502,501.195563022246,13060400
2024-06-20,498.3545837402344,500.3114486284619,493.4574348532966,498.65257115911925,11801200
2024-06-21,491.480712890625,500.0929130416964,489.10666562248554,500.0929130416964,22359200
2024-06-24,495.583251953125,504.41395731690596,490.9940631467727,495.87132670955725,13525300
2024-06-25,507.1953125,507.3045644664891,492.19599361461826,493.7356460502404,12063200
2024-06-26,509.69842529296875,510.38382668285755,501.3147021974166,503.2715671209678,8882300
2024-06-27,516.0955200195312,519.3933892059828,510.47328813668884,510.8209300507455,10121200
2024-06-28,500.8577880859375,518.4000322459863,500.48031713157917,513.7015919827431,15855100
2024-07-01,501.314697265625,503.2020216669204,489.8814685939762,501.58291625890564,10328200
2024-07-02,506.1026306152344,507.0959625693369,496.11965660213826,497.4209190368857,7739500
2024-07-03,506.55950927734375,507.8707146142386,502.6457793049679,502.99345152045885,6005600
2024-07-05,536.309814453125,537.2634349299381,508.18862031678924,508.18862031678924,21354100
2024-07-08,525.7903442382812,539.1903792094863,523.1381655675032,538.7334248000303,14917500
2024-07-09,526.4659423828125,533.8960460931625,524.6680139481037,530.1909372581625,8753200
2024-07-10,531.1246948242188,535.2867583710278,524.8368862253591,527.2506757341519,10983300
2024-07-11,509.2812805175781,531.8895244068907,504.98013638714235,527.3499903194348,16458300
2024-07-12,495.54351806640625,504.70204009860527,490.9344734606303,494.4409341236974,19750500
2024-07-15,492.8515625,503.30140324613546,490.0801579921721,495.3050935222818,12539200
2024-07-16,486.5240173339844,500.5896000264936,482.55068991736874,498.15592485818354,14075800
2024-07-17,458.9093933105469,475.9748583365877,456.0585356169319,475.9748583365877,28076600
2024-07-18,472.6770324707031,476.04441214611455,461.442450113497,471.8326942182321,19267200
2024-07-19,473.6107482910156,483.46458424586564,472.5379328105717,472.88560505542085,15149400
2024-07-22,484.1499938964844,488.77892449316187,480.6733320174168,483.3354544094365,12023100
2024-07-23,485.43133544921875,491.9177911002036,484.4678023595281,486.57366099330596,9455500
2024-07-24,458.19415283203125,473.12392871550475,457.5087514583841,469.16054449630434,17649700
2024-07-25,450.3865966796875,460.4589658515136,439.69833629849063,460.17092144183493,18240500
2024-07-26,462.59466552734375,466.6375032130232,456.3565425755035,461.10466771737475,14222400
2024-07-29,462.6045837402344,470.7995717926328,461.91918231436165,466.7467910394615,11339600
2024-07-30,460.1014099121094,469.57780482339075,453.6546955153981,463.88600206485654,11390400
2024-07-31,471.663818359375,473.32269613102295,463.6377091692654,467.8792258794459,24285800
2024-08-01,494.4210205078125,523.6547716585801,488.8186442383986,517.5259306837595,43083100
2024-08-02,484.8850402832031,497.80826747717975,472.9749703834954,485.73929115246585,24044700
2024-08-05,472.55780029296875,480.2561225927905,447.79401274658,448.34036348534045,21396200
2024-08-06,490.79534912109375,499.2088714287347,475.4583023384702,475.8059745622405,20955000
2024-08-07,485.65985107421875,506.7482681354804,483.61355944940226,499.77508903606014,20105300
2024-08-08,506.23175048828125,506.55953668319745,491.4211679453795,494.18262946631637,16156800
2024-08-09,514.3174438476562,514.8836502692486,502.32792131826227,504.32449769396317,13696600
2024-08-12,512.5096435546875,514.5658480140165,505.7053134773553,513.4135489736507,9767400
2024-08-13,525.015625,527.9559092747828,514.6949525499102,516.5425353486345,13743800
2024-08-14,523.2474975585938,530.4392104871642,519.6416980752537,524.538816844259,11444200
2024-08-15,533.7470703125,536.1708026803833,523.1879469001557,528.2439725420813,13482100
2024-08-16,523.903076171875,530.1014573197285,521.1614705192093,528.3532441619528,14776700
2024-08-19,525.7507934570312,528.1148678543794,519.2742493741875,523.3568293697928,9879700
2024-08-20,523.2176513671875,527.5486241898866,522.3733435694845,524.8268440690854,7944400
2024-08-21,531.591552734375,535.8033315503418,523.4164493710769,523.6350139485368,13423300
2024-08-22,528.3829956054688,540.6009650477762,525.0653012290355,533.4191952832433,15708300
2024-08-23,524.4793090820312,536.2701553658752,521.5589105040611,533.3398137671492,11323900
2024-08-26,517.6452026367188,524.4793321175962,511.51636075055256,524.0819750389632,9584000
2024-08-27,515.6385498046875,520.5158432413665,511.87384384105246,515.5193548304624,6282700
2024-08-28,513.3340454101562,517.6153031156273,509.0329016673362,514.2180646497437,9106100
2024-08-29,514.764404296875,523.684565573268,512.2413632137636,515.5888867116108,8317400
2024-08-30,517.8339233398438,520.0490343879956,511.7646791262931,517.8736347952997,9157500
2024-09-03,508.3475341796875,521.9859615332059,505.22845751609213,516.1749942685213,12459100
2024-09-04,509.32098388671875,513.1453480424364,500.70881337108693,502.6954771522908,8335200
2024-09-05,513.4135131835938,518.1517257651456,507.74159650154314,508.307802962019,8640900
2024-09-06,496.93414306640625,521.0820696565472,494.9276235238455,518.4000613773472,14744500
2024-09-09,501.42401123046875,507.92037993887993,498.7320599932226,502.7848710640587,11047800
2024-09-10,501.42401123046875,510.7513818768451,496.6957417525211,504.7715348360927,9899000
2024-09-11,508.4170227050781,509.698429267569,492.29526633096543,503.6291862714389,10782500
2024-09-12,522.09521484375,523.1978593142228,511.7844250205015,513.6022393471186,11970500
2024-09-13,521.121826171875,524.0621107021185,513.6618931917054,516.8703967615143,10321400
2024-09-16,530.2293701171875,531.0446258561897,514.4402077186381,521.5393168152747,9527600
2024-09-17,533.2520751953125,538.9989800805172,527.5349671432173,534.5247216049645,11690800
2024-09-18,534.8727416992188,541.0869894169668,530.8459213153205,533.9977707656788,10323500
2024-09-19,555.901611328125,558.8546528253562,543.3936196511286,546.8536926871561,15647000
2024-09-20,558.1387329101562,561.2707373843093,553.1176339334665,556.7964799560907,22066800
2024-09-23,561.1813354492188,570.696598725916,559.1927762027452,566.2422454333392,12830700
2024-09-24,560.1074829101562,564.5021812702805,551.0197537936696,563.4382949321094,12993000
2024-09-25,565.05908203125,573.5800661639017,560.495311602097,560.8234408883014,16543400
2024-09-26,564.5917358398438,574.0970460697704,559.1330900425771,572.436555499505,14400800
2024-09-27,564.1144409179688,567.5745750797583,561.2807684246667,566.8387572234752,9398400
2024-09-30,569.1654052734375,571.392581823153,561.5690947166503,564.4525297734127,12792300
2024-10-01,573.1722412109375,579.7046644318758,566.8386860157418,574.6736128791929,15259300
2024-10-02,569.5332641601562,572.705018338464,566.0831432657689,571.5715250916941,6524700
2024-10-03,579.4363403320312,580.0229313102662,565.4766159470373,566.8885366691163,11581000
2024-10-04,592.5309448242188,593.4357124935896,578.1039391514795,580.3907699305325,14169500
2024-10-07,581.4348754882812,599.5009195077625,580.6990575803541,594.7979355563699,12014200
2024-10-08,589.4984741210938,590.1646244921006,582.6180152740485,586.3167671153983,7857400
2024-10-09,587.1319580078125,590.9897670648169,578.2828467749312,590.5920310170018,9529700
2024-10-10,580.4902954101562,586.8536486528583,579.1877915177303,584.2088915296315,7740400
2024-10-11,586.5753173828125,587.8281195065246,579.376742110834,581.4846102064073,8587100
2024-10-14,587.0425415039062,596.6671607014488,586.5852117292404,590.8207918278077,8252000
2024-10-15,582.9163208007812,587.2314602827565,576.821381994876,586.7840223253323,9564200
2024-10-16,573.4904174804688,578.7501945674716,570.7462571969033,578.0740918292597,11268400
2024-10-17,573.6296997070312,581.6236855285798,571.9096154864388,579.9931131702996,8701200
2024-10-18,573.1722412109375,580.6293370312779,571.9592494201094,577.7757598855744,7694300
2024-10-21,571.869873046875,573.9379917697427,565.8544931305977,572.7349521980965,8171900
2024-10-22,578.6806640625,580.1919884331684,568.8472245196812,571.0047942012734,8544500
2024-10-23,560.4654541015625,581.6535493433651,559.2822589840049,576.6522939692993,14248400
2024-10-24,564.5321044921875,565.6257877856776,558.3079044414983,563.885798473118,7184700
2024-10-25,569.9707641601562,577.9647500652169,568.4494872870167,570.6468669862153,11337900
2024-10-28,574.8526000976562,580.410649118249,570.8357328269512,578.67066002025,10925100
2024-10-29,589.88623046875,590.2739533915471,572.1085063582906,576.8313344603039,13019100
2024-10-30,588.4146118164062,597.7608636426235,586.0084723536592,597.5420905900066,26864900
2024-10-31,564.3333129882812,586.5256441132956,559.7894472847626,581.6536491028129,26838400
2024-11-01,563.9155883789062,570.3883582518947,559.3419265164682,564.3630263338429,15303200
2024-11-04,557.4725952148438,565.4367833258351,554.6985773939598,560.8730139446373,12064600
2024-11-05,569.1553955078125,570.1993768247104,563.4283359927113,564.0547369200507,9775400
2024-11-06,568.777587890625,569.7221655728422,551.9941447200907,559.5308004818795,18305400
2024-11-07,588.315185546875,591.39742768716,571.9195264894807,573.5899087480227,14653700
2024-11-08,585.9686279296875,589.7070673675014,581.1761941059517,588.1559939848563,9415700
2024-11-11,579.833984375,583.6420920185832,573.2121093173138,583.0057385461188,10209100
2024-11-12,581.4745483398438,596.2296222338206,577.059944903041,585.1732389751623,16287700
2024-11-13,576.68212890625,582.2898800347385,571.8797417717248,579.2771839216865,10757600
2024-11-14,573.8583984375,577.4378414789874,569.7321744285508,573.6993404002395,11053700
2024-11-15,550.910400390625,569.2946185704093,548.3451422976771,567.9523048385856,17712900
2024-11-18,551.2285766601562,556.6971138862053,546.9432344613651,553.8534284072965,14327300
2024-11-19,557.8803100585938,558.2183311036446,547.4502671516217,548.7030690284671,9522400
2024-11-20,562.2849731445312,563.1101814515828,551.0297217043255,559.7097624878369,9797300
2024-11-21,559.868896484375,566.7393414481576,545.9091728138703,566.2621066854078,11154700
2024-11-22,555.9415283203125,560.6047022245103,551.4175681293176,560.3262747981044,9164000
2024-11-25,561.8772583007812,569.3145100236936,553.2071704273792,558.8844673779386,13599800
2024-11-26,570.259033203125,574.1964018053228,561.9667762936829,562.7621877433986,10356600
2024-11-27,565.9439086914062,571.6908126970225,560.8730467836217,571.6013615253704,7200200
2024-11-29,571.03466796875,575.1510000832634,563.6571303183109,565.7450932068846,7130500
2024-12-02,589.4387817382812,591.0992116485587,572.2775064388576,574.196458750282,12522400
2024-12-03,610.1396484375,610.6864900333547,587.8677630350062,591.5963112149323,14907200
2024-12-04,610.2688598632812,614.2459775975443,601.6384609762498,609.4535434454373,14697000
2024-12-05,605.4466552734375,616.353933785045,603.5774048146206,613.5500580968196,8081200
2024-12-06,620.2018432617188,626.1873655515558,605.0490309451652,606.609996608488,16935500
2024-12-09,610.0601196289062,622.8167434326103,602.7024265777296,620.350888846341,11426000
2024-12-10,615.7772216796875,622.0113739130567,609.234845211511,614.0272799520044,10938900
2024-12-11,629.060791015625,634.7481017123007,617.9746102226054,619.804050647096,10837200
2024-12-12,627.1815185546875,633.017934128409,623.6220417827839,627.887478818055,7474700
2024-12-13,616.8013305664062,627.4699920270454,613.3611619616729,623.6320266186848,8453300
2024-12-16,621.169677734375,628.0457250425881,615.5375430599308,626.8814359361309,10885600
2024-12-17,616.3932495117188,629.2596452404018,613.5074890422593,623.0901281665253,12897800
2024-12-18,594.2527465820312,624.2743396016706,593.3870305020766,617.9456355913278,17075500
2024-12-19,592.6408081054688,608.5123731732531,592.0736042552132,607.3879260072148,14958100
2024-12-20,582.3715209960938,600.1436642411298,577.1473424651591,587.675323062813,48989400
2024-12-23,596.899658203125,598.1336103729398,583.3665730831542,586.7000720639313,10205800
2024-12-24,604.7608032226562,604.9996130735921,596.3324917694366,599.7555139461255,4726100
2024-12-26,600.3825073242188,603.318010427164,595.9942238388753,602.5020361613814,6081400
2024-12-27,596.8598022460938,598.8897465400247,586.8990272114817,596.4617453720124,8084200
2024-12-30,588.3319702148438,594.0039468527602,582.6998357068834,585.8542270232425,7025900
2024-12-31,582.6302490234375,591.0486006579675,580.9783795227164,589.3570104919964,6019500
2025-01-02,596.2926635742188,601.9347590067932,584.9288491785778,586.8194676993116,12682300
2025-01-03,601.6561889648438,606.5022314682295,593.4765866809927,601.7855544308446,11436800
2025-01-06,627.1004028320312,627.8864953892827,602.641281410124,608.8207596792694,14560800
2025-01-07,614.8510131835938,628.9910845111622,605.2384904660217,628.5930882935072,12071500
2025-01-08,607.7161254882812,613.4080230721381,599.82513672869,610.382997271492,10085800
2025-01-10,612.830810546875,626.8116919357244,594.4019444954839,607.0295297697073,19256600
2025-01-13,605.3380126953125,605.9748187670136,595.5066015316934,604.1140210154849,10785000
2025-01-14,591.3272094726562,602.5119163465189,585.6552325061541,602.0939991024484,13598000
2025-01-15,614.084716796875,619.3984789584875,603.5169556717734,607.2087300599234,15524300
2025-01-16,608.2933349609375,613.2190007447427,606.7111893194766,608.4923634164871,8355300
2025-01-17,609.7561645507812,621.8961113451103,600.7008856525179,620.9806532892833,17280600
2025-01-21,613.427978515625,618.4431675349931,606.0146090104106,614.791235345522,11674000
2025-01-22,620.433349609375,630.5831936184607,616.3833603918935,620.2343211513619,12274000
2025-01-23,633.3196411132812,633.468866899262,618.0949061109532,624.2743234364817,9910200
2025-01-24,644.3053588867188,648.7931865048288,631.0807466276091,633.2699382382675,19065300
2025-01-27,656.6343994140625,660.6047649681485,622.0254349357211,623.5280177511174,28399200
2025-01-28,671.013427734375,679.2228513674787,656.2264682196907,662.7243805632816,20950100
2025-01-29,673.1626586914062,677.7002277973523,662.3958698215398,671.6799970081955,21377800
2025-01-30,683.6210327148438,707.294001197109,672.774619401076,693.3927409364592,29322900
2025-01-31,685.7903442382812,701.8310551092019,682.2080746968453,687.6014000766061,19303900
2025-02-03,694.029541015625,700.5373519375069,671.9287597951726,672.5854868392348,21415700
2025-02-04,700.7265014648438,704.2292080677055,688.2083581609453,699.0448111623289,13826300
2025-02-05,701.4031982421875,714.6079511816394,695.5720343457091,700.0896831751202,17778200
2025-02-06,708.4880981445312,715.3641456188349,700.0398655613205,702.4081644926629,13080700
2025-02-07,711.0056762695312,721.4440718312758,708.249280988419,713.2744305821955,16427100
2025-02-10,713.8715209960938,717.652818700605,707.8313687608933,715.0257888589608,12904300
2025-02-11,716.259765625,720.100766250331,706.5477589206668,709.8116559132554,12998000
2025-02-12,721.8123168945312,723.5238281436095,709.0951445232752,711.7818770685368,12016500
2025-02-13,724.9766235351562,725.4144618537392,714.5083460221898,717.9712711727863,12569100
2025-02-14,733.046630859375,737.2657664672994,722.0509930424602,722.5684548288872,16901200
2025-02-18,712.8465576171875,733.3750946365709,702.9654052178096,732.3800130970368,21938700
2025-02-19,700.30859375,703.5226878675882,691.9698051227019,700.6369269472729,17535500
2025-02-20,691.4224853515625,702.1593933249234,690.228375354197,693.8504867433877,12587400
2025-02-21,680.1880493164062,700.4081157208864,679.0038997241937,693.1539923611765,15660400
2025-02-24,664.8438110351562,683.8896856241412,659.1917553729045,682.9045646514273,15677000
2025-02-25,654.2661743164062,664.71453147279,638.7030829851732,662.6944866031068,20579700
2025-02-26,670.386474609375,679.6506817176414,654.763681609393,656.4055905153153,14488700
2025-02-27,655.00244140625,685.2629040436697,654.3357538023921,679.0933865536915,12500000
2025-02-28,664.91357421875,666.336533697634,639.4394474020801,654.8035105893175,17534200
2025-03-03,651.8282470703125,677.8993994226236,647.63899203747,670.3666237621278,10843800
2025-03-04,636.8521728515625,646.554217672348,620.5826142922276,642.3350817447994,21495200
2025-03-05,653.2412109375,656.2563374404635,634.5237278365647,637.8473272165841,13770000
2025-03-06,624.8414916992188,647.3601899188754,621.0402732471497,644.8127838196035,13446500
2025-03-07,622.582763671875,631.6678640718745,597.6559802759192,622.2942118555259,21375700
2025-03-10,595.048828125,607.109212093194,583.9835257431913,605.0792675215534,21999900
2025-03-11,602.7308959960938,611.9055191678449,590.4117809661785,592.1232921602733,17401500
2025-03-12,616.5127563476562,630.2150494744315,606.352951302888,626.801926859784,15747000
2025-03-13,587.7349853515625,617.4481060645986,583.6252936627146,617.1993356753703,16480300
2025-03-14,605.1494140625,606.4043419789234,592.381172955088,600.3687854957838,12364500
2025-03-17,602.4603881835938,610.6272679434014,595.5881924170304,605.01006095703,15473900
2025-03-18,580.01123046875,597.8290917063831,572.34227369431,597.6298861819188,20297700
2025-03-19,581.7044067382812,589.9311027976759,572.4518964146898,581.9235510596104,20537500
2025-03-20,583.6365966796875,607.7390075399582,577.1727812993547,580.4096736870833,24336500
2025-03-21,593.84521484375,595.1299901540924,578.6069346961235,581.0669435562578,25015900
2025-03-24,616.3540649414062,620.0291850741187,609.7309218178737,612.4897086743648,15741300
2025-03-25,623.7840576171875,631.3235347184631,618.6747423038911,624.2322549021957,15312500
2025-03-26,608.5158081054688,624.2222248223229,604.163437823038,622.3697410659778,12609800
2025-03-27,600.1497192382812,611.7726353131792,597.67968012305,599.5720414465346,10436500
2025-03-28,574.4138793945312,599.3230186538527,571.605245739065,597.8888240380612,17602800
2025-03-31,574.0355224609375,576.3661119756351,551.0685259953154,561.2274014987903,21124700
2025-04-01,583.6365966796875,587.5308004666896,567.7011264631773,568.5377653967017,12836600
2025-04-02,581.5748901367188,590.2696609066593,571.0475136953103,572.5912500878843,13470800
2025-04-03,529.4758911132812,550.3314393515183,528.1612075786397,544.016982785148,34777500
2025-04-04,502.6943664550781,515.9108358048159,492.2068365877987,504.5767280238223,38589800
2025-04-07,514.1678466796875,537.1945936136326,479.9563819403582,483.14348777248983,36606100
2025-04-08,508.39129638671875,545.2221314563009,500.8318811641039,541.0589972717423,28034200
2025-04-09,583.4075317382812,585.5189766353849,500.0849095170737,507.21603593950647,39216600
2025-04-10,544.0867309570312,578.9555415344041,533.141064552052,573.1689763297147,28173500
2025-04-11,541.3777465820312,545.1923169106578,526.4581815568449,533.3502556297472,17642300
2025-04-14,529.3364868164062,555.5204964254532,526.1494412576809,553.926912857093,14130900
2025-04-15,519.4166259765625,535.7703838427552,515.4128199804695,529.9638803667925,15558700
2025-04-16,500.28411865234375,511.2995098605443,493.6310672206579,506.4591254364096,18735100
2025-04-17,499.4574890136719,505.25399323772916,496.00148267523775,503.212273262548,14593500
2025-04-21,482.705322265625,491.50966603004946,477.8649073178194,489.34840447960073,16166000
2025-04-22,498.2623291015625,504.8357168469179,484.3984562132767,489.8862436640875,17399400
2025-04-23,518.171630859375,533.1808567980303,514.4367556161823,526.3983257879518,18173900
2025-04-24,530.9996948242188,531.7466698835482,515.4127909372843,516.637810582109,13910000
2025-04-25,545.062744140625,547.6422639879924,534.0871710746434,544.5946081566364,17098900
2025-04-28,547.5228271484375,556.2375374162976,538.409766598872,553.3990561017924,15179000
2025-04-29,552.2039184570312,554.3253329246786,541.9255322333729,543.7979549633997,11835000
2025-04-30,546.7857666015625,546.8853389647652,527.3644142359332,536.2285429645594,29244000
2025-05-01,569.9022216796875,590.5585647326062,568.1990964565776,589.6920784232152,31159000
2025-05-02,594.6122436523438,601.9027294588711,575.9976178073379,581.1069334308099,24739300
2025-05-05,596.8531494140625,600.7772617327329,585.6783683283057,588.8355666226496,13887700
2025-05-06,584.9413452148438,593.6262086030198,584.2143087960085,590.1403242884969,10600700
2025-05-07,594.4030151367188,600.6477471780503,584.3038959778277,587.9790163444538,13139100
2025-05-08,595.5982055664062,608.8345844494372,594.2137969163823,603.8447803031055,14622800
2025-05-09,590.1004028320312,604.5219836999701,589.3235802814015,601.2850913628599,10427300
2025-05-12,636.8510131835938,637.8071631499196,618.5252614130806,628.3753263945498,21965100
2025-05-13,653.3842163085938,658.2544484118764,640.2374406337076,642.9364721174845,18570800
2025-05-14,656.7006225585938,659.9972700738914,651.6710026222435,658.5431975219208,12348200
2025-05-15,641.2831420898438,654.6589696292252,636.0045299274248,651.6412216753015,14341800
2025-05-16,637.7574462890625,637.8570186595293,623.6246741050281,635.3870402976211,18519000
2025-05-19,637.8471069335938,640.4067492915384,625.2680394833011,625.7162367689098,9592400
2025-05-20,634.530517578125,636.7714432087338,629.7100715967877,633.4449476478025,6743500
2025-05-21,632.9369506835938,644.0021281038256,627.6284302053292,629.2418916838421,11464600
2025-05-22,634.0026245117188,640.6556757699244,628.1662733645643,631.492768599171,8228400
2025-05-23,624.531005859375,629.8992820739184,620.1388185495641,621.4833495575277,8454100
2025-05-27,639.7293701171875,640.4863145733809,630.1979610255678,632.8472058332585,9508400
2025-05-28,640.984375,648.2549209907568,639.958499945528,640.0082861312126,9042900
2025-05-29,642.4484252929688,650.6850908623647,636.9208212538034,649.0218431897822,8858800
2025-05-30,644.8785400390625,646.7907792932219,630.227907169861,639.9086753837215,16241000
2025-06-02,668.1942749023438,670.5447423988156,641.6616998186762,641.7911803899141,15766300
2025-06-03,664.1604614257812,672.8552932556931,662.3478552754221,668.7419453527419,11585000
2025-06-04,685.1754150390625,686.2211680866209,665.8735723856402,666.6205475323237,14031900
2025-06-05,681.8588256835938,691.5794719470881,679.4983890924821,688.8704104821669,13083100
2025-06-06,694.8960571289062,699.9754637799698,689.0795839414949,693.3622292653906,11728000
2025-06-09,691.2607421875,702.3458579741853,691.1412310298801,695.6430205968694,12773200
2025-06-10,699.567138671875,700.3937473880201,688.7708312874433,698.5213248498013,10850100
2025-06-11,691.3403930664062,706.0109642368116,689.199040180601,700.871802415462,9582500
2025-06-12,690.5635375976562,692.575410020333,684.2292032313352,690.5037820202001,7322700
2025-06-13,680.1159057617188,691.768730540237,678.2634219344503,685.1754345871889,9274400
2025-06-16,699.8262939453125,704.839891030923,691.2444358848513,697.0454302800655,13720300
2025-06-17,694.9522705078125,703.6637089538638,693.7861096962511,699.7067073456836,10066100
2025-06-18,693.4970703125,699.2980647722242,692.6299173050131,695.8991705300261,10068300
2025-06-20,680.120849609375,699.5272759324512,676.4528788689065,698.4607641474819,22538600
2025-06-23,696.248046875,696.7663067524254,676.5326356722177,681.4564999402276,11080100
2025-06-24,709.8734130859375,710.860169242287,699.8163481052391,702.5872956643889,13823200
2025-06-25,706.3648681640625,714.2390846812559,703.0756608117819,710.9897247556078,9320400
2025-06-26,723.718017578125,725.84100327131,708.7271116959034,712.0262960706955,13964800
2025-06-27,731.2334594726562,733.0275672546455,723.4888222247378,724.1467002741234,18775700
2025-06-30,735.6788330078125,745.4567832484664,731.851350759088,742.1176905331245,15402100
2025-07-01,716.8704223632812,735.3399177465482,713.0330238804761,734.4727647300622,13431200
2025-07-02,711.2388916015625,717.946886332231,710.4713875973353,712.9931517050737,9336700
2025-07-03,716.6610717773438,726.6483568484324,712.0860401073405,724.2362189587787,8601700
2025-07-07,716.0032348632812,724.6250009558648,711.1790804792781,715.2556849998467,9457100
2025-07-08,718.315673828125,720.5483463866185,712.4748320749653,719.2127580119818,7770700
2025-07-09,730.3861694335938,735.1206520424314,720.3589752323313,720.3589752323313,11418000
2025-07-10,724.8642578125,733.3962917497249,717.2492014044612,729.1601755610233,9913600
2025-07-11,715.166015625,722.7909877576628,707.3815321195434,720.1397043336653,10873900
2025-07-14,718.5648193359375,725.6217068153527,714.2091004956787,715.2556580979717,8939400
2025-07-15,708.0692749023438,722.1032338104419,707.5011297082585,721.5351494521201,11529500
2025-07-16,700.6136474609375,711.6375132851348,696.985585155631,711.0394977501286,13067600
2025-07-17,699.1185913085938,703.5939743779064,694.8326508122145,702.0888975460598,11803300
2025-07-18,701.9793090820312,702.4078970710398,689.3905635084973,699.896109861645,12779800
2025-07-21,710.6408081054688,714.6576719200774,703.4544009949688,704.4909815749821,9404400
2025-07-22,702.5075073242188,714.258969568067,699.1185901916039,713.8503357336546,8921100
2025-07-23,711.2489013671875,712.2954590710364,702.6271347622425,704.062433018762,8771600
2025-07-24,712.4649047851562,721.256099225235,711.6675303636672,714.7075545657141,10920800
2025-07-25,710.3517456054688,718.2957401275581,709.5743254141869,714.5778842585692,8271700
2025-07-28,715.28564453125,722.3724029167645,710.3518030699777,712.8635901780652,8715700
2025-07-29,697.7132568359375,722.1032896273051,697.6235240780348,717.6479213169642,13267000
2025-07-30,692.9389038085938,706.1854660197899,688.9419939778502,705.7768321791035,27077300
2025-07-31,770.913330078125,782.1863801577031,763.0092430876867,772.667590247117,38831100
2025-08-01,747.5598754882812,763.497629588928,742.8752172910131,758.2448261685668,19028700
2025-08-04,773.8338012695312,774.3122137700193,755.9324499017634,757.5172825632864,15801700
2025-08-05,760.9658813476562,780.5716045689521,760.5073622166124,773.9134347006891,11640300
2025-08-06,769.468017578125,771.1126516160077,757.9757159507556,767.4845283360178,9733900
2025-08-07,759.3412475585938,772.4682063669705,757.0686667309535,770.9631295472946,9019700
2025-08-08,766.786865234375,767.3849416766147,756.101914160301,760.2582747146965,7320800
2025-08-11,763.3681030273438,770.9333352985195,762.1720109386977,767.5643719861222,7612000
2025-08-12,787.419189453125,791.077183084039,769.9065806861354,770.4747258826147,14563100
2025-08-13,777.5316162109375,792.8613769942957,775.6876233736197,788.5654595317508,8811800
2025-08-14,779.5748901367188,785.2363270315518,769.986322264654,775.3387743217048,8116200
2025-08-15,782.664794921875,793.6488143059948,778.269228256533,781.5883668624648,13375400
2025-08-18,764.8631591796875,773.2755899130946,754.0884756033142,772.5579712024165,16513700
2025-08-19,749.0250854492188,764.663832621222,746.9120158198551,764.6140081257292,12286700
2025-08-20,745.27734375,747.7492835360712,728.611993296026,745.1278702665168,11898200
2025-08-21,736.6854858398438,743.0646026719377,730.7150636889187,742.2772053426181,8876300
2025-08-22,752.32421875,754.4273720053774,731.9908982789533,736.81505282597,10612700
2025-08-25,750.8390502929688,756.40083816002,747.679423323267,752.3541041091971,6861200
2025-08-26,751.636474609375,752.4039786334924,745.4966249237331,748.3472672479323,7601800
2025-08-27,744.9384155273438,751.6863183207686,740.4132689939565,749.8423255190061,8315400
2025-08-28,748.6563110351562,750.5899760103364,738.3799934657852,741.5695520935569,7468000
2025-08-29,736.286865234375,744.69929631257,732.9477723395529,742.845387064901,9070500
2025-09-02,732.70849609375,733.5956032036421,719.3722015925617,723.6681190637612,9350900
2025-09-03,734.6422119140625,737.8317704037993,731.5922106765231,733.5956541941185,7699300
2025-09-04,746.204345703125,758.6734271200463,743.3835736708148,746.1245900119145,11439100
2025-09-05,749.9918823242188,755.4739147328357,742.596139272426,750.1613099282893,9663400
2025-09-08,749.8423461914062,764.0059463353695,749.5632925404257,753.5302710608411,13087800
2025-09-09,763.1985473632812,763.7965628893893,750.9686127504068,755.0153467057662,10999000
2025-09-10,749.5233764648438,763.1985869501963,748.5465974429485,762.6304417530438,12478300
2025-09-11,748.4469604492188,754.6266574243845,745.9251963321232,752.1847098305358,7923300
2025-09-12,753.1216430664062,755.095155276553,741.330272625368,746.2840072815898,8248600
2025-09-15,762.2018432617188,771.5412279036273,749.5333431691193,754.9954213012545,10533800
2025-09-16,776.4551391601562,778.8074148399552,762.6005237676653,764.494341124313,11782500
2025-09-17,773.1858520507812,780.7311297077449,763.8066193659058,777.4419223006557,9400900
2025-09-18,777.7011108398438,786.203274581819,770.8336042127465,778.1994774600552,10955000
2025-09-19,775.837158203125,788.2165669565625,766.6771780735046,783.8508708699721,23696800
2025-09-22,763.175048828125,783.6916948825968,762.4868363426395,779.8217552362186,11706900
2025-09-23,753.4404907226562,768.6010126974617,749.1217058463387,767.2545389947088,10872600
2025-09-24,758.6867065429688,759.1355513505183,750.5778529948334,755.5349308449814,8828200
2025-09-25,746.9672241210938,754.8068807440363,742.6185490172081,751.4954858581857,10591100
2025-09-26,741.8206787109375,749.9794521140951,735.4372562509625,748.0544659269957,9696300
2025-09-29,741.4716186523438,748.832479543402,737.2326433015477,746.7777648139662,9246800
2025-09-30,732.4749755859375,741.0426584785586,724.4159185837501,740.3245554260684,16226800
2025-10-01,715.4791870117188,719.9774365591268,708.3576941566364,719.618385039583,20419600
2025-10-02,725.1640014648438,725.8821654223162,716.2771410193245,720.7056259804448,11415300
2025-10-03,708.7167358398438,729.1037149276121,708.3377167266436,727.7372737109582,16154300
2025-10-06,713.8035278320312,715.0203947681905,688.718804278428,703.3607165744016,21654700
2025-10-07,711.230224609375,716.636147605649,703.9192222306009,715.8581417735932,12062900
2025-10-08,715.9779663085938,717.783268775081,705.9739546774089,711.5993392573523,10790600
2025-10-09,731.6072387695312,731.6072387695312,710.5918883665408,716.4167658258609,12717200
2025-10-10,703.4703979492188,733.3626856542741,702.6824691715568,729.0239332852144,16980100
2025-10-13,713.8433837890625,718.072374881022,705.8042950194317,711.1603595995662,9251800
2025-10-14,706.8117065429688,713.6937706407739,697.5158763660478,705.9439682909708,8829800
2025-10-15,715.6885986328125,722.0221626881838,707.6694770310874,715.1998794771447,10246800
2025-10-16,710.2228393554688,723.6080097298942,702.0540824517458,715.6886043056783,9017000
2025-10-17,715.0602416992188,716.6760344343375,704.2882698394852,705.2458014471516,12232400
2025-10-20,730.2706298828125,731.866515781436,718.3117433877071,719.3191330444083,8900200
2025-10-21,731.367919921875,736.5843338414116,726.859625303898,734.1107864324557,7647300
2025-10-22,731.5075073242188,738.6788588958609,722.1518950553793,731.9264616753367,8734500
2025-10-23,732.095947265625,740.4841042897723,731.1982575844598,732.7941435868839,9856000
2025-10-24,736.444580078125,739.2872233202683,729.2533227506186,734.8786455644157,9151300
2025-10-27,748.872314453125,753.7895182960361,746.069606274355,747.7851152228061,11321100
2025-10-28,749.4906616210938,756.4326283200122,743.5860359773924,750.677577029167,12193800
2025-10-29,749.7200317382812,757.1905917498632,740.5838210171188,752.7920587752158,26818600
2025-10-30,664.7410888671875,679.1935516668058,648.4833846789722,667.414190282622,88440100
2025-10-31,646.6681518554688,673.139345897249,643.8953948481166,672.7603267493847,56953200
2025-11-03,636.0557250976562,657.619635334369,634.5296648817072,654.298256711345,33003600
2025-11-04,625.6926879882812,640.0752642850032,624.3860886703497,626.410791028598,27356600
2025-11-05,634.30029296875,640.5639703518489,624.9146693781357,630.6697208898194,20219900
2025-11-06,617.3344116210938,634.3501538797125,616.3968476378337,634.2005186436334,23628800
2025-11-07,620.0972900390625,620.516183502649,599.6404837711106,614.8907991985972,29946800
2025-11-10,630.1212158203125,633.3528014765299,616.5065997528014,629.4529708548182,19245000
2025-11-11,625.4533081054688,627.9268552540688,617.7832543081277,626.3709044869131,13302200
2025-11-12,607.43017578125,627.3583261459861,606.1934022078184,626.5005716840028,24493300
2025-11-13,608.3079223632812,616.0478021853295,601.4357808374693,611.4796659420805,20973800
2025-11-14,607.8790283203125,612.088052043071,593.6560102918138,600.2288811530552,20724100
2025-11-17,600.4483642578125,610.1032465254069,593.855525554584,607.4600964135232,16501300
2025-11-18,596.1395874023438,602.0940719298206,582.2656968950795,590.065358149623,25500600
2025-11-19,588.7886962890625,593.7857099116716,579.7422168855177,592.1798400423816,24744700
2025-11-20,587.6217041015625,605.1460720070379,581.8367012414765,601.9344542639864,20603000
2025-11-21,592.70849609375,596.5684523172222,580.3506215479276,586.9734117815261,21052600
2025-11-24,611.4596557617188,615.1002115339802,596.0796743085915,597.1668126146857,23554900
2025-11-25,634.5695190429688,635.3973829418613,616.6960233021972,622.3812488080194,25213000
2025-11-26,631.9663696289062,636.7040478933542,629.9915253276793,636.0358029520913,15209500
2025-11-28,646.2691650390625,646.3688812783262,633.8514494094911,634.4299618769652,11033200
2025-12-01,639.2074584960938,643.6459265392308,636.1055410281542,637.8908755177382,13029900
2025-12-02,645.4213256835938,646.1893476978298,636.4147821721649,640.6737247939117,11640900
2025-12-03,637.9407958984375,647.1668005690203,635.8961259576193,642.7383158920676,11134300
2025-12-04,659.81396484375,674.3461154685141,658.3377626918029,674.2463992276428,29874600
2025-12-05,671.673095703125,672.9398207362489,660.6717397649775,662.2775487290173,21207900
2025-12-08,665.0702514648438,674.9545781663558,663.344758713728,667.603701448277,13161000
2025-12-09,655.2557983398438,662.7562492699393,651.6451938720459,662.0481300460407,12997100
2025-12-10,648.4435424804688,652.812185461044,641.7310198416047,648.2640167126568,16910900
2025-12-11,651.016845703125,653.5801862453618,639.1377070000864,641.6212380225077,13056700
2025-12-12,642.5587158203125,709.1555202318053,636.9533001226623,648.1142734035774,14016900
2025-12-15,646.3570556640625,651.8372704406642,637.5627451568915,644.5502809809109,15549100
2025-12-16,655.9798583984375,661.3602142938313,642.054686531657,642.3541401459643,14309100
2025-12-17,648.343505859375,660.0526000253047,648.0440522221027,654.4426118233187,15598500
2025-12-18,663.2669067382812,669.366012780715,655.2911433094866,655.8601356908653,20260300
2025-12-19,657.5969848632812,669.8051880946751,657.0080086354003,665.2333263832898,49977100
2025-12-22,660.3220825195312,672.380589007267,655.4807431709672,660.4718397886508,15659400
2025-12-23,663.7559814453125,664.8140915262984,657.0778915122911,658.8746741689592,8486800
2025-12-24,666.3613891601562,666.9902722948509,661.0209394131572,661.3503688947783,5627500
2025-12-26,662.10888671875,667.7588423243637,660.1424238558649,666.8704124858896,7133800
2025-12-29,657.5171508789062,659.0743707339258,653.2248195668056,656.8383689858442,8506500
2025-12-30,664.7642211914062,671.0230153954109,656.6686764849229,657.5171386037911,9187500
2025-12-31,658.9146728515625,663.8159033150052,658.2658058687088,663.5663484641349,7940400
2026-01-02,649.2518920898438,663.2070415689074,642.3542224297569,661.5499631466852,13726500
2026-01-05,657.616943359375,663.3567049684374,646.5966230035071,649.8508280292294,12213700
2026-01-06,659.4437255859375,664.3350252422523,650.7392812609531,658.3956073528642,11074400
2026-01-07,647.5349731445312,657.9763704555172,643.6618768302103,654.4726104611178,12846300
2026-01-08,644.9096069335938,645.9477331499952,634.5879917891143,644.7299347572825,11921700
2026-01-09,651.8970947265625,653.7837438291153,641.7052537227476,644.2906685217797,11634900
2026-01-12,640.826904296875,652.8055375702352,640.0882316599212,651.3681600668523,14797200
2026-01-13,629.96630859375,641.1263941859123,622.9887038024194,641.1263941859123,18030400
2026-01-14,614.4240112304688,627.3309804807691,613.7252454803604,625.3844405077801,15527900
2026-01-15,619.694580078125,623.0585745209008,613.1362714280776,617.378703801015,13076100
2026-01-16,619.1455688476562,627.9598630097294,618.9758886129073,623.0685636897582,17012500
2026-01-20,603.0443115234375,610.3113781504126,598.9316523845154,606.7976262932837,15169600
2026-01-21,611.8685913085938,617.169133937088,599.0115204374271,605.659634898437,14494700
2026-01-22,646.476806640625,659.3937675491238,625.4343255489129,628.2293275614567,21394700
2026-01-23,657.5870361328125,665.3032527677875,643.3025186421843,643.6219561683764,22797700
2026-01-26,671.1627807617188,674.0776252750454,660.1124846991261,663.9456740004919,16327400
2026-01-27,671.7716674804688,675.6148486525956,663.4764668627315,673.3888389297905,13297400
2026-01-28,667.5392456054688,676.4733214975852,664.9139236867763,673.2989910894674,25709600
2026-01-29,736.995361328125,742.6752321400184,711.2812198864386,736.1169233837337,59852900
2026-01-30,715.2241821289062,730.8662626744616,712.3193905555435,726.2045952530067,23744600
2026-02-02,705.152099609375,720.0156002559207,702.2672920108814,713.3275184694113,14365200
2026-02-03,690.4683227539062,715.7232596178901,685.1877035052055,706.1104025957663,13760700
2026-02-04,667.7987670898438,687.603466213174,666.2715231343633,686.5053883494637,16882800
2026-02-05,669.0166015625,680.2864759062725,652.3363345630947,662.3984025060512,17131800
2026-02-06,660.2822265625,670.7934451675868,645.3488423980709,664.3050190645899,18159300
2026-02-09,676.0140991210938,682.0932819515241,657.6069922476072,661.9991209626965,14837500
2026-02-10,669.5256958007812,679.4380681924739,668.597359057372,676.3934502400131,10455800
2026-02-11,667.4993286132812,678.0605068549233,655.9299390360635,672.7998711552045,14323800
2026-02-12,648.6529541015625,674.7963229561075,644.1310518439949,668.7770306530766,14960100
2026-02-13,638.630859375,650.2700710327099,633.4401061931457,643.9513250294082,12336400
2026-02-17,638.151611328125,641.4557148619026,627.6803003409905,638.3612593202278,12674700
2026-02-18,642.0746459960938,643.8515057528024,627.0315334227189,632.67143641335,14649200
2026-02-19,643.6318969726562,646.0375787806976,635.5861905818066,637.432932921519,10035700
2026-02-20,654.4924926757812,662.1688021543367,637.6426055733327,638.5509584025834,14183500
2026-02-23,636.1152954101562,656.5288937722072,634.8675211939732,651.3780476889771,8605900
2026-02-24,638.16162109375,639.9683956881865,627.8599900449855,631.9527259539814,10135600
2026-02-25,652.5260620117188,652.7157261405878,640.9966397738364,641.3859599741169,11330700
2026-02-26,655.8401489257812,659.823034651462,646.3470725216666,649.3916295582877,10637700
2026-02-27,647.02587890625,648.2836451675449,636.983793627941,642.3043203814821,15703000
2026-03-02,652.396240234375,658.764884603327,633.3701817354564,636.0254184162494,9816100
2026-03-03,653.91357421875,657.866484005116,637.7025010942567,647.1356255764312,12263800
2026-03-04,666.541015625,671.5720803574089,656.4989309709863,656.788453587829,10810100
2026-03-05,659.393798828125,669.5057662619517,649.1520579976961,660.751362594833,13341400
2026-03-06,643.7117309570312,648.3135076492586,634.9773114336934,646.7463568472266,13159400
2026-03-09,646.2373046875,646.596649067328,625.6640164348609,633.6497720389343,13489700
2026-03-10,652.9053344726562,659.1242214972237,647.8443550809549,652.3962328583322,9859300
2026-03-11,653.6939086914062,657.9463328691638,647.2054829186618,653.5941111270305,8977200
2026-03-12,637.0436401367188,652.336368433984,635.7659510050273,647.5948263527883,11617500
2026-03-13,612.6171875,628.0496188589474,608.4645611002024,622.7790526456299,18957600
2026-03-16,626.8690185546875,634.1622468505053,622.5230098937741,631.4147932406764,15134900
2026-03-17,622.0834350585938,635.9605885584036,621.1243629754691,627.4085169382369,10348800
2026-03-18,615.1099243164062,622.0735023862151,614.04090772979,615.769347359454,11726300
2026-03-19,606.1382446289062,612.4323990135786,601.7023533616688,611.5832104537112,13247700
2026-03-20,593.1102905273438,603.400802317344,586.7062525156723,602.9712077810872,21214900
2026-03-23,603.5006713867188,608.0764476338709,598.4553596033379,605.2290499891692,13638000
2026-03-24,592.3709716796875,600.443507118967,590.4527665679026,598.5452420228083,10739700
2026-03-25,594.3391723632812,603.1110107561809,592.850561795072,598.1855830392399,12585000
2026-03-26,547.032958984375,582.460145169462,542.8468364624507,581.9506076701073,35780100
2026-03-27,525.233154296875,543.0966023049141,519.7782492802263,539.599843303006,30133000
2026-03-30,535.8833618164062,539.0504095872608,528.0505941707193,535.8833618164062,22795200
2026-03-31,571.6002197265625,573.1587727471259,546.2637174010383,549.4707059552647,32898300
2026-04-01,578.6936645507812,592.0013387220274,573.2887005646345,579.5928556215499,23608100
2026-04-02,573.9281005859375,577.9643377947169,559.1817578546791,565.5158531822124,13518500
2026-04-06,572.4894409179688,582.2503530791108,571.4703658572956,577.1550997330287,9515700
2026-04-07,574.5175170898438,574.6973431004155,564.2370671243236,571.9498894780604,9580800
2026-04-08,611.8529052734375,629.3667024291958,591.2820049792073,605.4388670235439,32036600
2026-04-09,627.8081665039062,636.9097166035551,622.4231426572783,626.3894374266143,19012900
2026-04-10,629.2767333984375,637.9886903650855,623.7518859014353,633.882449891805,13294800
2026-04-13,633.9425048828125,634.4120404303904,623.8218795800174,628.9171329935918,9538900
2026-04-14,661.8765258789062,665.6430543798978,638.7779398291946,642.624350345733,17818000
2026-04-15,670.9581909179688,677.8717665104965,663.6049593103575,666.3824145357423,14952600
2026-04-16,676.2432250976562,676.9525896021297,667.131674939706,675.3640350842893,9544800
2026-04-17,687.9124145507812,690.8796961433965,674.5048580761284,677.9716157075654,16283500
2026-04-20,670.2887573242188,682.7472426832454,667.381478611767,680.7290935491282,12534000
2026-04-21,668.220703125,675.5738733736962,666.7120915784461,670.3786762058809,8660100
2026-04-22,674.09521484375,677.7518600207422,669.1298460769134,673.7355628200382,9215600
2026-04-23,658.5396728515625,668.9400066983026,652.4452846667049,663.0854475032797,11667000
2026-04-24,674.4049682617188,680.0396994180859,653.2345872360809,659.7085674039201,13348300
2026-04-27,677.9916381835938,681.8680504402118,670.2188736545023,670.3786986745525,12805200
2026-04-28,670.7183837890625,677.5520159823654,665.0136491453696,673.6156618787633,10606800
2026-04-29,668.5004272460938,673.6256820299297,663.1953464496755,668.290599742094,18947500
2026-04-30,611.3433837890625,620.2751083620838,599.4444385151393,618.7465567527638,52765000
2026-05-01,608.1863403320312,618.3069655430758,605.548770151405,614.120842749119,21404000
2026-05-04,609.8447875976562,613.4314904063681,602.1919069095087,607.3771038685389,16203900
2026-05-05,604.3998413085938,613.7811000159977,599.8040642277598,612.7420849871345,17171300
2026-05-06,612.3125,619.3759607512419,597.5461564796674,600.4934370812971,19915500
2026-05-07,616.2388305664062,624.4012480600104,612.9718390781961,614.150739078972,12307400
2026-05-08,609.0654907226562,616.1988937552933,605.4987892063378,614.6303402495529,13557000
2026-05-11,598.3054809570312,604.3498668649182,597.5262348938886,604.010215830275,15940600
2026-05-12,602.441650390625,603.1909559259367,592.0512559095129,594.2692320029287,11351600
2026-05-13,616.0590209960938,619.3260125714435,596.1074810052941,598.275515544453,14634400
2026-05-14,617.8573608398438,623.152441138389,614.4305441468357,615.429618202359,10651200
2026-05-15,613.6612548828125,620.6248329546977,608.7458274653094,613.421486859321,13272600
2026-05-18,610.64404296875,615.0199919776213,603.1309869574205,608.5459509764945,13772400
2026-05-19,602.052001953125,613.361527578881,599.9939118379299,608.3561568042173,11749900
2026-05-20,604.499755859375,607.4370360716302,597.2564688338498,600.2037495434126,11329700
2026-05-21,606.8175659179688,609.0354809096541,594.2591985256718,599.4443949814065,13476100
2026-05-22,609.6949462890625,614.2407210713809,606.3880135859368,607.3171451453314,11688600
2026-05-26,611.7730102539062,613.9009818092591,604.7394901495815,608.3261927003538,12234200
2026-05-27,634.6718139648438,637.908804248614,608.4361186960156,608.8357727220844,23143600
2026-05-28,634.7017211914062,642.4046039468743,628.7272779804616,638.9078448274123,16772400
2026-05-29,631.92431640625,633.9124639439917,622.7727642602187,632.9133899267435,19806500
2026-06-01,599.9139404296875,635.1613007084701,598.974869401479,629.8162791560948,29138800
2026-06-02,597.0765991210938,608.3161816139932,596.1274666259658,602.68138962268,18252000
2026-06-03,622.4031372070312,623.5720977596394,599.7142043737263,602.4416570391962,23020100
2026-06-04,626.9888916015625,641.8051764288737,621.8536364911718,623.0924785224576,21469200
2026-06-05,592.450927734375,628.567480013855,582.3702434655938,622.8827460758752,30091600
2026-06-08,584.8479614257812,591.4518261333767,578.6836307521693,591.4518261333767,19512400
2026-06-09,584.0487060546875,597.0766092757164,580.4720040020986,590.4527436689563,16977400
2026-06-10,570.4512939453125,590.7724873942649,570.0716409197756,580.192266144374,17064000
2026-06-11,567.9036254882812,571.6401524850257,556.4942175026772,565.3060574843756,17628000
2026-06-12,566.4549560546875,575.5365655300229,560.3806300495169,572.4194595335534,14326400
2026-06-15,593.47998046875,601.27001953125,579.2999877929688,579.9000244140625,17653300
2026-06-16,600.2100219726562,605.8099975585938,592.0,593.6500244140625,11344400
2026-06-17,567.5800170898438,593.8099975585938,566.1900024414062,592.0,20478300
2026-06-18,577.219970703125,580.219970703125,563.0999755859375,572.8200073242188,28824600
2026-06-22,563.8499755859375,575.8099975585938,559.8099975585938,572.02001953125,15405500
2026-06-23,562.2000122070312,572.2000122070312,561.02001953125,562.25,13103300
2026-06-24,557.6699829101562,569.0399780273438,555.5499877929688,561.8900146484375,13963600
2026-06-25,542.8699951171875,556.3400268554688,540.1799926757812,555.5499877929688,16968600
2026-06-26,550.25,556.8499755859375,540.4000244140625,543.3400268554688,18867700
2026-06-29,562.5999755859375,570.9000244140625,558.0,560.0,15011400
2026-06-30,563.2899780273438,565.5399780273438,551.4299926757812,560.9400024414062,18111100
2026-07-01,612.9099731445312,628.280029296875,595.0999755859375,607.9099731445312,45536300
2026-07-02,582.9000244140625,610.0,580.4199829101562,607.9000244140625,21705900
2026-07-06,600.2899780273438,603.5800170898438,581.760009765625,594.8400268554688,17674100
2026-07-07,615.5800170898438,625.3699951171875,603.6599731445312,607.5900268554688,18560800
2026-07-08,603.1199951171875,616.0,598.010009765625,614.3900146484375,13606500
2026-07-09,631.47998046875,633.27001953125,577.0700073242188,583.989990234375,26579700
2026-07-10,669.2100219726562,677.8599853515625,658.010009765625,660.3400268554688,40608900
2026-07-13,656.72998046875,676.6199951171875,654.2000122070312,661.3800048828125,19840700
2026-07-14,661.0399780273438,666.5,649.0499877929688,652.0,16748200
2026-07-15,681.3099975585938,686.0800170898438,656.6599731445312,663.5999755859375,19003400
2026-07-16,664.5399780273438,681.9000244140625,660.1599731445312,677.280029296875,15816000
2026-07-17,646.010009765625,652.2000122070312,626.0,647.7000122070312,22267900
2026-07-20,645.8499755859375,653.2999877929688,636.010009765625,646.7000122070312,10225200
2026-07-21,643.8099975585938,655.8800048828125,643.2000122070312,654.1799926757812,9140500
2026-07-22,627.1699829101562,649.0,624.0,647.7000122070312,11019600
2026-07-23,606.0999755859375,614.6500244140625,597.219970703125,608.4099731445312,15494800
2026-07-24,595.1900024414062,609.97998046875,594.4500122070312,605.2999877929688,11503500
2026-07-27,593.8699951171875,611.260009765625,593.1300048828125,607.219970703125,11195300
2026-07-28,593.4099731445312,601.0,587.0,596.8200073242188,12009300
2026-07-29,585.6099853515625,599.969970703125,582.219970703125,593.25,22371100
2026-07-30,539.030029296875,539.8800048828125,524.489990234375,526.0,42271500
2026-07-31,556.7100219726562,558.3300170898438,540.219970703125,543.5999755859375,24261500
2026-08-03,590.239990234375,597.52001953125,559.3599853515625,562.239990234375,25938100
2026-08-04,587.9400024414062,592.7899780273438,578.25,581.5,17959200
2026-08-05,588.77001953125,601.0,580.1199951171875,600.4600219726562,14897200
2026-08-06,589.9000244140625,595.3099975585938,586.0,586.9500122070312,11811500
2026-08-07,592.0999755859375,598.739990234375,585.6199951171875,585.6400146484375,11250300
2026-08-10,594.9199829101562,608.2100219726562,592.030029296875,599.1300048828125,14967300
2026-08-11,599.1199951171875,612.4299926757812,593.4000244140625,598.0,13146900
2026-08-12,578.8499755859375,604.5,578.2100219726562,601.0700073242188,16186900
2026-08-13,594.969970703125,595.8499755859375,579.3900146484375,580.7100219726562,11164200
2026-08-14,589.8499755859375,601.8599853515625,589.2899780273438,596.97998046875,8758000
2026-08-17,568.969970703125,590.239990234375,564.75,589.75,17225600
2026-08-18,543.6699829101562,560.6599731445312,543.2100219726562,557.47998046875,27094900
2026-08-19,546.030029296875,554.0700073242188,537.27001953125,541.3400268554688,16971700
2026-08-20,545.8300170898438,549.989990234375,539.3099975585938,546.9500122070312,13872200
2026-08-21,549.9000244140625,553.8699951171875,543.22998046875,546.8900146484375,13848000
2026-08-24,559.02001953125,561.4199829101562,546.2999877929688,550.2000122070312,12990600
2026-08-25,570.0499877929688,570.7999877929688,561.4000244140625,563.8800048828125,9769100
2026-08-26,576.1400146484375,593.3400268554688,561.8800048828125,590.3099975585938,31416300
2026-08-27,571.0999755859375,588.3900146484375,567.6199951171875,576.47998046875,15221400
2026-08-28,578.02001953125,589.1900024414062,571.0,571.5499877929688,16042400
2026-08-31,572.3400268554688,578.6799926757812,569.1400146484375,577.6300048828125,13383800
2026-09-01,578.5399780273438,584.9500122070312,556.0999755859375,558.3499755859375,15796900
2026-09-02,592.8499755859375,600.3800048828125,577.0,578.7899780273438,16487300
