Date,Close,High,Low,Open,Volume
2015-01-02,39.607173919677734,40.16621433203323,39.420829269670776,39.52247209978069,27913900
2015-01-05,39.24297332763672,39.581784009498065,39.175209252563086,39.27685213400459,39673900
2015-01-06,38.66698455810547,39.59871780215953,38.57381058746639,39.28531709005674,36447900
2015-01-07,39.158260345458984,39.35307717529689,38.53145893314019,38.94650250026539,29114100
2015-01-08,40.31023025512695,40.445755169379694,39.57331373582574,39.59872364750787,29645200
2015-01-09,39.97140884399414,40.50503950724096,39.725772204490376,40.32716369654809,23944200
2015-01-12,39.47165298461914,40.26786438776945,39.26836730423394,40.16621831640922,23651900
2015-01-13,39.26837158203125,40.581269450698834,39.01426283828397,39.78506119197924,35270600
2015-01-14,38.92957305908203,39.16674411340675,38.64158217474929,38.92957305908203,29719600
2015-01-15,38.522972106933594,39.28530135114198,38.46368019140262,39.14977651119016,32750800
2015-01-16,39.16673278808594,39.20061158790526,38.26040623059236,38.37899333904909,35695300
2015-01-20,39.29377746582031,39.51400739071998,38.59921212944626,39.21754452738084,36161900
2015-01-21,38.89567565917969,39.08202357874209,38.52298305122286,38.91261667288245,39081100
2015-01-22,39.920570373535156,39.929039261490544,39.031188504549974,39.285297148379065,35898000
2015-01-23,39.96293258666992,40.1408083645792,39.641059823428634,40.11539846235434,26211600
2015-01-26,39.81895065307617,39.920596762733545,39.16673922087003,39.81048175952248,42525500
2015-01-27,36.13434982299805,36.59174743331679,35.66848332263674,36.379989639410056,169164000
2015-01-28,34.88920974731445,36.24446144218995,34.863799848359676,36.20211053354292,84507100
2015-01-29,35.58379364013672,35.67696762669774,34.55041735660179,34.669001255436214,63585300
2015-01-30,34.22006607055664,35.21956327058834,34.17771192030282,35.194150134202445,78004900
2015-02-02,34.96544647216797,35.04167940847748,34.07606436933538,34.38099611457342,50352500
2015-02-03,35.236507415771484,35.51602934831219,34.770640759372235,35.261920556746105,52082400
2015-02-04,35.43978500366211,35.75318563821659,35.03321042152365,35.524486829919795,41614800
2015-02-05,35.95647430419922,36.11740906547864,35.45672577782178,35.7616575201765,36548200
2015-02-06,35.922603607177734,36.24447646238456,35.70237685224794,36.15130248604822,34616600
2015-02-09,35.8802490234375,36.202121845833425,35.75319302662726,35.77860616469024,31381100
2015-02-10,36.083518981933594,36.227515930840994,35.7277675161038,36.20210603504367,29670700
2015-02-11,35.89719009399414,36.125888949905686,35.75319308197507,36.125888949905686,38262500
2015-02-12,36.49858093261719,36.49858093261719,36.007301199573504,36.134357194303604,33268800
2015-02-13,37.15925598144531,37.15925598144531,36.54939574513008,36.744212523649836,40264900
2015-02-17,37.17631530761719,37.534598549959924,36.84361954151914,37.509007819553176,33695700
2015-02-18,37.133663177490234,37.2786849228869,37.01423541902377,37.218971043653674,27111700
2015-02-19,37.10808181762695,37.13367255685861,36.72420445833611,36.83510308527861,27603400
2015-02-20,37.41518020629883,37.43224178224554,36.92893668138766,37.11660750847572,29721100
2015-02-23,37.66256332397461,37.69668321730927,37.236033742748,37.27868605003817,32518800
2015-02-24,37.61137390136719,37.790515522090956,37.46635216971315,37.66255861621485,25271700
2015-02-25,37.52608108520508,37.611385715918516,37.36399773102126,37.491957931254476,29759800
2015-02-26,37.585784912109375,37.730803396319054,37.4407631737375,37.52607103576866,28957300
2015-02-27,37.40664291381836,37.70521557271079,37.24456284470243,37.64550169176479,33807700
2015-03-02,37.43223571777344,37.69668196669678,37.150724641505214,37.25309082643805,31924000
2015-03-03,36.92040252685547,37.38958770787749,36.75832244424232,37.15926132469288,31748600
2015-03-04,36.73272705078125,36.86068396688332,36.57917614812892,36.69007149125159,25748700
2015-03-05,36.77537155151367,36.886270125263245,36.52798367705754,36.74124841279663,23193500
2015-03-06,36.13558578491211,36.77538014157369,35.95644414604583,36.68154311526401,36248800
2015-03-09,36.553592681884766,36.79245151817887,35.990573628173976,35.990573628173976,32108000
2015-03-10,35.85408020019531,36.43416076612526,35.85408020019531,36.127058907202006,39159700
2015-03-11,35.811439514160156,36.144132217953604,35.69201169784086,36.092950727624725,32215300
2015-03-12,34.992496490478516,35.52992481614904,34.8560071185486,35.256946072289196,59992500
2015-03-13,35.299591064453125,35.376366523614216,34.64273508144439,34.719510540605484,58007700
2015-03-16,35.45314025878906,35.521383300190095,35.214281478479236,35.37636480336135,35273500
2015-03-17,35.57257843017578,35.6834770658335,35.10339640046558,35.291067259851594,31673400
2015-03-18,36.25501251220703,36.53652358312324,35.256934906221815,35.34223951635033,44194800
2015-03-19,36.07587814331055,36.331795279394335,36.016164253363094,36.05028415178811,33879100
2015-03-20,36.57918167114258,36.66448629475725,36.24648908321741,36.30620297058025,71904500
2015-03-23,36.56211471557617,36.792441070439295,36.493868423396435,36.579176288621106,26246100
2015-03-24,36.59623718261719,36.82656027904431,36.46827701423567,36.49386774624707,25513300
2015-03-25,35.367828369140625,36.621826247199586,35.3507667971891,36.61329383414277,43469900
2015-03-26,35.15457534790039,35.495800392627054,34.90718735318171,35.16310776380831,37495600
2015-03-27,34.949832916259766,35.342239327412805,34.830405161053385,35.07778983076849,34401400
2015-03-30,34.941307067871094,35.436083008588625,34.898654755020964,35.0607348455166,35049700
2015-03-31,34.68537902832031,35.00100994914319,34.58301285884081,34.787745197799815,34887200
2015-04-01,34.73657989501953,34.77069979793954,34.386825670323304,34.63421042376939,36865300
2015-04-02,34.36976623535156,34.7536436410728,34.224744435784174,34.685397322649656,37487500
2015-04-06,35.44460678100586,35.64080999361883,34.275916664936226,34.412405997804484,39223700
2015-04-07,35.42755126953125,35.751714710870914,35.239880438577075,35.495797574723994,28809400
2015-04-08,35.333717346191406,35.56404376530546,35.0095571303982,35.36784050180013,24753400
2015-04-09,35.3848762512207,35.504303954514484,35.188673130929374,35.188673130929374,25723900
2015-04-10,35.589637756347656,35.78584101983785,35.32518818164528,35.51286228331556,28022000
2015-04-13,35.62375259399414,35.87967297049838,35.30812158491174,35.31665399968202,30276700
2015-04-14,35.52989959716797,35.85405959156199,35.30810249136047,35.657856462062135,24244400
2015-04-15,36.05028533935547,36.22089785375262,35.55551262718309,35.62375568044412,27343600
2015-04-16,35.96498107910156,36.118532018221806,35.67494077789256,35.78583940151564,22509700
2015-04-17,35.50430679321289,35.60667619350167,35.11190052125591,35.54695908291932,42387600
2015-04-20,36.60477828979492,36.82657229933314,35.55551563073608,35.59816794939766,46057700
2015-04-21,36.37444305419922,36.80950506000072,36.28060602337291,36.681544880844385,26013800
2015-04-22,36.67301940917969,36.79244718618352,36.29767124812437,36.40003744924724,25064300
2015-04-23,36.971580505371094,37.20190684652364,36.510927823065984,36.58770327011684,46309500
2015-04-24,40.83594512939453,41.06627151594485,38.94215581914096,38.950684979755664,130933700
2015-04-27,40.97243881225586,41.05774669824027,40.28146283367923,40.28999199519612,59248200
2015-04-28,41.93638610839844,41.97903841346363,40.69092057718614,40.75916361445799,60730800
2015-04-29,41.8510856628418,42.06435046355186,41.37337133775271,41.5610454037096,47804600
2015-04-30,41.49281311035156,42.2605679537094,41.4586899497215,41.54399785129666,64725500
2015-05-01,41.509864807128906,41.69753889174516,41.28807082417028,41.44162175628123,38937300
2015-05-04,41.151580810546875,41.68900581018208,41.100396082607055,41.262476173172175,34039500
2015-05-05,40.605613708496094,41.083327997761145,40.3582290313875,40.793287760379215,50369200
2015-05-06,39.47957229614258,40.750631728683416,39.25777837214538,40.580019265675226,52433000
2015-05-07,39.837867736816406,40.1705603245772,39.37721495953401,39.471051997961474,32971700
2015-05-08,40.733577728271484,40.92978095824322,40.53737449829975,40.562965233550905,35364900
2015-05-11,40.409423828125,40.87007669608258,40.409423828125,40.56297478411086,24609400
2015-05-12,40.39235305786133,40.67386416449815,39.59900771718281,39.96582344477235,29928300
2015-05-13,40.6312141418457,41.219823869552805,40.580029413894394,41.10892525273974,34184600
2015-05-14,41.5610466003418,41.646351221416886,40.97243365077051,40.97243365077051,32980900
2015-05-15,41.20276641845703,41.723133148486845,40.98950157855387,41.68900999310317,28642700
2015-05-18,40.95537567138672,41.134520598032694,40.614153902966216,40.929784933650005,24136500
2015-05-19,40.852333068847656,41.049811369468244,40.50889055236194,40.83516061549231,28574800
2015-05-20,40.852333068847656,41.15284281428973,40.5861649548057,40.689196399627185,25047900
2015-05-21,40.71497344970703,40.869522330541244,40.36294617120958,40.594769492460905,22410700
2015-05-22,40.26847839355469,40.654847088605955,40.19978858757477,40.611917597523615,25720600
2015-05-26,40.0023307800293,40.25132654116779,39.658888124989176,40.208397028115755,29581900
2015-05-27,40.87809753417969,41.0154739106577,40.028078952945556,40.19980024237086,27335600
2015-05-28,40.740726470947266,41.23013008068323,40.68920909480763,40.7836559800745,19283700
2015-05-29,40.23414611816406,40.84375359866685,40.002322863188795,40.72354967578588,36519600
2015-06-01,40.55183410644531,41.01548068184302,40.02808556112327,40.40587311528958,28837300
2015-06-02,40.28567123413086,40.65487096987068,40.02809086102014,40.2942591025781,21498300
2015-06-03,40.225547790527344,40.989707184255096,40.199790749554744,40.672021727477905,28002200
2015-06-04,39.804847717285156,40.49172967125194,39.6674713264918,40.17404738166321,27745500
2015-06-05,39.61594772338867,39.942217828469396,39.35836744056115,39.76191195802123,25438100
2015-06-08,39.26392364501953,39.86494653552109,39.212406274298395,39.75332720328093,22121600
2015-06-09,39.19524002075195,39.44423247622676,39.032103305603655,39.289683627829156,24406100
2015-06-10,40.01949691772461,40.208390675684974,39.2295802460542,39.31544253390499,28417400
2015-06-11,39.873531341552734,40.285660483612695,39.607366446334936,40.06242509323861,27347800
2015-06-12,39.46999740600586,39.89929908490412,39.40989543298505,39.684648245454994,23931000
2015-06-15,39.049259185791016,39.19522338078166,38.65430264103296,39.02350214709683,33254500
2015-06-16,39.34978485107422,39.70181201974231,38.894722943787784,38.93765244722317,27070300
2015-06-17,39.46999740600586,39.55585643166076,38.94624883370008,39.263931158997465,28704100
2015-06-18,40.113929748535156,40.182616279449924,39.64169551901386,39.6846282855596,32658300
2015-06-19,39.58160400390625,40.20838718724818,39.48716040843127,40.17404227508759,63837000
2015-06-22,39.693233489990234,40.11395058335945,39.63313151598205,39.77909579236759,20318100
2015-06-23,39.41846466064453,39.73614686211372,39.16946899786381,39.60735837383137,25896500
2015-06-24,39.186649322509766,39.710397795867216,39.10937490389455,39.21240637027775,34890900
2015-06-25,39.19524002075195,39.547267225366156,39.06644822198346,39.52150690042556,20616000
2015-06-26,38.860374450683594,39.73614999638676,38.66289613282565,39.195232407375784,49835300
2015-06-29,38.09621810913086,38.83461728908655,38.08763351938501,38.67148388142854,34081700
2015-06-30,37.907325744628906,38.39672921822506,37.72701661595347,38.38814135360159,35945400
2015-07-01,38.1649055480957,38.83461486707315,37.864392520759445,38.17349013730616,28343900
2015-07-02,38.12199020385742,38.42250006744453,37.83006493266772,38.190676768972246,21752000
2015-07-06,38.1133918762207,38.19066628783743,37.73560768348946,37.74419227353089,23034000
2015-07-07,38.03612518310547,38.199261904795925,37.19469434992606,38.07047010086258,36435800
2015-07-08,37.98461151123047,38.551289559383044,37.8043023286229,38.15632955133418,39785900
2015-07-09,38.225013732910156,38.826036610297436,38.20784127637781,38.42249207006533,32424700
2015-07-10,38.302276611328125,38.75733510876255,38.26793170860962,38.64571581258252,25465800
2015-07-13,39.100791931152344,39.1694784864798,38.594215893780735,38.6199729426146,28178300
2015-07-14,39.16947555541992,39.461400763167404,38.903310669890054,39.02351458920176,22880300
2015-07-15,39.28968811035156,39.40130746366471,39.00635070617127,39.221001545067075,26629600
2015-07-16,40.06243133544922,40.08818838730645,39.469996215550346,39.5043378595894,26271700
2015-07-17,40.028076171875,40.16545253880838,39.71897852744716,39.96797421604858,29467100
2015-07-20,40.28567123413086,40.46598044308929,39.873541982091275,40.053851191049716,30631900
2015-07-21,40.594749450683594,40.63768222162874,39.90786769459879,40.16544794371677,42781900
2015-07-22,39.100791931152344,40.29424989835544,38.808866701560035,39.01492964285379,59152400
2015-07-23,39.59019470214844,39.69322617069067,38.72300362225994,38.868967871730156,33934000
2015-07-24,39.444244384765625,39.770514638254376,39.324040416457265,39.41848732736026,32333200
2015-07-27,38.93766403198242,39.5043421617371,38.8518049995668,39.44424018398374,39701400
2015-07-28,38.929073333740234,39.18665366590373,38.45684217888857,39.135139564658004,34328900
2015-07-29,39.7447395324707,40.16545323050078,38.86037608450338,38.980583273537256,40945900
2015-07-30,40.25130844116211,40.697782381821355,39.435634958713685,39.718972237696995,39777900
2015-07-31,40.096771240234375,40.67203382851458,39.925049940267726,40.603347273714746,31201500
2015-08-03,40.19121551513672,40.35434893811495,39.88211785028435,40.33717648169969,24125900
2015-08-04,40.8180046081543,40.96396560751812,40.079605192918265,40.13970716622242,33403900
2015-08-05,40.852333068847656,41.56497186888624,40.81798816213697,41.1957723100228,26959700
2015-08-06,40.028076171875,41.01547106098493,39.77908375858453,40.96395369514331,27368000
2015-08-07,40.131099700927734,40.16544132659138,39.718967439863725,39.83058673037315,19163000
2015-08-10,40.63768768310547,40.77506405278504,40.216970708599334,40.31141757687485,23079900
2015-08-11,39.84777069091797,40.302829296678034,39.40988454060501,40.199797839306335,29237400
2015-08-12,40.131099700927734,40.26847602951239,39.24673651506084,39.65886550081481,30181400
2015-08-13,40.122535705566406,40.44021804027626,39.91647272776455,40.405876394183935,22627200
2015-08-14,40.35435485839844,40.44021387775974,39.94222566990325,39.95081026171473,21473400
2015-08-17,40.62910079956055,40.7407201261575,39.985148437003716,40.19121463415878,21099700
2015-08-18,40.85380172729492,40.99208397775549,40.36117100397233,40.48216756101172,23574100
2015-08-19,40.28340530395508,40.68961104132923,40.01548187976419,40.430328819314,31485500
2015-08-20,39.462345123291016,40.16240105517822,39.462345123291016,39.81669368950089,36238200
2015-08-21,37.223899841308594,39.30677872622342,37.223899841308594,39.15121073507543,70053100
2015-08-24,36.02256774902344,36.89547400376048,34.328609032816985,34.95952212721297,88753700
2015-08-25,34.97681427001953,37.37082930873184,34.907671470373906,36.79176990088526,70616600
2015-08-26,36.91275405883789,37.02510942192823,35.48671891446731,36.3077679535402,63408000
2015-08-27,37.94124221801758,37.984454817062975,37.102903949514904,37.36218284069729,50943200
2015-08-28,37.96717834472656,38.157317783025384,37.500474249035335,37.50911874909116,28246700
2015-08-31,37.61281204223633,37.9671605494939,37.24981903897462,37.647383432434445,34441700
2015-09-01,36.14358139038086,36.809066192363204,36.00529904820993,36.446072983595066,49688900
2015-09-02,37.47453308105469,37.49181877767716,36.19542120317708,36.61026803138796,37671500
2015-09-03,37.59553146362305,38.01037831173041,37.40539208856604,37.51774747354606,28285200
2015-09-04,36.82633972167969,37.19797401156473,36.47199113096488,36.99919341647204,37138800
2015-09-08,37.932594299316406,38.02766398678893,37.336252573683794,37.42267776398081,32469800
2015-09-09,37.223899841308594,38.373374076245405,37.0856175488337,38.20916158730591,33469500
2015-09-10,37.41404342651367,37.84617605108349,36.94733940071979,37.26711661976658,31366600
2015-09-11,37.57823944091797,37.67330911244414,37.111535579012696,37.28438922752307,27132500
2015-09-14,37.19797134399414,37.54367541187742,37.042403359528244,37.53503421136699,23656000
2015-09-15,38.010379791259766,38.278303166822504,37.2325431571228,37.327609551442016,28882200
2015-09-16,38.28695297241211,38.356095780449344,37.889391716929666,38.00174713153489,23372200
2015-09-17,38.243736267089844,38.89193518687103,38.096812761123005,38.27830766740329,32768200
2015-09-18,37.57823944091797,38.01901640946489,37.448601677217034,37.59552513545992,63143700
2015-09-21,38.12273406982422,38.43387003317731,37.681957022770774,37.69924272039147,26177200
2015-09-22,37.94124221801758,38.070880015153776,37.431325636697906,37.491823934743465,28085900
2015-09-23,37.91532516479492,38.17460414585899,37.604189068753584,37.96718227977218,17145200
2015-09-24,37.949886322021484,38.14002572865785,37.39675709934505,37.55232510533658,27905600
2015-09-25,37.975807189941406,38.65857740809311,37.820239208668625,38.442511133759766,29384600
2015-09-28,37.41404342651367,38.10545496644333,37.34490062406556,37.880747452307546,27613800
2015-09-29,37.543678283691406,37.65603368037997,37.20661539053574,37.48317998476141,32763600
2015-09-30,38.25236892700195,38.286940319595644,37.73381122573444,37.92395058809028,34958900
2015-10-01,38.55485153198242,38.675848071068124,37.81158330970347,38.675848071068124,28657900
2015-10-02,39.384552001953125,39.384552001953125,37.95851357021136,38.26100826929153,41839000
2015-10-05,40.30069351196289,40.525401048521346,39.496926486305476,39.54013909369241,34369300
2015-10-06,40.404380798339844,40.776014938954276,39.946321493497784,40.041391152293386,27017200
2015-10-07,40.447608947753906,40.922954127772016,39.71298487835409,40.7068878371356,27711500
2015-10-08,41.00938415527344,41.06988245516051,40.188331560778735,40.24018865935769,33772700
2015-10-09,40.715538024902344,41.08717236048452,40.551325511048105,41.009388353108946,28600600
2015-10-12,40.620452880859375,40.680951163950475,40.188320403403424,40.60316718613204,19769100
2015-10-13,40.525394439697266,40.73281953700285,40.24018863992593,40.24018863992593,19987800
2015-10-14,40.343894958496094,40.706884716420575,40.214253875288954,40.31796806061855,24697800
2015-10-15,40.62910461425781,40.64639031346706,40.21425772396591,40.62910461425781,27189400
2015-10-16,41.061241149902344,41.087171349663215,40.534042109449494,40.63775301776198,26450300
2015-10-19,41.15631866455078,41.38102952158947,40.63776072769544,40.98346491996201,29387600
2015-10-20,41.28594970703125,41.320521106882026,40.63775079592487,41.00074060362757,30802200
2015-10-21,40.79330825805664,41.47607839259778,40.71552427694551,41.415576810036406,25144300
2015-10-22,41.51066207885742,42.30578788409328,40.69825386858018,41.078529420790915,56637100
2015-10-23,45.69369125366211,46.7308099499677,45.15784785771951,45.20106044987611,135227100
2015-10-26,46.886375427246094,46.94687371243173,45.37391170378654,45.39983859832059,64633300
2015-10-27,46.40239334106445,46.99009388939551,46.307326946786915,46.66167551590624,50999900
2015-10-28,46.65303039550781,46.65303039550781,45.685054392261044,46.27275493274546,47000800
2015-10-29,46.1171760559082,46.52338161800958,45.9961794961952,46.2727440032275,30202100
2015-10-30,45.494903564453125,46.66166315133982,45.477617870916774,46.08260395705333,46619800
2015-11-02,46.01348876953125,46.117199688587604,45.477641877766985,45.67642251300443,30285000
2015-11-03,46.799964904785156,47.00738671983847,45.71963333539409,45.74556023804818,36596900
2015-11-04,47.016021728515625,47.43086857179604,46.72217146907829,46.825882355670984,37087800
2015-11-05,46.998748779296875,47.27531341649975,46.670327036277016,47.093818491506084,31468500
2015-11-06,47.46541213989258,47.5172692048447,46.6357188821062,46.74807420771517,32851200
2015-11-09,46.8086051940918,47.42223272228381,46.29004736965831,47.145668109664584,32513100
2015-11-10,46.246822357177734,46.78266907333438,46.03940058704127,46.73081198234547,55283700
2015-11-11,46.367828369140625,46.843173560228465,46.203615874410445,46.411040968892245,36516300
2015-11-12,46.08262634277344,46.65304131892979,45.97027092866233,46.2209086613292,35361100
2015-11-13,45.667762756347656,46.05668266593793,45.39983941931673,45.86654331082505,36848200
2015-11-16,46.47153854370117,46.5752494408708,45.67641287364077,45.87519676383835,32165200
2015-11-17,46.08870315551758,46.57595179910934,45.984289886920095,46.262718631581805,31551300
2015-11-18,46.8543701171875,46.96748280676405,46.09739234353582,46.11479455109619,29710000
2015-11-19,46.93267822265625,47.559144416047054,46.79346388180626,46.97618540096638,28149200
2015-11-20,47.15020751953125,47.24591801476634,46.34972577598715,47.2024141494228,37147600
2015-11-23,47.15020751953125,47.38513237534497,46.76736885772305,47.2024141494228,28235900
2015-11-24,47.20240783691406,47.36772383076422,46.61944881718056,46.91527638960767,24600000
2015-11-25,46.71516418457031,47.185013915878166,46.71516418457031,47.063201760161085,21005100
2015-11-27,46.923988342285156,47.05450326555303,46.80217618410573,46.810875630061815,9009100
2015-11-30,47.28942108154297,47.820176859515044,46.984890710148555,47.45474041384175,56241400
2015-12-01,48.0463981628418,48.05509760736778,47.24591318204605,47.34162366749104,39952800
2015-12-02,48.03770065307617,48.69026859524699,47.907189056121325,48.13341114898905,47274900
2015-12-03,47.15890884399414,48.524950752686145,46.923983995354284,48.2813264588961,38627800
2015-12-04,48.646759033203125,48.92518772372892,47.07189405562201,47.08929626367135,43963700
2015-12-07,48.559749603271484,48.69896394363543,48.10730216730573,48.542347395834526,30709800
2015-12-08,48.5423583984375,48.81208437701712,47.846286538846236,48.26392965460099,32878000
2015-12-09,47.83757781982422,48.611957874687555,47.428634201090176,48.17691260169629,36373200
2015-12-10,48.08991241455078,48.429247249625625,47.863686978412524,48.19432236708168,31775800
2015-12-11,47.03708267211914,47.941974058871445,46.99357550194448,47.602639373947945,39549500
2015-12-14,47.97679138183594,48.03769745351798,46.70646000227908,47.27202017547745,46768900
2015-12-15,48.02900314331055,48.63806724437685,47.93329264354026,48.42924403404783,39843000
2015-12-16,48.83819580078125,48.94260576371998,47.64616905729365,48.324842114227586,37503300
2015-12-17,48.46403884887695,49.412437574491506,48.31612174606208,49.03829841453419,41280900
2015-12-18,47.09800338745117,48.72507182067752,47.01099233914927,48.52495138828131,84684200
2015-12-21,47.707088470458984,48.15953284446337,47.18503190800738,47.750592354213225,37246300
2015-12-22,48.15951156616211,48.27262426925344,47.41993591170578,47.84628175004566,28322200
2015-12-23,48.568458557128906,48.62066518966183,48.23782318935174,48.464048611195395,27279800
2015-12-24,48.43793487548828,48.69026190839955,48.229115021385795,48.603254189045465,9558500
2015-12-28,48.68156433105469,48.68156433105469,47.837575480599845,48.159508037514136,22458300
2015-12-29,49.2036247253418,49.46465125190879,48.77728217307993,48.97740262075237,27731400
2015-12-30,48.994808197021484,49.40374856638324,48.977405984837404,49.13402257536151,21704500
2015-12-31,48.27262496948242,48.89038848455477,48.22041833980633,48.75987688906278,27334100
2016-01-04,47.68096923828125,47.68096923828125,46.45414149582809,47.2633261045879,53778000
2016-01-05,47.89848327636719,48.19431419096109,47.45473856404232,47.79407334154933,34079700
2016-01-06,47.02840042114258,47.33293414952754,46.67166337639007,47.263325302194104,39518900
2016-01-07,45.39262390136719,46.541146518948196,45.305616171142816,45.85377416512637,56564900
2016-01-08,45.53184509277344,46.35842855106603,45.375228510982076,45.56664619606853,48754000
2016-01-11,45.50572967529297,45.98427875690671,44.77485356767378,45.688447872414855,36943800
2016-01-12,45.923377990722656,46.20180670012409,45.29691505413546,45.90597578149357,36095500
2016-01-13,44.93146896362305,47.045788959441765,44.63563808670224,46.810864146669516,66883600
2016-01-14,46.21051025390625,46.480236203735934,44.87056999255873,45.24470919954709,52381900
2016-01-15,44.365909576416016,45.21859774359737,43.800349506355175,44.644338230224974,71820700
2016-01-19,43.99177932739258,44.96627981236325,43.55673405313917,44.79226103883548,43564500
2016-01-20,44.19191360473633,44.70526732200264,42.72145799268324,43.487138844686044,63273000
2016-01-21,43.922176361083984,44.879278083849485,43.7655597758884,44.37462390507872,40191200
2016-01-22,45.497032165527344,45.531836581448815,44.6008367107743,44.731351610913926,37555800
2016-01-25,45.061981201171875,45.810259452795535,44.94016908004828,45.192492765605145,34707700
2016-01-26,45.39262390136719,45.627548755931564,44.85316867188536,45.06199187120886,28900800
2016-01-27,44.56604766845703,45.41873617438227,44.392028860911886,45.25341681360467,36775200
2016-01-28,45.29692077636719,45.4274323833745,44.59214614965087,45.122901981224985,62513800
2016-01-29,47.93328857421875,47.93328857421875,46.98488974112338,47.62005544488347,83611700
2016-02-01,47.60264587402344,47.93328116153844,47.4199276832118,47.750562970726804,44208500
2016-02-02,46.11479949951172,47.211112140402754,45.810269132356446,47.13280385754396,56313800
2016-02-03,45.38392639160156,46.454137450839646,44.600843509655505,46.332325295677435,57559800
2016-02-04,45.244712829589844,45.949487435861485,44.69655480248968,45.33172056507073,46987100
2016-02-05,43.64374923706055,45.24471625261053,43.12169614641424,45.19250961589286,62009000
2016-02-08,42.991188049316406,43.130402450231166,41.929676167883144,43.11300023522518,59290500
2016-02-09,42.8780517578125,43.71334102359777,42.34729610864759,42.65182972526796,46740500
2016-02-10,43.25220489501953,43.84386679543839,43.08688886839429,43.40882147566761,38237000
2016-02-11,43.23480224609375,43.60024203694924,42.20809503630158,42.35601216947453,48878600
2016-02-12,43.93956756591797,44.09618411188148,43.28699973078057,43.72204495420551,34243300
2016-02-16,44.772098541259766,44.772098541259766,43.93081505170879,44.605595561962204,37291200
2016-02-17,45.937625885009766,46.24434612087883,45.08758049197263,45.12263480629425,40789000
2016-02-18,45.73607635498047,46.4020950682823,45.657205805851675,45.85876647593058,27176000
2016-02-19,45.411827087402344,45.814941695805594,45.15768830877106,45.543279101994685,33559100
2016-02-22,46.13917922973633,46.44589607417308,45.81493188794562,45.81493188794562,25008300
2016-02-23,44.8509635925293,45.8938042483213,44.67569538456548,45.86751518716378,28895300
2016-02-24,45.00870132446289,45.13138805809629,43.99214980483399,44.4215533725509,33014500
2016-02-25,45.65719223022461,45.65719223022461,44.35145094651726,45.33294822153368,26939500
2016-02-26,44.95613479614258,46.16548206631154,44.780866542891964,46.09537342782574,35975900
2016-02-29,44.58805465698242,45.26283495918221,44.395259329793234,44.999931024665166,31654000
2016-03-01,46.07783889770508,46.08660080399665,44.62311507403454,44.666934634381704,33024500
2016-03-02,46.40209197998047,46.410853887983194,45.709784244033735,45.92886871670317,29289900
2016-03-03,45.87628173828125,46.41961357227865,45.37676946793387,46.41961357227865,24427800
2016-03-04,45.59585189819336,45.96391549020586,45.3154240866425,45.92009927145664,33034200
2016-03-07,44.719520568847656,45.39430113190255,44.32517120055021,45.183981914539075,38407800
2016-03-08,45.262847900390625,45.68348963573722,44.34269055242139,44.51795877788997,33835100
2016-03-09,46.30567169189453,46.314433595623704,45.44686137906413,45.47315043321378,28251600
2016-03-10,45.613372802734375,46.393312755650555,44.833432849818195,46.384550850286864,38387800
2016-03-11,46.50724411010742,46.50724411010742,45.90257226626863,46.44590073506421,32275700
2016-03-14,46.594871520996094,46.96293507450999,46.12165172785374,46.191757001926995,24083600
2016-03-15,46.96294021606445,46.96294021606445,46.21805446480052,46.226816371407864,21104800
2016-03-16,47.62895584106445,47.84804028070682,46.796437644794075,46.8402538641299,31691700
2016-03-17,47.90061950683594,48.19857446451693,47.32223674698026,47.50626686535182,28223900
2016-03-18,46.87532043457031,48.1723002552547,46.84026611274973,48.12848068149691,67625500
2016-03-21,47.19953918457031,47.26088254330263,46.38454502659828,46.664972764506686,23925700
2016-03-22,47.38357925415039,47.54132030786237,46.849012721344586,46.980464713758906,23124100
2016-03-23,47.29594039916992,47.532551947609925,47.094383156342346,47.41862712585083,20129000
2016-03-24,47.506256103515625,47.61141901273036,47.0856144955437,47.18201215750937,19950000
2016-03-28,46.91911697387695,47.576370188831646,46.73508687600069,47.50626157461438,17025100
2016-03-29,47.94444274902344,48.075894763099754,46.840258534044,47.02428867937997,23924300
2016-03-30,48.242393493652344,48.75943291085361,48.110944834138095,48.13723389744829,23008300
2016-03-31,48.4001350402832,48.71561717499289,48.07589099870416,48.154761532381585,26360500
2016-04-01,48.69807815551758,48.73313246038244,47.821740591670995,48.242382221161854,24399200
2016-04-04,48.57538986206055,48.77694709407777,48.19856445434414,48.57538986206055,18928800
2016-04-05,47.812984466552734,48.4614724701292,47.72534869379719,48.36507479157956,19272300
2016-04-06,48.30373764038086,48.37384626761054,47.506270391941676,47.63772239651565,21188700
2016-04-07,47.72534942626953,48.119702052314594,47.52379216028272,48.08464774267437,19225100
2016-04-08,47.6903076171875,48.443958757184035,47.602675163079745,47.909392095420735,22167200
2016-04-11,47.59390640258789,48.330030277187696,47.585141152660775,47.75164747164237,21414200
2016-04-12,47.89186477661133,48.0057862900275,47.1119212830491,47.64648790571924,24944300
2016-04-13,48.505287170410156,48.5841576919459,48.10217265721096,48.30372991381056,20818000
2016-04-14,48.51406478881836,48.70686018905567,48.25992600540802,48.39137802247231,20877100
2016-04-15,48.7681884765625,49.004796685296846,48.294965373168566,48.461468312675635,28793800
2016-04-18,49.478023529052734,49.59194836099231,48.38260145299526,48.62797827124689,23786000
2016-04-19,49.41667938232422,49.749688624233144,48.794480455229184,49.62700188852007,29596800
2016-04-20,48.71561813354492,49.51308539287985,48.62798569127385,49.329055258332566,36195700
2016-04-21,48.882118225097656,49.27647087796209,48.56663610280611,48.899645381109764,38909100
2016-04-22,45.37677764892578,45.946398649439644,44.491677796812134,45.490702517621344,126834100
2016-04-25,45.66595458984375,45.68348174365903,45.245312927165365,45.3767615663358,33226900
2016-04-26,45.07880783081055,45.87627496422252,44.77209098833012,45.79740444144714,33532600
2016-04-27,44.64065933227539,45.13140984669694,44.29888802559218,45.1138826844357,43369300
2016-04-28,43.72925567626953,44.4916685934463,43.43130070336686,44.36021659191505,43134800
2016-04-29,43.70296096801758,44.03597023618155,43.24726495446769,43.24726495446769,48411700
2016-05-02,44.3514518737793,44.474138617851004,43.62408997254981,43.81688533778424,33114500
2016-05-03,43.624088287353516,44.176181957311904,43.46634723879398,44.11483858764574,26460200
2016-05-04,43.70296096801758,43.86946727358111,43.34366263811751,43.67667190628148,24257600
2016-05-05,43.76429748535156,44.079779548619136,43.580267396099664,43.7029541222676,25390700
2016-05-06,44.158660888671875,44.158660888671875,43.51893470044092,43.74678105589389,24787300
2016-05-09,43.87821960449219,44.3339155185976,43.81687624518592,44.24628310329218,17951600
2016-05-10,44.710758209228516,44.78086349998671,43.98339617770082,44.106086286714046,22891000
2016-05-11,44.73704528808594,45.37677149904345,44.69322906543802,44.80715391869342,24039100
2016-05-12,45.1401481628418,45.4030521163834,44.623108846752686,44.86848564719401,24102800
2016-05-13,44.76332473754883,45.481921278432104,44.728270432392925,45.078803455064325,22592300
2016-05-16,45.420570373535156,45.534491831930694,44.474124349264045,44.51794055195171,20032000
2016-05-17,44.57341766357422,45.65002874588518,44.441049600789526,45.64120555490432,27803500
2016-05-18,44.838157653808594,45.12937006638405,44.38809751663053,44.54694187488808,24907500
2016-05-19,44.40574645996094,44.670485930149425,43.964512887531804,44.53811787822768,23842400
2016-05-20,44.67048645019531,45.199968763081415,44.47634596518094,44.546941587092064,23905800
2016-05-23,44.149837493896484,44.723442579615856,44.1057148026132,44.65284358048615,26118700
2016-05-24,45.52648162841797,45.63237674669134,44.47634690353967,44.74108638239566,34757900
2016-05-25,45.99419021606445,46.320705508764306,45.70297778616584,45.81769610012986,24040200
2016-05-26,45.79121780395508,45.87063997851697,45.32351131283773,45.826517296281445,24335200
2016-05-27,46.170684814453125,46.170684814453125,45.685328515320265,45.81769657889542,17721400
2016-05-31,46.770755767822266,46.770755767822266,45.95888766090557,46.11772864006096,37653100
2016-06-01,46.638389587402344,46.72663832610054,46.27657817460269,46.27657817460269,25324800
2016-06-02,46.3118782043457,46.54132156126274,45.74709973554256,46.45307282154649,22840800
2016-06-03,45.702972412109375,46.25892426736477,45.535301506831985,46.22362814140441,23368300
2016-06-06,46.003021240234375,46.197161756902695,45.791227607278685,45.87947635698755,18243300
2016-06-07,45.97652816772461,46.53248330596294,45.97652816772461,46.10007637226764,20866800
2016-06-08,45.923587799072266,46.2765726124026,45.77356664448968,45.90593805345403,21149400
2016-06-09,45.55294418334961,45.888282575516335,45.438225900678745,45.888282575516335,20305700
2016-06-10,45.42941665649414,45.93242275324049,45.04113225247724,45.04995544437383,25833200
2016-06-13,44.246891021728516,44.758723453389415,43.29382849450169,43.75271169884948,83217800
2016-06-14,43.97334289550781,44.21160608093672,43.74389953468294,44.03511533118868,42577100
2016-06-15,43.84979248046875,44.22925363300662,43.84979248046875,43.92921466044982,33757600
2016-06-16,44.46751403808594,44.53811301781579,43.69094209278079,43.69976864841934,31188600
2016-06-17,44.23808288574219,44.502822379697335,43.96451683439286,44.48517263125429,45710500
2016-06-20,44.185123443603516,44.85580026428296,44.14982395486364,44.68812937594084,35607900
2016-06-21,45.173492431640625,45.385286029934335,44.26455233964207,44.299851833748534,34097800
2016-06-22,44.99699020385742,45.4117473714928,44.96169071876465,45.076412362144055,28816800
2016-06-23,45.80887222290039,45.94124364945453,45.13819863201097,45.25291694425633,29028800
2016-06-24,43.97334289550781,44.95287867545238,43.69977684724593,43.95569314726396,133503000
2016-06-27,42.73788833618164,43.37326582076604,42.39372665414687,43.329139766067975,50216300
2016-06-28,43.629173278808594,43.6556495815704,42.94967319123407,43.170289971627945,38140700
2016-06-29,44.599891662597656,44.75873602280043,43.94686447439237,44.04393640188796,31304000
2016-06-30,45.15584945678711,45.270571146665844,44.56459799038431,44.75874187074131,28527800
2016-07-01,45.14701843261719,45.64120123945195,45.067596255917756,45.12054549583237,21400400
2016-07-05,45.15584945678711,45.25292139696561,44.776391620441544,44.85581381091981,24806400
2016-07-06,45.34117126464844,45.48236589938993,44.46752714782283,44.811688859608616,28167500
2016-07-07,45.34117126464844,45.54413834169273,45.06760518706058,45.37646739857459,19585200
2016-07-08,46.15303421020508,46.205983454460466,45.49118380556635,45.650028171987266,28391000
2016-07-11,46.40896224975586,46.62075591401763,46.30306710079802,46.32954004645096,22269200
2016-07-12,46.956085205078125,47.123756150038695,46.58545054718865,46.71781862514389,27317600
2016-07-13,47.2208251953125,47.52969077962705,46.929612727848394,47.264951254747224,25356800
2016-07-14,47.42378234863281,47.64439911857811,47.282587750521614,47.51202771007303,24545500
2016-07-15,47.388484954833984,47.6532244172162,46.956074585411926,47.609101734543316,32024400
2016-07-18,47.61792755126953,47.95326601750244,47.256116147241556,47.388487568907074,31433900
2016-07-19,46.85019302368164,47.56499280855754,46.708998378485326,47.397321853024124,53336500
2016-07-20,49.338741302490234,50.1594360725409,49.00340282197555,49.550534912906144,89893300
2016-07-21,49.24166488647461,49.62112601941464,49.20636539356276,49.40050923823299,32776700
2016-07-22,49.921165466308594,49.974114706195905,49.224015623011276,49.488758456102886,32157200
2016-07-25,50.06237030029297,50.07119685858319,49.647609585639486,49.83293027993198,25610600
2016-07-26,50.088829040527344,50.55653887327301,49.868212274663534,49.87703883045112,28079000
2016-07-27,49.58583068847656,50.124136218357506,49.515235063072375,49.95646866247049,32327500
2016-07-28,49.60346984863281,49.744664435648644,49.171062898672545,49.41815258436413,37550400
2016-07-29,50.01824188232422,50.088837508836704,49.46228659577788,49.64760390251157,30558700
2016-08-01,49.929988861083984,50.080006648414376,49.5417011925211,49.94763524025071,26003400
2016-08-02,49.929988861083984,50.21237805657804,49.691722346196244,50.16825200962698,35122000
2016-08-03,50.27415084838867,50.397695701522885,49.85056705206645,50.018234586127925,22075600
2016-08-04,50.64478302001953,50.75950467809737,50.00940567232024,50.12412733039808,26587700
2016-08-05,51.147796630859375,51.368413424504915,50.697739853014326,50.87423396119978,29335200
2016-08-08,51.236045837402344,51.26251877565184,50.9889527371415,51.236045837402344,19473500
2016-08-09,51.35959243774414,51.6243319282095,51.20074807019588,51.333116132255924,16920700
2016-08-10,51.200740814208984,51.4654802671564,51.02424672346244,51.32428566782813,15756900
2016-08-11,51.44783020019531,51.58020160901486,51.209563684126984,51.209563684126984,18162300
2016-08-12,51.1301383972168,51.35075515424605,50.84774921752691,51.20956056440111,21655200
2016-08-15,51.288997650146484,51.624336160948204,51.1478030192319,51.19192571020292,19283900
2016-08-16,51.00483322143555,51.16466758363606,50.85388042787171,51.15578940232534,20523500
2016-08-17,51.111392974853516,51.217948089825605,50.81836217452271,51.093633224470494,18856400
2016-08-18,51.146907806396484,51.23570655608602,50.853880400735875,50.987073444281265,14214300
2016-08-19,51.16466522216797,51.262342148707404,50.79172065246373,50.995952686443545,17271000
2016-08-22,51.20907211303711,51.28011112232671,50.84500565874395,51.14691467357192,15221900
2016-08-23,51.4044189453125,51.6619302376508,51.36889944554323,51.41330051391778,18732400
2016-08-24,51.457706451416016,51.53762364505671,51.25347437596234,51.32450999957269,18151500
2016-08-25,51.6530647277832,51.75962326021965,51.30675796568223,51.39555674271261,18552600
2016-08-26,51.52873229980469,52.123672047895354,51.226823335249534,51.750724085879774,20971200
2016-08-29,51.590904235839844,52.03488793283442,51.590904235839844,51.66194325327584,16417200
2016-08-30,51.4044189453125,51.67080841893014,51.15578922157948,51.48433612613039,16930200
2016-08-31,51.02260208129883,51.32451110965732,50.88052744367875,51.19131804225968,20860300
2016-09-01,51.13803482055664,51.342266884603006,50.623012182010456,50.623012182010456,26075400
2016-09-02,51.20907211303711,51.67081551144026,50.98708028999674,51.20907211303711,18900500
2016-09-06,51.15579605102539,51.32450861646413,50.80060778056591,51.30674886420852,16278400
2016-09-07,51.200191497802734,51.36002587378351,50.97819968531012,51.031478939745796,17493400
2016-09-08,50.99595642089844,51.315625153954855,50.773964621534375,51.173550537854894,20146100
2016-09-09,49.91263198852539,51.075870158148476,49.91263198852539,50.4276545542187,35113900
2016-09-12,50.658538818359375,50.80061346497554,49.37986699881388,49.72617373823286,29303000
2016-09-13,50.1967887878418,50.30334729932624,49.770564903883006,50.17015085363385,30130200
2016-09-14,49.9570426940918,50.28559305952711,49.7528106056823,50.07247940052385,24062500
2016-09-15,50.78285598754883,50.92493064053482,49.70841621263435,49.859372436803355,26847000
2016-09-16,50.83612823486328,51.17355675937142,50.39214458215705,51.17355675937142,44607000
2016-09-19,50.5519905090332,51.28012359471659,50.48095148246544,50.85389959729172,20937100
2016-09-20,50.4454231262207,50.9249228899914,50.39214386921223,50.9249228899914,17384000
2016-09-21,51.28899002075195,51.368907213655085,50.68517536999396,51.06699819461286,33707300
2016-09-22,51.342281341552734,51.50211576491278,51.17356873348479,51.43107673794065,19822200
2016-09-23,50.99595642089844,51.42218026919831,50.95155873849083,51.38666076834181,19955300
2016-09-26,50.52534103393555,50.738451290336094,50.463183593541515,50.68517541989918,21688700
2016-09-27,51.457706451416016,51.55538339779092,50.3299875577424,50.55197938593028,28065100
2016-09-28,51.52873229980469,51.555373617515265,51.20906358588443,51.39553926055514,20536400
2016-09-29,50.96932601928711,51.65305788149819,50.80061005895513,51.33339248853945,25463500
2016-09-30,51.146907806396484,51.29786398720573,50.91603783185558,51.120269875152594,29910800
2016-10-03,50.98707580566406,51.10251249194375,50.66741045395479,50.978197623946905,19189500
2016-10-04,50.82724380493164,51.146909150235054,50.58749225545955,50.853881736875415,20085900
2016-10-05,51.18243408203125,51.46658334400283,50.84500556319261,50.87164688528934,16726400
2016-10-06,51.271236419677734,51.37779155351776,50.86276886319212,51.271236419677734,16212600
2016-10-07,51.32451248168945,51.484346876700634,50.987083938074,51.36891017200886,20089000
2016-10-10,51.53762435913086,51.84841156796938,51.38666815246177,51.422187658422324,18196500
2016-10-11,50.78285598754883,51.51987057870091,50.516466436615964,51.404433864610134,26497400
2016-10-12,50.711814880371094,50.853889518020104,50.08135888751151,50.711814880371094,22177500
2016-10-13,50.5430908203125,50.88051930090656,50.01031186133326,50.34774034192732,25313700
2016-10-14,50.98707580566406,51.2712284305047,50.72068631890995,50.72068631890995,27402500
2016-10-17,50.80947494506836,51.022585137062826,50.49868444969873,50.933789788286035,23830000
2016-10-18,51.200191497802734,51.45770281325246,50.97819968531012,51.08475480685523,19149500
2016-10-19,51.084754943847656,51.36002601151413,50.96932163991684,51.03147907659536,22878400
2016-10-20,50.83612823486328,51.075879813803816,50.31222738917687,51.05812006121639,49455600
2016-10-21,52.976131439208984,53.67762645169829,52.825178617125424,53.526670242288134,80032200
2016-10-24,54.16599655151367,54.16599655151367,53.2158719649568,53.22475014609923,54067000
2016-10-25,54.15711975097656,54.494544840204995,53.98840381903637,54.032801500532116,35137200
2016-10-26,53.83746337890625,54.34360451622226,53.695388733121526,53.99729777882991,29911600
2016-10-27,53.3668327331543,54.015051835204545,53.35795455068472,53.819697947609875,28479900
2016-10-28,53.16259765625,53.73977771659314,52.90508973127995,53.2869125277513,33574700
2016-10-31,53.20698928833008,53.65097285737419,53.20698928833008,53.420102891894615,26434700
2016-11-01,53.10043716430664,53.29579102960865,52.61205588837762,53.25139334767438,24533000
2016-11-02,52.771888732910156,53.2158723141143,52.65645205334583,53.11819538427724,22147000
2016-11-03,52.5765380859375,52.95836426009071,52.48774271920118,52.86068732428508,21600400
2016-11-04,52.13256072998047,52.638701833197636,51.963848158016916,52.07928485847962,28697000
2016-11-07,53.65098190307617,53.7397806642522,53.08268338085516,53.08268338085516,31664800
2016-11-08,53.69538497924805,53.970652680840544,53.411235707543625,53.7664206035109,22935400
2016-11-09,53.428977966308594,53.801925904030604,52.567652195825,53.2780251875269,49632500
2016-11-10,52.12368392944336,53.713146293015726,51.173559139447946,53.70426472264571,57822400
2016-11-11,52.40782928466797,52.49662465775876,51.51098043474978,51.70633432034114,38767800
2016-11-14,51.608665466308594,52.461116763288345,50.86277269853061,52.407837498687456,41328400
2016-11-15,52.62777328491211,53.182034616238035,52.13609270600828,52.145034275015455,35904100
2016-11-16,53.325077056884766,53.33401521702825,52.574145427065595,52.69035855998042,27332500
2016-11-17,54.2100944519043,54.48722512300378,53.61113890463019,54.00448269342768,32132700
2016-11-18,53.95085144042969,54.6570854604636,53.90615381857398,54.33525712676663,27686300
2016-11-21,54.40677261352539,54.50510942152287,54.013425381535484,54.08494430015537,19652600
2016-11-22,54.63920974731445,54.76436446179706,54.36208242530589,54.514055032831855,23206700
2016-11-23,53.99556350708008,54.6213371613635,53.861467203898975,54.54088006149696,21848900
2016-11-25,54.11174774169922,54.11174774169922,53.75416347470397,53.90613602087996,8409600
2016-11-28,54.183284759521484,54.54981071662396,53.82569696274396,53.941913508228154,20732600
2016-11-29,54.61238479614258,54.89845365233406,54.10282443291339,54.219040971431724,22366700
2016-11-30,53.870399475097656,54.69285011826334,53.834643420341976,54.40678121895622,34655400
2016-12-01,52.922794342041016,53.772062827748556,52.69036124395176,53.73630336493328,34542100
2016-12-02,52.96748352050781,53.16415712442485,52.56519815350003,52.81551094308794,25515700
2016-12-05,53.83464050292969,54.165407010414185,53.24462300380675,53.36977771419493,23552700
2016-12-06,53.59326171875,54.049182872615084,53.45916545632576,54.022364984214086,19907000
2016-12-07,54.86268615722656,54.8716277259159,53.45915997141574,53.64689199138066,30809000
2016-12-08,54.540863037109375,55.050426784015926,54.38889045713746,54.80011399022455,21220800
2016-12-09,55.39907455444336,55.41695428381155,54.64814297202774,54.69284059034338,27349400
2016-12-12,55.577857971191406,55.69407449222423,55.17557604721724,55.264971272498336,20198100
2016-12-13,56.301971435546875,56.69531520011829,55.64043858557635,55.87286821686645,35718900
2016-12-14,56.03379821777344,56.72215255835822,55.899701931995935,56.319867111235915,30352700
2016-12-15,55.94438552856445,56.45394579934389,55.69407276715394,56.05166047762087,27669900
2016-12-16,55.69407272338867,56.27515189988854,55.53315859482591,56.27515189988854,42453100
2016-12-19,56.87411880493164,57.008215075711085,55.801358869325576,55.92651698015097,34338200
2016-12-20,56.80259704589844,57.03502669144242,56.34667250357179,56.936689891716696,26028400
2016-12-21,56.80259704589844,56.94563146089691,56.42712957514652,56.70426024617271,17096300
2016-12-22,56.81154251098633,57.30322316263696,56.686387808043605,57.0707934872019,22176600
2016-12-23,56.53441619873047,56.802605339735145,56.14106894239431,56.72214825641275,12403800
2016-12-27,56.57017135620117,57.2764053641822,56.50759400462917,56.50759400462917,11763200
2016-12-28,56.310916900634766,56.67744280509094,56.167882484510635,56.67744280509094,14653300
2016-12-29,56.230464935302734,56.49865406361635,56.07848893612548,56.194705475471636,10250600
2016-12-30,55.55104446411133,56.310917579729846,55.452707662425794,56.284096281864095,25579900
2017-01-03,55.94438552856445,56.17681515322156,55.54210020684143,56.13211754196548,20694100
2017-01-04,55.69407272338867,56.09635804479557,55.53315859482591,55.85498685195143,21340000
2017-01-05,55.69407272338867,56.01590098051419,55.45270153054454,55.595735932577085,24876000
2017-01-06,56.176822662353516,56.45395334551979,55.46165055603203,55.694080211757914,19922900
2017-01-09,55.9980354309082,56.3913826937376,55.90864018583425,56.10531040703894,20382700
2017-01-10,55.980159759521484,56.38244521194794,55.676211129933755,56.0784965823602,18593000
2017-01-11,56.489707946777344,56.52546740373021,55.81029531572049,55.971209461798864,21517300
2017-01-12,55.97121047973633,56.67744442145673,55.38119307012158,56.37349585224855,20968200
2017-01-13,56.051666259765625,56.20363883575523,55.738776128277834,55.98014734621087,19422300
2017-01-17,55.899696350097656,56.051672352817185,55.452713322420024,56.033792622484896,20664000
2017-01-18,55.872867584228516,56.05166144253988,55.53315959445783,56.0248401471572,19670100
2017-01-19,55.69407272338867,56.301969784579285,55.604677500946764,55.640436954007185,18451700
2017-01-20,56.08740997314453,56.15892545641582,55.75664020611313,56.02482923624542,30213500
2017-01-23,56.28409957885742,56.42713400508514,55.93545337806547,56.05166991506603,23097600
2017-01-24,56.78472137451172,56.981394988013754,56.26621945171897,56.498652524077684,24672900
2017-01-25,56.92774963378906,57.303213680487964,56.722137882947855,57.16912083961378,23672700
2017-01-26,57.4551887512207,57.69656337776742,56.811535584530844,57.321099314715795,43554600
2017-01-27,58.805091857910156,58.92131182169301,58.00946253542631,58.45644560740242,44818000
2017-01-30,58.22400665283203,58.814027522386624,57.92900303847446,58.72463228105343,31651400
2017-01-31,57.79490661621094,58.24188964213613,57.446260401622865,57.98263866864915,25270500
2017-02-01,56.83837127685547,57.768096921124645,56.740034451567915,57.535663804952186,39671500
2017-02-02,56.4718132019043,56.6863664763602,56.09634923436723,56.54333209679247,45827000
2017-02-03,56.92774963378906,56.94562936128082,56.38242988102314,56.76683549657258,30301800
2017-02-06,56.89199447631836,56.90093604584433,56.445011485888195,56.76683978463144,19796400
2017-02-07,56.70426940917969,57.017156176858684,56.5254755089874,56.98140012498823,20277200
2017-02-08,56.62379837036133,57.04396342073716,56.51652342076655,56.829410111338454,18096400
2017-02-09,57.267459869384766,57.60717131499839,56.605926938040355,56.784720820369266,22644400
2017-02-10,57.213829040527344,57.48202159232278,57.195949309726984,57.437320560216904,18170700
2017-02-13,57.857479095458984,57.982633786546515,57.33003562265944,57.42837242571665,22920100
2017-02-14,58.073333740234375,58.20824296611452,57.57866886592992,57.92943559792561,23108400
2017-02-15,58.037357330322266,58.07333358124303,57.70458901739965,58.01037685757376,17005200
2017-02-16,58.028350830078125,58.675909503464,57.95640520329845,58.226216742697915,20546300
2017-02-17,58.118309020996094,58.18126574835997,57.83050585850857,57.983399787568175,21248800
2017-02-21,58.00137710571289,58.41509367030547,57.96540085725687,58.109305851080954,20655900
2017-02-22,57.884464263916016,57.91144473706243,57.60565689237856,57.85748379076959,19292700
2017-02-23,58.118309020996094,58.21724200139199,57.73157287811268,57.93842775583599,20273100
2017-02-24,58.118309020996094,58.28019872875586,57.68660084638049,58.03736073623188,21796800
2017-02-27,57.767539978027344,58.046347317638386,57.60565029591857,58.046347317638386,15871500
2017-02-28,57.542701721191406,57.7405642595441,57.34483575195424,57.63264235761033,23239800
2017-03-01,58.40612030029297,58.4510854765054,57.578680089102846,57.67761308324765,26937500
2017-03-02,57.56968307495117,58.23522660051903,57.45276196823302,58.18126565194474,24539600
2017-03-03,57.785518646240234,57.812499113484186,57.21890481793324,57.55167992473132,18135900
2017-03-06,57.80350875854492,58.0643314026438,57.38979564209621,57.53369719903288,18750300
2017-03-07,57.92043685913086,58.262200933692164,57.73156669726004,57.73156669726004,18521000
2017-03-08,58.45105743408203,58.53200569126012,57.785514134219824,57.79450990985435,21510900
2017-03-09,58.21723556518555,58.63994105260012,57.9923891549198,58.63095213666238,19846800
2017-03-10,58.397098541259766,58.69389739165744,58.23520888302163,58.5589881994979,19538200
2017-03-13,58.19924545288086,58.630953590473595,58.073332008951326,58.469063896597326,20100000
2017-03-14,57.92942810058594,58.05534153197325,57.69558593010921,58.037349977907986,14280200
2017-03-15,58.23522186279297,58.388115779160515,57.78552902987565,58.055347474333274,24833800
2017-03-16,58.13628005981445,58.244208793556936,57.83049227352796,58.23521301696997,20674300
2017-03-17,58.34314727783203,58.67591556363708,58.17226181532607,58.37912352582106,49219700
2017-03-20,58.397098541259766,58.62194490760348,58.20822841694303,58.37911385112955,14598100
2017-03-21,57.74955749511719,58.90976592218777,57.67760498915111,58.63095853878003,26640500
2017-03-22,58.4870491027832,58.58598207556093,57.66861171007522,57.66861171007522,20680000
2017-03-23,58.34314727783203,58.67591556363708,58.253203226975614,58.4061039963709,19269200
2017-03-24,58.442081451416016,58.8647869350403,58.244215514273506,58.783845521719,22617100
2017-03-27,58.54999923706055,58.65792797570124,57.875460059532735,58.12728692126034,18614700
2017-03-28,58.72088623046875,58.88277591178996,58.145279999497205,58.42408733775193,20080400
2017-03-29,58.88277816772461,58.909758638683904,58.415093798537455,58.567994570253134,13618400
2017-03-30,59.098636627197266,59.34147462154036,58.78385298801983,58.83781393708776,15122800
2017-03-31,59.23353958129883,59.53033849324124,58.86478817038226,59.04466941781765,21040300
2017-04-03,58.95472717285156,59.3054869980822,58.63094781698215,59.18856248182706,20400900
2017-04-04,59.11663055419922,59.18857620191722,58.71190283466165,58.81083581976401,12997400
2017-04-05,58.96371078491211,59.674226148512275,58.855788917173754,59.62926099087689,21448600
2017-04-06,59.11663055419922,59.41342264773733,58.89178410837911,58.99970601084062,18103500
2017-04-07,59.0716438293457,59.32347068815242,58.855793216335265,59.22453772765445,14108500
2017-04-10,58.936729431152344,59.197552043873365,58.78383554631243,59.00868191640642,17952700
2017-04-11,58.89177703857422,59.008694706128175,58.32515967159636,58.99969892807998,18791500
2017-04-12,58.66691970825195,58.91874655261884,58.558990977051764,58.83779828877698,17108500
2017-04-13,58.415096282958984,59.23354053296141,58.415096282958984,58.72089097762814,17896500
2017-04-17,58.89177703857422,58.900765954854265,58.469064673294916,58.49604514567135,16689300
2017-04-18,58.810821533203125,59.09862463946781,58.60396669588927,58.75686059508078,15155600
2017-04-19,58.496055603027344,59.134618723242426,58.36114635525922,59.04468151198681,26992800
2017-04-20,58.90975570678711,59.13460210261454,58.58597634785421,58.87377946004263,22299500
2017-04-21,59.71922302246094,59.98903466586651,58.86480233058588,59.06266831947841,32522600
2017-04-24,60.73551559448242,60.852440127729096,60.348779466647,60.69055042626849,29770000
2017-04-25,61.08625411987305,61.19418283704643,60.79845106917668,61.06826943122714,30242700
2017-04-26,61.00533676147461,61.43703807670564,60.81646657833995,61.23018319783997,26190800
2017-04-27,61.40107345581055,61.500006455495495,60.780501839878546,61.293151537441496,34971000
2017-04-28,61.57192611694336,62.18350848781252,60.879402350492825,61.97665368014923,39548800
2017-05-01,62.42636489868164,62.55227834807909,61.60792061582983,61.769810316736326,31954400
2017-05-02,62.32742691040039,62.696171450620724,62.17452613834043,62.696171450620724,23906100
2017-05-03,62.12956619262695,62.39937778725876,61.79679101130251,62.39937778725876,28928000
2017-05-04,61.88673400878906,62.12957201465875,61.73384007132683,62.08459998045502,21749400
2017-05-05,62.057621002197266,62.084601478662975,61.59893231697261,61.9676837933885,19128800
2017-05-08,62.00364685058594,62.10257981774653,61.53596248550534,62.03062732130833,18566100
2017-05-09,62.09360122680664,62.309451914097686,61.76982176498526,61.931711495895954,22858400
2017-05-10,62.3364143371582,62.5612607393113,61.98565449874079,62.04861121687295,17977800
2017-05-11,61.57192611694336,61.81476402722014,61.26613836239194,61.48198894570861,28789400
2017-05-12,61.49998474121094,61.70684644799664,61.194196931438896,61.70684644799664,18714100
2017-05-15,61.544979095458984,61.58995113639745,60.77150665135371,61.28415635390999,31530300
2017-05-16,62.78419494628906,62.81133007246906,61.65351868145401,61.71683627624076,34956000
2017-05-17,61.038414001464844,62.503765627489656,60.993184202669696,62.31381289452712,30548800
2017-05-18,61.246463775634766,61.62636929901323,60.73087573644987,60.96605830377439,25201300
2017-05-19,61.228397369384766,61.59925568088602,60.993214719956015,61.05653232929047,26961100
2017-05-22,61.915828704833984,61.9610585152852,61.05651751506206,61.409287953061074,16237600
2017-05-23,62.123870849609375,62.187188438156966,61.8525058123485,62.160053314650796,15425800
2017-05-24,62.205257415771484,62.30475743928211,61.91580468403988,62.29571700157931,14593900
2017-05-25,62.974143981933594,63.2093196622276,62.33192072986948,62.3861909789989,21854100
2017-05-26,63.28168487548828,63.51686745792405,62.88368464384312,63.13696191013541,19827900
2017-05-30,63.688724517822266,63.688724517822266,63.1098120252039,63.127906706807074,17072800
2017-05-31,63.17311096191406,63.987198866288615,63.14597584861774,63.79724617211738,30436400
2017-06-01,63.4083137512207,63.86963152827933,62.820360804161545,63.534948921221236,21603600
2017-06-02,64.90985107421875,65.00030377585784,63.53494516534891,63.715857469725876,34770300
2017-06-05,65.38019561767578,65.93196595394079,64.95506041749482,65.09979023078932,33316800
2017-06-06,65.5973129272461,65.68777255177196,65.37117766813229,65.39831969615031,31511100
2017-06-07,65.47970581054688,65.82342881886869,65.08170566325963,65.70584100312401,22301800
2017-06-08,65.08171844482422,65.59730650911379,64.67467777868498,65.5882660684261,24588300
2017-06-09,63.60731887817383,65.19931287122441,62.04246000925541,65.16313040534828,49187400
2017-06-12,63.118858337402344,63.26358818347313,61.62636458001713,62.63945279921594,47761700
2017-06-13,63.905818939208984,64.05958924310116,63.28168348081175,63.33595372898552,25258600
2017-06-14,63.562095642089844,64.31286635916534,62.80228448343544,64.14100825486044,25510700
2017-06-15,63.22740173339844,63.507807166098225,62.23240825827483,62.65753662681699,26068700
2017-06-16,63.317867279052734,63.34500240371064,62.61232643354784,63.073644256031756,48345100
2017-06-19,64.10479736328125,64.16811493176284,63.63443236790587,63.77011484353713,23798300
2017-06-20,63.2364616394043,64.10482013030824,63.20027917297916,64.05959032200185,21512200
2017-06-21,63.562095642089844,63.87869052596295,63.26360234467587,63.507825388214656,19891100
2017-06-22,63.55306625366211,63.851559602990065,63.05556583627946,63.80633668392905,22965700
2017-06-23,64.41234588623047,64.44852834430993,63.24548749228591,63.399257763299985,27617300
2017-06-26,63.79727554321289,64.86463419787478,63.715870165846376,64.58422869658992,19607000
2017-06-27,62.603275299072266,63.480681082389744,62.57614017605823,63.41736349499052,25215100
2017-06-28,63.136966705322266,63.17314227358308,62.2233783319779,62.60328390861997,25806200
2017-06-29,61.952022552490234,62.85656371886194,61.59020470572126,62.75706363847294,28918700
2017-06-30,62.35000991821289,62.75705059805979,62.17814492396197,62.21432739123059,24161100
2017-07-03,61.662540435791016,62.95603396680983,61.52685794490968,62.71181100410195,16165500
2017-07-05,62.485687255859375,62.81132253313341,61.707781526938014,61.74396399120173,21176300
2017-07-06,62.02437210083008,62.21432487046891,61.61733143747539,61.75300705786048,21117600
2017-07-07,62.82941436767578,63.17313744870463,62.141961304518205,62.141961304518205,16878300
2017-07-10,63.29978561401367,63.54400866063794,62.594237799220224,62.82942040415137,15014500
2017-07-11,63.30881881713867,63.9329542776283,63.091730922616094,63.31786615889787,17460000
2017-07-12,64.35808563232422,64.47567346349801,63.81536247914615,63.941997651517724,17750900
2017-07-13,64.91888427734375,65.16311413575455,64.50279637530468,64.67466132003095,20269800
2017-07-14,65.83247375488281,66.27569678384131,65.09075062635917,65.34402092862116,25868100
2017-07-17,66.34807586669922,66.43852857952213,65.77821756492523,65.8505824956234,21803900
2017-07-18,66.30284118652344,66.3842465432779,65.72393564594154,66.11288155189958,26435300
2017-07-19,66.80939483642578,66.97221248278092,66.43852973596697,66.48375954371552,22416200
2017-07-20,67.1350326538086,67.20739758848772,66.28476192407888,67.09885018646904,42361000
2017-07-21,66.7460708618164,67.19834129164215,66.18525304443679,66.43852338096336,46717100
2017-07-24,66.57421875,66.70990128537679,66.14908335966628,66.51090115363756,21394800
2017-07-25,67.10790252685547,67.21644303585838,66.48376699568665,66.75513207039496,22018700
2017-07-26,66.98125457763672,67.2797478216558,66.7641597987693,67.24356535851123,16252200
2017-07-27,66.17621612548828,67.31593270049561,65.41639817438394,66.71893928993455,36844200
2017-07-28,66.06768035888672,66.3119034104816,65.61540982540674,65.7329976797153,18306700
2017-07-31,65.76011657714844,66.42948177028379,65.49780580544015,66.30284660425255,23600100
2017-08-01,65.65159606933594,66.41140729672172,65.57018378005827,66.12195441470318,22132300
2017-08-02,65.36214447021484,65.63350267056398,64.6204210141653,65.62446222798985,26499200
2017-08-03,65.26260375976562,65.52492135421836,64.99123882727054,65.29878621083809,18214400
2017-08-04,65.74202728271484,66.06766253103832,65.34402711229752,65.4887569564852,22579000
2017-08-07,65.48876953125,65.9410400295306,65.36213434381945,65.8505873100945,18705700
2017-08-08,65.8415298461914,66.1490704252168,64.90080652625045,65.20834710527586,22044600
2017-08-09,65.55207061767578,65.5882530765588,65.17216515105171,65.35307054436839,22213400
2017-08-10,64.59325408935547,65.29879472451502,64.53897695512164,65.03647709586122,24734500
2017-08-11,65.5792007446289,65.76010612417494,64.47565998654363,64.77416007378267,21443700
2017-08-14,66.56515502929688,66.68274975153663,65.98624946182005,66.08574950320813,20096600
2017-08-15,66.58338165283203,66.91984062151086,66.41969647368242,66.91984062151086,19181400
2017-08-16,66.97437286376953,67.38358213430215,66.53787696238336,66.69246651455195,18150400
2017-08-17,65.83767700195312,67.17443754782873,65.83767700195312,66.91072226876295,22977500
2017-08-18,65.91950988769531,66.2377845263408,65.41027046586252,65.71944956115621,18761500
2017-08-21,65.61031341552734,65.91040382585713,65.2010973274781,65.90130828491428,17734800
2017-08-22,66.5287857055664,66.60152923800956,65.79219933494572,65.79219933494572,14343700
2017-08-23,66.1286849975586,66.51971022105278,65.95590431293803,66.34692953643223,13766500
2017-08-24,66.10136413574219,66.25595363210273,65.53755857871232,66.14682796168468,17098300
2017-08-25,66.21959686279297,66.70155656685633,65.91041778390947,66.25597209640274,12794300
2017-08-28,66.22868347167969,66.46511205145038,65.9740638086248,66.43783236438956,14569700
2017-08-29,66.42874908447266,66.5287792369561,65.51938910761672,65.70125832784149,11478400
2017-08-30,67.30175018310547,67.48361944752196,66.22870487216565,66.39238998528758,16897800
2017-08-31,67.99288177490234,68.16566249063715,67.11080791456637,67.31995694510529,27652800
2017-09-01,67.23809814453125,67.9655821714173,66.96528729828147,67.93830247436591,21736200
2017-09-05,66.93800354003906,67.19262328089457,66.36510912311418,66.69247240573726,21556000
2017-09-06,66.74701690673828,67.32900667776173,66.70154613736929,67.0561959372784,16535800
2017-09-07,67.60182189941406,67.83825745191302,66.9288974138502,67.00164788198319,17471200
2017-09-08,67.27446746826172,67.69277230794223,67.1471506634423,67.59274213564174,14703800
2017-09-11,67.98375701904297,68.14744210011246,67.57454084743607,67.57454084743607,17910400
2017-09-12,67.91102600097656,68.42026553775663,67.62912653424021,67.98377648847897,14394900
2017-09-13,68.39299011230469,68.41118120425097,67.79281589758453,68.13837032800713,13380800
2017-09-14,67.99288177490234,68.64762244729734,67.7655416490913,68.20203774331132,15733900
2017-09-15,68.4839096069336,68.55666008288568,67.35630498114519,68.04742062695554,38578400
2017-09-18,68.34749603271484,69.08407535981785,68.23837034290244,68.41115095063898,23307000
2017-09-19,68.60211181640625,68.847635932237,68.21108678907186,68.39295599058609,16093300
2017-09-20,68.1474609375,68.70217125790981,67.57455952646164,68.52029504096578,21587900
2017-09-21,67.48361206054688,68.42025185171283,67.39267743829262,68.30203753656902,19186100
2017-09-22,67.66549682617188,67.75643145996102,67.15625038879054,67.28356026366892,14111400
2017-09-25,66.61971282958984,67.51997725032506,66.31052683449067,67.37447632607463,24149200
2017-09-26,66.61971282958984,67.11985664650233,66.37418175438374,66.99254680671618,18019600
2017-09-27,67.15625762939453,67.44725265161479,66.53789233994291,66.88345369861412,19565100
2017-09-28,67.1744384765625,67.26537310628821,66.66519206193698,66.87434795438688,10883800
2017-09-29,67.73820495605469,67.78367571811047,67.18349496072241,67.23806126276219,17079100
2017-10-02,67.84737396240234,68.21111947761244,67.56547448360213,67.9383086067377,15304800
2017-10-03,67.52906799316406,68.0928666898996,67.46541307779503,67.90190194379252,12190400
2017-10-04,67.92009735107422,67.94737703970263,67.02892154130602,67.3744758270424,13317700
2017-10-05,69.0840835571289,69.22048895111344,68.16562797135738,68.40206352507279,21195300
2017-10-06,69.11138153076172,69.13866122920176,68.69307663298815,68.81129097218447,13959800
2017-10-09,69.37510681152344,69.61154246174955,68.9840815560173,69.08411175657953,11386500
2017-10-10,69.37510681152344,69.6842860220835,69.23870136185955,69.4114820606251,13944500
2017-10-11,69.49327850341797,69.52965373018765,69.0658782612057,69.43871913219601,15388900
2017-10-12,70.1298599243164,70.28444949058887,69.44783978596043,69.55695856786211,16876500
2017-10-13,70.46632385253906,70.8118851878857,70.28445457762787,70.55725848999465,15335700
2017-10-16,70.61180114746094,70.75729513103386,70.33899038869626,70.40264530735924,12380100
2017-10-17,70.55725860595703,70.58454524131986,70.24807945052623,70.44813981597822,16824000
2017-10-18,70.57543182373047,70.79367628628815,70.35718736117279,70.62999120490329,13300700
2017-10-19,70.84823608398438,70.8664202300794,70.33898980106903,70.53905009744302,15092800
2017-10-20,71.66666412353516,71.81216506334172,71.13014501819848,71.22107963664423,22866400
2017-10-23,71.68487548828125,72.14864425490634,71.62122054357573,71.83036953137874,20627200
2017-10-24,71.71215057373047,72.0213297315877,71.34840508258746,71.74852581663158,17517200
2017-10-25,71.50298309326172,71.9303834558668,70.93918426418017,71.45751925039191,20410800
2017-10-26,71.62120056152344,72.22137459589075,71.61210501828351,72.02131427181274,32120700
2017-10-27,76.2134780883789,78.38684846685749,76.03160881888105,76.72272453113514,71066700
2017-10-30,76.28622436523438,76.68634506151024,75.57692454028536,76.11344371223024,31756700
2017-10-31,75.64054107666016,76.71358581369614,75.5768861743726,76.71358581369614,27086600
2017-11-01,75.64054107666016,76.16797137439364,75.36773038807691,76.09522093238958,22307400
2017-11-02,76.43170928955078,76.80454327461361,75.58600422847401,75.79515313920373,23992900
2017-11-03,76.5135726928711,76.87731818906325,75.84064803452999,76.45901329669617,17633500
2017-11-06,76.81365966796875,77.02280863547158,76.45900973362225,76.56812852088706,19860900
2017-11-07,76.63177490234375,77.20467622298284,76.3225957891273,77.08645496615652,17939700
2017-11-08,76.89550018310547,76.94097097055356,76.23167108871897,76.51357054486654,18034200
2017-11-09,76.46808624267578,76.6317713355444,75.38595245891861,76.48627732958722,21178400
2017-11-10,76.26802825927734,76.47717718109703,75.68603839475911,76.19527779174595,19397800
2017-11-13,76.32260131835938,76.33169686289737,75.89520091735336,76.07707711877491,14196900
2017-11-14,76.43170928955078,76.47717312594737,75.45869438597782,75.93155852412568,18801300
2017-11-15,75.83766174316406,76.4865490440549,75.57262208966623,76.2854839984559,19383100
2017-11-16,76.03874969482422,76.23981481943002,75.80113361366467,75.94735835801578,20962800
2017-11-17,75.30758666992188,75.96561522970923,75.16135500209815,75.96561522970923,22079000
2017-11-20,75.4264144897461,75.48124789323332,75.17051597652369,75.30760645795327,16315000
2017-11-21,76.51397705078125,76.62364383898979,75.61832543505287,75.61832543505287,21237500
2017-11-22,75.95648193359375,76.67848518021991,75.89250731542234,76.6145105620485,20553100
2017-11-24,76.09357452392578,76.24894046201939,75.65488643510255,75.8650927422432,7425600
2017-11-27,76.65104675292969,76.7515792633719,76.13010873186938,76.1392429799398,18265200
2017-11-28,77.57414245605469,77.73864963993395,76.78816446337727,76.83386361495378,21926000
2017-11-29,76.16666412353516,77.61067029186515,76.02043944606478,77.41874648053656,27381100
2017-11-30,76.92523956298828,77.24511264192556,76.16667842385833,76.32205132452229,33054600
2017-12-01,77.00749969482422,77.51015541813311,76.05701467043977,76.40430445960102,29532100
2017-12-04,74.10120391845703,77.16285801874454,73.75390719083765,77.15371679625198,39094900
2017-12-05,74.56731414794922,75.56349838497826,74.00982499142694,74.33883235638515,26152300
2017-12-06,75.65487670898438,75.98389099012638,74.42107664105671,74.53075039234062,26162100
2017-12-07,75.38983154296875,75.67315363661797,74.94200929345183,75.43553067918259,23184500
2017-12-08,76.91610717773438,77.29995488176667,76.1575460202108,76.431719963358,24489100
2017-12-11,77.89398956298828,78.02193876592837,76.87953018774292,77.03489608092607,22857900
2017-12-12,78.21388244628906,78.64342929647793,77.75691889888992,77.96711822597571,23924100
2017-12-13,78.00367736816406,78.59773138362894,77.83917020961549,78.36010838290089,22062700
2017-12-14,77.40048217773438,78.4789163489185,77.25425050645727,78.07678622561633,19306000
2017-12-15,79.37454986572266,79.59389036935107,77.57411275719664,77.92140944170961,53936700
2017-12-18,78.94501495361328,79.96861574532907,78.80793147621782,79.62132598141065,22283800
2017-12-19,78.44236755371094,78.91760659521067,77.93056361742967,78.91760659521067,23524800
2017-12-20,78.15901947021484,78.87188825502375,77.4187409688348,78.78048999381426,23674900
2017-12-21,78.1407699584961,78.68912484436446,78.04937863963647,78.64343267128999,17990700
2017-12-22,78.14990997314453,78.25957676499515,77.61068934660689,78.04937743214109,14145800
2017-12-26,78.04936218261719,78.16817017481247,77.7112067041563,77.96710513209028,9891200
2017-12-27,78.33267974853516,78.5794439351101,77.88485748567064,78.27784636161158,14678000
2017-12-28,78.34184265136719,78.53376653142325,78.18647669694724,78.506349830374,10594300
2017-12-29,78.17732238769531,78.64342714565382,78.14076446817796,78.25957247707672,18717400
2018-01-02,78.5520248413086,78.88103912742021,78.14076047002398,78.71653198436441,22483800
2018-01-03,78.9176025390625,79.06383421983,78.57031275630516,78.65256284720414,26061400
2018-01-04,79.61217498779297,80.11483758558383,79.11865361160987,79.13692908211632,21912000
2018-01-05,80.59922790527344,80.80029296974796,79.90464140237326,80.11484768960844,23407100
2018-01-08,80.68148040771484,80.95566131706403,80.06000972287217,80.60836456886037,22113000
2018-01-09,80.62664794921875,81.09275271142944,80.29763364327123,81.01963687172771,19484300
2018-01-10,80.2610855102539,80.59924108057554,79.88637898833473,80.29764343456254,18652200
2018-01-11,80.49868774414062,80.54437990819368,79.73098547733065,80.54437990819368,17808900
2018-01-12,81.88787841796875,82.05238559828628,80.83686070886857,81.03792581511347,24271500
2018-01-16,80.74543762207031,82.97542141757629,80.43470583296993,82.34480964560252,36599700
2018-01-17,82.38138580322266,82.50933503562712,81.11102772955684,81.4126253371003,25621200
2018-01-18,82.34483337402344,82.86577156146443,81.9427101765303,82.07065941746593,24159700
2018-01-19,82.25345611572266,82.81095232054618,81.94272418396496,82.38140537853016,36875000
2018-01-22,83.72486114501953,83.73400236826448,82.01581497915045,82.25343797454691,23601600
2018-01-23,83.98990631103516,84.35547856484388,83.66089197987839,83.98990631103516,23412800
2018-01-24,83.91678619384766,85.38820938530789,83.69744564181252,84.58395604603881,33277500
2018-01-25,84.38289642333984,85.21456651379141,84.01732416450702,84.5108456680247,26383200
2018-01-26,85.96398162841797,85.96398162841797,84.61137341201811,85.10489488752957,29172200
2018-01-29,85.83605194091797,87.23435962032221,85.65326926659912,86.95104438331437,31569900
2018-01-30,84.75759887695312,85.59841712384056,84.17268607989872,85.26940280390865,38635100
2018-01-31,86.83221435546875,87.18864536103698,85.46132372706475,85.68066427525049,48756300
2018-02-01,86.14675903320312,87.80096463470002,85.52528840828398,86.63113921666623,47227900
2018-02-02,83.88021087646484,85.88171304522024,83.62431245671162,85.58011549077865,47867800
2018-02-05,80.42559051513672,85.21456690708808,80.42559051513672,82.76524182612775,51031500
2018-02-06,83.46894836425781,83.60603879858526,77.91227094483028,79.41111055533638,67998600
2018-02-07,81.89701080322266,83.87108978125282,81.52229733244455,82.70126416868521,41107600
2018-02-08,77.69293975830078,82.14375998833124,77.46445799790217,81.98839406471059,55628700
2018-02-09,80.59009552001953,81.27554087532496,76.61451385379014,78.87191500622977,63499100
2018-02-12,81.45831298828125,82.05236694732447,80.36160335059363,81.10188200739728,35720300
2018-02-13,82.09805297851562,82.25341887404986,80.24278253510101,81.2755173952334,26407700
2018-02-14,83.3835678100586,83.54884771376932,81.17984510120039,81.27166571315887,34960900
2018-02-15,85.08230590820312,85.13739689063642,83.209135445348,83.75088212051737,27823900
2018-02-16,84.47625732421875,85.85358760667884,84.29261608874305,84.88945360677114,30596900
2018-02-20,85.13736724853516,85.44955871424976,83.56721174667241,83.99877630671824,30911700
2018-02-21,84.0079574584961,85.72503161796926,84.0079574584961,85.37611049167286,26922500
2018-02-22,84.22834014892578,85.14656032843654,83.88859616053976,84.52217032615066,24392800
2018-02-23,86.36779022216797,86.376974385746,84.80681867618591,85.94540976861359,26329200
2018-02-26,87.61653900146484,87.64408447690708,86.54222342644735,86.67995780912024,30199800
2018-02-27,86.496337890625,88.00221842080582,86.496337890625,87.910397804178,25869100
2018-02-28,86.10150909423828,87.88285860721105,85.97295882066958,87.08400447392167,31167300
2018-03-01,85.25675201416016,86.83609202436394,84.32934756529123,86.30352257804596,37135600
2018-03-02,85.44038391113281,85.53220452090412,83.42947963146301,84.09059923055793,32830400
2018-03-05,85.98213958740234,86.56061579560543,84.7149982242347,84.78845051661145,23901600
2018-03-06,85.68830108642578,86.76261694260889,85.33937996373636,86.6248825238887,22175800
2018-03-07,86.18414306640625,86.25760235905867,84.87108798346519,85.54139176935695,26716100
2018-03-08,86.7075424194336,87.32274833351833,86.1015136643305,86.56062381014864,25887800
2018-03-09,88.64497375488281,88.64497375488281,87.2309138890779,87.49719857213178,36937300
2018-03-12,88.85616302490234,89.26018214261666,88.18586622192792,88.60824666069108,26073700
2018-03-13,86.6891860961914,89.28774434725226,86.28516690281907,89.06737342607883,35387800
2018-03-14,86.17498779296875,87.60741645804676,85.85361203670531,87.3411316870096,32132000
2018-03-15,86.47798156738281,86.84527106058512,85.23838565760639,85.88113701661212,27611000
2018-03-16,86.86363220214844,87.57984285939811,86.2392421666423,86.93709150172901,49081300
2018-03-19,85.29344940185547,86.22085349991103,84.57723897174881,86.07393494734445,33344100
2018-03-20,85.51384735107422,86.10150773682784,85.3944812433464,85.4403950569533,23075200
2018-03-21,84.91703033447266,86.35863616136632,84.66910688980634,85.33022673496173,24457100
2018-03-22,82.44699096679688,84.24670168251981,82.32762486512657,83.80595291283925,38604700
2018-03-23,80.05042266845703,83.06218325248572,79.95860206635135,82.18069286243802,44068900
2018-03-26,86.1106948852539,86.31270446338297,83.00711292758038,83.19993834157687,56396800
2018-03-27,82.15316772460938,87.35947491379275,81.27167711629245,87.1758336641093,56569000
2018-03-28,82.07968139648438,83.76920976021901,81.60221010124377,82.4745162582162,52501100
2018-03-29,83.80594635009766,84.74253478527676,81.17065911812064,82.80508979290609,45867500
2018-04-02,81.28083801269531,83.44783795162802,80.35344078023876,83.07137136345905,48515400
2018-04-03,82.3735580444336,82.68575664905212,80.7023970586745,82.2541919045459,37213800
2018-04-04,84.77928161621094,85.17411662373384,80.55546965544389,80.66565160747314,35560000
2018-04-05,84.82518005371094,85.45875423719166,83.92532817547013,84.88027802975114,29771900
2018-04-06,82.85099029541016,84.89861688864299,82.16232532356315,84.00794240418021,38026000
2018-04-09,83.34684753417969,85.55057749624869,83.20912010349022,83.59477092034959,31533900
2018-04-10,85.28427124023438,85.65156064202544,84.14568039959845,84.8343454009082,26812000
2018-04-11,84.34769439697266,85.6607493493689,83.99877329975925,84.48542880563636,24872100
2018-04-12,85.9270248413086,86.45959409510083,84.8710704947791,84.8710704947791,26758900
2018-04-13,85.46794128417969,86.4779821431121,84.8802808933294,86.35861603434904,23346100
2018-04-16,86.46879577636719,86.9187287246687,85.78013061662142,86.37697515616061,20288100
2018-04-17,88.21340942382812,88.64497401468152,87.12072520489833,87.23091414473232,26771000
2018-04-18,88.55317687988281,88.81027746886602,87.70840879476789,88.35116727269154,21043300
2018-04-19,88.25015258789062,89.13164322519089,87.5431190418864,88.55316696474958,23552500
2018-04-20,87.23088836669922,88.25011299121022,86.35858228521691,88.06647181788607,31154400
2018-04-23,87.55228424072266,88.41541336766554,86.89116465459307,87.91038951563229,22331800
2018-04-24,85.5046615600586,88.58069761362229,84.85272610435422,88.36950390000305,34524800
2018-04-25,84.76091003417969,85.66995313632209,82.89692402559747,85.66995313632209,33729300
2018-04-26,86.55143737792969,87.36865278949124,85.48629859112886,85.89950188137296,42529000
2018-04-27,87.98384857177734,89.89374803655912,86.23005184614287,89.6182792079117,48272800
2018-04-30,85.87194061279297,88.51641898254026,85.53220365951428,88.45214385580131,41523600
2018-05-01,87.23088836669922,87.49717297184245,85.20162327798194,85.58727394523969,31408900
2018-05-02,85.8627700805664,87.38701192032167,85.56893990630853,87.22173200946011,27471000
2018-05-03,86.3769760131836,87.1666459646309,84.88945673140658,85.35775100621007,31142500
2018-05-04,87.37783813476562,87.57066353730191,85.3210198301168,85.6883093134801,22531300
2018-05-07,88.35113525390625,88.80106112157203,87.32272626520708,87.38700138915934,24242000
2018-05-08,87.97467041015625,88.29605306732101,87.28600529702683,88.01140005684547,23484600
2018-05-09,89.01225280761719,89.03979828790854,87.2768174946326,88.15830789127057,27327400
2018-05-10,89.9029541015625,89.9396767492296,89.11328407288417,89.48975075792475,22388100
2018-05-11,89.71012115478516,89.86622393106428,89.10409939525641,89.80194878981935,16778300
2018-05-14,90.01312255859375,90.61915123620625,89.3520029122761,89.91211777899167,19454100
2018-05-15,89.36119079589844,89.84784638762528,88.46133190528829,89.28773149759061,24594000
2018-05-16,89.5917739868164,89.82232409638833,89.10300888025688,89.7854352345571,17384700
2018-05-17,88.69719696044922,89.95138953291682,88.37442836514381,89.23207465314258,17246700
2018-05-18,88.86320495605469,89.38885874793118,88.54043631820572,88.54043631820572,17865800
2018-05-21,90.0067367553711,90.38484220886659,89.26898082799528,89.45341805088196,19422500
2018-05-22,89.91451263427734,90.53238503249864,89.6378497810712,90.08050893903531,15441200
2018-05-23,90.98426818847656,91.04882191613312,88.82631622599008,89.1859737137664,21251200
2018-05-24,90.66148376464844,91.24247429331479,89.27818370337116,91.04881312903532,26649300
2018-05-25,90.7076187133789,91.27938541111409,90.24651858044625,90.65228894889249,18363900
2018-05-29,90.38481903076172,91.18712848398813,89.66550419580263,90.22803969210025,28671000
2018-05-30,91.25170135498047,91.52836421227096,90.2926193975852,90.66149382620088,22158500
2018-05-31,91.15025329589844,92.21078480397527,90.93815121578005,91.5652475568824,34140900
2018-06-01,92.94854736328125,93.01310108776467,91.45458069345727,91.55602326562096,28655600
2018-06-04,93.76007080078125,93.93529104942303,93.00386709439798,93.38197246550337,27281600
2018-06-05,94.23963928222656,94.36874674543232,93.63098378211734,94.06441899537772,23514400
2018-06-06,94.51629638671875,94.61773897143348,93.97220164672987,94.50707945052952,21122900
2018-06-07,93.03157043457031,94.70075788220939,92.57047025134536,94.66386902325173,28232200
2018-06-08,93.72319793701172,94.01830170113963,92.71800315901712,93.22520901582797,22165100
2018-06-11,93.18832397460938,93.6863058427196,92.83788342971076,93.15143512589223,23490900
2018-06-12,93.42808532714844,93.55719277199125,92.91165554777713,93.2344241598842,18325200
2018-06-13,93.00387573242188,94.07363119174059,92.73643686759219,93.8061923269109,29492900
2018-06-14,93.52953338623047,94.09207601570733,93.14221102896627,93.74164250711047,25691800
2018-06-15,92.33988952636719,93.63097101825238,92.28455977420134,93.61253011280647,65738600
2018-06-18,93.01309204101562,93.24364203972213,91.68512179700137,92.22922345257905,23586000
2018-06-19,93.01309204101562,93.14219947742507,91.75889948518608,91.89723089157549,28653100
2018-06-20,93.94453430175781,94.54395878647206,93.2528841709377,93.4834342145444,26180800
2018-06-21,93.27130889892578,94.48861263657083,93.03153492513619,94.13817916397662,23198200
2018-06-22,92.59811401367188,92.9300995716742,91.87879203648667,92.59811401367188,38923100
2018-06-25,90.73528289794922,92.32146846877397,89.73008799308332,92.22002587744241,35433300
2018-06-26,91.37162017822266,92.29382060706423,91.06729234810551,91.13184609669119,26897200
2018-06-27,89.95137786865234,92.23842964952841,89.82227044727193,91.83266648340143,31298400
2018-06-28,90.95658111572266,91.39924020004334,89.69317165131359,89.80383114552316,26650700
2018-06-29,90.93817138671875,92.13703458104267,90.6799564306071,91.23327519882204,28053200
2018-07-02,92.22923278808594,92.27533857099753,90.37560864082884,90.46782724248035,19564500
2018-07-03,91.34394836425781,92.80101958410278,91.2425057619114,92.66269515893075,14670300
2018-07-05,91.9986801147461,92.14622846597067,91.32547097401739,91.75890612869954,18977400
2018-07-06,93.28976440429688,93.5387553326261,91.91568120553906,92.11856635090348,19234600
2018-07-09,93.92607879638672,94.29496024362525,93.3727601434431,93.74164159068165,18212000
2018-07-10,94.1750717163086,94.53472917323798,93.93529773307965,94.06440517731954,19293100
2018-07-11,94.04598999023438,94.3779756263315,93.23444922071042,93.28056205018972,19644600
2018-07-12,96.08403778076172,96.28692294350793,94.73762637942559,94.7745081946259,24335900
2018-07-13,97.22756958007812,97.38434192904685,95.99181762532447,96.25003959729743,24635200
2018-07-16,96.7480239868164,97.58722248960706,96.388359444673,97.19990010370368,21786900
2018-07-17,97.70709228515625,98.21430512595954,96.20390873960068,96.47134759785804,25901700
2018-07-18,96.94168853759766,97.79933501370711,96.57280704670008,97.69789242781454,29493900
2018-07-19,96.2776870727539,97.11688546350729,95.80736307504533,96.76645197578351,40171600
2018-07-20,98.00218963623047,99.78203589463496,97.82697642286027,99.67137639899643,56004000
2018-07-23,99.5699462890625,99.72671861804047,97.87309444018881,98.0298738049952,29707000
2018-07-24,99.2840805053711,100.35382911748734,98.91519900484398,100.12327905913658,26316600
2018-07-25,102.20744323730469,102.50254700076539,99.22873368839272,99.5607263017646,30702100
2018-07-26,101.09156799316406,102.36420147864929,100.98090145866755,102.12442750515402,31372100
2018-07-27,99.30252838134766,101.60802912660941,97.88233907796682,101.60802912660941,37005300
2018-07-30,97.17225646972656,99.16420562976744,96.60971367566087,98.85066087810092,34668300
2018-07-31,97.82696533203125,98.41717269461569,97.18142119207364,98.20506362564312,27655200
2018-08-01,98.01140594482422,98.16817824194267,97.21831345421363,97.78085596582875,23628700
2018-08-02,99.20105743408203,99.6805983562788,96.68344824402236,97.19988504772797,26104300
2018-08-03,99.63451385498047,99.64373782732766,98.5094284468243,99.413187769454,18659600
2018-08-06,99.7175064086914,99.98494531451928,99.19185256918954,99.7082894723668,20265900
2018-08-07,100.40914154052734,100.6120266825728,99.7543803321804,100.11403779823254,16080200
2018-08-08,100.97168731689453,101.21146131372895,100.2984851817054,100.8241389590315,15487500
2018-08-09,101.1376953125,101.58957848106479,101.07314157925207,101.17458416518872,13677200
2018-08-10,100.51981353759766,101.15613387475953,99.94804692769652,100.90713590116202,18183700
2018-08-13,99.79127502441406,101.05469173289815,99.68983244744965,100.74114003069124,18472500
2018-08-14,101.0362319946289,101.211452249989,99.63449105923155,100.11403197412787,16788300
2018-08-15,99.6661376953125,100.89737846001331,98.88850488628152,100.43450397410807,29982800
2018-08-16,99.64763641357422,100.77705148932749,99.33288509759336,100.25863423340353,21384300
2018-08-17,99.59209442138672,99.88833386439953,98.76817824979156,99.38842848002065,18061500
2018-08-20,98.934814453125,99.88833494996939,98.5737728487452,99.52729334558958,17914200
2018-08-21,98.11087036132812,99.37914181896666,97.99051848550303,98.98106951419095,22881900
2018-08-22,99.11068725585938,99.36989584991643,97.92572964708171,97.99053179559597,18000600
2018-08-23,99.57356262207031,100.14752955879334,98.93480059917863,99.19400919547144,18167700
2018-08-24,100.35118103027344,100.49929717987754,99.57354829041543,99.67538123328855,17234000
2018-08-27,101.46212005615234,101.49915087504007,100.45305672736097,101.1566210975084,19662300
2018-08-28,102.07308959960938,102.29526738826925,101.63798642725969,101.77685019376133,19151500
2018-08-29,103.70240020751953,103.71165967516268,102.08233945228301,102.2489745553378,20818000
2018-08-30,103.63760375976562,104.24860152553876,103.1654768275643,103.37839515473632,22798700
2018-08-31,103.98938751220703,104.40597173963764,103.2395260147658,103.39690871355248,23222700
2018-09-04,103.41542053222656,103.64685778354644,102.03605649197331,102.61927582265382,22634600
2018-09-05,100.43449401855469,103.14693851960499,100.0734525203691,102.767385151496,32872400
2018-09-06,100.66595458984375,100.89739186354123,99.52728715847898,100.21233951101011,23477600
2018-09-07,100.17529296875,100.64742691056524,99.26806295354861,100.19381190296455,22498600
2018-09-10,101.2584228515625,101.499119568639,100.31416198134599,100.7585175451287,20727900
2018-09-11,102.98030090332031,103.30431159077855,100.80479250135411,100.81405196753957,24301800
2018-09-12,103.41542053222656,103.54502482793335,102.30452455105289,103.156211940813,18891100
2018-09-13,104.52632141113281,105.28543529722147,103.7949788645626,103.7949788645626,26055600
2018-09-14,104.95216369628906,105.28543389187014,104.09121686818862,104.94290422893843,19122300
2018-09-17,103.81349182128906,105.25765799457025,103.55428323253648,105.24840558990361,20736500
2018-09-18,104.80406188964844,105.25767700187876,103.42469761447141,103.85980085112125,22170900
2018-09-19,103.4061508178711,104.90586660046014,102.79516020764099,104.65591750148049,21728400
2018-09-20,105.13732147216797,105.35024686569254,103.61909356420853,103.94310432574167,23714500
2018-09-21,105.77609252929688,106.72961295767978,105.08178071489321,105.53539578935687,71229700
2018-09-24,106.1556625366211,106.36858796725518,103.88757974769345,104.63743436405858,27334500
2018-09-25,105.95196533203125,106.55370356682415,105.3039438871183,106.27598311739176,22668000
2018-09-26,105.51687622070312,106.51667979272784,105.29469137100475,105.97049126208778,19352000
2018-09-27,105.91496276855469,106.37783733973885,105.72054923330055,106.25748543097149,19091300
2018-09-28,105.87791442871094,106.06306140137394,105.23914536608629,105.71127932815253,21647800
2018-10-01,107.02584075927734,107.09064290573443,106.21118419483062,106.22969606685939,18883100
2018-10-02,106.59999084472656,107.23875280450672,105.9427099510955,106.73885459699315,20787200
2018-10-03,106.61851501464844,107.55352352067055,106.39633722313489,106.84995227415557,16648000
2018-10-04,104.41523742675781,106.2389642068008,103.34136512591644,106.10010043508444,34821700
2018-10-05,103.80422973632812,104.7670095152075,102.4248657450153,104.2671042225449,29068900
2018-10-08,102.61930084228516,103.71168521736561,101.22141752588165,103.36916252216048,29640600
2018-10-09,103.92457580566406,104.68368963805082,102.57298322911707,102.8877344719318,26198600
2018-10-10,98.27752685546875,103.22102360943941,97.93499714927592,102.98032686825242,61376300
2018-10-11,98.04606628417969,100.84182476596342,96.4630294999576,97.52764211382318,63904300
2018-10-12,101.434326171875,102.98032543670145,99.16624375643045,100.91590894843738,47742100
2018-10-15,99.61061096191406,101.3510239511705,99.00887257866913,100.8233471978739,32068100
2018-10-16,102.75814819335938,103.13770870751122,100.86035974841012,101.40655537998632,31610200
2018-10-17,102.48966217041016,103.50798457067155,101.41579709503202,103.38763975361738,26548200
2018-10-18,100.44377136230469,102.32304079321209,99.82352119737652,101.92496842142594,32506200
2018-10-19,100.59187316894531,102.62851780847438,100.17528194978946,100.84182225011627,32785500
2018-10-22,101.4898452758789,102.3322801311355,100.203054921749,101.20286538856892,26545600
2018-10-23,100.07345581054688,100.87885990531173,97.30546854581807,99.76795697499085,43770400
2018-10-24,94.7226333618164,100.43450275336458,94.046833512931,100.36044820432699,63897800
2018-10-25,100.25860595703125,101.15657643266805,98.26824446380864,98.6385454262762,61646800
2018-10-26,99.01811218261719,100.67520374000112,96.98146720798121,97.84241406041187,55523100
2018-10-29,96.13906860351562,100.62895153930273,94.08390391605295,100.08276281289245,55162000
2018-10-30,96.02794647216797,96.62967766930348,92.67673256367402,95.9631443249578,65350900
2018-10-31,98.8792495727539,100.11049745208217,97.56468767265675,97.61097794835354,51062400
2018-11-01,98.05534362792969,99.35139378911569,97.69430204156501,99.10144463813442,33384200
2018-11-02,98.27752685546875,99.35139212793257,97.18514264596476,98.57376628196619,37680200
2018-11-05,99.52726745605469,99.74018575048021,98.03681114346132,98.47191426194436,27922100
2018-11-06,99.72168731689453,100.75852171725614,98.38860644453858,99.40692897185286,24340200
2018-11-07,103.6468505859375,103.90605915935069,101.27693555712673,101.3139663623149,37901700
2018-11-08,103.45245361328125,103.87829731751893,102.67482782195279,103.49874388972418,25644100
2018-11-09,101.434326171875,103.17473189549057,100.68447167898773,102.6192838613924,32039200
2018-11-12,98.934814453125,101.79537594365816,98.22198365059681,101.29547055384639,33621800
2018-11-13,98.99961853027344,100.66596279904078,98.72189095402605,99.56432608917898,35374600
2018-11-14,97.595703125,100.6545766021726,97.1308288657352,100.5058134343671,39495100
2018-11-15,99.74337005615234,100.22684301634091,96.61012365527779,97.61424616217957,38505200
2018-11-16,100.68245697021484,101.23100513163368,99.29713381446281,99.55746223638481,33502100
2018-11-19,97.270263671875,100.93346692334615,96.27543333626045,100.66383908184476,44773900
2018-11-20,94.56468963623047,95.73617436758578,92.37048329203554,94.64837066374952,64052500
2018-11-21,95.86634063720703,97.09360801802328,95.0574571228492,96.32191528410425,28130600
2018-11-23,95.82916259765625,96.51717439370799,94.8343321422536,94.9923876600706,13823100
2018-11-26,98.99028778076172,99.1390437978617,97.23306432493646,97.42831058742644,32336200
2018-11-27,99.61323547363281,99.78988992616395,97.95828458176254,98.80435187318773,29124500
2018-11-28,103.31364440917969,103.50889072130353,100.2826626493629,100.31055396632098,46788500
2018-11-29,102.448974609375,103.31364087256279,101.37046310113341,102.57913881300179,28123200
2018-11-30,103.09978485107422,103.17416641491972,101.6772711362564,102.9231304102952,33665600
2018-12-03,104.21548461914062,105.4520515733395,102.95103344401683,105.06155898572406,34732800
2018-12-04,100.89628601074219,104.72685169764911,100.6080662973065,104.0760307016921,45197000
2018-12-06,101.51923370361328,101.5657168692285,97.6235854981277,98.3859789297097,49107400
2018-12-07,97.45621490478516,101.76094690870966,96.97274891791253,100.7661165279575,45044900
2018-12-10,100.03165435791016,100.39426285920187,96.5915871727648,97.43766185341335,40801500
2018-12-11,100.96138000488281,103.15558689749618,99.89217497033266,102.08638186294603,42381900
2018-12-12,101.41694641113281,103.45309036751493,101.37975562786976,103.09978856664077,36183000
2018-12-13,101.76094055175781,103.08118842436713,100.99854728977421,101.88181236098754,31333400
2018-12-14,98.58123779296875,101.58432873579474,98.08847219555888,100.64528071250473,47043100
2018-12-17,95.66181945800781,98.36739090905455,94.56471598027686,98.00478957342818,56957300
2018-12-18,96.66592407226562,97.1679889648928,95.3177848901882,96.46137832785277,49319200
2018-12-19,96.4056167602539,99.37150942177432,94.23000175035897,96.36842597192725,68198200
2018-12-20,94.37874603271484,96.98203685429655,91.84053021092112,95.81055917662205,70334200
2018-12-21,91.32917785644531,95.7640740887736,90.61326769919656,94.49031637493374,111242100
2018-12-24,87.51720428466797,91.08744141910735,87.37774771542219,90.81781356287128,43935200
2018-12-26,93.49549865722656,93.61637049137062,87.3591605162542,88.45626393338392,51634800
2018-12-27,94.07193756103516,94.08123703061523,89.62774161962797,92.32401323107835,49498500
2018-12-28,93.33743286132812,95.21552843167096,92.52854927290323,94.91800216091694,38196300
2018-12-31,94.43451690673828,95.2062095540048,93.38390407762449,94.17418856631471,33173800
2019-01-02,94.01615142822266,94.60189030844347,91.98929983370067,92.55644686887081,35329300
2019-01-03,90.55747985839844,93.15147829530453,90.37152595462861,93.06779726525407,42579100
2019-01-04,94.76922607421875,95.30848168577683,91.97998171660622,92.71448358198734,44060600
2019-01-07,94.8901138305664,96.01510847692208,93.88599100886,94.49962122804631,35656100
2019-01-08,95.57810974121094,96.66591334110157,94.56468060005534,95.80124730424653,31514400
2019-01-09,96.94483947753906,97.51198643405203,95.98719998836931,96.56364641282622,32280800
2019-01-10,96.32191467285156,96.46137832525802,95.18762070362244,95.96861290104906,30067600
2019-01-11,95.57810974121094,96.17314797158267,94.49959851527765,95.94071094117449,28314200
2019-01-14,94.88079833984375,95.6431915133539,94.14629647494498,94.74133470337166,28437100
2019-01-15,97.63288116455078,97.67007195164445,94.72276414187279,95.30851017182643,31587600
2019-01-16,97.97686767578125,98.7950506725982,97.58637511461836,97.86530242597253,29853900
2019-01-17,98.66490173339844,99.13906830519645,97.40044335510255,97.62358098262027,28393000
2019-01-18,100.14319610595703,100.31985056619368,98.46965329559843,99.91075901340024,37427600
2019-01-22,98.25580596923828,99.57604692459084,97.49341260552879,99.2506364205838,32371300
2019-01-23,99.21343231201172,99.52025092890877,97.93967468918868,98.66488426369519,25874300
2019-01-24,98.73927307128906,99.48307459723334,97.93968891359495,99.35291039420565,23164800
2019-01-25,99.64112854003906,100.30124901449989,98.73927150945751,99.70621064052345,31225600
2019-01-28,97.69794464111328,98.99959356754458,97.30745209120867,98.7950478242376,29476700
2019-01-29,95.70831298828125,97.59570131086619,94.99240267000675,97.5120202571765,31490500
2019-01-30,98.90662384033203,98.90662384033203,97.0006440382168,97.27027190253312,49471900
2019-01-31,97.0936279296875,97.82813003379717,95.9314424029477,96.50788897784095,55636400
2019-02-01,95.55952453613281,96.78679194928101,95.15973250265337,96.48927279134861,35535700
2019-02-04,98.31158447265625,98.36737419487005,95.55023085253204,95.64321135841614,31315100
2019-02-05,99.68761444091797,99.73409760013845,98.51612958994576,98.60910300180335,27325400
2019-02-06,98.58123779296875,99.48309502298389,98.11636351716041,99.48309502298389,20609800
2019-02-07,97.87460327148438,98.17212245241596,96.96345388325122,97.80022879631407,29760700
2019-02-08,98.24651336669922,98.34878625988098,96.93557178937814,97.05643652976683,21461100
2019-02-11,97.85600280761719,99.09256967615708,97.59567443390694,98.73926080319359,18914100
2019-02-12,99.38081359863281,99.61325071661884,98.06987194176892,98.68350224467473,25056600
2019-02-13,99.30641174316406,100.20826871176546,99.21343833363552,99.94794032771897,18394900
2019-02-14,99.39010620117188,99.75270751269913,98.23722016178819,98.84155095205536,21784700
2019-02-15,100.61735534667969,100.69173690806221,99.81777129535784,100.32913566309254,26606900
2019-02-19,100.57086181640625,101.02644354494907,100.20826058326621,100.21756005148966,18038500
2019-02-20,100.0479965209961,100.78563541714837,99.24499757701822,100.71093618428742,21607700
2019-02-21,102.158203125,102.22356317255677,99.78655591925192,99.81456635053183,29063200
2019-02-22,103.61479949951172,103.8295508821607,102.54102121513476,102.75577972149443,27763200
2019-02-25,104.19371032714844,104.74460829718721,103.88558844000987,104.35244798722077,23750600
2019-02-26,104.91266632080078,105.73433646773522,103.80153844274797,103.8855768562051,21536700
2019-02-27,104.7352523803711,104.91266125955818,103.53075408613762,104.28707127592295,21487100
2019-02-28,104.60453033447266,105.39818999830625,104.32441893037789,104.61386951838884,29083900
2019-03-01,105.0714111328125,105.52893150566263,104.26841212201589,105.40755058494649,23501200
2019-03-04,104.81928253173828,105.7436622200831,103.4560538339007,105.52890374515972,26608000
2019-03-05,104.2964096069336,104.94067799748723,103.85756766019237,104.80995790718804,19538300
2019-03-06,104.34309387207031,105.19278154580101,104.04430408955507,104.4551427119049,17687000
2019-03-07,103.0732421875,104.15635967154809,102.58771143087516,104.01630039361625,25339000
2019-03-08,103.18526458740234,103.37200549430779,101.58860632512113,101.92474565651811,22818400
2019-03-11,105.35153198242188,105.46357371973428,103.62415300297603,103.63348506527761,26491600
2019-03-12,106.08914947509766,106.43462092680946,105.18344095541275,105.34217146694036,26132700
2019-03-13,106.91082763671875,107.3776871460494,106.2385488034889,106.56534903527819,35513800
2019-03-14,106.99486541748047,107.56443462330097,106.75210358697855,106.94818373794297,30763400
2019-03-15,108.22737884521484,109.47855895676804,106.99486285657647,107.69515214627862,54681100
2019-03-18,109.77735900878906,109.81470862923581,108.35810905037131,108.47015078799984,31207600
2019-03-19,109.8520278930664,110.58966666469846,109.23577001155999,110.26285935702762,37588700
2019-03-20,109.73064422607422,110.87912163087272,108.974334181274,109.60926333114024,28113300
2019-03-21,112.25171661376953,112.81194667533883,109.32917113433497,109.3758599410123,29854400
2019-03-22,109.29182434082031,111.66346460410283,109.28248515510965,111.57943330384127,33624500
2019-03-25,109.86138153076172,110.18818175771925,108.61019435992486,108.83428492645136,27067100
2019-03-26,110.09483337402344,110.84180445357205,109.10508618614617,110.75777314565407,26097700
2019-03-27,109.03038024902344,110.37493808288177,107.86323133038577,110.06680905867063,22733400
2019-03-28,109.17974853515625,109.78666722974027,108.43277058432827,109.65594715690183,18334800
2019-03-29,110.12284088134766,110.47765160041887,109.20779296287402,110.24422180857184,25399800
2019-04-01,111.13121795654297,111.215256360067,110.27219829668451,111.06585791989525,22789100
2019-04-02,111.28997039794922,111.5607497640314,110.66437325107148,111.16858236821993,18142300
2019-04-03,112.01828002929688,112.4477899545563,111.25263066275419,111.91557035980969,22860700
2019-04-04,111.44873809814453,112.26107646738612,110.5336900342731,112.1396883971619,20112800
2019-04-05,111.94357299804688,112.26104116991424,111.4580422409513,111.47671348696194,15826200
2019-04-08,111.9809341430664,112.06496544433216,110.77643562560972,111.86888528433384,15116200
2019-04-09,111.37400817871094,111.616777128605,110.72040768712434,110.76708936583132,17612000
2019-04-10,112.22367858886719,112.37306991082541,111.61675986983255,111.82217917077135,16477200
2019-04-11,112.3543930053711,112.83992368190664,111.97156485041971,112.55047311264754,14209100
2019-04-12,112.93331909179688,112.96133664791964,112.3917674431804,112.64386845859573,19745100
2019-04-15,113.02667236328125,113.52154222590251,112.57848417005823,112.92396271741158,15792600
2019-04-16,112.7652359008789,113.58691314657396,112.1396459060595,113.57757396231553,14071800
2019-04-17,113.69898223876953,113.77368148340217,112.55051162831897,113.2041122095744,19300900
2019-04-18,115.19290924072266,115.33296138402915,113.2601113022804,114.09112059654672,27991000
2019-04-22,115.55706787109375,115.78115844117958,114.44593995807884,114.4926287585475,15648700
2019-04-23,117.12571716308594,117.25643725712153,115.6224289579656,115.87452996111688,24025500
2019-04-24,116.72420501708984,117.508525496108,116.26667761395251,117.4525046400953,31257000
2019-04-25,120.58979797363281,122.66265520443052,120.2910153151198,121.43948564653344,38033900
2019-04-26,121.28076171875,121.86900925461165,120.46843073869071,121.10335282714593,23654900
2019-04-29,121.16870880126953,121.55152273221088,120.77654856273588,121.29008257318844,16324200
2019-04-30,121.9437255859375,122.03708895163885,120.8139191557907,121.20607948555262,24166500
2019-05-01,119.40399932861328,121.99039817450567,119.23592960089998,121.87835643850454,26821700
2019-05-02,117.84466552734375,119.51602327010687,117.2003971848161,119.49735202590337,27350200
2019-05-03,120.35636138916016,120.85123126997718,118.81573089188751,118.91844054153367,24911100
2019-05-06,119.65608215332031,120.03891035630994,117.75130169398682,118.01274186982826,24239800
2019-05-07,117.20040130615234,118.75037820682213,115.98657092635722,118.07809941249357,36017700
2019-05-08,117.19107055664062,117.99406944510429,116.48144214094266,117.1257105133336,28419000
2019-05-09,117.18173217773438,117.45251153721344,115.37965425849887,116.0519330649696,27235800
2019-05-10,118.70369720458984,119.45067527483482,115.61308950828015,116.63084695089616,30915100
2019-05-13,115.17422485351562,117.22841070708623,114.88477427419512,115.883853211928,33944900
2019-05-14,116.4627456665039,117.53651655626349,115.50100934659841,115.65974695199417,25266300
2019-05-15,118.1028060913086,118.7494592155008,115.92856008759077,116.45338301957699,24722700
2019-05-16,120.83001708984375,121.25175745868842,118.5151998649632,118.78698158814498,30112200
2019-05-17,120.02403259277344,122.26388070891879,119.88344773517932,120.24894548467054,25770500
2019-05-20,118.29027557373047,119.57420124620299,117.85917576435249,118.57142389284797,23706900
2019-05-21,118.92755126953125,119.5179691556985,118.62765544876815,119.4242530523501,15293300
2019-05-22,119.649169921875,120.18336671180455,118.57141688706866,118.66514013798412,15396500
2019-05-23,118.25276947021484,118.35585931635548,116.90323486624975,118.27150982856791,23603800
2019-05-24,118.30899810791016,119.4148651566646,118.05596394382408,118.93691094115987,14123400
2019-05-28,118.23403930664062,119.95843842699016,118.13094945161102,119.00252276681033,23128400
2019-05-29,117.09070587158203,117.5124319743524,116.24724651595984,117.50305821760065,22763100
2019-05-30,117.8310546875,117.85916880274307,116.9407338543485,117.39058114847812,16829600
2019-05-31,115.90984344482422,116.79079053046706,115.57245975883674,116.42529272899401,26646800
2019-06-03,112.31109619140625,116.55650674765947,111.53324604563242,116.0691715369704,37983600
2019-06-04,115.42252349853516,115.53497996834237,113.07021128729767,113.66062920402771,29382600
2019-06-05,117.92477416992188,117.96226204134769,116.40654755253824,117.10005529871479,24926100
2019-06-06,119.78974914550781,119.93032687355803,117.70921879058938,118.49644977762242,21459000
2019-06-07,123.14482879638672,123.94143352207473,120.20209892408829,121.07367938985425,33885600
2019-06-10,124.26943969726562,125.6564550166469,123.70712884608348,124.08199321343226,26477100
2019-06-11,123.80085754394531,125.80641202798061,123.032366966806,125.4690283624345,23913700
2019-06-12,123.22917175292969,123.67901184326765,122.49817624357101,123.14481511711242,17092500
2019-06-13,124.00702667236328,124.6442989306394,123.2947643835154,123.68837624306684,17200800
2019-06-14,124.12882232666016,125.38463335857281,123.36971288647646,123.95075679374689,17821700
2019-06-17,124.50373077392578,125.328435224055,124.20382784649068,124.29755108635382,14517800
2019-06-18,126.66860961914062,126.74358535480289,125.17850441077125,125.75954848695467,25934500
2019-06-19,127.16532135009766,127.39023427460262,125.40342717395274,126.51866809182488,23744400
2019-06-20,128.3461456298828,129.01154633909664,127.19342409436848,128.8147332475897,33042600
2019-06-21,128.3649139404297,129.07716208670809,127.88695964097253,127.99941611139504,36727900
2019-06-24,129.12400817871094,129.70505227285932,128.39301260860177,128.39301260860177,20628800
2019-06-25,125.04730224609375,128.94595520146538,124.39128234979594,128.6273190090009,33327400
2019-06-26,125.515869140625,127.21216828460724,125.20661390514596,125.9094953133706,23657700
2019-06-27,125.7220458984375,126.24687601646973,125.12225434941632,125.7126792946035,16557500
2019-06-28,125.54397583007812,126.1437672893075,124.7942329310023,126.11565318185585,30043000
2019-07-01,127.15596008300781,128.11188306026997,126.49057351170308,128.04628821387894,22613500
2019-07-02,127.99939727783203,128.00876388226854,126.83729482052988,127.56829037104205,15237800
2019-07-03,128.82408142089844,129.08648927612992,127.72757408992075,128.20554249064324,13629300
2019-07-05,128.44921875,128.70226003465305,127.19340753012654,127.39958719907978,18141100
2019-07-08,128.35549926757812,128.48670320065781,126.86538009169759,127.83066923510313,16779700
2019-07-09,127.88687896728516,128.36483296523903,127.2683401698254,127.45577226901402,19953100
2019-07-10,129.1896514892578,129.87378561659764,128.41179408960792,128.51488396908354,24204400
2019-07-11,129.7050018310547,130.4734921213709,129.2083002727398,129.51756970907527,22327900
2019-07-12,130.1736297607422,130.38919035318898,129.33954440346187,130.1267824407969,18936800
2019-07-15,130.1736297607422,130.77342131766108,129.7612846842394,130.67971237761174,16651500
2019-07-16,128.46798706054688,130.31422347687305,127.94317120009755,130.22988113504934,22726100
2019-07-17,127.70885467529297,129.26455447066715,127.66199306033704,129.04900820205842,20211000
2019-07-18,127.84945678710938,128.03688899305456,126.20939995980784,127.03411882615946,30381800
2019-07-19,128.036865234375,131.8324274761386,127.87754717387682,131.41070151597776,48992400
2019-07-22,129.733154296875,130.44541659123118,128.7022701710751,128.7772459020683,25074900
2019-07-23,130.5391845703125,131.1952189381756,129.35834844845584,130.97965825151658,18034600
2019-07-24,131.8793487548828,131.8980962705279,130.1268349964249,130.1736823352909,20738300
2019-07-25,131.38259887695312,131.77621076081525,130.56726099610725,131.60751178192618,18356900
2019-07-26,132.4603271484375,132.77896325508206,131.48567132218432,131.5512661440665,19037600
2019-07-29,132.16983032226562,132.61967045850167,130.61411590508914,132.6103038536368,16605900
2019-07-30,131.5325164794922,132.34785415040147,131.01706737138352,131.33570343815776,16846500
2019-07-31,127.70885467529297,131.66373473493385,126.59361402006459,131.51378328713773,38598800
2019-08-01,129.38641357421875,132.08548288794373,128.32740095873314,128.3930100907393,40557500
2019-08-02,128.29930114746094,129.6301027436691,126.76233412806678,129.41454211461277,30791600
2019-08-05,123.90396118164062,125.51588965176916,122.56379297487317,124.92547889648668,42749600
2019-08-06,126.2281494140625,127.1559438528332,124.8411339085186,125.39406392962694,32696700
2019-08-07,126.78106689453125,127.12781716157795,123.54781513648969,125.38467062156676,33414500
2019-08-08,130.16427612304688,130.25799937259114,127.39023095836242,128.0181509900207,27496500
2019-08-09,129.05841064453125,130.6234916041973,127.8869415759046,129.90186265387862,23466700
2019-08-12,127.25904846191406,129.19900851356664,126.7436134029301,128.45864619781986,20484300
2019-08-13,129.8925018310547,130.07993403034587,126.51866504317269,127.50270196465162,25154600
2019-08-14,125.98087310791016,128.74534606147674,125.68938359948847,128.2187825175175,32527300
2019-08-15,125.69876098632812,126.54503598552417,124.35414460830978,126.36637745187906,28074400
2019-08-16,128.0024871826172,128.31278655553047,126.67666650229056,126.82711729178372,24449100
2019-08-19,130.1463623046875,130.27800316015703,128.71710848260608,129.6197988828094,24355700
2019-08-20,129.06503295898438,130.42847373401733,129.0462373680502,129.95832570063476,21170800
2019-08-21,130.5037078857422,131.16192672717207,129.7608801745784,130.2780459723668,14970300
2019-08-22,129.55398559570312,130.88920423378826,128.1529393487213,130.38145069166865,18697000
2019-08-23,125.42610168457031,130.08997685734383,124.87133040480121,128.99922989022528,38508600
2019-08-26,127.36311340332031,127.46654655596922,125.90565146973343,126.93058519972013,20312600
2019-08-27,127.63579559326172,128.55728173810164,126.62027410092034,128.24698230868236,23102100
2019-08-28,127.4665298461914,127.6545861860511,125.57653995676593,126.82713542111259,17393300
2019-08-29,129.8736572265625,130.17455878321485,128.73590729143865,129.05560443454982,20168700
2019-08-30,129.62921142578125,130.87039472603064,128.13414417974815,130.84218699291898,23940100
2019-09-03,127.91789245605469,129.0086395232516,127.59819518222236,128.45386819258107,18869300
2019-09-04,129.41290283203125,129.46931827884507,128.33155415959556,129.1026035267814,17995900
2019-09-05,131.6884765625,131.99877600875112,130.47548651372017,130.80459590004781,26101800
2019-09-06,130.7952117919922,131.81071909791473,129.94893657334757,131.66968040203156,20824500
2019-09-09,129.3094940185547,131.40634982304044,128.31278267690072,131.2558990380951,25773900
2019-09-10,127.9554672241211,128.71710460408627,126.47919578076007,128.6324814169294,28903400
2019-09-11,127.99307250976562,128.13412550254242,127.02456888669381,127.7956184067655,24726100
2019-09-12,129.3094940185547,130.15575457526327,128.69829308513042,129.61979338208826,27010000
2019-09-13,129.1214599609375,129.81726985259985,128.41623792623386,129.55398810746613,23363100
2019-09-16,128.19061279296875,128.5385178774376,127.56061591265107,127.72046458248231,16731400
2019-09-17,129.1873016357422,129.30954473993194,128.28461091976826,128.7829811338564,17814200
2019-09-18,130.2498321533203,130.39087084259643,128.37863757149674,129.15908513031417,23982100
2019-09-19,132.64759826660156,133.86997190777456,131.7073020209103,131.92356614004032,35772100
2019-09-20,131.11485290527344,133.19289865599868,129.99589857129413,132.59110989836807,39167300
2019-09-23,130.83279418945312,131.29354442748715,130.17458981210405,130.91741739201672,17139300
2019-09-24,129.1778564453125,132.29023360546103,128.70770849126524,131.9799342340566,29773200
2019-09-25,131.0396728515625,131.60385628417788,127.90848493088666,129.29072142779168,21382000
2019-09-26,131.2089080810547,131.81069699554976,130.1745910065241,131.1148870821589,17456600
2019-09-27,129.50698852539062,131.97997206380526,128.49146693183386,131.78250355348266,22477700
2019-09-30,130.72938537597656,130.9080439575997,129.5540150734897,129.8078990762058,17280900
2019-10-01,128.8864288330078,131.87656436810784,128.82060120093243,131.3217929596887,21466600
2019-10-02,126.61085510253906,128.2281654270984,125.60474580808835,128.11533449442922,30521700
2019-10-03,128.1435546875,128.58549501379764,125.2662508424339,126.89295912029398,24132900
2019-10-04,129.8736572265625,129.9959002774245,128.27515716323072,128.5854565131125,22897700
2019-10-07,128.93338012695312,129.9300915696498,128.83935913766322,128.9521900639223,15303700
2019-10-08,127.56993865966797,129.53515357985705,127.52292099672381,128.89575927670083,25550500
2019-10-09,129.98654174804688,130.41906993166458,128.79236164950365,129.25311191688624,19749900
2019-10-10,130.7952117919922,131.33117318413008,129.99595425456926,130.2216305157642,17654600
2019-10-11,131.3404998779297,132.6099048447925,131.17125353449418,131.75423229224864,25446000
2019-10-14,131.2183380126953,131.91414802041203,131.19013027442472,131.3499789072186,13304300
2019-10-15,133.11770629882812,133.3245582106238,131.4627762222408,131.69785021286717,19695700
2019-10-16,132.0269775390625,132.57235099340375,131.19951238795443,132.3842802970394,20751600
2019-10-17,131.34996032714844,132.97666851103372,130.71996368191864,132.53472821026696,21460600
2019-10-18,129.20611572265625,131.64147965276456,128.40685814279428,131.41580337958663,32273500
2019-10-21,130.16519165039062,130.231019269086,128.82997281355318,130.18400159112943,20078200
2019-10-22,128.2281951904297,131.65087297103523,128.1247620288819,130.67297118276886,27431000
2019-10-23,129.0462188720703,129.2436729830338,127.5135319116312,128.70771176264134,29844600
2019-10-24,131.58502197265625,132.03636002648724,130.3908420585383,131.06785631317385,37029300
2019-10-25,132.32786560058594,132.71339044349432,130.88921372122516,131.02085460078172,25959700
2019-10-28,135.5812530517578,136.97288681175124,134.9418444499607,135.77870713406304,35280100
2019-10-29,134.30245971679688,135.8727520849031,134.13319900076098,135.47782954452094,20589500
2019-10-30,135.97618103027344,136.3428958313571,134.2648357266992,134.95126201542115,18496600
2019-10-31,134.8102264404297,136.2770858341867,134.4529237341156,136.24887810336656,24605100
2019-11-01,135.13934326171875,135.7975475970039,134.4341212565321,135.6470967924306,33128400
2019-11-04,135.91981506347656,136.34294547297444,135.5531001288743,136.18309684484328,16912000
2019-11-05,135.83518981933594,136.3617533741931,135.31802406089378,136.31473569655643,18250200
2019-11-06,135.45904541015625,135.89158790216462,134.65039024075023,135.75053488730626,16575800
2019-11-07,135.64706420898438,136.230057349722,135.18632845884616,135.25214170267665,17786700
2019-11-08,137.24560546875,137.27381319989922,135.17694286595528,135.38380912623475,16732700
2019-11-11,137.38665771484375,137.67814719740517,136.08904456250804,136.66262573224404,14362600
2019-11-12,138.28932189941406,138.75946983921307,137.33961387844312,137.5464801197768,18641600
2019-11-13,138.51499938964844,138.6560523962027,137.54649567197717,137.9790381385209,16919200
2019-11-14,139.22023010253906,139.5493394573427,138.2235185906592,138.24232852893402,19729800
2019-11-15,141.01622009277344,141.03503003386288,139.41771944691715,140.03830402505773,23485700
2019-11-18,141.36412048339844,141.56158898894984,140.08531713883045,141.11025085197898,21534000
2019-11-19,141.4111328125,142.29501346031734,141.232474254182,141.87188307617376,23935700
2019-11-20,141.1658477783203,142.316913894024,140.0714035080911,141.81686223353356,25696800
2019-11-21,141.03372192382812,141.33564743404634,140.10910024283606,140.95824054627357,18576100
2019-11-22,141.1375274658203,141.80741579079225,140.41104609523438,141.59041579676025,15901800
2019-11-25,142.68484497070312,142.79807423986176,141.44886795661458,141.52434933718655,22420900
2019-11-26,143.43960571289062,143.8075683461118,142.76973203536878,142.80746551718235,24620100
2019-11-27,143.71328735351562,143.88310968736712,142.95848783321202,143.72271712875067,15184400
2019-11-29,142.82635498046875,143.6943691225008,142.73199967078307,143.50567289972844,11977300
2019-12-02,141.09976196289062,143.2509306587758,139.93926647088404,143.23205671678392,27418400
2019-12-03,140.87332153320312,140.98653639491616,138.3636198568316,139.15616707862256,24066000
2019-12-04,141.3828125,141.69415335935184,140.76953176072647,141.65641987223628,17574700
2019-12-05,141.45826721191406,141.82624426153976,141.03369713482053,141.57149645664435,17869100
2019-12-06,143.17544555664062,143.28866041244254,141.77907621422,142.45839414222985,16403500
2019-12-09,142.80752563476562,143.6095028277362,142.3829554017944,142.53391818579414,16687400
2019-12-10,142.59048461914062,143.30753604199774,142.24138148197392,142.74143296312153,16476100
2019-12-11,143.12828063964844,143.28867316517588,141.83569626553893,142.97731788741072,18856600
2019-12-12,144.581298828125,144.7699951052196,142.4867370401877,143.08112959320556,24612100
2019-12-13,145.79840087890625,146.13805993358372,144.1944609416082,144.3548534956777,23845400
2019-12-16,146.7418975830078,147.09098641486455,146.0720236409799,146.34563108280756,24144200
2019-12-17,145.9492950439453,146.9116643125338,145.72285098174913,146.6663463126722,25425600
2019-12-18,145.6474151611328,146.69469588173047,145.46814868875833,145.58137795355316,24129200
2019-12-19,146.91172790527344,146.96833534617673,145.0624699216854,145.2983438565174,24958900
2019-12-20,148.51564025878906,149.53461719601128,147.45891543689208,148.45903282837668,53477500
2019-12-23,148.51564025878906,149.18551404746862,148.38355145562693,149.18551404746862,17718200
2019-12-24,148.4873046875,148.79865988457055,148.2419866795432,148.5816455857477,8989200
2019-12-26,149.70445251464844,149.76105994998684,148.5062090124484,148.65717177108485,14520600
2019-12-27,149.97808837890625,150.53474740740432,149.27989635218842,150.44039207525785,18412800
2019-12-30,148.68548583984375,150.0346921946084,147.87407895143622,150.00638847496876,16348400
2019-12-31,148.7892608642578,148.8553124700103,147.60989130382995,147.911816821668,18369400
2020-01-02,151.54425048828125,151.64803557454536,149.38365201536385,149.80822213313544,22622100
2020-01-03,149.6572723388672,150.91212325532504,149.12891708911667,149.37423516693,21116200
2020-01-06,150.04412841796875,150.11018003103487,147.6665150898337,148.20431457930582,20813700
2020-01-07,148.67604064941406,150.64794302838786,148.43073697243855,150.31772820129783,21634100
2020-01-08,151.04420471191406,151.71409291161044,149.02512473635332,149.94974637838766,27746500
2020-01-09,152.93121337890625,153.0538724258733,151.9311102480721,152.69533945572454,21385000
2020-01-10,152.2235870361328,153.9973634920825,152.07262427464744,153.61997098497042,20725900
2020-01-13,154.05397033691406,154.08227405500872,152.1481050711336,152.61985290151284,21626500
2020-01-14,152.9689483642578,154.3558880672922,152.5821117076889,154.15774765402992,23477400
2020-01-15,153.95962524414062,154.6766912077971,153.384106673567,153.43126994245833,21417900
2020-01-16,156.78065490722656,156.84670650655414,154.76157499203615,155.06350048050558,23865400
2020-01-17,157.65809631347656,158.00718502496903,156.08244623437696,157.96000737289214,34371700
2020-01-21,157.09202575683594,158.68653570911525,157.02597415095403,157.26184806350182,29517200
2020-01-22,156.33721923828125,158.02608443731478,156.31834529508856,157.94115889124797,24138800
2020-01-23,157.29959106445312,157.37507244171542,155.93152529350064,156.799539537116,19680800
2020-01-24,155.71446228027344,158.06377082496513,155.15780349307457,158.04489688739676,24918100
2020-01-27,153.1104736328125,154.1483246112151,151.14800094421565,152.04431893650815,32078100
2020-01-28,156.1107940673828,156.39383124054007,153.85584007609117,154.52571391469783,24899900
2020-01-29,158.54505920410156,159.2149476888845,156.32785227424972,158.3563628861619,34754500
2020-01-30,163.01718139648438,164.2154249334723,161.1396198225113,164.2154249334723,51597500
2020-01-31,160.6112518310547,162.65863555385778,159.99798545017555,162.47938348314258,36142700
2020-02-03,164.52676391601562,164.6399787787509,160.77164114049552,160.79994485617934,30107000
2020-02-04,169.94239807128906,170.43301974275775,166.34768266319725,167.13078562453822,36433300
2020-02-05,169.73487854003906,173.79191311743807,168.3290790956933,173.63152056859474,39186300
2020-02-06,173.25411987304688,173.433386359374,169.88583331610553,170.7444178576712,27751400
2020-02-07,173.49940490722656,175.1410924302092,172.1690726591165,172.51817581999805,33529100
2020-02-10,178.03759765625,178.16968645015277,172.89555006965108,173.20690531169305,35844300
2020-02-11,174.01832580566406,179.924602910482,173.1314376634959,179.87742525250712,53159900
2020-02-12,174.2730712890625,175.34865565201176,171.57467341056173,175.09390781966596,47062900
2020-02-13,173.32960510253906,175.70720395202792,172.53705775610726,172.73519819186575,35295800
2020-02-14,174.8769073486328,174.93351477862925,172.32945782599572,172.89556091915946,23149500
2020-02-18,176.65065002441406,177.0940940400316,175.01840691816543,175.12219199408864,27792200
2020-02-19,177.1804656982422,178.0319252173796,176.41414924383423,177.91840113107367,29997500
2020-02-20,174.4747314453125,177.15211900829618,171.33377748279395,176.86829430160537,36862400
2020-02-21,168.9591522216797,173.60437352839702,167.69141802674864,173.29216774559882,48572600
2020-02-24,161.67437744140625,165.13700729463477,154.42745645308867,158.7226349755328,68311100
2020-02-25,159.00643920898438,165.41134073594938,158.60907598738845,164.80585480979238,68073300
2020-02-26,160.99317932128906,163.9165403125389,159.13888503210237,160.5579939912632,56206100
2020-02-27,149.64979553222656,158.02254597585994,149.46058385061485,154.51262380879592,93174900
2020-02-28,153.27322387695312,154.8815589206955,143.80304190624392,144.19093515495462,97012700
2020-03-02,163.47186279296875,163.59485683887016,153.5570269216217,156.39524445408495,71030800
2020-03-03,155.63839721679688,165.56270392318126,153.50973388064168,164.42741969774957,71677000
2020-03-04,161.35267639160156,161.4945814998226,156.68853121047633,159.403769247118,49814400
2020-03-05,157.30349731445312,161.6554226701789,156.75477346692026,157.09536018483988,47817300
2020-03-06,152.85693359375,154.31387882369515,147.58730308636078,153.84084259585427,72821100
2020-03-09,142.49746704101562,149.24297008661304,141.9109065799807,142.8569792905139,70419300
2020-03-10,152.2420196533203,152.3460882294673,144.35177667029004,149.63086415534653,65354400
2020-03-11,145.34515380859375,149.19566219854573,142.99888311407793,148.6564082651572,56371600
2020-03-12,131.5608673095703,145.19377837676913,131.1067564557763,137.46436615258762,93226400
2020-03-13,150.26473999023438,153.1786458580009,133.14081705620686,139.5457337596405,92727400
2020-03-16,128.11717224121094,141.29597337845718,127.71982341179633,132.45018724186286,87905900
2020-03-17,138.66590881347656,139.54574966176023,127.71983867347546,132.45020306878936,81059800
2020-03-18,132.8285675048828,138.12657905107284,127.73870749052237,130.55799937704143,81593200
2020-03-19,135.01405334472656,142.0528227308985,131.50411696458423,135.07081540201364,85922700
2020-03-20,129.94309997558594,139.16730942925798,128.53344635957905,138.126623613961,84866200
2020-03-23,128.64694213867188,132.98942614254727,125.37353917862465,129.62139571659822,78975200
2020-03-24,140.34042358398438,141.53248444816953,133.65169697152206,135.99795327111457,82516700
2020-03-25,138.99697875976562,146.00737989282055,136.650722853414,140.87966835078421,75638200
2020-03-26,147.69140625,148.21174910976754,140.36879852981065,140.39717955525947,64568100
2020-03-27,141.62705993652344,146.53717885318503,141.15402365454713,143.56651157981065,57042300
2020-03-30,151.5892333984375,151.9392901340011,141.92036869340518,144.21933299332323,63420300
2020-03-31,149.20516967773438,155.89389785499287,148.11717713548035,150.8040208197109,77927200
2020-04-01,143.9071807861328,149.24303252857624,142.68675283073526,144.74918527335763,57969900
2020-04-02,146.88722229003906,147.09535941069365,142.2514724629254,143.67058132052205,49630700
2020-04-03,145.5343780517578,148.89293932114418,143.98281926389615,146.73589452913959,41243300
2020-04-06,156.357421875,157.52108712521817,149.0821213070367,151.6743654152185,67111700
2020-04-07,154.67343139648438,160.8323594955276,154.4558242809488,160.4444662227108,62769000
2020-04-08,156.2249755859375,157.68192106171185,154.68287260348404,156.7358484464,48318200
2020-04-09,156.23443603515625,158.34417399168134,154.52204685726437,157.38864581705784,51385100
2020-04-13,156.58444213867188,156.64121861044362,153.54755773322557,155.48700909505143,41905300
2020-04-14,164.33277893066406,164.38008543955723,158.94016894299634,159.88624137718085,52874300
2020-04-15,162.6110076904297,164.20987313253696,160.11337591909282,161.9676706393669,40940800
2020-04-16,167.49267578125,167.71973838730918,163.57593605123742,164.90044626603395,50479600
2020-04-17,168.96856689453125,170.29306271908877,166.38577838276137,169.820026433758,52765600
2020-04-20,165.61949157714844,169.11050229797053,165.5532739920201,167.1048327083939,36669600
2020-04-21,158.76988220214844,164.30439725854745,157.1520919943274,164.1435666776866,56203700
2020-04-22,164.1625213623047,164.6166321676054,161.60812823309527,162.1473821076544,34620200
2020-04-23,162.17575073242188,165.61945415085265,161.69325894092148,164.72068813801647,32790800
2020-04-24,165.13699340820312,165.14644893831272,161.50407768863286,162.78126717777104,34277600
2020-04-27,164.6639404296875,167.36023870290072,163.95438597316996,167.06695850395437,33194400
2020-04-28,160.652587890625,166.196573972886,160.2552391260029,166.12088643163574,34392700
2020-04-29,167.86163330078125,168.09815142092725,162.61094258227627,163.87867624163795,51286600
2020-04-30,169.54568481445312,170.6714991341824,166.72637794260925,170.29307585110467,53875900
2020-05-01,165.15594482421875,169.00645382800602,164.62613190053162,166.31961039097436,39370500
2020-05-04,169.1956329345703,169.34700802647814,164.4274330268601,165.0802254792797,30372900
2020-05-05,171.01210021972656,173.74624981187438,170.19847710047543,170.87965061593798,36839200
2020-05-06,172.6960906982422,174.2665747211143,171.83517558038187,172.26090537465083,32139300
2020-05-07,173.698974609375,174.5977408964451,172.73397629601027,174.23822860724684,28316000
2020-05-08,174.72067260742188,175.02342275440157,173.47186434093456,175.00449726123495,30877800
2020-05-11,176.66961669921875,177.39808226581636,172.98939456730636,173.27320482134522,30892700
2020-05-12,172.6677703857422,176.95347973105712,172.46910314866088,176.72643146010705,32038200
2020-05-13,170.05654907226562,174.124664120845,167.01964968834875,172.70555522733514,44711500
2020-05-14,170.7945098876953,170.94588499008822,166.20605134339007,167.96574720991572,41873900
2020-05-15,173.2826385498047,176.97231543994963,167.45482862020927,169.4037356153074,46610400
2020-05-18,174.93832397460938,176.15875152825836,174.03955770661358,175.73302165772617,35264500
2020-05-19,173.7273406982422,176.53717787203394,173.59489109296922,175.05183675097177,26799100
2020-05-20,176.13710021972656,176.3173570246595,174.50532158451549,175.33069276906858,31261300
2020-05-21,174.02142333984375,177.0952410908258,173.88860485853687,175.89037841860198,29119500
2020-05-22,174.0973663330078,174.99865034030577,173.17711859218014,173.79378735907517,20826900
2020-05-26,172.25682067871094,176.9339415138883,171.81092701385654,176.78214484582574,36073600
2020-05-27,172.48455810546875,172.6553330324077,167.54179870868253,170.95713801001153,39517100
2020-05-28,172.09555053710938,174.7044964020531,171.1278792209249,171.4694145313809,33810200
2020-05-29,173.85067749023438,174.81836335004485,171.15635122877697,173.3573454571367,42130400
2020-06-01,173.4521942138672,173.61347275196593,172.15246956934172,173.1770609318364,22622400
2020-06-02,175.42550659179688,175.51088679218194,172.048110221598,174.79935617005145,30794600
2020-06-03,175.85244750976562,176.40269967428475,174.1637490803685,175.3401517572159,27311000
2020-06-04,173.53756713867188,176.3077911894076,172.94937314484073,174.84678806804004,28761800
2020-06-05,177.59805297851562,178.10086682904225,172.67425840814317,173.25297060087948,39893600
2020-06-08,178.6985626220703,178.87881938074497,174.9796305982764,176.40269198638714,33211600
2020-06-09,180.064697265625,180.91852827671923,177.65497196351984,178.35702076730806,29783900
2020-06-10,186.74359130859375,188.3374275256502,181.21262453597723,181.32647928613525,43872300
2020-06-11,176.71575927734375,185.7189846562895,176.52602066269233,183.2238936451731,52854700
2020-06-12,178.1103515625,181.8862033655673,175.68164819844708,180.76672098608847,43373600
2020-06-15,179.2488250732422,181.0324000812959,174.57168884769598,175.1124591548258,32770200
2020-06-16,183.64134216308594,185.54823928045562,181.63956849263874,182.99621344964388,42556700
2020-06-17,184.27694702148438,186.25026032660236,183.755155009725,185.0264195648279,25687800
2020-06-18,186.25025939941406,186.4115379338591,184.04925109754151,184.04925109754151,23061600
2020-06-19,185.1402587890625,189.06790717419463,184.4002681133222,188.4038148339312,44441100
2020-06-22,190.28231811523438,190.4625604256519,185.2162077883004,185.74748180583506,32818900
2020-06-23,191.55355834960938,193.48891551805355,191.09816827081005,191.72431877206205,30917400
2020-06-24,187.69227600097656,192.82478671322252,186.4779316388063,191.25942523146253,36740600
2020-06-25,190.0640869140625,190.32024203259226,185.4438852960937,187.65437585525592,27803900
2020-06-26,186.25975036621094,189.63714684348795,184.88412734837098,189.48535016501688,54675800
2020-06-29,188.26150512695312,188.34688532156488,183.62232636340255,185.73793988349985,26701600
2020-06-30,193.07144165039062,193.91579067434787,187.5974102649732,187.73022872460268,34310300
2020-07-01,194.20045471191406,195.76583103340928,191.42074822230836,192.72047308150405,32061200
2020-07-02,195.68045043945312,197.35018530267172,194.48508391557434,195.13019822099528,29315800
2020-07-06,199.89263916015625,200.3005908552015,197.41651235536588,198.1185610177487,31897600
2020-07-07,197.568359375,203.65906048150194,197.3217006083153,199.65551321746923,33600700
2020-07-08,201.91342163085938,202.3213589127099,197.9857731079921,199.29499410765712,33600000
2020-07-09,203.32699584960938,205.28133095940976,200.62317371738888,205.23389268976726,33121700
2020-07-10,202.71034240722656,203.09931598071202,200.25319330353184,202.66290413404784,26177600
2020-07-13,196.4488983154297,204.73111197415724,195.9081280111182,203.4788109385705,38135600
2020-07-14,197.66323852539062,198.13759233564966,191.66739941517432,195.55710644975017,37591800
2020-07-15,197.36912536621094,200.4903815184619,194.513520663541,198.81116499075517,32179400
2020-07-16,193.46044921875,195.14914756390348,191.93302942609668,194.8645323928501,29940700
2020-07-17,192.47377014160156,194.5229672110187,191.0601908439934,193.9822114975741,31635300
2020-07-20,200.74652099609375,201.41061337801344,192.59711223612445,194.4850454497009,36884800
2020-07-21,198.04270935058594,202.96650405732726,197.35963872790919,202.70086709030062,37990400
2020-07-22,200.88882446289062,201.41061651256538,197.70116650393845,198.46961730612836,49605700
2020-07-23,192.15121459960938,200.10138824412152,191.78121924610807,196.56271325026265,67457000
2020-07-24,190.97483825683594,192.4548197616395,187.37922843127433,190.13997095622724,39827000
2020-07-27,193.39404296875,193.50788324422007,190.5574021372156,191.13611433106948,30160900
2020-07-28,191.65794372558594,194.20047354727194,191.39230671365252,193.1663855739503,23251400
2020-07-29,193.59326171875,194.15299570297475,191.64840833214134,192.11328024636595,19632600
2020-07-30,193.4414520263672,193.97274038237816,189.33356132079433,190.69020608720186,25079600
2020-07-31,194.4945526123047,194.57994730375984,188.80230663921913,193.9158403593291,51044000
2020-08-03,205.43309020996094,206.47667412102365,199.6459838631497,200.67058957324966,78983000
2020-08-04,202.34982299804688,203.75392056729805,199.5226786078573,203.18469025802023,49280100
2020-08-05,202.01780700683594,203.97214242740145,200.71808217349727,203.8772658730298,28806400
2020-08-06,205.25286865234375,205.2718323790918,200.6990698627939,201.44854240090544,32656800
2020-08-07,201.5813751220703,204.6362145752695,200.11087553199408,203.82982184764134,27820400
2020-08-10,197.568359375,201.01217262455825,195.7658207101696,200.8129376573723,36716500
2020-08-11,192.9481658935547,196.9991371237321,192.72047084685101,196.5342796413907,36446500
2020-08-12,198.4601593017578,199.4942471851723,194.2478949414259,194.76019071243348,28013100
2020-08-13,197.99526977539062,200.5093535572689,197.47347770925523,198.69731859856634,22588900
2020-08-14,198.1849822998047,198.83959276238173,196.86627951147085,198.05216383465333,17958900
2020-08-17,199.4941864013672,200.35751359010905,198.2039437875073,198.84907233250013,20184800
2020-08-18,200.64208984375,201.46746047088348,198.4790385976517,199.7313245672293,21336200
2020-08-19,199.42489624023438,201.7073072260779,198.99694871511463,201.12719606634397,27627600
2020-08-20,204.06576538085938,204.46518399896465,198.67359226975614,199.2727129413533,26981500
2020-08-21,202.58221435546875,205.65394317773766,202.42054594494113,203.3810516231777,36249300
2020-08-24,203.21934509277344,204.9596781424091,202.0210749048594,204.2654371725125,25460100
2020-08-25,205.86312866210938,205.99626818352706,202.65826085369224,202.65826085369224,23043700
2020-08-26,210.3138427734375,211.20778593927406,206.7095557551651,207.20408028520444,39600800
2020-08-27,215.47779846191406,219.82386528727073,208.6496040485612,211.96860261070134,57602200
2020-08-28,217.69361877441406,219.3388462628036,215.4777849434819,216.9993776717254,26292900
2020-08-31,214.47923278808594,217.49390391341316,213.3190105239383,215.87720527831104,28774200
2020-09-01,216.13397216796875,216.30514535953128,213.4331186639683,214.46020134670846,25725500
2020-09-02,220.29933166503906,221.45004902915983,216.21003979403585,216.7996556522302,34080800
2020-09-03,206.65243530273438,218.07394739640407,204.4270973596447,218.03591375692392,58400300
2020-09-04,203.751953125,207.66056760203185,195.13588685722308,204.56030973531264,59664100
2020-09-08,192.72988891601562,199.73876247063848,192.29242201942927,196.3817297048547,52924300
2020-09-09,200.9369659423828,204.3130219079884,196.57187546422944,197.42778494753424,45679000
2020-09-10,195.30706787109375,204.21795697838257,194.1088118526165,202.94360462855934,35461500
2020-09-11,194.03269958496094,198.40730923899483,191.379413634997,197.04737049649287,33620100
2020-09-14,195.34507751464844,198.94936415629354,194.03269176907858,194.232408321669,30375800
2020-09-15,198.5499267578125,199.50092746630327,196.7905696426569,198.20756592231106,21823900
2020-09-16,195.0027313232422,200.32832748932069,194.61281748381796,200.29979862410642,26328100
2020-09-17,192.9676055908203,194.31802519389234,190.1621557000872,190.2477423026266,34011300
2020-09-18,190.571044921875,193.6713022276265,186.63390228968643,192.86296027470001,55225300
2020-09-21,192.61569213867188,192.777375041513,186.75753834582798,187.52784665801775,39839700
2020-09-22,197.256591796875,197.90327991158088,192.17825081182622,195.0122292419331,33517100
2020-09-23,190.7612762451172,197.90330263555938,190.2287180372216,197.7130908374914,30803800
2020-09-24,193.23387145996094,195.49725820179677,189.43937271825766,190.05753199798957,31202500
2020-09-25,197.63702392578125,198.79723173179755,192.61572557145266,193.57624581579412,29437300
2020-09-28,199.17759704589844,202.154234001749,197.86521138286304,200.5470404314798,32004900
2020-09-29,197.10443115234375,199.7767557329698,196.67648367162218,199.09203395936672,24221900
2020-09-30,200.02401733398438,201.5931629854757,196.41971586350593,197.55140923532704,33829100
2020-10-01,202.04966735839844,203.50469764479027,200.96552686047664,203.02919717182243,27158400
2020-10-02,196.0868682861328,200.65167528471918,195.46870902474427,197.80817750902324,33154800
2020-10-05,200.07156372070312,200.10009258534964,196.838152119923,197.06639754821663,21331600
2020-10-06,195.82057189941406,199.8813347365297,194.78398454349198,198.58798762088978,28554300
2020-10-07,199.54852294921875,199.81480204347935,196.59090953478196,196.9142463619381,25681100
2020-10-08,200.26173400878906,200.8418450303163,198.11247759861763,200.1951569928357,19925800
2020-10-09,205.23550415039062,205.2830570981348,200.87991823945055,200.87991823945055,26458000
2020-10-12,210.55154418945312,212.89101224094426,206.18645456249197,208.0694318407876,40461400
2020-10-13,211.94003295898438,214.17489058111875,209.62909353363688,211.80689343114148,28950800
2020-10-14,210.03807067871094,213.23343445543483,208.3928430961222,212.07321213399132,23421700
2020-10-15,208.89686584472656,209.56256358737795,205.42570377548589,206.46230580810285,22733100
2020-10-16,208.89686584472656,211.39798840005417,208.5735290141705,209.36284700902132,26057900
2020-10-19,203.723388671875,211.40747673142792,203.24788828089612,209.61959061778887,27625800
2020-10-20,204.13232421875,206.7190476608561,202.6487652321847,205.22598388990758,22753500
2020-10-21,204.2749786376953,206.29109572858354,202.67728971744506,202.67728971744506,22724900
2020-10-22,204.360595703125,205.47326508493126,201.32690031910607,203.44762839667925,22351500
2020-10-23,205.6349334716797,205.68248642189366,202.71536807091684,204.49373522215961,18879600
2020-10-26,199.78622436523438,205.73948339116313,197.90324708412007,203.37150098781117,37111600
2020-10-27,202.8009490966797,204.1513686811001,200.0240281118137,201.2222840641838,36700300
2020-10-28,192.74884033203125,198.60700889932528,192.19727262307057,197.49433967491123,51195600
2020-10-29,194.6888885498047,197.1995301279508,193.40503164153142,194.0707438227818,31432600
2020-10-30,192.5491485595703,194.27996260842124,189.8387902580295,193.52867830113843,36953700
2020-11-02,192.41604614257812,195.22149636635365,190.31432741583214,194.28000009328426,30842200
2020-11-03,196.3151092529297,197.92230309923994,193.16729858879407,193.89957334651695,27512000
2020-11-04,205.78707885742188,207.62251809281693,202.01160422100955,203.53321142617264,42311800
2020-11-05,212.34898376464844,213.1383162499668,210.3138424268703,211.16023264419107,36080100
2020-11-06,212.75791931152344,213.3665592979318,207.3467219500644,211.36945163349586,25231900
2020-11-09,207.68907165527344,216.94230571136617,207.20406645370713,213.44262960592522,44395000
2020-11-10,200.67071533203125,205.89171603422466,199.44393042970094,203.9897140385274,44045100
2020-11-11,205.93923950195312,207.35622149875866,201.80237994913776,201.98307243463896,29440800
2020-11-12,204.8836212158203,208.37379252192883,203.95164446517558,206.56689674868196,21593900
2020-11-13,205.90122985839844,206.7666442870984,203.6663861220281,205.7585855069091,18621100
2020-11-16,206.58592224121094,207.07094198920106,204.00871791849252,204.34155952810386,24953300
2020-11-17,203.95166015625,207.01386971538886,203.59027516934893,205.51130105759668,24154100
2020-11-18,201.26280212402344,205.16257527401476,201.11976980133684,203.71326545564156,28372800
2020-11-19,202.5404815673828,203.12211144423998,200.16628461776338,201.54885769573278,24792700
2020-11-20,200.60491943359375,203.37003680442817,200.2330586209765,202.3307353728972,22843100
2020-11-23,200.337890625,202.41649294271588,198.47858704972418,201.13881915756335,25683500
2020-11-24,203.9134979248047,204.28535867251247,199.14604498028865,199.84208903643668,33979700
2020-11-25,203.9230194091797,205.27697424519195,202.57860879010497,205.1053529296505,21012900
2020-11-27,205.2197723388672,206.211410684154,204.0851162270061,204.85745581384185,14512200
2020-11-30,204.11378479003906,204.77168122803613,201.03399899672,204.14238835042522,33064800
2020-12-01,206.15423583984375,207.21261112545957,203.4272517872102,204.53328996973545,30904500
2020-12-02,205.353271484375,205.4486263666285,202.902808140873,204.88607038902487,23724500
2020-12-03,204.2758331298828,206.31630244938077,203.71326261374324,204.62861999918616,25120900
2020-12-04,204.39028930664062,205.36285400037403,203.2651625924951,204.2568011760588,24666000
2020-12-07,204.3235321044922,205.51539557517503,203.08400573427372,204.39981311250966,24620000
2020-12-08,205.96347045898438,206.8597538254738,202.98858485881513,204.0183563086683,23284100
2020-12-09,201.94935607910156,205.21982256753117,201.38679999407205,205.1530857764995,32440600
2020-12-10,200.7288360595703,203.16976955673482,200.5762740787197,201.92069925538198,26733300
2020-12-11,203.34141540527344,203.3986370668293,199.38443493743736,200.28071849667674,30979400
2020-12-14,204.2376708984375,206.1541961965847,202.9790709503109,203.18884003318382,28798400
2020-12-15,204.17095947265625,205.40095602118834,202.36886270906425,205.16258335643218,27000600
2020-12-16,209.08143615722656,209.87283517134597,204.73352096326568,204.7621245198749,35023300
2020-12-17,209.2149200439453,210.6165524859304,207.7846840459289,209.64398793352765,32515800
2020-12-18,208.42347717285156,209.4723225035944,205.9730142442759,208.42347717285156,63354900
2020-12-21,212.2375030517578,213.58192850421912,207.1744694851634,207.43191606202316,37181900
2020-12-22,213.52471923828125,215.13612092122844,211.53192707791726,212.33285580996105,22612200
2020-12-23,210.74050903320312,213.16236889979098,210.53073992478457,212.73330101406674,18699600
2020-12-24,212.39002990722656,213.2100324003929,210.912116576052,211.12188567075353,10550600
2020-12-28,214.49725341796875,215.51748080223268,212.64747931196476,214.01096389681823,17933500
2020-12-29,213.72491455078125,216.61398993703023,213.18143246826625,215.7844577615069,17403200
2020-12-30,211.3697967529297,215.13609639636613,211.16957186730082,214.7546914133142,20272300
2020-12-31,212.07537841796875,212.62840471424002,209.46280892505516,211.38886401908798,20942100
2021-01-04,207.56541442871094,212.62844824516569,204.8193562709938,212.18030640556282,37130100
2021-01-05,207.76559448242188,208.35676854372653,205.66791808676217,207.15536108460975,23823000
2021-01-06,202.37841796875,206.42122411190832,202.08283815493434,202.30213696048875,35930700
2021-01-07,208.13746643066406,209.138634517425,203.77049208114227,204.08513119067524,27694500
2021-01-08,209.4055938720703,210.32095121888779,206.93605679293017,208.50931041036256,22956200
2021-01-11,207.37461853027344,208.72857306225757,206.64995656307917,208.3090349863257,23031300
2021-01-12,204.9337158203125,207.00280310584745,203.39861001025608,206.43070295929502,23249300
2021-01-13,206.27816772460938,206.67863205947245,203.98025172181406,204.06607693930206,20087100
2021-01-14,203.11257934570312,207.34608009721836,202.84560313156365,205.86816670165965,29480800
2021-01-15,202.75978088378906,204.5332740745868,202.1686213365607,203.58932764260769,31746500
2021-01-19,206.37353515625,206.88841374691182,202.740737816412,203.80864277429654,30480900
2021-01-20,213.9060821533203,215.28864064220252,207.1839703739338,207.57490501983722,37777300
2021-01-21,214.5067901611328,215.77493445654972,212.07538612252483,214.24934361492166,30709400
2021-01-22,215.4412078857422,219.3695992284759,215.29819010893078,216.5186569680968,30172700
2021-01-25,218.85467529296875,219.0930479201383,213.79164301974544,218.46374069262419,33152100
2021-01-26,221.52447509765625,223.2884239961353,219.3791212258297,221.07633334716795,49169600
2021-01-27,222.06796264648438,229.2572901681162,219.43633373660575,226.93077069531466,69870600
2021-01-28,227.81748962402344,231.35494595830795,224.15608941190865,224.6519085705631,49111200
2021-01-29,221.17169189453125,226.949842757254,220.59006203100665,225.014257951401,42503100
2021-02-01,228.50401306152344,231.22146705062914,221.61980986829332,224.1274947645994,33314200
2021-02-02,228.37054443359375,231.040321211228,227.5886896521305,230.0773008751623,25916300
2021-02-03,231.69821166992188,233.691003496613,228.13215165180748,228.42774595379248,27158100
2021-02-04,230.75428771972656,231.9270918000538,229.19056349507096,231.37406542742858,25296100
2021-02-05,230.9354248046875,231.96519641817662,229.2382126683199,230.96402835930283,18054800
2021-02-08,231.19290161132812,232.34661726281524,229.6101034862142,231.84126833297145,22211900
2021-02-09,232.43240356445312,233.37634993048727,230.1535616523339,230.62076272671874,23565000
2021-02-10,231.52658081054688,234.4823927666235,229.6863364956225,233.60518321229108,22186700
2021-02-11,233.11895751953125,233.74825035400383,230.88777811855226,233.39546343401466,15751100
2021-02-12,233.59568786621094,233.89126765033635,231.44078960935016,232.5849755201089,16561100
2021-02-16,232.3656768798828,234.68266680852793,231.6219553099753,233.6338212360362,26728500
2021-02-17,233.37867736816406,233.48380348312867,230.26314413417265,230.6263097281633,21653500
2021-02-18,232.9868621826172,233.12065774190984,230.1867070550558,231.0850549171446,16925600
2021-02-19,230.2918243408203,233.05375830942427,229.53682368458402,232.94863218954157,25262600
2021-02-22,224.1180877685547,227.38653460557697,222.10158820325069,226.89913962744436,36446900
2021-02-23,222.93301391601562,224.4238826563991,218.59418865093036,220.12329302100676,30228700
2021-02-24,224.1563262939453,224.77751683776836,218.85226200566777,219.81750035690945,26339700
2021-02-25,218.8426971435547,224.1945337785198,217.78188435010034,221.79576547197954,39542200
2021-02-26,222.08245849609375,224.939952119369,219.3682974482613,221.27011904674814,37819200
2021-03-01,226.44039916992188,226.9469119322539,222.8183385683915,225.4464768789382,25324000
2021-03-02,223.5064697265625,226.78448306985507,223.10508301602894,226.50732572851445,22812500
2021-03-03,217.4760284423828,223.22926554216735,217.18931956157397,221.8721923944663,34029500
2021-03-04,216.682861328125,222.18762655907133,214.32231379550353,216.69242752888238,44727800
2021-03-05,221.33706665039062,222.93306184160264,216.42483712747304,219.3492363750006,41872800
2021-03-08,217.3135986328125,223.0286010289096,217.06512533998108,221.11722762448446,35267400
2021-03-09,223.42042541503906,224.94952989865914,221.40392598629288,222.56031325714096,33080500
2021-03-10,222.1206817626953,226.49772821826227,221.75751618181397,226.49772821826227,29746800
2021-03-11,226.62196350097656,228.57155770884873,223.92692034430218,224.5481253712007,29907600
2021-03-12,225.3031005859375,225.37000564303278,222.89476643503502,223.6402007655921,22653700
2021-03-15,224.40480041503906,224.7679660415921,221.53774020361377,224.54816217518373,26034900
2021-03-16,227.1763153076172,229.42217053471424,225.48474559099003,225.8096756026788,28092200
2021-03-17,226.53594970703125,227.9790458343157,222.89478602257378,225.6853891995927,29562100
2021-03-18,220.4960174560547,223.812251183883,220.1233002587038,222.25447733162704,34833000
2021-03-19,220.1424102783203,222.16846116831334,219.18672369509795,220.7827185391649,46430700
2021-03-22,225.53253173828125,226.4021956379215,219.94175816101423,220.0660021106585,30127000
2021-03-23,227.05203247070312,230.36826626043398,226.5646375366449,226.96602417339062,31638400
2021-03-24,225.02601623535156,227.453454246672,224.89222066909963,227.31010706233886,25620100
2021-03-25,222.0442352294922,226.4403997014099,221.30836700029914,224.87307416129178,34061900
2021-03-26,226.0007781982422,226.2205966304287,221.28924994482534,221.28924994482534,25479900
2021-03-29,224.81576538085938,226.3066344377287,221.60465718813197,226.1059337957856,25227500
2021-03-30,221.5760040283203,223.48737774576927,220.85923888427695,223.18155095131783,24792000
2021-03-31,225.322265625,228.50470420290134,222.09203979381766,222.5890009792201,43623500
2021-04-01,231.61070251464844,232.07897971518804,227.50124634567533,227.90263305297643,30338000
2021-04-05,238.0329132080078,238.8834738585947,231.94517850543008,232.00251737898964,36910600
2021-04-06,236.87652587890625,238.34827710378195,235.93995691762169,236.6376041839014,22931900
2021-04-07,238.82611083984375,239.81046701686373,236.23620793695045,236.82872905017194,22719800
2021-04-08,242.0276336669922,242.87819416547856,240.83302540604947,241.56890817792387,23625200
2021-04-09,244.51243591308594,244.64623146115184,241.2535409277266,241.66447918870722,24326800
2021-04-12,244.56979370117188,246.25181167284637,243.3369496576039,243.42297254578972,27148700
2021-04-13,247.03543090820312,247.7044232241074,245.44898758168762,245.85995500358172,23837500
2021-04-14,244.2639923095703,247.36040829232343,243.85305397413032,246.07025440967453,23070900
2021-04-15,248.00071716308594,248.41165547510374,246.30916207730016,246.50028193242102,25627500
2021-04-16,249.18582153320312,249.4343094885631,246.18497948919563,247.9721095305851,24878600
2021-04-19,247.2743377685547,249.89293884486133,246.39512244253876,248.66009498345286,23209300
2021-04-20,246.81568908691406,248.66972386310928,245.45860096089334,246.39518455013285,19722900
2021-04-21,249.03282165527344,249.12839615609698,245.85039785107426,247.46551066969045,24030400
2021-04-22,245.77391052246094,250.17961129683664,244.31169675856768,248.67917648922023,25606200
2021-04-23,249.57757568359375,249.92163806126072,245.86950662395327,246.45249067643994,21462600
2021-04-26,249.95986938476562,250.81044463101668,248.64104610742964,250.06501009806746,19763300
2021-04-27,250.3612518310547,251.52719079897994,248.5932255615848,249.98852001000546,31014200
2021-04-28,243.2795867919922,245.171856823487,241.74093073064057,244.7322199736426,46903100
2021-04-29,241.3204803466797,244.75140720821997,237.96602476539408,244.13976820979863,40589000
2021-04-30,241.0050506591797,241.86517738754893,238.53939195266884,238.67318749939906,30945100
2021-05-03,240.69924926757812,243.0789143649509,239.99203587034623,242.1710003473486,19626600
2021-05-04,236.80960083007812,240.07806217476235,234.86955799688863,239.84869211716045,32756100
2021-05-05,235.54808044433594,238.44380971230865,234.9268899795364,238.0233052697771,21901300
2021-05-06,238.66363525390625,238.787879191213,233.84698070738517,235.52898404785154,26491100
2021-05-07,241.2726593017578,243.03111924686715,240.03981535072342,240.97638418935017,27032900
2021-05-10,236.22665405273438,240.57503186928486,236.1693151784812,239.75314064553547,29299900
2021-05-11,235.31871032714844,235.67232428967642,231.82090841094862,233.71316381907252,33641600
2021-05-12,228.40911865234375,233.5507177051827,227.52033703130473,231.43864370631172,36684400
2021-05-13,232.26051330566406,234.7166348681072,230.7218572958672,231.08502287042182,29624300
2021-05-14,237.15367126464844,238.13802749239937,234.61155548433553,234.6975637956637,23901100
2021-05-17,234.31527709960938,235.66279895566683,232.7288481318082,235.62457790092228,24970200
2021-05-18,232.30836486816406,235.49080387817347,232.13633364951866,235.35700830039337,20168000
2021-05-19,232.88307189941406,232.98844077307308,228.5534036384875,229.23349986422667,25739800
2021-05-20,236.10157775878906,237.50968232520998,233.5919015513451,233.68769674460555,21800700
2021-05-21,234.84677124023438,237.8737185123158,234.43488400966635,237.1457246410276,21863100
2021-05-24,240.2205352783203,240.5845394923802,237.08821938185093,237.35642839759134,21411500
2021-05-25,241.1209259033203,242.10755492818512,240.25882769668084,241.16882349619877,17704300
2021-05-26,240.90061950683594,242.28956203132947,240.19177311991052,240.8431336244148,17771600
2021-05-27,238.81240844726562,240.89103543425676,238.75493718013217,240.59409080987143,24426200
2021-05-28,239.16683959960938,241.465792745696,239.0518970580082,240.43126602240122,18270200
2021-06-01,236.98287963867188,240.70908529709757,236.56141871663016,240.65161401755992,23213300
2021-06-02,236.8870391845703,238.77409033945722,235.48850839860341,237.68209245529417,19406700
2021-06-03,235.36399841308594,235.9674613279748,232.76810081643305,234.89462537591137,25307700
2021-06-04,240.23011779785156,241.05390683833082,237.08822811237158,237.3277015006935,25281100
2021-06-07,243.12294006347656,243.39114906663502,239.2913661711621,239.45420630763013,23079200
2021-06-08,241.93516540527344,245.23032134430707,241.87767951827612,244.41610603256754,22455000
2021-06-09,242.91220092773438,244.7705165933857,242.54821134914607,243.1229386598986,17937600
2021-06-10,246.40850830078125,246.61924603470985,242.98883619347527,243.58272547111343,24563600
2021-06-11,247.03118896484375,247.60590172580916,245.80505712120518,247.1269549366099,18999700
2021-06-14,248.94691467285156,249.00438593476218,245.98699852152964,247.04068704419933,19150500
2021-06-15,247.4813232421875,249.04269415162125,246.82996275008827,248.8319564356378,18038900
2021-06-16,246.54263305664062,249.60787470899828,243.70726187295284,248.47756739780246,27220000
2021-06-17,249.9144287109375,250.72864409894245,245.23034431439226,245.28781559047806,27565500
2021-06-18,248.50631713867188,251.25546695524517,247.8549565392409,248.6979075420769,37202200
2021-06-21,251.57154846191406,252.42405838745256,247.05987873047914,248.87987034499417,26696100
2021-06-22,254.33030700683594,254.59851601169785,251.35124308569456,251.6577760148479,24694100
2021-06-23,254.10035705566406,255.59466833497052,253.29573015392864,254.79004143323513,19518700
2021-06-24,255.4605712890625,256.5717310457353,254.2919402719225,254.95288899987946,21446900
2021-06-25,253.86087036132812,255.99698293159685,253.61183798293777,255.01994229502668,25611100
2021-06-28,257.4051208496094,257.5775346492932,254.7134426795022,254.98165166765068,19590000
2021-06-29,259.9722900390625,260.2117634140492,256.6963106394944,257.5488206535005,19937800
2021-06-30,259.493408203125,259.9340311382002,258.24815803472217,259.2922587029424,21656500
2021-07-01,260.163818359375,260.3937033900851,258.24803181657046,258.25759087112823,16725300
2021-07-02,265.9591369628906,266.2944055502095,261.025991051914,261.33252400218214,26458000
2021-07-06,265.9686584472656,267.60664781291035,262.75012174305823,266.32307429273305,31565600
2021-07-07,268.1430969238281,268.8711052744127,265.48015439666386,267.63541458265394,23260000
2021-07-08,265.73876953125,266.99360740328524,263.29612410075583,265.24064631130216,24618600
2021-07-09,266.2369689941406,266.3423232662013,263.7272922558075,264.1104438773112,23916700
2021-07-12,265.64306640625,267.98988824180765,264.9342052474398,267.40558716373033,18931700
2021-07-13,269.14892578125,270.94018194655666,265.7100916289199,265.83459322837217,26120100
2021-07-14,270.614501953125,271.71607363125577,268.7370096462592,270.4612354852631,23113700
2021-07-15,269.1967468261719,270.6144394017585,268.0472631992008,270.12590447540833,22604200
2021-07-16,268.9285888671875,272.1375378043733,267.69289811879054,270.19301525007796,26186800
2021-07-19,265.3460998535156,268.5646081282036,262.89389472063215,267.18523908688275,32935600
2021-07-20,267.558837890625,269.13935642812294,264.6276859170567,266.3231470052684,26259700
2021-07-21,269.55120849609375,269.66615103181897,265.61428048456565,267.1564748931921,24364300
2021-07-22,274.0916748046875,274.3598838297518,271.48620317580924,271.88850209711006,23384100
2021-07-23,277.4729919433594,277.7794956122771,274.4364570259696,275.26981960045765,22768100
2021-07-26,276.879150390625,277.49221636391906,274.5706523975375,276.8312674007215,23176100
2021-07-27,274.4748229980469,277.3867983107101,271.03598869909524,277.2431201263009,33604100
2021-07-28,274.1682434082031,277.9327573622619,271.87886420658435,276.8215975375424,33566900
2021-07-29,274.4364929199219,276.46722250096303,274.0341647800032,274.18743125080124,18168300
2021-07-30,272.9134521484375,274.5897658444149,271.95555860787897,273.1625138234118,20944800
2021-08-02,272.8272705078125,274.69514554535544,271.79272901793587,274.30240564943875,16267400
2021-08-03,275.0303649902344,275.13574847156286,272.041742078418,273.401963651149,17879000
2021-08-04,274.4460754394531,275.48058755485204,272.6643783324015,274.1682781399353,16191300
2021-08-05,277.3292541503906,277.4346376129882,274.05327547647624,274.80043107163067,13900200
2021-08-06,277.27191162109375,277.3102355555204,275.5093906612259,276.3619301147874,16589300
2021-08-09,276.1894226074219,279.2738408759265,275.6913285064386,277.549644252639,16117600
2021-08-10,274.3790283203125,277.0707068328733,273.1912496834788,276.6396430462335,18616600
2021-08-11,274.8675231933594,276.5055127244419,273.8233936612764,275.11655559953596,13955900
2021-08-12,277.60711669921875,277.76038316922904,274.28322503938256,274.5610223433131,14561300
2021-08-13,280.5191650390625,280.5670480291717,277.11862499606184,277.29106807216334,18249000
2021-08-16,282.1954650878906,282.4062028526903,277.8082959568594,280.84483158157366,22507600
2021-08-17,280.7393798828125,281.074648413446,278.8235931164337,280.0784603423911,20075300
2021-08-18,279.0215148925781,282.9467958439038,278.58001926830815,280.2787552513025,21813000
2021-08-19,284.8182678222656,285.490088665484,277.01570926895175,277.0636839198015,29850500
2021-08-20,292.1025695800781,293.5229764433976,286.0562996654451,287.6494504032282,40817600
2021-08-23,292.3808898925781,293.1006853030909,289.6936654087505,291.03727765066435,22830200
2021-08-24,290.4326477050781,293.3406200208981,289.8376215126441,292.73598718389235,18175800
2021-08-25,289.8472595214844,292.3233431392219,288.3212965855392,292.04501401347983,20006100
2021-08-26,287.0447998046875,290.25028508302194,286.9104532290402,288.8682755956676,17666100
2021-08-27,287.6494445800781,288.7531250293206,284.87581884584097,286.94883316309097,22605700
2021-08-30,291.3636169433594,291.9682498481404,288.9355079671407,288.9930892639242,16348100
2021-08-31,289.7225341796875,292.2370154722946,289.3578330538483,292.16025016143493,26285300
2021-09-01,289.6745300292969,292.89922956574026,289.348226203396,290.6726548011196,18983800
2021-09-02,289.0218811035156,291.14287031326114,288.0909444169398,290.02961237848854,16285600
2021-09-03,289.01226806640625,290.41346160185293,288.16770342962735,288.8682855530755,14747900
2021-09-07,288.09088134765625,288.964236546015,286.19064038486357,288.8874712629774,17180400
2021-09-08,288.1197204589844,288.50360551584674,285.49007706649724,287.70704475507114,15046800
2021-09-09,285.2789611816406,289.97204208683576,285.0390293387629,288.705194927188,19927000
2021-09-10,283.8009033203125,287.84137565254247,283.48420625224344,286.40178494786,19633400
2021-09-13,285.0293884277344,286.51698324787736,282.2365785977501,285.56683334808685,23652900
2021-09-14,287.7166748046875,289.2522444456008,286.0947332155957,287.49592696697243,21853400
2021-09-15,292.5440673828125,293.02393100782655,289.66488563272827,291.0468952158528,28356300
2021-09-16,292.927978515625,293.01435046119434,288.6476028000496,291.5267848065768,19550800
2021-09-17,287.79339599609375,292.2369376988319,287.4670922568032,291.92024060405146,41372500
2021-09-20,282.44769287109375,286.689699826259,277.86019819512114,284.39593784399835,38278700
2021-09-21,282.9276123046875,285.5572851714307,282.22703008079156,283.78178370843756,22364100
2021-09-22,286.55535888671875,288.12932568723215,282.6492911094491,284.7798868463927,26626300
2021-09-23,287.4959411621094,288.78197237941265,285.5476956875188,286.8145429004646,18604600
2021-09-24,287.2943115234375,287.72617114272504,284.9717590683759,286.2194218640375,14999000
2021-09-27,282.3229675292969,284.5303284068583,281.14249251178086,284.21363131308823,23571700
2021-09-28,272.10186767578125,279.0694970956445,271.3628882146194,278.12895381807755,43186200
2021-09-29,272.5625915527344,275.2210260039281,271.6124707643782,273.6182975889951,26353700
2021-09-30,270.56634521484375,276.23830803362955,270.27840943903544,274.20369075422246,32343600
2021-10-01,277.4571533203125,278.301717984921,269.96168585473896,270.7582465838053,30086300
2021-10-04,271.7083740234375,276.16152262576014,268.96356808295144,275.82561222271863,31350700
2021-10-05,277.130859375,278.7047968877301,272.61052278816857,272.61052278816857,24993000
2021-10-06,281.3056945800781,281.80477159124865,274.0117895006264,274.27090536434855,28002600
2021-10-07,282.9755554199219,284.69347521548,282.08301620161416,283.29225249177205,20430500
2021-10-08,282.9755554199219,284.69347521548,281.9294563433223,284.29037692639525,17685700
2021-10-11,282.3806457519531,285.9700173933724,280.96023844326857,281.12340501267863,19298600
2021-10-12,281.0849304199219,283.54182991335233,280.57627613312303,283.44585132765303,17974100
2021-10-13,284.3768005371094,285.30773721131357,281.6703624588803,283.0331881435553,23416300
2021-10-14,290.5574035644531,291.05645115386534,285.83553295482557,287.15996114857046,27262900
2021-10-15,291.9586181640625,292.18897261999524,288.41722227281656,290.1639328949292,25384800
2021-10-18,294.9145812988281,295.79751392665924,290.4998302940227,291.34439492137415,22729300
2021-10-19,295.8167419433594,296.8436278454899,294.8474080448137,295.93190452763184,17682100
2021-10-20,295.02978515625,297.22756896603414,293.7821220408967,296.75728265313415,16537100
2021-10-21,298.2448425292969,298.49435169218145,294.0220192983192,294.79942529790196,16918100
2021-10-22,296.7093505859375,298.56161758905387,295.4041059859267,297.89940328620986,17449300
2021-10-25,295.7207946777344,296.939637875098,294.11803710740327,296.90124058009036,17554500
2021-10-26,297.6209716796875,299.81875504845516,296.171803603044,298.475142899543,28107300
2021-10-27,310.15509033203125,312.9670843453073,303.27383257307736,303.27383257307736,52588700
2021-10-28,311.28753662109375,311.7865842427679,308.417932252952,311.2683233315921,26297900
2021-10-29,318.2647705078125,318.62947157711153,310.8556743947785,311.0764222231841,34766000
2021-11-01,316.1053466796875,318.1399636800593,313.2261650477916,318.0151944565091,27073200
2021-11-02,319.7138671875,320.0209868634664,316.7099169256442,317.00742995906654,26487100
2021-11-03,320.54888916015625,321.4126377941951,317.3337971387141,320.45291058114077,21500100
2021-11-04,322.8906555175781,322.98663410539643,316.2397523503642,319.48363531417436,23992200
2021-11-05,322.5259094238281,325.1459751338179,320.951972099872,324.8772526985791,22570100
2021-11-08,323.4184265136719,324.0518499151926,320.9711341206324,323.71593957200855,20897000
2021-11-09,322.4203796386719,325.078813563159,321.0575540639552,323.5336374688277,21307400
2021-11-10,317.4777526855469,321.15352434002415,316.6332173342628,321.09594304990367,25500900
2021-11-11,319.0421142578125,320.328145224204,317.1994543880921,317.90964316198944,16849800
2021-11-12,323.159423828125,323.64889419343916,320.34742946636004,320.4721987193662,23831000
2021-11-15,322.5355529785156,324.27265700662844,320.57770113283607,323.9463532471072,16723000
2021-11-16,325.8370056152344,326.95029273164477,321.9980966435647,322.161233873272,20886800
2021-11-17,326.0581359863281,329.0098960712893,324.9812796361216,325.8850760747881,19053400
2021-11-18,328.1253356933594,329.25990808153233,324.1351865907532,325.15435635646554,22463500
2021-11-19,329.89453125,331.80790302922895,329.01960724084404,329.44266225338714,21963400
2021-11-22,326.74078369140625,336.2018030638584,326.4715696014347,331.3462958819071,31031100
2021-11-23,324.673583984375,326.3754277340728,320.7122785777508,324.06784497801704,30427600
2021-11-24,324.8947448730469,325.13511563845185,321.04881262656716,323.3275227878649,21661300
2021-11-26,316.98175048828125,324.9139862915625,315.4818391564863,321.4718896050423,24217200
2021-11-29,323.6640625,325.9716160847785,321.84684534637535,322.03915370433015,28563500
2021-11-30,317.856689453125,324.7697551795586,316.31831064916247,322.4045150069706,42885600
2021-12-01,317.36627197265625,326.2119266473579,316.7028757470775,322.22177836447145,33337600
2021-12-02,316.799072265625,320.64500484816296,315.17416340213174,317.577871266218,30766000
2021-12-03,310.5686340332031,319.8854066749846,305.78043811748984,319.2027326168605,41779300
2021-12-06,313.6261901855469,314.8376683407075,306.93427569570224,311.4724773249387,30032600
2021-12-07,322.0198669433594,322.86594725103106,317.38551230648477,318.86620419363703,31021900
2021-12-08,322.0679626464844,322.57754746432244,318.05856561396024,322.3948633464057,24761000
2021-12-09,320.27001953125,323.5294319116375,319.3277555505204,321.5295600175577,22214200
2021-12-10,329.3464050292969,329.7886790069199,321.894911553193,322.0775956761069,38095700
2021-12-13,326.327392578125,330.5483179150928,326.0197109116661,327.55808990182186,28899400
2021-12-14,315.6933898925781,321.75075164875943,311.6263053995195,320.38543259627,44438700
2021-12-15,321.7602844238281,322.2794934666321,312.00123771055326,315.9529188096588,35381100
2021-12-16,312.3858337402344,323.7890378493558,310.57824093079836,322.77946305235776,35034800
2021-12-17,311.3282470703125,312.40513289702955,305.03054387453375,308.52073257010983,47750300
2021-12-20,307.5880432128906,310.3667139438823,305.3381764176737,307.722635580741,28326500
2021-12-21,314.68377685546875,315.1068317195721,307.4822492884366,310.8378448851712,24740600
2021-12-22,320.3662109375,320.7603932246783,313.2031494286014,315.6549198284857,24831500
2021-12-23,321.79876708984375,323.4333000256045,319.91426851160736,319.9334876096026,19617800
2021-12-27,329.2598571777344,329.2887004933562,322.5102279009017,322.53907121652355,19947000
2021-12-28,328.1060485839844,330.5674425278227,327.21187650467994,329.9328602754398,15661500
2021-12-29,328.7791442871094,331.0386060056612,326.59655896072684,328.15415682405353,15042000
2021-12-30,326.2503967285156,329.913644365541,325.76965526074713,328.7406340105007,15994500
2021-12-31,323.3659973144531,326.288884758608,322.9140990920403,325.47164761227714,18000800
2022-01-03,321.8564453125,324.98126516990294,317.0778734645708,322.433341000755,28865100
2022-01-04,316.3375549316406,322.28913749513237,313.55885476913005,321.93336411107276,32674300
2022-01-05,304.1939697265625,313.5107415320477,303.80938242850283,313.30880899330907,40054300
2022-01-06,301.790283203125,306.42463822029214,299.4923247910214,301.0883900628225,39646100
2022-01-07,301.9441223144531,304.30936222208857,298.1462528184306,302.0498713577004,32720000
2022-01-10,302.165283203125,302.597962334878,292.95428801782003,297.56939515988586,44289500
2022-01-11,302.8479919433594,304.4151849277161,297.9540459272227,301.309612939468,29386800
2022-01-12,306.01123046875,310.9532679259109,304.86706317706137,307.35733034753923,34372200
2022-01-13,293.0600280761719,308.5206922774309,292.2908533568236,308.1264806975711,45366000
2022-01-14,298.2520751953125,298.8481900342401,292.05049734205875,292.5312389014695,39846400
2022-01-18,290.99285888671875,297.8674572905509,290.1179057310112,292.3581778205605,42333200
2022-01-19,291.6466369628906,301.8191439350218,291.04092729643247,294.49264788128625,45933900
2022-01-20,289.98333740234375,299.64623177263644,289.54106334856164,297.1656180407453,35380700
2022-01-21,284.6278991699219,292.3966712973026,284.22406327473504,291.0313814474847,57984400
2022-01-24,284.9547119140625,285.6661999443274,265.41737031888897,280.9453442370806,85731500
2022-01-25,277.3782653808594,283.6279058744891,274.1861636133682,280.2915581603582,72848600
2022-01-26,285.2816162109375,296.61750913568017,281.7433657696805,296.1271434101873,90428900
2022-01-27,288.29107666015625,295.46373205879246,286.4546404978711,291.0024659264915,53481300
2022-01-28,296.3868103027344,296.59833777305556,283.10873012038377,288.6661016492175,49743700
2022-01-31,299.0020751953125,300.34814589285327,294.5696221023162,297.05026534834326,46444500
2022-02-01,296.86749267578125,298.6654611438378,293.37730478266843,298.4539337157057,40950400
2022-02-02,301.386474609375,302.9825400250582,296.98289506365415,297.7040073654435,36636000
2022-02-03,289.64678955078125,299.24240163998115,288.4064681116785,297.5694010605456,43730000
2022-02-04,294.1561279296875,296.9059553802916,288.4160729228112,288.64681946632084,35096500
2022-02-07,289.3583984375,295.9830028319127,288.3488234105986,294.3773422215108,28533300
2022-02-08,292.8292541503906,293.79073713074837,288.3968316951647,289.646747832777,32421200
2022-02-09,299.22320556640625,299.91547470681274,295.55036170966486,297.9348214827328,31284700
2022-02-10,290.73333740234375,297.2137257324467,289.1180524312668,292.3294032697685,45386200
2022-02-11,283.6759033203125,292.56961952732433,282.8874803549857,291.5119825423893,39175600
2022-02-14,283.6375427246094,285.3297625384846,280.12813492881736,282.45490783075724,36359500
2022-02-15,288.8967590332031,289.2140354696684,285.579631395878,288.45448512893597,27058300
2022-02-16,288.5596618652344,289.8796128761614,282.9522516965207,287.4709345634299,29982100
2022-02-17,280.1099548339844,285.9582018841707,279.4066103677046,285.5342722610437,32461600
2022-02-18,277.4123229980469,283.12570154629094,275.8515039790622,282.34529203679864,34264000
2022-02-22,277.20989990234375,280.89036647915503,274.10752185323537,274.5892573925205,41736100
2022-02-23,270.03204345703125,281.04454083688285,269.8682698302373,279.58004589911764,37811200
2022-02-24,283.8289489746094,284.37813456051526,261.60166355056816,262.5555199373533,56989700
2022-02-25,286.4496154785156,286.7579333141939,280.99636504653614,284.35889947396316,32546700
2022-02-28,287.8755798339844,288.2128006483137,282.2970731254426,283.559218096748,34627500
2022-03-01,284.1757507324219,289.0123640146325,281.47801459906765,285.5727658810749,31217800
2022-03-02,289.2243957519531,290.45763760043087,282.97147763773455,284.57081381078126,31873000
2022-03-03,285.1103820800781,292.05700050828193,283.3086664169441,291.8257768521812,27314500
2022-03-04,279.27178955078125,284.8599409855132,276.68007868700784,283.5399899491922,32356500
2022-03-07,268.72174072265625,279.10795849514665,268.3556169829133,277.99032843801785,43157200
2022-03-08,265.77362060546875,273.5873603997439,260.13730641915697,267.6523723990281,48159500
2022-03-09,277.9613952636719,279.02121928908525,270.5233976527745,273.0862341495731,35204500
2022-03-10,275.15771484375,276.13083008813146,270.33071510240313,272.68158699777644,30628000
2022-03-11,269.8393249511719,278.93449337232187,269.22268940942564,277.44109570873076,27209300
2022-03-14,266.34197998046875,274.9746736705197,265.74463254293596,270.0995117672135,30660700
2022-03-15,276.6607971191406,277.3063358721881,268.5483846755829,270.10920358547907,34245100
2022-03-16,283.6363525390625,283.809770330095,272.8551054876842,278.54919544627364,37826300
2022-03-17,284.43597412109375,284.81171260660994,278.7996616158856,282.5764817272433,30816600
2022-03-18,289.45562744140625,290.00481304770483,282.0369173074508,284.58046582678224,43390600
2022-03-21,288.2320861816406,289.1762986686458,284.12768891305694,287.9719595079404,28351200
2022-03-22,292.9530334472656,293.8586986740922,287.85626286698505,288.84863696836237,27599700
2022-03-23,288.54998779296875,292.1533901687108,286.84465430957243,289.53274726035676,25715400
2022-03-24,292.99163818359375,293.0879911974356,287.42277505614976,288.21282860571665,24484500
2022-03-25,292.5869140625,294.3404386258809,288.35729097039587,294.0803119983577,22566500
2022-03-28,299.35052490234375,299.4468485037341,293.2131884282858,293.2131884282858,29578200
2022-03-29,303.8884582519531,304.2834849768808,297.7607660592807,302.4432514351578,30393400
2022-03-30,302.39508056640625,304.40876140768165,300.1983672332794,302.298756961056,28163600
2022-03-31,297.0477600097656,303.6282838118876,296.6431186303352,302.43355970417105,33422100
2022-04-01,298.1172790527344,298.8013353889546,294.3790059993479,298.0690878498517,27110500
2022-04-04,303.4645690917969,303.5994397899151,298.3967004352338,298.7628242488305,24289600
2022-04-05,299.52392578125,303.3681663887453,298.5508104784777,301.82660661689823,23156700
2022-04-06,288.5596618652344,295.7856968034289,285.8715686354388,294.0418160572362,40110400
2022-04-07,290.3612976074219,292.5580106672026,285.5246829888432,285.8233566950077,31411200
2022-04-08,286.12200927734375,290.1204083993762,285.4572118764955,289.46525511827485,24361900
2022-04-11,274.8398132324219,281.9213032700954,274.58930130303617,281.13127920546333,34569300
2022-04-12,271.75665283203125,280.11957482236716,270.24399616662504,278.6743681898196,30966700
2022-04-13,277.1136169433594,278.03854117973947,271.0244711313333,272.40225746800036,21907200
2022-04-14,269.60821533203125,277.77846418929414,269.11686486381836,277.56649928442033,28221600
2022-04-18,270.2729187011719,272.14205510022083,268.17255863306326,268.7217442498862,20778000
2022-04-19,274.8783264160156,275.71657107306396,268.2400250211419,269.17459327763214,22297700
2022-04-20,275.8995056152344,279.1175242117715,274.9456788580056,278.82846530763106,22906700
2022-04-21,270.5523376464844,282.5860831842899,269.82973426697856,278.0384980731543,29454600
2022-04-22,264.0199890136719,272.8550320937384,263.393738668187,271.39053717811265,29405800
2022-04-25,270.4656066894531,270.8413451266627,260.8790575428307,263.30702351755633,35678900
2022-04-26,260.3491516113281,268.1917907684052,260.13718680152584,267.3632197682349,46518400
2022-04-27,272.874267578125,280.3411680957989,268.96257753012264,271.7951847238902,63477700
2022-04-28,279.0502014160156,280.3508935706538,271.178627842334,274.7723864290521,33646600
2022-04-29,267.38250732421875,279.2910262219157,266.3997773201998,278.0673990236614,37073900
2022-05-02,274.0786437988281,274.5314764230111,266.1300066784379,267.56556930704056,35151100
2022-05-03,271.4869079589844,273.7510711128351,269.9164452309345,273.58726807497914,25978600
2022-05-04,279.3874206542969,280.2545389514792,266.6214258152803,272.2673535703565,33599300
2022-05-05,267.21875,275.88999102064156,264.318692205309,275.10958168100854,43260400
2022-05-06,264.6944885253906,269.049368342921,261.3608565604997,264.77155329439324,37780300
2022-05-09,254.9152374267578,262.41104337072954,253.7012835169033,260.19507102180387,47726000
2022-05-10,259.655517578125,263.7502706382624,255.38734673917406,261.765522095456,39336400
2022-05-11,251.03240966796875,261.4475309989085,249.82807066667775,255.97502163371615,48975900
2022-05-12,246.02235412597656,250.38687708360916,240.88705133910193,248.27687299785254,51033800
2022-05-13,251.5815887451172,253.43146634006962,246.0223706452165,247.94931299700548,34925100
2022-05-16,251.94776916503906,256.1099726377486,246.43671162325148,250.46401498764646,32550900
2022-05-17,257.0733642578125,258.52818561527994,252.87261500014733,256.3892786113193,28828800
2022-05-18,245.36891174316406,254.56252427185584,244.10382723032592,253.98308927658698,31356000
2022-05-19,244.46115112304688,248.83585464293373,243.24435524609143,245.19508938818183,32692300
2022-05-20,243.9010467529297,249.67603468949343,237.99087400334946,248.420587153045,39199300
2022-05-23,251.7136688232422,252.53453266305888,244.74120368329199,246.73058943517603,33175400
2022-05-24,250.718994140625,252.37035900338427,244.80882139282033,249.0483255820953,29043900
2022-05-25,253.51954650878906,255.508917485171,248.31435684807386,249.28973864171456,28547900
2022-05-26,256.7836608886719,257.9521680064266,252.46691284814418,253.2781100641193,25002100
2022-05-27,263.8720397949219,263.96861721941957,258.3867839504424,259.2752549960121,26910800
2022-05-31,262.5489807128906,265.3495488346776,259.70977573202504,263.1863562668899,37827700
2022-06-01,263.0801696777344,268.1694785962378,260.7817625947678,265.76485697863757,25292200
2022-06-02,265.1661071777344,265.2337143251771,252.63114082746247,255.38343546239255,44008200
2022-06-03,260.7624816894531,264.07490816358165,259.2076939224784,261.04254742888673,28059000
2022-06-06,259.5359802246094,264.77980709613064,258.0584370323219,262.732495427998,22400300
2022-06-07,263.15740966796875,263.76581500022235,256.82231988834405,257.49833236224606,22860700
2022-06-08,261.13909912109375,263.64029841566133,260.3665091352675,262.3945173250315,17372300
2022-06-09,255.7117462158203,263.3601943996646,255.55722824112877,258.5992253476871,26439700
2022-06-10,244.3162841796875,251.6460439882833,243.87204872141055,251.6460439882833,31422800
2022-06-13,233.9541778564453,240.48242256411086,233.24920982974828,236.70647229198008,46135800
2022-06-14,236.1077117919922,237.3148557778769,233.2298699199791,235.49930650770008,28651500
2022-06-15,243.1284637451172,246.54710394987805,237.97154789524555,239.79674911112798,33111700
2022-06-16,236.57127380371094,238.93727329741498,234.68813195099327,237.54664093367091,33169200
2022-06-17,239.15936279296875,241.91165700040483,235.6634784930398,236.31050590715876,43084800
2022-06-21,245.0405731201172,246.0159401392919,240.95558733169304,241.67987371090587,29928300
2022-06-22,244.4514923095703,248.35298995386094,241.7861089374633,243.254000161548,25939900
2022-06-23,249.98500061035156,250.47752474998597,244.93432941875366,246.8078191002136,25861400
2022-06-24,258.52197265625,258.79237173531016,252.74698510975713,252.8338959418169,33923200
2022-06-27,255.80833435058594,259.1013975165965,254.25351742662792,259.01448667805846,24615100
2022-06-28,247.68666076660156,257.7590638663584,247.53214278827687,254.9295252245594,27295500
2022-06-29,251.3370361328125,252.9884007989355,246.99130319168566,248.75856369685934,20069800
2022-06-30,248.0246124267578,250.6320551562228,244.22935890804,248.23707094153858,31730900
2022-07-01,250.68032836914062,250.86381660731956,245.88073757874744,247.599724121051,22837700
2022-07-05,253.8383026123047,253.96385033160524,246.00635001076787,247.37766413117046,22941000
2022-07-06,257.08306884765625,258.8020409501888,253.40369581093594,254.70741739613206,23824400
2022-07-07,259.19793701171875,259.8353125390256,255.93381513155052,256.0303925395583,20859900
2022-07-08,258.4833068847656,258.9082238859461,254.2631366183598,255.71170926657888,19658800
2022-07-11,255.44137573242188,257.39211012267776,253.19124247116224,256.54227590235445,19455200
2022-07-12,244.97296142578125,256.8222904951569,243.3988410088484,256.76434994360125,35868500
2022-07-13,244.05555725097656,244.85710267048802,239.60360939385333,241.61229886642806,29497400
2022-07-14,245.36891174316406,246.39256746391416,237.5079908622042,241.97925680708025,25102800
2022-07-15,247.91839599609375,251.44325042079436,246.03525438925857,246.9526808402148,29774100
2022-07-18,245.53309631347656,251.89715611893087,244.6156697955208,250.84453005870418,20975000
2022-07-19,250.63206481933594,250.81555306514318,244.98262500187312,248.748908389752,25012600
2022-07-20,253.2781219482422,255.7889874324287,250.03333293209215,250.98938157590604,22788300
2022-07-21,255.76002502441406,255.80832847001912,248.21779122798213,250.8831747670427,22404700
2022-07-22,251.43362426757812,256.23323054289847,250.1878727355114,256.1463197014491,21881300
2022-07-25,249.95606994628906,252.53454268022003,248.00533571383517,252.05168504603222,21056000
2022-07-26,243.26365661621094,250.97007463688564,241.01355313399756,250.9507414709721,39348000
2022-07-27,259.52630615234375,260.7913907687193,249.97539768074358,252.20619754450755,45994000
2022-07-28,266.933349609375,268.31431531179504,258.68613331334205,260.5016826567174,33459300
2022-07-29,271.1148986816406,272.33170936707273,267.1458230211277,268.17914544538223,32152800
2022-08-01,268.4784851074219,271.63636311853617,266.38287021128184,268.29499686655436,21539600
2022-08-02,265.3978271484375,268.362579537139,263.04147997964446,266.53736387741355,22754200
2022-08-03,272.78558349609375,273.7802690088794,267.12647689627147,267.2713577584934,23518900
2022-08-04,273.9251403808594,274.0699917823572,270.5644699809408,272.1385611722735,18098700
2022-08-05,273.2105712890625,273.92519131686254,269.1255841794727,269.5794716360938,16774600
2022-08-08,270.70928955078125,276.11730051736697,269.74357435929414,274.3113883534034,18739200
2022-08-09,272.6214599609375,273.3747168336782,268.0922521391709,270.0526827966579,23405200
2022-08-10,279.2461853027344,279.8738942312327,277.10229657539446,278.2901367727336,24687800
2022-08-11,277.17950439453125,281.2258525395224,276.6870097926365,280.8782092911261,20065900
2022-08-12,281.9019470214844,281.9019470214844,277.10234096743113,278.58955073001846,22619700
2022-08-15,283.408447265625,284.09409682100915,280.1636287959346,281.02312948938925,18085700
2022-08-16,282.67449951171875,283.9589172842201,280.46303283251734,281.97918336040345,18102900
2022-08-17,281.9292907714844,283.8938524278254,280.1389197170631,280.4002056199427,18253400
2022-08-18,280.81634521484375,282.50024663716766,279.76145551717,280.8356898800539,17186200
2022-08-19,276.9259948730469,279.9260727784797,276.3550169722019,279.5873490654093,20570000
2022-08-22,268.7967834472656,273.3549492553272,268.2838690742468,272.98719375507784,25061100
2022-08-23,267.52899169921875,269.8709667468448,266.5225077065828,267.52899169921875,17527400
2022-08-24,266.8999328613281,268.29351690361904,266.24183017802443,266.5321774149117,18137000
2022-08-25,269.861328125,270.02583166772644,265.6708883290783,268.3903061400595,16583400
2022-08-26,259.4481506347656,271.3032734990673,259.3417106465169,270.0838799821935,27549300
2022-08-29,256.6803283691406,258.7803619357156,255.34480790841272,257.2803379595906,20338500
2022-08-30,254.49317932128906,258.44164777603345,252.25764439265836,258.07392186121353,22767100
2022-08-31,253.04151916503906,258.4996984815058,252.90601788695525,256.835171011409,24791800
2022-09-01,252.0060272216797,252.4802522057439,247.17688880265302,250.5253477936383,23263400
2022-09-02,247.80593872070312,256.20613302523753,246.26719569629415,253.26414827190314,22855400
2022-09-06,245.08648681640625,249.51883753175827,243.8187170261839,247.9414053865417,21328200
2022-09-07,249.7704620361328,250.4865986759276,245.057451273247,246.48973931975843,24126700
2022-09-08,250.1866455078125,252.0350805590205,246.57688549508825,249.20922275197296,20319900
2022-09-09,255.93511962890625,256.68031756891503,251.89955618095607,252.1027785583023,22084700
2022-09-12,258.05450439453125,258.82873403398463,256.6125441459456,257.2125536578714,18747700
2022-09-13,243.8671112060547,252.00600375133774,243.47999634028216,250.49629269213037,33353300
2022-09-14,244.0897216796875,246.03492427019088,241.8057953877336,245.3574916342139,23913000
2022-09-15,237.47021484375,243.2961503559626,236.15405366231204,241.71870321883833,31530900
2022-09-16,236.850830078125,237.3927761581187,234.2572119949683,236.38629220933913,39791800
2022-09-19,236.6378936767578,237.23790323040416,233.0861980227324,234.65397254260654,26826900
2022-09-20,234.63462829589844,235.66045686379198,231.91521092748422,234.26688762643548,26660300
2022-09-21,231.24746704101562,239.67670753574686,231.19907583276708,236.3959844466539,28625600
2022-09-22,233.21202087402344,235.99918898239684,229.91195323025747,230.20227093577722,31061200
2022-09-23,230.25064086914062,233.35717293349165,227.6183189581972,231.8184154017902,34176000
2022-09-26,229.79579162597656,233.6668515472966,229.26351793341072,229.40869154061323,27694200
2022-09-27,228.7893524169922,234.00560575138226,226.94091751914982,232.24426616908045,27018700
2022-09-28,233.2991485595703,234.51852731554808,227.16350637089323,229.1764596269769,29029700
2022-09-29,229.84417724609375,232.21519843693235,226.85378707356358,231.18936994540456,27484200
2022-09-30,225.39248657226562,232.78621136819163,225.2279682767935,230.608739886535,35694800
2022-10-03,232.97976684570312,233.82171772604818,227.09575348399042,227.82157728205974,28880400
2022-10-04,240.8573455810547,242.28963357290925,237.08305341434055,237.18950814956145,34888400
2022-10-05,241.16702270507812,242.50254306214893,236.23143031780648,238.0605054835281,20347100
2022-10-06,238.83470153808594,242.2702700067914,238.14759670449743,239.93795297204747,20239900
2022-10-07,226.68930053710938,233.5410791626443,225.65378480022213,233.1346048289845,37769600
2022-10-10,221.86013793945312,226.99896799750226,219.42136587622,225.5376480865996,29743600
2022-10-11,218.1439208984375,221.67625738261597,216.8858233948525,220.28267336430167,30474000
2022-10-12,218.47293090820312,220.51491548211942,216.7406381971181,218.1342072790965,21903900
2022-10-13,226.68930053710938,228.4893441994696,212.06636940173655,212.76316144954848,42551800
2022-10-14,221.19241333007812,229.59262300491255,220.97950380320253,227.94741033961475,30198600
2022-10-17,229.8732452392578,231.2571570244088,227.5602872186214,228.21837517177028,28142300
2022-10-18,230.8119659423828,236.06692311030656,227.78285659055385,235.39917762563184,26329600
2022-10-19,228.85707092285156,231.88618020226818,226.7376631373762,229.39901697875123,19985700
2022-10-20,228.53773498535156,233.5314067191375,227.29899677080496,228.16999426870214,21811000
2022-10-21,234.31527709960938,235.166915097807,226.9409118947973,227.17318083073934,26299700
2022-10-24,239.2799072265625,239.85088505869388,233.52170816579923,235.90240190553322,24911200
2022-10-25,242.5800018310547,242.94774252500142,237.9056946583769,239.28959165367502,34775500
2022-10-26,223.8634033203125,230.61839877791698,222.64400998891642,223.718229712473,82543200
2022-10-27,219.4407196044922,226.15701124638468,218.50198634809382,223.5924250678105,40424600
2022-10-28,228.26673889160156,228.97321801422746,218.763293726381,218.9471714496145,40647700
2022-10-31,224.6473388671875,227.3473972568966,223.69891834632307,226.22478608950092,28357300
2022-11-01,220.81495666503906,228.14094541319034,220.00203754140927,227.0376938120004,30592300
2022-11-02,213.00509643554688,223.8440621960301,212.94701812750728,222.06337802281334,38407000
2022-11-03,207.34364318847656,213.30507890075714,207.08234251389777,212.9953870246754,36633900
2022-11-04,214.2535400390625,214.44709012838916,206.5501224416889,210.53732516305953,36789100
2022-11-07,220.52462768554688,221.04722910682952,214.1470592473895,214.8341789629505,33498000
2022-11-08,221.49240112304688,224.18278700971726,218.56007395328075,221.32788282257266,28192500
2022-11-09,217.27291870117188,221.26012061364744,217.098728086194,220.04072724111327,27852900
2022-11-10,235.1475372314453,235.4862608906142,227.42477661146236,227.84090847628838,46268000
2022-11-11,239.14442443847656,239.99606241623323,234.1313937515766,235.15723711883936,34620200
2022-11-14,233.76365661621094,236.0475827819004,231.49908988674315,234.1894756115481,31123300
2022-11-15,234.17013549804688,239.03799304138178,232.2926687365524,237.74119127906528,31390100
2022-11-16,234.5970916748047,236.6060177766138,233.32574917375413,235.62581110898188,24093300
2022-11-17,234.54855346679688,236.07223336578542,230.6180718084606,230.7636397185708,23123500
2022-11-18,234.10215759277344,236.547802374884,231.97677705188883,236.32457848011174,27613500
2022-11-21,234.9076690673828,237.45035420758848,234.0730450796648,234.30595375905,26394700
2022-11-22,237.7997589111328,238.0714956068187,233.60723931445074,236.4022474427257,19665700
2022-11-23,240.27447509765625,240.95381671678922,237.0621480919058,237.87735803486538,19508500
2022-11-25,240.18716430664062,241.3614517929226,239.44958062083853,240.01246797791015,9200800
2022-11-28,234.62623596191406,239.37194317865058,233.69457155598104,238.81877021422886,24778200
2022-11-29,233.2384490966797,235.62585219825684,231.18100986954173,234.2768683035418,17956300
2022-11-30,247.61141967773438,247.7958155951577,232.78229762918565,233.47135371926146,47594200
2022-12-01,247.17471313476562,248.56251016658027,243.51595261951238,246.37890225412923,26041500
2022-12-02,247.49496459960938,248.50427013338341,242.3222385687394,242.44840731366295,21528500
2022-12-05,242.81716918945312,246.3303613663216,240.74031627098933,244.57375787361877,23435300
2022-12-06,237.88705444335938,244.4281775081437,236.58659838862874,243.41887208872768,22463700
2022-12-07,237.15921020507812,238.89639979977625,235.0629579890975,237.60564320065706,20481500
2022-12-08,240.09979248046875,241.4002634352855,235.88785939315616,237.61533452681962,22611800
2022-12-09,238.17822265625,240.9829448599812,236.95540766792848,237.47946700334126,20609700
2022-12-12,245.0590362548828,245.08814984287235,239.87661027319498,240.1483469667902,30665100
2022-12-13,249.3389129638672,256.13235956018696,245.60251141247596,253.96815091092603,42196900
2022-12-14,249.6300506591797,254.84158999041878,246.8059142850901,249.54270989920707,35410900
2022-12-15,241.66229248046875,246.6991500991899,240.04157204816326,246.2333179219407,35560400
2022-12-16,237.46978759765625,242.4678175315528,236.32459886583192,241.21588885198315,86102000
2022-12-19,233.35487365722656,237.9744265437408,231.6662265103739,237.6347483108368,29696400
2022-12-20,234.66505432128906,235.74230142731602,231.38478542376703,232.33586378495446,25150800
2022-12-21,237.21742248535156,238.37231067567322,233.02490350803566,234.55828309775762,23690600
2022-12-22,231.16159057617188,234.84946471293264,226.96905623748663,234.14099458820857,28651700
2022-12-23,231.68563842773438,231.8215067666557,227.0369865095698,229.14295316711923,21207000
2022-12-27,229.96788024902344,231.8797366085177,228.87121912390276,231.65652750812146,16688600
2022-12-28,227.6095733642578,232.64643111207874,227.26019552023155,229.89993593986588,17457100
2022-12-29,233.89834594726562,234.7814975020751,228.69650658121392,228.69650658121392,19770700
2022-12-30,232.74351501464844,232.87938337029664,229.6767552059716,231.18102152042397,21938500
2023-01-03,232.51052856445312,238.49846380336683,230.39484781786445,235.90725134496904,25740000
2023-01-04,222.3397979736328,225.99854338319813,219.2924526600918,225.4259564644858,50623400
2023-01-05,215.75013732910156,220.83552222933494,215.21636361108918,220.49584400645332,39585600
2023-01-06,218.2928466796875,219.09835714227594,212.87751216247153,216.4198034707522,43613600
2023-01-09,220.41822814941406,224.41666688908288,219.7291868413214,219.76800002138827,27369800
2023-01-10,222.09718322753906,224.48458614807703,220.62203068917864,221.0393352972296,27033900
2023-01-11,228.81297302246094,228.98765452783252,224.29047536414728,224.46515686951886,28669300
2023-01-12,231.47210693359375,232.82109060207105,226.6681731391479,228.31800704319014,27269500
2023-01-13,232.17086791992188,232.30673624907553,227.98804849183014,230.0066742453539,21333300
2023-01-17,233.25784301757812,233.80131636600996,230.09402846864725,230.94806647820474,29831300
2023-01-18,228.851806640625,235.22794870990262,228.57037036509706,234.4418522484385,30028700
2023-01-19,225.08627319335938,228.57035182284125,223.87315781209423,226.88168988104673,28623000
2023-01-20,233.1316680908203,233.63632824749806,227.59015038517927,227.92982862321074,35389800
2023-01-23,235.4220428466797,237.93561455180438,232.57849247852556,233.98571827354252,31934000
2023-01-24,234.8979949951172,236.7516391990006,233.3452159013229,235.34442805481387,40234400
2023-01-25,233.51016235351562,236.1207891156233,224.08667522306712,227.5610395748184,66526600
2023-01-26,240.68211364746094,240.98296392015405,234.85915928502237,236.4604658112775,33454500
2023-01-27,240.83738708496094,242.458107545592,239.5466304719591,241.64289751902396,26498900
2023-01-30,235.54820251464844,238.35292478678218,235.05324194345323,237.2950768809861,25867400
2023-01-31,240.49771118164062,240.63357952072695,235.78111768401726,236.26636386768823,26541100
2023-02-01,245.2919464111328,247.65023576111176,238.2267631452796,240.6821076556318,31259900
2023-02-02,256.7922668457031,256.8796075980904,249.65914256333582,251.18282257259764,39940400
2023-02-03,250.72671508789062,256.4041014975154,249.51359959938435,251.88160340231477,29077300
2023-02-06,249.1933135986328,250.67816573061054,247.26204327207444,249.84355651391297,22518000
2023-02-07,259.6649169921875,260.83920438047807,252.40562393796253,252.84235731907512,50841400
2023-02-08,258.85943603515625,268.59347315321855,258.35476105655573,265.13852274513965,54686000
2023-02-09,255.8412322998047,265.8955501652922,255.0454213286766,265.7208390034506,42375100
2023-02-10,255.33660888671875,256.2973870828881,252.96860457424884,253.8129283971957,25818500
2023-02-13,263.3140869140625,266.49730179072196,259.26711931675163,259.7426808801689,44630900
2023-02-14,264.1388854980469,266.85625191813295,261.33414871350027,264.62413161713886,37047900
2023-02-15,262.0276794433594,263.39950469785816,258.9726863891012,261.0547562578646,28922400
2023-02-16,255.05181884765625,259.51753291113,254.80858804011677,256.87118053744996,29603600
2023-02-17,251.0725555419922,253.047588426155,249.06833614983722,252.36656000925092,30000100
2023-02-21,245.8284912109375,248.5721416274502,244.77773242454728,247.58947974202172,28397400
2023-02-22,244.6998748779297,247.45324893497764,243.5615566726842,247.2100181685843,22491100
2023-02-23,247.87164306640625,249.88558633204974,243.69779430491118,248.64024584758673,29219100
2023-02-24,242.471923828125,244.20372595601927,241.38225458242883,243.19189234867713,24990900
2023-02-27,243.386474609375,245.97445391978178,242.6373195783351,245.6242009691581,21190000
2023-02-28,242.66651916503906,244.68047745107052,241.99519973636188,242.32600492940065,22491000
2023-03-01,239.60179138183594,244.13560203633548,239.1347775749903,243.97020688018864,27565300
2023-03-02,244.31072998046875,244.592871158647,238.95965271701235,239.8742028427946,24808200
2023-03-03,248.37753295898438,248.69859936512998,244.58313878749726,245.36148024067188,30760100
2023-03-06,249.9147491455078,253.07674918507004,249.04884819003743,249.48666061100502,24109800
2023-03-07,247.26840209960938,250.71255821742662,246.528985881538,249.36018084473946,21473200
2023-03-08,246.83058166503906,247.6478334867659,244.01883456634258,247.16137194826737,17340200
2023-03-09,245.4879913330078,252.53194586818475,244.76802281359187,248.8932225660645,26653400
2023-03-10,241.85891723632812,245.94519073591425,240.89573299847558,244.28150077291824,28333900
2023-03-13,247.04464721679688,250.92661597294014,239.0764041542882,240.7011840514009,33339700
2023-03-14,253.72862243652344,254.0010397156642,248.93210385508328,249.79800481641536,33620300
2023-03-15,258.252685546875,259.2645337884642,252.19136451987217,252.94053423822598,46028000
2023-03-16,268.72137451171875,269.0716125790634,256.15119488258745,258.0289293565625,54768800
2023-03-17,271.8638916015625,275.6582857099673,268.83811504692954,270.72558821466924,69527400
2023-03-20,264.85894775390625,269.96679560165086,262.54338531232617,269.48033390186566,43466600
2023-03-21,266.366943359375,267.5539109885018,262.2222805461307,267.43716494158167,34558700
2023-03-22,264.917236328125,273.43031336043435,264.81019934883693,265.9971667055635,34873300
2023-03-23,270.141845703125,273.44977847868375,267.7484630649204,270.41426299778846,36610900
2023-03-24,272.9729919433594,273.0313649435058,267.82622136126867,269.7331419789733,28172000
2023-03-27,268.8965148925781,273.83895161321755,268.05978551317787,272.90495366822654,26840200
2023-03-28,267.7776794433594,268.6630431725957,264.6837609123016,268.3225140934646,21878600
2023-03-29,272.9146423339844,273.52758857930763,270.8714980799914,271.4065938576128,25087000
2023-03-30,276.3587646484375,276.7576666390423,273.85837511849326,276.53391335276035,25053400
2023-03-31,280.49371337890625,281.43744995850153,275.33723290766795,276.0474774481902,32766000
2023-04-03,279.4527282714844,280.46454697415277,276.26154151333856,278.761931454292,24883300
2023-04-04,279.404052734375,282.58553031935185,277.9349590223858,279.4527167048261,25824300
2023-04-05,276.6409606933594,279.3748723279069,275.25942646851195,278.11008412867955,22064800
2023-04-06,283.7043762207031,284.1713602969535,274.3934952141327,275.54153732325625,29770300
2023-04-10,281.55426025390625,281.75856581319096,277.00095709388467,281.3791115118309,23103000
2023-04-11,275.1718444824219,278.2365761916983,274.0140932371224,278.0127931758795,27276600
2023-04-12,275.8139953613281,279.23870411334195,274.32542401576865,277.0788133677007,27403400
2023-04-13,281.9920654296875,282.05043844818863,275.5026841124763,275.91129524198396,24222700
2023-04-14,278.39227294921875,280.6689097907965,276.00859911070734,279.2289726922403,20987900
2023-04-17,280.9802551269531,283.70445835587293,278.41175289020185,282.07966327684187,23836200
2023-04-18,280.5618896484375,283.86011391519935,279.23872820102855,283.67525611133146,20161800
2023-04-19,280.63970947265625,281.2234396408052,276.8355761901663,278.2462970182061,17150300
2023-04-20,278.363037109375,281.20398586251105,277.3609274204324,277.52633742538336,23244400
2023-04-21,278.0225830078125,278.51875372091774,275.39567811455214,277.2928905031584,21676400
2023-04-24,274.14056396484375,277.234482358,271.173160031667,274.45190651995864,26611000
2023-04-25,267.96246337890625,273.97512034038175,267.91379941457996,271.94171485112884,45772200
2023-04-26,287.3722839355469,291.4585727273819,284.8037824567908,288.6662882525056,64599200
2023-04-27,296.576171875,296.9361784067996,287.2555804982626,287.95608640380885,46462600
2023-04-28,298.9403381347656,300.5651029592613,295.097280309873,295.7783383038111,36469600
2023-05-01,297.2863464355469,300.244040638563,296.88744444671465,298.65817141433473,21294100
2023-05-02,297.1404724121094,300.8083821173536,295.681087639922,299.42684782678805,26404400
2023-05-03,296.1578063964844,300.25380462015016,295.8562025897096,298.3176970170622,22360800
2023-05-04,297.1404724121094,299.42684782678805,295.1848873161754,297.94798558856564,22519900
2023-05-05,302.2385559082031,303.5228215296377,296.03130176252597,297.4420521379096,28197100
2023-05-08,300.2926940917969,301.80074263730194,297.80201345372643,301.73263089775384,21318600
2023-05-09,298.6873779296875,301.6450723308815,298.0160586463366,299.66030098483304,21340800
2023-05-10,303.8536376953125,304.52495706862396,299.33928955394174,300.2635487654328,30078000
2023-05-11,301.713134765625,302.6957964886429,297.9674049998212,301.70342572575834,31680200
2023-05-12,300.6040344238281,302.2385380136494,298.2982115576061,302.1412397708911,19774700
2023-05-15,301.0808410644531,301.50892969880647,299.261479214083,300.7306029224894,16336500
2023-05-16,303.2991027832031,305.21576288918396,301.4408157004491,301.4408157004491,26730300
2023-05-17,306.16571044921875,306.5849748220485,302.98703781876026,304.49838322404014,24315000
2023-05-18,310.57293701171875,311.07998209113083,305.89270858681226,306.68249676156313,27276000
2023-05-19,310.39739990234375,310.7971739556616,308.47655029580653,308.83731401909836,27546700
2023-05-22,313.16650390625,314.5413277664758,310.07561254298156,310.65088838415517,24115700
2023-05-23,307.3942565917969,314.66812088311536,307.38449657033,312.0452341385488,30797200
2023-05-24,306.01947021484375,308.60334694737196,304.81038789466385,306.87751903685313,23384900
2023-05-25,317.7882995605469,318.7438294879401,312.0159906409768,315.1751430242443,43301700
2023-05-26,324.58447265625,325.08172801991043,315.7992609054812,315.93575245913513,36630600
2023-05-30,322.9462890625,327.36326419300417,322.2735022093098,326.86600894737563,29503100
2023-05-31,320.1966857910156,327.5583014347169,319.16310540886235,323.9993748636306,45950600
2023-06-01,324.2821350097656,325.2084444667975,316.6182558412687,317.7980580790412,26773900
2023-06-02,327.0317687988281,329.0793797798021,324.25287030723234,325.9104672337744,25873800
2023-06-05,327.558349609375,330.1129762401236,326.3102866082395,326.8563123114757,21307100
2023-06-06,325.35467529296875,327.00251216553283,323.8823700342451,326.9635018339944,20396200
2023-06-07,315.31170654296875,326.14449888626166,314.45365769277373,323.37536016910263,40717100
2023-06-08,317.144775390625,318.4903491637824,315.28242630303987,315.85770223750364,23277700
2023-06-09,318.6366882324219,321.75683126394165,316.31606381304914,316.8815798807798,22529000
2023-06-12,323.5704040527344,323.8141665946219,317.04731605133065,320.381970960897,24260300
2023-06-13,325.9494934082031,328.5723804542734,322.1468041193806,326.12499527780267,22951300
2023-06-14,328.9233093261719,330.58090595598725,324.50633474294636,325.9981598073163,26003800
2023-06-15,339.4149169921875,341.1114945004108,328.78687775426107,329.0598905688736,38899100
2023-06-16,333.788818359375,342.70078870657477,333.4183243934552,342.55453717316414,46552000
2023-06-20,329.6156311035156,333.54508130008793,327.48026928452794,330.84420359010136,26375400
2023-06-21,325.2377014160156,329.3036733312241,323.784886322757,327.9775897528391,25117800
2023-06-22,331.2342529296875,331.6340270315193,325.0231887076145,325.783726576518,23556800
2023-06-23,326.6612548828125,329.5279043913859,325.13044892910204,326.01771828331994,23146900
2023-06-26,320.40142822265625,327.7240333118318,320.29415725203825,325.39367934124914,21520600
2023-06-27,326.2224426269531,327.76300833110724,321.0839107605563,323.58003605093296,24354100
2023-06-28,327.4705505371094,329.5474118113246,325.48144019271336,326.3102386492254,20259500
2023-06-29,326.69049072265625,327.72404134255896,324.3211263632283,326.35897729326905,16997000
2023-06-30,332.0435791015625,334.17894126353815,328.7869152430103,329.3231809112348,26832800
2023-07-03,329.5570983886719,332.3944971013384,328.17254422685164,330.72717014347734,12508700
2023-07-05,329.71319580078125,333.1258712588089,326.37854101667716,326.7295447808277,18172400
2023-07-06,332.7552795410156,334.43236661409844,327.1292521462773,328.8843301211992,28161200
2023-07-07,328.806396484375,333.2623825906087,328.591884271755,330.85400764917136,21214800
2023-07-10,323.5508728027344,326.8660670625544,319.4166697574399,326.25178071727987,32791400
2023-07-11,324.17486572265625,324.55511973893175,318.84134117994995,322.800041689948,26698200
2023-07-12,328.7868957519531,333.12585071299276,327.2950703339859,328.201859758283,29995300
2023-07-13,334.11065673828125,335.16369770913235,330.56146024108614,331.0879956045949,20567200
2023-07-14,336.62628173828125,342.661844143398,335.7194923009407,338.91765538868515,28352700
2023-07-17,337.1041564941406,338.33269965821603,333.66223006858866,337.0553861246316,20363900
2023-07-18,350.52069091796875,357.62881326178683,333.63284869185065,337.20150526147,64738600
2023-07-19,346.22076416015625,353.4166384044317,343.6466474604791,352.72436118966306,39732900
2023-07-20,338.2155456542969,349.03860522679815,336.75297084061185,344.74839172455427,33778400
2023-07-21,335.1929016113281,341.55997642385313,331.35120253084744,340.4386749626526,69405400
2023-07-24,336.49951171875,338.2643797019485,333.7693834548789,337.2210689969038,26678100
2023-07-25,342.2229919433594,343.1102908383914,336.46044401375076,338.4495241954238,41637700
2023-07-26,329.3426513671875,336.0705206538034,324.79891447113727,332.92109821610006,58383700
2023-07-27,322.4685974121094,332.81386556115655,320.84025051529886,331.9850967113134,39635300
2023-07-28,329.9276428222656,331.52673900384514,324.85740099740747,325.3449259664994,28484900
2023-07-31,327.538818359375,329.2744062182313,325.0426629130829,328.51386838696095,25446000
2023-08-01,327.9483337402344,330.093455775555,325.374217054016,326.8270321220212,18311900
2023-08-02,319.328857421875,325.3059183538415,318.2172862001048,325.3059183538415,27761300
2023-08-03,318.5098571777344,321.6495195711113,317.81757996467144,317.86632056535905,18253700
2023-08-04,319.60186767578125,326.7782506968959,319.0753323772253,323.5995783751702,23741500
2023-08-07,321.87371826171875,322.84876819218033,319.3483425125627,320.1771409046875,17741500
2023-08-08,317.9150390625,320.54768595225426,314.9411484793251,318.80233812895545,22327600
2023-08-09,314.19036865234375,318.94858760325343,313.03978705069517,318.3245710835293,22373300
2023-08-10,314.8729553222656,320.06998957446115,313.16661746479946,317.8858568827083,20113700
2023-08-11,313.000732421875,314.3657961322113,311.24562500330785,312.269445103178,24355500
2023-08-14,315.9552917480469,315.97478204084996,312.09407132863737,313.37141453345845,18836100
2023-08-15,313.8295593261719,316.97898134379494,312.8935197157339,314.9411305404492,16966300
2023-08-16,313.06744384765625,316.9954627703804,312.4811692512175,313.4582836388938,20698900
2023-08-17,309.62799072265625,314.50378164094593,308.9733110073384,313.2042327148122,21257200
2023-08-18,309.2371826171875,311.0936940527994,304.4199858602723,307.29270464284144,24755000
2023-08-21,314.5135803222656,315.3831966115051,309.78435031765304,310.65396660689254,24040000
2023-08-22,315.0803527832031,318.61750272062665,314.1032382228466,318.0507893960546,16084600
2023-08-23,319.51641845703125,321.66608212966844,316.05742502712076,316.40920172771865,21166400
2023-08-24,312.6473083496094,325.35957674760573,312.6375276630827,325.23254709942444,23281400
2023-08-25,315.58837890625,317.91388582994176,311.50401857895207,314.1129268105896,21684100
2023-08-28,316.2919616699219,318.68587419815776,314.3572643100924,318.20709765634393,14808500
2023-08-29,320.8941345214844,321.45109687018396,314.51357886440167,314.51357886440167,19284600
2023-08-30,321.2654724121094,322.262118428765,318.97902814860515,321.14822344769897,15222100
2023-08-31,320.259033203125,323.3369376753796,319.30145033255354,321.66608035944125,26411000
2023-09-01,321.138427734375,324.3922056211829,319.3014478601216,323.7277749745022,14942000
2023-09-05,325.9164733886719,327.1867399112931,321.13839981294905,321.47061510740485,18553900
2023-09-06,325.2618408203125,326.80566842614127,322.62362005663084,325.7503980121673,17535800
2023-09-07,322.3597717285156,325.45720725929107,321.49990640162497,323.7081941893977,18381000
2023-09-08,326.6199645996094,328.46672481696214,321.92004751477697,322.53563425389456,19530100
2023-09-11,330.2060546875,330.67508035139593,327.7534879124914,329.5220626550476,16583300
2023-09-12,324.17724609375,329.08237965274225,323.8939043767627,328.1345774558951,17565500
2023-09-13,328.3691101074219,329.1410389438137,323.59103551016267,323.7278160398698,16544400
2023-09-14,330.94866943359375,333.0592103619418,328.8674109262189,331.38835303568044,20267000
2023-09-15,322.66278076171875,329.67845635390665,322.1058182894061,329.20946043547144,37679800
2023-09-18,321.5292663574219,322.8385960925468,318.89104551464607,320.29809265490445,16834200
2023-09-19,321.128662109375,321.85174708859677,317.0834237409372,318.7054373268487,16505900
2023-09-20,313.4289245605469,322.04707932853614,313.1748951347457,321.96892330963425,21436500
2023-09-21,312.2174072265625,317.90422099600227,307.7910795608823,311.95359703612553,35560400
2023-09-22,309.75506591796875,314.09345652566765,308.9147319725734,313.96642687422224,21447900
2023-09-25,310.2729187011719,310.39994834578414,307.7910397456029,309.34464808220946,17836000
2023-09-26,304.9964599609375,308.65085775757245,302.92495267803366,307.9180220612958,26297600
2023-09-27,305.6316223144531,307.1070447852302,302.6025617027996,305.1528159801847,19410100
2023-09-28,306.462158203125,308.26004502387354,302.36804670236813,303.87278132742597,19683600
2023-09-29,308.52386474609375,312.1587314237549,307.77149741019485,310.4780935014134,24147300
2023-10-02,314.4354248046875,314.5233913479347,307.96693177846345,309.0417636602757,20570000
2023-10-03,306.2178955078125,314.03481069195016,304.0877634575696,313.48759919542874,21033500
2023-10-04,311.6603698730469,312.7156700194833,306.81389127739357,306.84320351373003,20720100
2023-10-05,312.0512390136719,312.65707498694155,307.6933171593875,311.78742886180316,16965600
2023-10-06,319.7704772949219,321.65630098463043,309.06128169271835,309.3055602997531,25673600
2023-10-09,322.2718811035156,322.7408769349448,315.78382712320234,317.3179038998877,19891200
2023-10-10,320.8746337890625,323.5226056424412,320.17111018080624,323.38579530400693,20557100
2023-10-11,324.8123779296875,325.20321772099476,321.60744393030456,323.6300480505899,20063200
2023-10-12,323.58123779296875,325.99471177384464,321.1970760539996,323.0047438226922,19313100
2023-10-13,320.229736328125,326.19011074612195,318.8910644547027,324.7733126546174,21072400
2023-10-16,325.02734375,328.4472441018182,323.03402205271703,323.47370563502346,22158000
2023-10-17,324.4606018066406,325.8285559881701,319.91702585909127,322.0471280716989,18338500
2023-10-18,322.5552062988281,327.909803713785,320.78663169696983,324.88074324116036,23153600
2023-10-19,323.7375793457031,329.1703335138683,323.33695882729216,324.5485712503718,25052100
2023-10-20,319.1939697265625,324.32382025517603,318.0018889823848,324.1283854502297,25027700
2023-10-23,321.7833251953125,325.1152889172781,316.96615830256553,318.0214287466955,24374700
2023-10-24,322.96563720703125,324.24565474799095,320.1026990318568,323.71800459686386,31153600
2023-10-25,332.87359619140625,338.2770379621599,329.89337919706037,337.1240202368528,55053800
2023-10-26,320.3860778808594,333.81162115649903,319.4578072066944,332.7465699625012,37828500
2023-10-27,322.2621154785156,329.0139799295623,320.8843805209721,322.8679216685348,29856500
2023-10-30,329.5904541015625,331.6814932194884,324.23585648353105,325.77971392594014,22828100
2023-10-31,330.3721618652344,331.24180806391223,327.03044704898707,331.09524685603606,20265300
2023-11-01,338.14996337890625,339.46907368839175,331.8768762591472,332.0136865785613,28158800
2023-11-02,340.3485107421875,340.84681883225545,336.879736569886,339.29321044253436,24348100
2023-11-03,344.7259521484375,346.27959030223104,339.38113512943426,341.62851616542054,23637700
2023-11-06,348.37060546875,349.3575005821622,345.2633887474612,345.36110615399525,23828300
2023-11-07,352.279052734375,354.16487636600215,349.4454269438777,351.1749086935178,25833900
2023-11-08,354.8879699707031,355.54261993465985,352.2985928972702,353.4027369651116,26767800
2023-11-09,352.4353942871094,356.44156927918397,352.1129298373234,354.0085341532929,24847300
2023-11-10,361.2099304199219,361.63008249841977,352.8067397541227,353.2171111454846,28042100
2023-11-13,358.288330078125,360.03737334526807,357.5261819771122,359.7930947254669,19986500
2023-11-14,361.7961120605469,363.43768679672274,358.94295491704753,362.51919694143055,27683900
2023-11-15,361.9430847167969,365.33075462470396,359.436566943663,363.51941777960104,26860100
2023-11-16,368.30712890625,368.48335928952025,362.44231441681825,363.2060092906745,27182300
2023-11-17,362.11920166015625,366.54471142393174,359.3287679224242,365.800587792621,40157000
2023-11-20,369.5505676269531,370.950669899153,363.2451772540551,363.4605799020616,52465100
2023-11-21,365.27197265625,368.3561243217149,363.3627202596963,367.8176325584251,28423100
2023-11-22,369.9520263671875,371.85147806167527,367.1322205576516,370.0988850281661,23345300
2023-11-24,369.540771484375,370.06949251389324,367.2986596667437,369.44285575599235,10176600
2023-11-27,370.6961364746094,372.683733332582,368.336537498751,368.9044009726802,22179200
2023-11-28,374.70068359375,374.994400937648,370.25557188472965,370.44160282909473,20453100
2023-11-29,370.9311218261719,376.2671856758015,369.5505906614915,375.738494499301,28963400
2023-11-30,370.9898681640625,372.1451961390215,367.6217700935787,370.5786340328009,30554400
2023-12-01,366.68182373046875,370.2555237215733,363.5486996979007,368.88479316220673,33040500
2023-12-04,361.4241027832031,361.79613477265366,355.3145134346435,361.3849305128498,32063300
2023-12-05,364.7334289550781,365.28172122334854,357.9776614584204,358.7903292029664,23065000
2023-12-06,361.0911865234375,366.35873644463544,360.3372921206186,365.73212951183393,21182100
2023-12-07,363.1962585449219,363.68580733396766,358.6630319776083,360.5331119373255,23118900
2023-12-08,366.4076843261719,366.6328576380953,360.53309906732864,361.48282487936234,20154400
2023-12-11,363.5389709472656,363.8327181906465,358.44768073859893,360.77793808950827,27708800
2023-12-12,366.55450439453125,366.59367665844525,362.7164292823926,363.09829162626795,24838300
2023-12-13,366.5447998046875,369.74646839477913,363.02004212186165,368.16030502773964,30955500
2023-12-14,358.28118896484375,365.9475401487158,356.5188251808004,365.50693426286074,43277500
2023-12-15,362.9808654785156,364.6159417445296,358.6238691889497,359.1819619943408,78502300
2023-12-18,364.8607177734375,365.2034079122954,360.97369907312446,361.72762335454945,21802900
2023-12-19,365.4579772949219,365.4579772949219,362.1094503782396,363.7249554315047,20603700
2023-12-20,362.8731689453125,368.1700908565403,362.78505374172363,367.1616214647713,26316700
2023-12-21,365.73211669921875,366.5839268091088,362.3052751851502,364.77259031859234,17708000
2023-12-22,366.7503356933594,367.3378001809741,364.9194281127133,365.8691539017797,17107500
2023-12-26,366.8287048339844,369.0610461329153,365.69294804965995,367.1615944273694,12673100
2023-12-27,366.2510681152344,367.2203652351963,365.01739550459973,365.87900622442777,14905400
2023-12-28,367.43572998046875,368.59105792655595,366.3391454974242,367.5238451750327,14327000
2023-12-29,368.17987060546875,369.2764551389083,365.67338313483896,368.140698335078,18730800
2024-01-02,363.1178894042969,368.04274869324354,359.1035836301592,366.045381402949,25258600
2024-01-03,362.8536376953125,365.45804133585006,360.80732695196707,361.2968758344811,23083500
2024-01-04,360.2491760253906,365.30132326469203,359.49528162444665,362.9221232500447,20901500
2024-01-05,360.06317138671875,364.28307999206555,358.8392992881915,361.25767175006894,21004600
2024-01-08,366.8581237792969,367.3574731734819,361.296855951119,361.58077277397365,23134000
2024-01-09,367.93511962890625,368.13092123395006,363.4312643972459,364.23413165308716,20830000
2024-01-10,374.7691955566406,376.1399561660862,368.45403366179033,368.50297659226095,25514200
2024-01-11,376.5903625488281,382.5138918300766,372.4291972197734,377.93172165061986,27850800
2024-01-12,380.35003662109375,380.55563874578314,376.6098767088899,377.4323150873344,21661200
2024-01-16,382.1123962402344,385.79381264906647,379.5177936668549,385.43155133047776,27202300
2024-01-17,381.3291931152344,381.95580012337945,376.7665941196336,379.8703470627965,22234100
2024-01-18,385.63720703125,385.75469397471676,381.9655906494616,383.53215294829613,23392100
2024-01-19,390.33685302734375,390.33685302734375,385.2749052923237,387.48767542805655,29331100
2024-01-22,388.2220153808594,392.2460923450514,385.36303712070327,391.6586277842315,27016900
2024-01-23,390.5620422363281,391.03201985975426,385.6959257751216,387.47789064929606,20525900
2024-01-24,394.1455383300781,397.1513752160577,392.079656679383,393.14686950723774,24867000
2024-01-25,396.4071960449219,398.5024790160312,394.11611150359863,395.8687043772285,21021200
2024-01-26,395.48687744140625,397.68007633393063,394.01823107466254,395.917682766026,17803300
2024-01-29,401.1559143066406,401.4104892723421,395.8785633157736,397.5724131081032,24510200
2024-01-30,400.04949951171875,404.41626660201007,397.9542461080957,403.64280098293807,33477600
2024-01-31,389.2696533203125,406.6388669659615,388.9073919493629,398.4535945955144,47871100
2024-02-01,395.3400573730469,399.4718507500115,393.40143322301293,393.4308049580275,30657700
2024-02-02,402.62451171875,404.0246140998081,395.12462060191353,395.36939499914837,28256700
2024-02-05,397.17095947265625,402.5657971362689,395.5456537728456,401.33212452419457,25352300
2024-02-06,397.0142822265625,399.4424550677267,394.4882235276778,397.39614463854895,18382600
2024-02-07,405.3953857421875,405.640160164174,398.88439209328425,398.9235643671154,22340500
2024-02-08,405.4541015625,406.8738050650789,403.90714046810643,405.3953580956046,21225300
2024-02-09,411.7594909667969,412.0238664464446,406.41362634312986,406.5702855474464,22032800
2024-02-12,406.580078125,411.94551383927785,406.0807287884979,411.769283442755,21202900
2024-02-13,397.8269348144531,401.49855072964925,394.9581860838381,396.4757753769111,27824900
2024-02-14,401.6720886230469,402.01541247950905,396.8460370500132,400.27921574475005,20401200
2024-02-15,398.7980651855469,401.3190066322356,396.57141418180584,400.34791702088137,21825500
2024-02-16,396.3457946777344,400.49504745207923,395.73763633762957,400.17133095818804,22296500
2024-02-20,395.10003662109375,396.76756266074034,390.4112964520626,395.5414273661721,24307900
2024-02-21,394.50164794921875,394.60956341609165,389.6363517174895,392.53004284668083,18518900
2024-02-22,403.79083251953125,404.9482969480148,400.76964859968683,402.3587150074255,27009900
2024-02-23,402.5058898925781,407.92049268532105,401.1620503723916,407.7341476569605,16295900
2024-02-26,399.75933837890625,404.2911294979053,399.5827521513917,403.60448178020243,16193500
2024-02-27,399.7005310058594,400.524490398334,396.13982903252327,400.2007738907874,14835800
2024-02-28,399.9359436035156,401.48576558617054,397.5817696096978,400.3871530513853,13183100
2024-02-29,405.742919921875,406.29222617012584,398.1703067167653,400.83837846610305,31947300
2024-03-01,407.5673828125,407.93031407980567,403.0355914321904,403.41813008815376,17823400
2024-03-04,406.99847412109375,409.3820740419509,404.4481066223211,405.54671909934444,17596000
2024-03-05,394.96270751953125,406.3412493979287,392.99110225962716,406.056777618859,26919200
2024-03-06,394.41339111328125,397.4247865981622,390.784048581795,395.27659515513125,22344100
2024-03-07,401.328857421875,401.95662320085074,394.56056584653686,398.3664950410901,18718500
2024-03-08,398.4645080566406,402.58433424165736,396.61057729290076,400.1712786506048,18002200
2024-03-11,396.7969665527344,397.9348236347475,393.5992262388283,396.05149669102667,16120800
2024-03-12,407.3515319824219,407.6360037253644,399.02363143663507,399.83777202306123,22457000
2024-03-13,407.1749572753906,410.19614104443707,403.5946487063615,410.11768156800736,17115900
2024-03-14,417.1017150878906,419.6520819612788,410.00973923105283,412.2167823058226,34157300
2024-03-15,408.4698181152344,414.53182378938754,404.9091164524236,411.28501994441507,45079900
2024-03-18,409.35260009765625,412.6975005120342,405.8801768330178,406.3412048651448,20106000
2024-03-19,413.364501953125,413.61954764814055,407.61636469929994,409.8528340561438,19837900
2024-03-20,417.1116027832031,417.8276466076136,412.62884514501485,413.94325853489937,17860100
2024-03-21,421.17254638671875,422.5948752417206,419.004747660182,421.6237557740876,21296200
2024-03-22,420.5545959472656,421.65320840400005,417.93558766825475,421.4962894258474,17648500
2024-03-25,414.7868347167969,419.2499850699005,413.5606994442316,417.12140106535213,18060500
2024-03-26,413.59991455078125,417.85705232022457,413.3056540804049,417.48430243445387,16725600
2024-03-27,413.3841552734375,416.3465173372015,411.0103740796991,416.3366986755512,16705000
2024-03-28,412.68768310546875,413.815721504757,411.11822405931304,412.92309148516256,21871200
2024-04-01,416.4642028808594,419.720825298805,414.15906261710444,415.856044584665,16316000
2024-04-02,413.3939514160156,414.31600751259526,409.8626759328322,412.08932675524255,17912000
2024-04-03,412.42291259765625,415.17926256521645,411.0888617244366,411.71665741417434,16502300
2024-04-04,409.90191650390625,420.48592418548293,409.5978373618215,416.8761593197056,19370900
2024-04-05,417.3960876464844,418.3672072160066,410.3335658710208,411.9913032872843,16554800
2024-04-08,416.48382568359375,419.12247124179834,415.21844567326013,417.0527692258899,14272400
2024-04-09,418.1415100097656,419.5736274756939,413.5704746022745,418.2984589003378,12496900
2024-04-10,415.1792297363281,415.93451830181,411.68719880938414,414.1296507389469,16216600
2024-04-11,419.7600402832031,421.1725504908495,414.2963744060529,417.69033834286756,17966400
2024-04-12,413.8451843261719,417.06256218596104,411.75584496590756,415.9541310748391,19253800
2024-04-15,405.742919921875,418.67128401490294,405.5369076275719,418.45548299345114,20273500
2024-04-16,406.6648864746094,410.4119627811132,405.8311384974836,406.6550977488978,16765600
2024-04-17,403.97723388671875,410.8828360715611,402.4960529094379,409.2839508985917,15855500
2024-04-18,396.5517272949219,404.02627254838046,396.2378594372626,402.79031869935466,21029900
2024-04-19,391.5000915527344,397.738683518828,390.1758594431205,396.31635459832717,30565800
2024-04-22,393.3049011230469,395.15883179011223,388.1943783333411,392.4416972104412,20286900
2024-04-23,399.7887878417969,400.40676483693346,395.3648819975192,396.52234656320184,15734500
2024-04-24,401.25030517578125,404.5952057239604,399.01383568119996,401.7407592748994,15065300
2024-04-25,391.4216003417969,392.2553782643455,380.62179192671005,386.5072408836068,40586500
2024-04-26,398.5626525878906,405.1151126000372,398.0133463554319,404.30097191316094,29694700
2024-04-29,394.57037353515625,398.5626776003093,391.5687964569437,397.51309850869376,19582100
2024-04-30,381.8970031738281,394.4820730278576,381.74008419354954,393.8248513162942,28781400
2024-05-01,387.3998718261719,394.05042796595137,382.85826224732904,385.11433904555116,23562500
2024-05-02,390.2445373535156,392.2946320183516,387.1154376190438,390.067981051651,17709400
2024-05-03,398.8961181640625,399.37675358596374,394.18774100881984,394.5997356096934,17446700
2024-05-06,405.644775390625,406.0273140130064,398.6116505989638,400.95603550783153,16996600
2024-05-07,401.5249938964844,406.7532518204941,401.2797668251692,406.74343315845897,20018200
2024-05-08,402.70208740234375,404.3598247646084,398.9451919846881,400.37733960441915,11792300
2024-05-09,404.4481201171875,404.84047745279514,401.28959417288524,402.7315305808264,14689700
2024-05-10,406.8218688964844,407.44966453116945,403.93799631140473,405.0562460600837,13402300
2024-05-13,405.8212585449219,410.36286736989564,402.97663133480046,410.029362242427,15440200
2024-05-14,408.6070861816406,409.51932355356394,403.6927268958918,404.1537549120692,15109300
2024-05-15,415.7511901855469,416.46855556809163,410.0418362179186,410.66092785109674,22239500
2024-05-16,413.6973571777344,418.0506409370668,413.06845922359344,414.493323488297,17530100
2024-05-17,412.930908203125,415.5939858480529,410.7886784280323,415.2205635959117,15352200
2024-05-20,417.9720458984375,419.37726753163014,412.7147152549324,412.9309055053418,16272100
2024-05-21,421.60791015625,425.46982504988637,417.4904895481765,419.4361715614018,21453300
2024-05-22,423.0623474121094,424.919622461389,419.7310859592396,422.6398032435963,18073700
2024-05-23,419.6033020019531,426.0889796466093,418.0506847119264,425.4698880093599,17211700
2024-05-24,422.7085266113281,423.5929302999633,417.0581313925194,419.78997344657733,11855300
2024-05-28,422.86578369140625,423.35712243524114,419.2102222377172,422.1877338257991,15718000
2024-05-29,421.7357482910156,423.4750768037088,418.3160195321069,418.3160195321069,15517100
2024-05-30,407.48687744140625,416.95003623481153,407.0643033400361,416.95003623481153,28394500
2024-05-31,407.9388732910156,409.5308058785648,397.5028441158069,409.5308058785648,47995300
2024-06-03,406.3567810058594,409.21637607324783,401.83648858598,408.3319723384426,17484700
2024-06-04,408.8626403808594,409.22622626275023,402.58331667273,405.2856798357907,14348900
2024-06-05,416.6651306152344,416.73389525429343,409.0886648755249,410.5725176189358,16988000
2024-06-06,417.1662292480469,417.9425528471417,413.29447761268017,416.66508413024746,14861300
2024-06-07,416.5078430175781,418.8957420228007,415.67256118761725,418.81714102196315,13621700
2024-06-10,420.458251953125,420.6646058483147,416.54721437209554,417.34318081391007,13982900
2024-06-11,425.18487548828125,425.3224647271418,417.8835891699695,418.10961578141064,14551100
2024-06-12,433.4197998046875,435.71926189584553,425.7450897945803,427.7792397175461,22366200
2024-06-13,433.9306945800781,435.709368351957,431.7589858154619,433.21335923548196,15960600
2024-06-14,434.90362548828125,435.4637589084296,429.1549556248856,430.6879302565991,13582000
2024-06-17,440.6030578613281,443.12854595845386,433.0855818033449,434.9231837298592,20790000
2024-06-18,438.6082458496094,442.3424381224516,437.1833815521162,441.919864030814,17112500
2024-06-20,437.9793395996094,438.79494866589,433.62605582240985,438.56892206249415,19877400
2024-06-21,441.98870849609375,442.77483854275334,438.7753636944757,439.63028836717615,34187100
2024-06-24,439.9152526855469,444.9072412251996,438.677069430459,442.00833058442447,15913700
2024-06-25,443.138427734375,443.60028735592437,439.01117026568124,440.4851865060809,16413400
2024-06-26,444.32745361328125,445.7425115856911,440.42622281234816,441.2221891732116,16507000
2024-06-27,445.0055236816406,448.2680202655606,443.94421515967235,444.3471165440364,14806300
2024-06-28,439.2077331542969,447.4916975183524,438.6770788922511,445.22171482768863,28362300
2024-07-01,448.81829833984375,449.447196335744,437.94005138791704,440.88808384173325,17662800
2024-07-02,451.32415771484375,451.62878536550966,445.26102385148636,445.3494912239479,13979800
2024-07-03,452.788330078125,453.0339994689676,449.9484075142332,450.2530351597629,9932800
2024-07-05,459.46075439453125,460.2370781260807,451.0195570759799,451.6484551705572,16000300
2024-07-08,458.1635437011719,459.598274429734,456.4143789671548,458.46817132419625,12962300
2024-07-09,451.57965087890625,459.23468742094946,450.0663190511327,458.9104170237532,17207200
2024-07-10,458.1733703613281,458.37972423311413,450.91136946375343,453.2305038870679,18196100
2024-07-11,446.8234558105469,456.72883147324404,443.7279978013262,454.96002402992053,23111200
2024-07-12,445.6933898925781,448.4547114032981,442.8436310012122,446.45987718044813,16324300
2024-07-15,446.09625244140625,449.33910606074033,443.61007966105154,445.4476817175394,14429400
2024-07-16,441.733154296875,446.430351284593,438.92271119875926,446.35175028412175,17175700
2024-07-17,435.83709716796875,437.1440749862863,431.5722805813875,434.92321432561624,21778000
2024-07-18,432.74169921875,436.9475578488645,426.8751131633182,436.6429302135875,20794800
2024-07-19,429.5381774902344,433.49839687991425,424.5167095108502,425.59766083378145,20940400
2024-07-22,435.2671813964844,436.898429671943,431.306992206013,434.1371082507153,15808800
2024-07-23,437.1440734863281,440.6227600869156,435.4243879336588,436.21051790501895,13107100
2024-07-24,421.4703369140625,433.8324355773718,420.183031900693,432.82027904039575,26805800
2024-07-25,411.1523132324219,422.35483218497876,410.27774573844266,421.3721545577555,29943800
2024-07-26,417.9032287597656,421.49002544679837,410.04180915234855,410.95572197330205,23583800
2024-07-29,419.3379821777344,424.66407745687695,417.34314804369717,424.10394408211863,15125800
2024-07-30,415.59393310546875,421.6177202883819,410.1302192518137,420.3107725606888,32687600
2024-07-31,411.1031494140625,414.4737261342931,405.06949500365346,413.2159000993034,42891400
2024-08-01,409.88458251953125,420.05530026736574,405.9342299111822,413.5008583778063,30296400
2024-08-02,401.41387939453125,407.8111188309651,397.33577420400843,405.3445889736249,29437900
2024-08-05,388.30499267578125,394.09297731515574,378.9007621776494,382.42860065253456,40709200
2024-08-06,392.687744140625,398.6427974223072,391.59698650264767,393.07100276300895,24946500
2024-08-07,391.5282287597656,402.9764167958112,390.58486666117705,401.5613886423986,20650900
2024-08-08,395.7143859863281,398.8294567188382,393.0120229903142,395.46871662305415,20203000
2024-08-09,398.98663330078125,400.9814670539763,395.29178698273824,397.0311150371522,19276700
2024-08-12,399.7630310058594,401.6792641246606,397.23754263585204,400.008700380632,16762900
2024-08-13,406.8382873535156,407.7620065253935,402.47519721922214,402.49483997156227,19414300
2024-08-14,409.6389465332031,410.48406481515934,405.3053649551057,407.61463319199424,18267000
2024-08-15,414.4824523925781,414.5611950729744,411.1648649409175,413.2715696251715,20752100
2024-08-16,411.96221923828125,414.787581998409,410.81040112271256,414.05909962624725,22775600
2024-08-19,414.974609375,415.19118926465836,409.9834478562735,412.44456931012445,15234000
2024-08-20,418.19378662109375,419.23729981689326,415.082955234779,415.14201975205145,16387600
2024-08-21,417.5440979003906,419.76893159636126,415.1617187597954,417.48500333716095,16067300
2024-08-22,409.0876159667969,420.1528389914807,408.1622318516386,417.7606059891525,19361900
2024-08-23,410.308349609375,412.73993890763575,405.68142906839694,410.4953972510095,18493800
2024-08-26,407.0596923828125,410.7907614506505,404.94313363943934,409.89490950861074,13152800
2024-08-27,407.40423583984375,407.91613833509496,403.8700687036349,406.43946532338146,13492900
2024-08-28,404.2146301269531,408.5461982686738,400.97578558888256,408.4280692350888,14882700
2024-08-29,406.6954345703125,415.48655408743093,404.2146347079457,408.4871383812944,17045200
2024-08-30,410.6529541015625,410.9974871196902,405.72085639315753,409.1368946584357,24308300
2024-09-03,403.0726623535156,413.3503087826454,400.7001374742272,411.41094371784055,20313600
2024-09-04,402.541015625,404.8446216814279,398.08146478954603,399.5975240045065,15135800
2024-09-05,402.0390319824219,406.67577709695456,399.8141682348964,401.2809872314555,14195500
2024-09-06,395.45306396484375,404.2638620080845,394.56703607993364,402.6985921439958,19609500
2024-09-09,399.4104919433594,402.294919165343,395.8960031892495,400.90684301767806,15295100
2024-09-10,407.7586669921875,409.85551750473985,401.3597503882825,401.8519747424291,19594300
2024-09-11,416.4611511230469,417.3963592828998,403.21045111442425,409.03840014283475,19266900
2024-09-12,420.3595886230469,420.7238298297295,413.2223356546228,416.72697057085117,17395700
2024-09-13,423.89373779296875,425.1144444971336,418.84351144501346,419.2077526362247,15874600
2024-09-16,424.632080078125,426.7880250402565,421.5606050753592,423.9035976857479,13834700
2024-09-17,428.3828430175781,434.9786612819886,425.54762597309116,433.3838592052121,18874200
2024-09-18,424.1103515625,429.2491750935579,423.71657808226,428.2351941115192,18898000
2024-09-19,431.8678283691406,434.6341269777226,430.1056566789826,434.3683366283435,21706600
2024-09-20,428.5009460449219,432.409208323067,427.4672869965637,430.4206328981448,55167100
2024-09-23,426.7684020996094,429.6725079875257,423.6969266994437,427.52641684805,15128900
2024-09-24,422.4958801269531,426.61086866115505,419.4736152765213,426.26630559260894,17015800
2024-09-25,425.3901062011719,426.384408985251,421.9051794925785,423.14556440453987,13396400
2024-09-26,424.6025390625,428.53047950890726,422.45644824495844,428.3237537072511,14492000
2024-09-27,421.3637390136719,425.1341945131492,420.82230422369577,424.8093096047705,14896100
2024-09-30,423.60821533203125,423.72637439868134,418.7548910042777,421.5507213885959,16807300
2024-10-01,414.1477355957031,421.81659955830685,412.2969671899716,421.78706729834266,19092900
2024-10-02,410.6430969238281,416.24461251055664,410.22961524498584,416.00832438993655,16582300
2024-10-03,410.0622863769531,413.0254566537122,407.84727671300476,411.1353318978847,13686400
2024-10-04,409.5896911621094,413.2223089798081,408.5166457695598,411.7357819472086,19169700
2024-10-07,403.171142578125,410.6233966552464,402.6395318501973,409.5306729821077,20919800
2024-10-08,408.2607116699219,409.19594995144206,401.82243880752753,404.5099645290717,19229300
2024-10-09,410.9679260253906,413.84252930935924,407.8570646785986,409.3928021729279,14974300
2024-10-10,409.3731384277344,410.859665558973,406.7249690560659,408.77263914925425,13848400
2024-10-11,409.8456726074219,410.6430736171545,406.8234080163179,409.6684790592566,14144900
2024-10-14,412.621826171875,417.4456186019399,411.02699410502277,411.27310627026066,16653100
2024-10-15,412.22802734375,415.9098858066577,408.80216519233556,415.61453317923247,18900200
2024-10-16,409.6487731933594,409.8850312589263,404.09649835161355,408.71356498849764,15508900
2024-10-17,410.2394714355469,415.9295838303706,409.127039576057,415.7917465890575,14820000
2024-10-18,411.6570129394531,413.1238316782615,409.78656668639167,410.65288622498497,17145300
2024-10-21,412.2674255371094,412.44461909285747,407.31564977599334,409.6487883889798,14206100
2024-10-22,420.8616943359375,423.88392916296095,411.53896348036403,411.9819473916582,25482200
2024-10-23,417.9969177246094,424.37612597688815,415.95910173602493,424.1595460644349,19654400
2024-10-24,418.1249084472656,419.35546932603506,415.83112614516494,418.7155536346828,13581600
2024-10-25,421.4916687011719,425.79370434385993,419.9362531076575,420.1233007480341,16899100
2024-10-28,419.9559631347656,425.2227696357769,419.670464602579,424.9471252042487,14882400
2024-10-29,425.232666015625,426.43369473876635,419.17828193472,421.3440812856283,17644100
2024-10-30,425.8035888671875,431.68074872313076,425.3802831426112,430.6372355196224,29749100
2024-10-31,400.0307312011719,409.6881704469,399.9814907408766,408.9005934690843,53971000
2024-11-01,403.9881896972656,409.0384161036912,401.162826864631,402.64935394725995,24230400
2024-11-04,402.1078796386719,404.0374205874987,399.26283871579096,403.42703719981586,19672300
2024-11-05,405.061279296875,408.44778544240023,401.7338376736444,402.0193362267301,17626000
2024-11-06,413.6456604003906,413.91148078515863,404.13588205792996,406.0063586804049,26681800
2024-11-07,418.8139953613281,420.2119257079772,413.35031719618456,414.7285393416903,19901800
2024-11-08,415.9689636230469,419.8673720771894,415.2207729945687,418.7057298172818,16891400
2024-11-11,411.5093994140625,418.2036383732599,409.530647967578,415.9492425000552,24503300
2024-11-12,416.4513244628906,417.8394007087299,410.71200186963034,411.7456609678349,19401200
2024-11-13,418.5876159667969,422.6533640239858,411.7062988498683,415.0829808583345,21502200
2024-11-14,420.2513427734375,421.51143597611144,413.4684764416515,418.390720208814,30246900
2024-11-15,408.54620361328125,416.2248913266483,407.2073678244848,413.2912534776132,28247600
2024-11-18,409.2944030761719,411.8933320342017,405.6913172118432,408.4182293083614,24727000
2024-11-19,411.2928466796875,411.4405079817959,405.1498661250552,406.68560375296545,18133500
2024-11-20,409.028564453125,410.8005900683197,404.19491792354364,410.3871084118776,19191700
2024-11-21,407.2629089355469,414.07906953202513,404.717960528392,413.80287334750346,20780200
2024-11-22,411.3368225097656,411.73138418459337,405.4774898240383,405.7832773797643,24814600
2024-11-25,413.1025085449219,415.36138685697927,409.21601445717323,412.698073057269,27691100
2024-11-26,422.17755126953125,423.21330950979313,413.161695275106,413.891635863064,23458900
2024-11-27,417.2454528808594,421.42789081016514,416.28862504102557,419.33665679394954,18332400
2024-11-29,417.7090759277344,419.10980447039015,412.1259395107062,414.384847961252,16271900
2024-12-02,425.1269836425781,427.11953971126485,415.58829615007085,415.84477479075025,20207200
2024-12-03,425.3439636230469,426.5967051479557,421.93093157664276,424.00241788094525,18302000
2024-12-04,431.4795227050781,433.69896602336337,426.7545660563865,427.1491277367897,26009400
2024-12-05,436.60882568359375,438.62112911545074,430.24644042721326,431.9726738856543,21697800
2024-12-06,437.5459899902344,440.04162946603964,435.7704172944161,436.29321828806303,18821000
2024-12-09,439.962646484375,442.2412722506749,434.5176237615362,436.5891099408423,19144400
2024-12-10,437.3092041015625,443.51378920495125,435.6027181772746,438.3548361326827,18469500
2024-12-11,442.89239501953125,444.23394093068583,438.01948123467236,438.01948123467236,19200200
2024-12-12,443.45458984375,449.96496224230685,443.0106891858234,443.0106891858234,20834800
2024-12-13,441.1957092285156,445.2992167545738,439.5286583553318,442.34983294961415,20177800
2024-12-16,445.4570007324219,446.0389843929351,439.2326985780913,441.1956629672055,23598800
2024-12-17,448.2880859375,449.1068307764244,443.4645114369834,444.8849575716068,22733500
2024-12-18,431.44989013671875,446.50262602359174,431.08488976149135,445.19070178831043,24444500
2024-12-19,431.09478759765625,437.1612597390131,430.39443838506674,435.6224481744677,22963700
2024-12-20,430.6706237792969,437.7136411325363,422.80886164173944,427.22800034083093,64263700
2024-12-23,429.3389587402344,431.70635881030796,426.9518110200716,430.80871372187636,19152500
2024-12-24,433.363525390625,433.6298778354008,428.2933464556966,428.74709084992185,7164500
2024-12-26,432.16009521484375,434.9516783695283,430.7002140852734,433.1169230295789,8194200
2024-12-27,424.6830139160156,429.3093219032342,420.55978930279264,428.69774687773787,18117700
2024-12-30,419.0604553222656,421.7435167493127,416.17025429217676,420.27376177490316,13158700
2024-12-31,415.77569580078125,420.9346790911402,414.94710727917607,420.313230174155,13246500
2025-01-02,412.89532470703125,420.2836247921959,409.21600045312425,419.7509500092328,16896500
2025-01-03,417.6005859375,418.27134378737713,413.8423310893823,415.3613950253171,16662900
2025-01-06,422.03948974609375,428.42162361284306,419.7016808979234,422.1874466156374,20573600
2025-01-07,416.6338806152344,424.801430542522,415.0851952170159,423.1738448521772,18139100
2025-01-08,418.7941589355469,421.1714329663283,415.81518360520914,417.7090917280971,15054600
2025-01-10,413.2603454589844,418.9420997125399,409.383695034764,418.8631994200863,20201100
2025-01-13,411.52423095703125,412.8164377086338,406.690782868284,409.6007014640922,17604800
2025-01-14,410.0248718261719,414.03957499111027,405.14208486737954,412.1357932076061,16935900
2025-01-15,420.5203857421875,422.3353935398116,412.5895665870108,413.43790279096226,19637800
2025-01-16,418.8138122558594,423.6571336957602,418.6264203199314,422.87788427352234,15300000
2025-01-17,423.2033996582031,428.579395977241,422.35509365285844,428.1946780656617,26197500
2025-01-21,422.6806335449219,425.0480336398343,419.82002384260585,424.3575582513444,26085700
2025-01-22,440.1402587890625,441.1957044539868,430.0787709144918,431.6175824572203,27803800
2025-01-23,440.643310546875,440.68277574358376,435.50407496539947,435.9972845633218,18389300
2025-01-24,438.029296875,440.5841189283991,435.40541825453283,439.1143639891968,15549500
2025-01-27,428.6583251953125,429.28964793288844,417.74853125025015,418.2516146753107,35647800
2025-01-28,441.1266784667969,442.29064589853647,425.52151949148305,428.69779052094407,23491700
2025-01-29,436.3227844238281,440.81100977301065,434.41900262341227,440.6235877197962,23581400
2025-01-30,409.3540954589844,417.1172097708342,407.54896156269734,413.0827588425547,54586300
2025-01-31,409.42315673828125,414.976701732093,409.27519987674,413.2899333042713,34161900
2025-02-03,405.3393859863281,409.7683985075356,403.1100689884043,406.01014380943144,25679100
2025-02-04,406.7696838378906,408.29865167160733,404.1753965052981,407.0853452090854,20532100
2025-02-05,407.6772155761719,408.2098602907994,404.8264495269334,406.74997908357795,16316700
2025-02-06,410.1728515625,412.5205341470821,408.3775613386283,408.3775613386283,16309800
2025-02-07,404.185302734375,412.96442836557605,402.5577169319091,410.82391537114063,22886800
2025-02-10,406.6217346191406,409.81772327895646,405.3394016663598,408.0914896331453,20817900
2025-02-11,405.8523254394531,406.88805357704496,403.741373863551,404.07678288840276,18140600
2025-02-12,403.48492431640625,405.17169274595005,398.8783333348811,401.67976029438313,19121700
2025-02-13,404.964599609375,405.418344071674,400.8413439372754,401.47266675710785,23891700
2025-02-14,402.8831787109375,403.3566707547541,400.3678218416371,402.25188608897315,22758500
2025-02-18,404.0768127441406,405.02376683445937,400.9794417214404,402.45907065768193,21423100
2025-02-19,409.1370849609375,409.8473079963777,402.11378500109834,402.34067225656025,24114200
2025-02-20,411.3016662597656,414.4447616167347,407.75332449561745,410.47141636340496,23508700
2025-02-21,403.4735412597656,413.19936436928833,403.15727713591093,412.49761092708707,27524800
2025-02-24,399.31243896484375,404.62012670611466,394.6867476536957,403.77011965609864,26443700
2025-02-25,393.283203125,397.25657880262406,392.09714469383994,396.44608593506547,29387400
2025-02-26,395.0919494628906,398.9170410828285,389.6755229646048,393.3919053914201,19619000
2025-02-27,387.9755554199219,401.03227411101483,387.61974690299365,396.6141373782218,21127400
2025-02-28,392.3837585449219,393.0163471729864,382.0846775634414,388.1040123360274,32845700
2025-03-03,383.9823913574219,394.1925506012372,381.6794393165997,394.1925506012372,23007700
2025-03-04,384.1009826660156,388.0249203607145,376.5792952112664,378.9514422192701,29342900
2025-03-05,396.36700439453125,397.00948665687173,384.29868393839774,384.82253320835395,23433100
2025-03-06,392.284912109375,397.4838599812305,388.12373889118527,389.7051801734712,23304600
2025-03-07,388.7464599609375,390.2191619837315,381.0666253730808,387.76795648683793,22034100
2025-03-10,375.7490234375,381.9166113327009,372.8431337183802,381.3631114017718,32840100
2025-03-11,376.03570556640625,381.5212976511773,372.53677123025375,374.6025176419591,30380200
2025-03-12,378.82293701171875,380.7503233781215,374.55308456142495,378.5066728711865,24253600
2025-03-13,374.3751525878906,380.8491715851453,373.07049136146827,378.71423026442886,20473000
2025-03-14,384.0515441894531,385.7021804869834,375.10656321193693,375.3734195488383,19952800
2025-03-17,384.1899719238281,388.15342385678485,381.0962841175908,382.2131776873556,22474300
2025-03-18,379.0700378417969,382.87537263830677,376.67813379609476,382.57886557924786,19486900
2025-03-19,383.3201599121094,385.158563988563,379.54447585576617,381.0567221702146,19185500
2025-03-20,382.3515319824219,387.24410971121733,378.8328407062668,381.2642891356356,18470500
2025-03-21,386.72027587890625,387.19468720298374,378.35841433019584,378.7735544022507,39675900
2025-03-24,388.51910400390625,390.81219242783766,385.2870564688155,390.81219242783766,21004500
2025-03-25,390.5749816894531,391.7610400507305,388.08423198363494,389.3493790004213,15775000
2025-03-26,385.4452209472656,390.72325787798576,384.0614710304359,390.4168571879551,16108400
2025-03-27,386.0481262207031,387.6888690270636,382.9050306805178,385.60336562359333,13766800
2025-03-28,374.4048156738281,384.6149747790714,372.5565178920864,383.5771397086297,21632000
2025-03-31,371.034423828125,372.694923815259,362.9789628551185,368.2174858935481,35184700
2025-04-01,377.7554626464844,378.4078083047587,368.8994337189865,370.302940607575,19689500
2025-04-02,377.70611572265625,380.61197570359644,372.25014394283687,373.5844861787052,16092600
2025-04-03,368.78082275390625,373.10014336261634,365.0644702169303,370.4413527847735,30198000
2025-04-04,355.664794921875,370.2436515761853,355.30898645827625,359.90502676066706,49209900
2025-04-07,353.7077331542969,366.69528411042614,340.78940739034067,346.8087414532901,50425000
2025-04-08,350.4460754394531,369.3145725706382,346.18608632628985,363.98712785508354,35868900
2025-04-09,385.9591369628906,388.6673652686905,349.0029886182402,349.43788571366844,50199700
2025-04-10,376.92523193359375,379.44563241847453,363.5324334212975,377.6269854135807,38024400
2025-04-11,383.94287109375,385.52428234575257,374.4937970946495,376.2234920445777,23839200
2025-04-14,383.3102722167969,390.0709046779098,379.75203666792555,388.6575040815548,19251200
2025-04-15,381.25439453125,387.342923812398,379.7026039659422,384.00213704858294,17199900
2025-04-16,367.2982177734375,377.1821883945702,363.7301188576812,376.25312290658945,21967800
2025-04-17,363.5126953125,369.97682098932336,362.6330375516977,369.41342738591277,21120200
2025-04-21,354.9531555175781,360.25097956592975,351.54320368031085,358.6102367890087,20807300
2025-04-22,362.5638427734375,363.5028019496421,355.68457702509073,359.1637542302739,19485000
2025-04-23,370.0459899902344,375.9763723537339,368.69186067990836,371.6965961898571,20545500
2025-04-24,382.80621337890625,383.94289425966036,370.8367380816756,371.34083029267134,22232300
2025-04-25,387.3034362792969,387.6098369882708,380.13755681192964,382.5097039822226,18973200
2025-04-28,386.6214294433594,388.1830836548117,382.15388522315925,387.4121350910717,16579400
2025-04-29,389.468017578125,390.5157161336794,385.8504804253008,386.75978890275064,14974000
2025-04-30,390.6738586425781,392.0576085897077,379.97939447353656,385.7713871677669,36461100
2025-05-01,420.464111328125,431.91962985286955,419.9699127886788,426.1078502028247,58938100
2025-05-02,430.2294616699219,434.3411969693003,425.00083289098967,426.7305277081965,30757400
2025-05-05,431.10919189453125,434.40054108405303,427.09627177369964,427.8474632490504,20136100
2025-05-06,428.2823486328125,432.65107712392626,426.1671945058241,427.18524232094876,15104200
2025-05-07,428.3218994140625,433.0365428333408,426.1078693467033,428.80620435216304,23295300
2025-05-08,433.0859680175781,438.5221520354275,430.60508165893515,432.8487322038109,23491300
2025-05-09,433.63946533203125,435.6261229679929,430.8225275981773,434.89471877509555,15324200
2025-05-12,444.0472717285156,444.15598092637396,434.6772567640601,440.7657862582039,22821900
2025-05-13,443.9287109375,445.4409573721911,440.19254074927665,442.5844751269483,23618800
2025-05-14,447.6845703125,448.6334230518337,442.940276452347,442.940276452347,19902800
2025-05-15,448.6946105957031,451.7246558325709,446.0210270484144,446.3576953837484,21992300
2025-05-16,449.8234558105469,449.9125712368337,444.33770477780746,447.6251846388841,23849800
2025-05-19,454.37841796875,455.0913715701619,446.3874026485213,446.46663650360125,21336500
2025-05-20,453.6852722167969,453.8535912700005,449.87295142774695,451.13050930908776,15441800
2025-05-21,448.1401062011719,453.2991005803846,447.38753565613104,450.12052955644793,19216900
2025-05-22,450.40765380859375,455.74490907390424,449.4570590917957,450.4967994491365,18025600
2025-05-23,445.7734375,449.24908978205974,444.5158796844098,445.57541331723985,16883500
2025-05-27,456.18060302734375,456.4380677238799,451.65532857824905,452.0118204825961,20974300
2025-05-28,452.8831787109375,457.9926743719098,452.45739496057166,456.7054113344306,17086300
2025-05-29,454.1902770996094,457.2005290082406,450.8532686393741,457.0321797296883,13974800
2025-05-30,455.8537902832031,457.16087682654637,451.08099341488645,455.2200705832806,34770500
2025-06-02,457.44805908203125,457.58667299374565,452.41779739511384,452.66535029783114,16626500
2025-06-03,458.43829345703125,459.5968543955761,456.3489311405408,456.9529759669727,15743800
2025-06-04,459.3294982910156,461.1316908447896,458.4878122988585,459.4582306475514,14162700
2025-06-05,463.1021728515625,465.05289099241804,459.487906406924,460.40879598021155,20131700
2025-06-06,465.7757873535156,468.7068055435685,464.1914425792919,465.4886174973397,15285600
2025-06-09,468.12255859375,468.7958952647425,464.0329796350046,465.10242514198006,16469900
2025-06-10,466.3104553222656,468.1720277278758,462.38919566775553,466.5778015728124,15375900
2025-06-11,467.99383544921875,470.81594475736864,465.0628173622344,465.4192790589967,16399200
2025-06-12,474.1826477050781,475.7174938929388,468.88500933710617,470.37032681118086,18950600
2025-06-13,470.3109436035156,474.48963821321644,468.1324959807857,471.7467626653197,16814500
2025-06-16,474.45001220703125,475.98482813726486,470.3505215770748,470.5584575569121,15626100
2025-06-17,473.36077880859375,474.0539088222925,469.4395189734987,470.7466055851971,15414100
2025-06-18,475.5391845703125,476.2917550175058,469.8157630264656,473.321120370827,17526500
2025-06-20,472.72705078125,478.72773115460745,472.2022397987241,477.50979012623617,37576200
2025-06-23,481.24285888671875,482.97572926336846,467.8849134818946,473.52910172023695,24864000
2025-06-24,485.3125915527344,487.0355802812341,482.03499358247046,484.16397269221426,22305600
2025-06-25,487.45147705078125,489.71907018583636,484.59969288856837,487.2237477118272,17495100
2025-06-26,492.5807800292969,493.1650012559548,487.9861836300842,488.15453290095326,21578900
2025-06-27,491.0855712890625,494.4126679494895,488.2040517426954,492.6797975508017,34539200
2025-06-30,492.5411376953125,495.8583524786177,490.48148071954876,492.17476425163517,28369000
2025-07-01,487.233642578125,493.1749126279045,486.17413905224953,491.61039147776194,19945400
2025-07-02,486.28302001953125,488.66943364597034,483.9164299655294,485.1937811955959,16319600
2025-07-03,493.9571838378906,495.2345653483035,488.6100468852986,488.9764203666982,13984800
2025-07-07,492.84814453125,493.86806132382594,490.38252718836065,492.51147619590915,13981600
2025-07-08,491.7588806152344,493.3234318678901,489.2734398258723,492.37280697303856,11846600
2025-07-09,498.5814514160156,501.8194324629264,494.84833435120834,495.4028504286207,18659500
2025-07-10,496.57135009765625,499.502368126141,492.8778497571002,498.12595942487985,16492100
2025-07-11,498.393310546875,500.0865639242522,492.9273231662245,493.5907782355643,16459500
2025-07-14,498.09625244140625,499.0369655948213,496.1257409313552,496.6109349689791,12058800
2025-07-15,500.8688659667969,503.3245715280963,497.8685258646023,498.0962552049,14927200
2025-07-16,500.6708068847656,501.7600457375481,496.9773367906475,500.2351113436526,15154400
2025-07-17,506.6913146972656,508.34495123446135,500.67081092720053,500.7302212088446,17503100
2025-07-18,505.05743408203125,509.6025320949179,502.4630844244223,509.4440643876484,21209700
2025-07-21,505.06732177734375,507.0774803175347,500.60145783110823,501.7501069031347,14066800
2025-07-22,500.3241882324219,506.19616579872985,500.3241882324219,505.96840625923335,13868600
2025-07-23,500.9183349609375,501.8293429250601,495.79895793496456,501.78972599996087,16396600
2025-07-24,505.87933349609375,508.6420022469781,502.334358860161,503.7899711970312,16107000
2025-07-25,508.6816101074219,513.2167356071609,505.36436506751977,507.4536969863606,19125700
2025-07-28,507.48345947265625,509.9589885432546,505.12675096242896,509.0480107678364,14308000
2025-07-29,507.5527648925781,512.5533213636355,506.55264151082275,510.48381297361453,16469200
2025-07-30,508.2161865234375,510.8996816885534,504.4533945708925,510.12728763864055,26380400
2025-07-31,528.2779541015625,550.0131135040644,526.6936395202101,549.7952354974353,51617300
2025-08-01,518.9798583984375,530.5554360086387,515.7616702567567,529.7632787074629,28977600
2025-08-04,530.3970336914062,532.9814718412621,522.960533815094,523.0991779644736,25349000
2025-08-05,522.5841064453125,532.0406139533223,522.0790889225318,531.9217934112224,19171600
2025-08-06,519.8016967773438,526.4955370830186,518.9006307843745,525.70337986457,21355700
2025-08-07,515.7418823242188,522.9209170643583,512.4840471895837,521.6435053063135,16079100
2025-08-08,516.9300537109375,519.524403327164,514.3257923084495,517.4845698020915,15531000
2025-08-11,516.6627197265625,522.4257584225397,514.6327376205326,517.1875004407061,20194400
2025-08-12,524.0596313476562,525.7825900386109,517.5836685759962,518.6233787752558,18667000
2025-08-13,515.484375,527.4857348349631,514.2861971986356,526.9014833945702,19619200
2025-08-14,517.36572265625,520.8017882377586,515.0486614235291,517.4449565045493,20269100
2025-08-15,515.078369140625,520.9503168823401,513.9990723038397,517.6529556536844,25213300
2025-08-18,512.0383911132812,517.7024328589179,508.9885829187347,516.4844919382945,23760600
2025-08-19,504.7801818847656,510.11740696385556,503.5721224631474,509.9589996924715,21481000
2025-08-20,500.76983642578125,505.9981527246316,499.5023667236012,504.87920872605446,27723000
2025-08-21,500.1251525878906,503.4875031078027,498.61756740599895,499.5796529563519,18443300
2025-08-22,503.09075927734375,506.5621975190336,498.3100856343386,500.13506667774504,24324200
2025-08-25,500.14495849609375,504.0428801746979,500.0060864475961,502.4956130920682,21638600
2025-08-26,497.9430847167969,500.8590951140394,494.44189267773186,500.24412923099453,30835700
2025-08-27,502.6047668457031,503.1502967625455,495.8205879159113,497.90345703690537,17277900
2025-08-28,505.4810791015625,506.91922816363694,501.3748491905692,502.95187030654046,18015600
2025-08-29,502.5551452636719,505.44140176386463,500.3730863144936,504.5090702372647,20961600
2025-09-02,500.9979553222656,501.87077891116434,492.75577163159113,496.3859077753076,18128000
2025-09-03,501.22607421875,503.64616490840893,498.220801883355,499.6788070917271,16345100
2025-09-04,503.82470703125,504.00323087503085,499.0440334241921,500.1846427841772,15509500
2025-09-05,490.9605407714844,507.79205789513924,488.35199810583333,504.9157294675595,31994800
2025-09-08,494.13446044921875,497.10997900607424,490.99031585598385,494.0451682561979,16771000
2025-09-09,494.34271240234375,498.15137232357364,493.63851485593227,497.33805669614713,14410500
2025-09-10,496.2867126464844,499.1233892811019,492.66650462093776,498.8754294126598,21611800
2025-09-11,496.9215087890625,499.0638857033828,493.8170463660224,498.15138006137016,18881600
2025-09-12,505.7389221191406,508.3672905695674,499.73830564164535,502.51544395369297,23624900
2025-09-15,511.1543884277344,511.2634762434591,502.86262476523797,504.63802593930427,17143800
2025-09-16,504.8859558105469,513.0090929577493,504.449544036503,512.6619733694059,19711900
2025-09-17,505.8579406738281,507.1175961354426,501.80132099339164,506.4530503919847,15816600
2025-09-18,504.3008117675781,508.88310546808697,503.51725007824297,507.31598208941665,18913700
2025-09-19,513.703369140625,515.0621842649809,506.1455578149837,506.39351766303514,52474100
2025-09-22,510.25189208984375,513.5150225661836,508.3574445613838,511.3826037577857,20009300
2025-09-23,505.0744323730469,510.3907077578639,503.17008724169204,509.60711582016205,19799600
2025-09-24,505.9869079589844,508.29788064425674,502.7832857896144,506.215041937542,13533700
2025-09-25,502.8923645019531,505.84805701475193,500.9186136455738,504.15198973027213,15786500
2025-09-26,507.28619384765625,509.74596656687834,502.4856945681329,505.8976246789574,16213100
2025-09-29,510.4005432128906,512.6321819161793,504.7272507672145,507.3258652143003,17617800
2025-09-30,513.7232666015625,513.9315141469417,505.5009089039439,509.05168089535164,19728200
2025-10-01,515.4689331054688,516.262392605391,507.5143608700387,510.5989672146665,22632300
2025-10-02,511.53131103515625,517.343476169315,506.5126054199375,513.4158303625842,21222900
2025-10-03,513.1281127929688,516.2425031799986,510.7973143114264,512.8801529316524,15112300
2025-10-06,524.256591796875,526.6965386672223,513.9712214168786,514.377848960065,21388600
2025-10-07,519.7039794921875,525.4764919541412,517.1847292577561,523.9788048028778,14615200
2025-10-08,520.56689453125,522.6497936321297,518.8213080060119,519.0097599169904,13363400
2025-10-09,518.136962890625,520.0512058016051,513.1777655449532,518.07745494396,18343600
2025-10-10,506.790283203125,519.3073226434543,505.47115003636685,515.3994727403434,24133800
2025-10-13,509.8550720214844,512.1957986627914,507.50441729945595,512.1957986627914,14284200
2025-10-14,509.3790283203125,511.07509568876407,501.87079590760095,506.0662879637401,14684300
2025-10-15,509.2401428222656,512.9694689959882,505.83814063109804,510.75768630195654,14694700
2025-10-16,507.4349670410156,512.6321960787722,503.9833851231019,508.3970827878481,15559600
2025-10-17,509.3888854980469,511.27334399694297,503.17003321642534,504.88592623971425,19867800
2025-10-20,512.57275390625,514.4672014016805,509.24018745186737,510.41055088987974,14665600
2025-10-21,513.4356079101562,514.4572316509175,508.8533142722573,513.2769402267872,15586200
2025-10-22,516.2921142578125,520.943843958813,513.4852520447155,516.8971823641815,18962700
2025-10-23,516.3118896484375,519.6742395740552,514.3777908083965,518.1964086283891,14023500
2025-10-24,519.3370971679688,521.0628883153897,516.4607987679614,518.5237814648117,15532400
2025-10-27,527.1824951171875,530.2175212473691,524.6929685473742,527.440383046071,18734700
2025-10-28,537.6463623046875,549.2012543795508,536.356983260493,545.5116410650497,29986700
2025-10-29,537.130615234375,541.8121286840217,532.3499420595073,540.4929653309738,36023000
2025-10-30,521.469482421875,530.6042843733296,517.8591725476514,526.150935240438,41023100
2025-10-31,513.5844116210938,525.0004940086545,510.89650476941233,524.5640822050067,34006400
2025-11-03,512.810791015625,520.6760707602963,510.3907002836433,515.5680732671589,22374700
2025-11-04,510.1327819824219,511.34279700787874,503.6957236126803,507.5837474278435,20958700
2025-11-05,503.02130126953125,510.6287232020861,502.4460174356622,509.11117977922714,23024300
2025-11-06,493.04339599609375,501.5732213085109,491.7639146320967,501.53353925537283,27406500
2025-11-07,492.76568603515625,495.30479262227396,489.2248119110569,492.89463000746537,24019800
2025-11-10,501.87078857421875,502.7138582055711,494.729532044403,495.9594336108676,26101500
2025-11-11,504.5289001464844,505.4414057875519,498.2505695472254,500.68055811559174,17980000
2025-11-12,506.9688415527344,507.494515261433,495.0469117437556,505.203338237195,26574900
2025-11-13,499.1828918457031,509.3095642884979,497.1992129195551,506.1455939798088,25273100
2025-11-14,506.0166320800781,507.42505738590404,493.38060745410195,494.16416907736203,28505700
2025-11-17,503.3486328125,507.94085467406336,500.7897001462128,504.3008205535495,19092800
2025-11-18,489.7604064941406,498.8754133867433,482.8076023204449,491.32749949419616,33815100
2025-11-19,483.14483642578125,491.14898819063853,478.88983663624714,486.1005289347495,23245300
2025-11-20,475.41387939453125,490.45844852333465,472.50235794747454,489.60385435710714,26802500
2025-11-21,469.1436462402344,475.9007957312625,465.3179114267742,475.4834301610789,31769200
2025-11-24,471.0118103027344,473.89352206444323,465.0694984877541,472.0055061050608,34421000
2025-11-25,473.98297119140625,476.12935785467323,461.95927573241335,471.08139630740516,28019800
2025-11-26,482.4393310546875,485.23161394332453,478.1664510662567,483.244222260298,25709100
2025-11-28,488.9082946777344,489.5243812398697,483.5820692635899,484.5260924315005,14386700
2025-12-01,483.6714782714844,486.7718042788117,481.59465771305275,485.3607732415945,23964000
2025-12-02,486.91094970703125,490.38888506208144,483.2541563831954,483.6516286444489,19562700
2025-12-03,474.7182922363281,481.18723109312356,472.2042431453193,473.3171775583083,34615100
2025-12-04,477.8087158203125,478.28570075231454,473.48613274494215,476.7355376297969,22318200
2025-12-05,480.11407470703125,480.35255199911325,475.86105782216015,479.4780948278929,22608700
2025-12-08,487.92449951171875,489.19642891935564,481.3263751862239,481.8331697469475,21965900
2025-12-09,488.918212890625,489.0175885389743,485.4204144751398,486.01663804004494,14696100
2025-12-10,475.5430603027344,481.19719183884354,472.084987996716,480.97857754952304,35756200
2025-12-11,480.4221496582031,482.96600869209163,472.86010822118624,473.6252734590456,24669200
2025-12-12,475.5132751464844,479.4085762318817,473.3370788032073,476.79515128743174,21248100
2025-12-15,471.82666015625,477.6894594742654,469.5411415575728,477.0733729131614,23727700
2025-12-16,473.38677978515625,474.87732355778707,467.911505956298,468.9350114671635,20705600
2025-12-17,473.1184387207031,476.9739832708393,472.0055042784347,473.903466892556,24527200
2025-12-18,480.9289245605469,486.51349034093164,474.87732052138307,475.1754171439269,28573500
2025-12-19,482.856689453125,484.7745151206103,479.44828972039977,484.2875835443981,70836100
2025-12-22,481.86297607421875,485.6489546100234,479.6470235443271,483.05539282771,16963000
2025-12-23,483.7807922363281,484.75459468390824,481.6840783901604,481.922585996358,14683600
2025-12-24,484.94342041015625,486.0762481946253,481.77352833631136,482.61817584356095,5855900
2025-12-26,484.6354064941406,485.04282544173617,482.8964387136479,483.64171061957336,8842200
2025-12-29,484.02923583984375,485.27135560420123,481.1276307272214,481.80333660098637,10893400
2025-12-30,484.4068603515625,486.5929730105466,482.43933166580535,482.8666136001516,13944500
2025-12-31,480.5711669921875,485.06269150087525,480.25317705215497,484.7645645601486,15601600
2026-01-02,469.95849609375,481.6046121327098,467.1960229709088,481.3363251826272,25571600
2026-01-05,469.86907958984375,473.0687813775576,466.5401924921144,471.071443053882,25250300
2026-01-06,475.4933776855469,475.7219083069673,466.78859294331005,470.81304872472026,23037700
2026-01-07,480.4221496582031,486.61288592496,474.9369593023546,476.73554642416184,25564200
2026-01-08,475.0959167480469,479.6172511411785,472.86010104573086,478.20618966596595,18162600
2026-01-09,476.258544921875,476.7951491709672,469.2231916595613,471.07145138115897,18491000
2026-01-12,474.1717529296875,477.95773148860775,472.68120923483104,473.6649886945649,23519900
2026-01-13,467.70281982421875,472.7805908527595,463.01257439213845,471.68751939768345,28545800
2026-01-14,456.4840087890625,465.24841354789686,454.2879494306214,463.51936213123724,28184300
2026-01-15,453.7811279296875,461.32327541703046,453.02590941718984,461.1940901109254,23225800
2026-01-16,456.9609375,460.26996150673693,453.60227115836847,454.9437362325269,34246700
2026-01-20,451.65460205078125,453.92022725149957,446.44764578645413,448.37541805572727,26130000
2026-01-21,441.3102111816406,449.8361378186282,435.9144504613163,449.74670883889326,37980500
2026-01-22,448.29595947265625,449.98522421932967,441.8965557848095,444.7981306791853,25349400
2026-01-23,463.0125732421875,468.1301005814363,447.6897705604439,449.02131930234236,38000200
2026-01-26,467.3152770996094,471.2602507862521,459.0874767807031,462.3766075757791,29291200
2026-01-27,477.5503234863281,479.82589540353166,470.17711748937944,470.7137217228436,29213900
2026-01-28,478.5937194824219,480.69040309270366,474.9865988275796,480.16374552458444,36875400
2026-01-29,430.76715087890625,439.7104135269112,418.36581575660404,437.2162272399066,128855300
2026-01-30,427.577392578125,436.8286984461687,423.7616041817895,436.4014165119217,58566800
2026-02-02,420.70098876953125,428.02452201181774,419.58805431821895,427.5276741085398,42219900
2026-02-03,408.61767578125,419.3893355198486,405.98438775489564,419.3496095186449,61424100
2026-02-04,411.5788879394531,417.15350712085007,406.6600813351222,408.4089957411405,45012400
2026-02-05,391.1882629394531,405.7260079125925,389.8467674620769,404.87144402823185,66289200
2026-02-06,398.6111755371094,399.2570717870675,390.44299427907015,396.65359346172795,53515300
2026-02-09,410.99261474609375,412.2744908996196,398.3428555009064,402.2977759502542,45480500
2026-02-10,410.6646423339844,421.009018998737,410.09825878894065,416.9746165751398,44857900
2026-02-11,401.8207702636719,413.8345489802859,398.4819668946231,413.5563153661985,42491000
2026-02-12,399.3067626953125,403.6392926521932,395.50092068537,402.44684542456184,40802400
2026-02-13,398.7900085449219,402.98340606348665,395.54060384789733,401.90028127287496,34091600
2026-02-17,394.3581237792969,397.9950542597942,392.04282577248057,396.7032617740463,32078800
2026-02-18,397.0808410644531,400.02217209191446,393.8215201082963,395.6201070500213,23223400
2026-02-19,396.8517761230469,402.7976819572589,395.0690225854118,399.07278661262325,28234000
2026-02-20,395.6267395019531,398.5050592846536,393.56508699389525,394.51123443489973,34015200
2026-02-23,382.9182434082031,393.7642745182822,381.55377772275136,393.405742102137,43238300
2026-02-24,387.429931640625,387.78846403174964,380.1693467763097,382.5895619940176,33884700
2026-02-25,398.9831237792969,399.84960746436826,388.5852587696308,388.95376053046306,43625500
2026-02-26,400.0986022949219,405.8453028142193,397.1306190557743,403.0765245044552,34405900
2026-02-27,391.15484619140625,395.2183958601928,388.30640407164015,389.30236795593413,51367200
2026-03-02,396.9413757324219,399.57073485574693,389.0533591512552,391.2743390590049,35474900
2026-03-03,402.2996826171875,405.05852201627056,391.0851500003899,391.5532542396072,38199200
2026-03-04,403.5645751953125,409.3710312257941,398.69429724653685,399.6504140582061,35808000
2026-03-05,409.0224304199219,409.9486695143622,402.7677785996419,402.78771732924594,39001300
2026-03-06,407.30938720703125,411.38287590243635,406.8612216895844,407.54843921074234,31123900
2026-03-09,407.757568359375,408.55432729115563,401.8714182880504,403.2857003455267,30131900
2026-03-10,404.122314453125,408.5443965203919,401.30371964643086,408.37506928692744,31706400
2026-03-11,403.245849609375,407.35918518479474,399.96912002302975,403.9330670994013,25512100
2026-03-12,400.2380065917969,404.4808221962511,400.0886180975,402.9968458288957,27263900
2026-03-13,393.9534912109375,403.16615688192843,392.65875035547907,399.3815063856616,26848000
2026-03-16,398.33575439453125,399.01300251860397,393.1965772756644,396.4633374914087,27733700
2026-03-17,397.7979431152344,402.7677932271478,396.1446394015159,398.6544574759768,26228300
2026-03-18,390.20867919921875,396.3936061005556,389.42185925959103,395.5271224277118,25908500
2026-03-19,387.4498596191406,390.90585551603124,385.4977789148814,388.52551763585893,25138800
2026-03-20,380.3287048339844,385.43800417098345,378.58576812261686,385.2288602760525,50853200
2026-03-23,381.4541931152344,385.64719283721575,380.1395134056624,382.3505545919761,29680100
2026-03-24,371.2355651855469,380.9263046350485,370.34917314154325,380.8167328036651,42733600
2026-03-25,369.5424499511719,375.5381416220395,368.13813722010167,375.39872248264555,31181200
2026-03-26,364.4928894042969,373.2075730440749,363.7160388213271,369.32332012922615,36836600
2026-03-27,355.3300476074219,360.9871459448897,355.07111764854045,360.43934753557875,37883400
2026-03-30,357.5111999511719,363.88536295562653,354.84202394218255,360.43933630538186,44797000
2026-03-31,368.67596435546875,371.3949263066763,361.6046146993887,363.07862179545566,45244400
2026-04-01,367.8791809082031,372.48052926345224,366.7139201659809,371.98254731341393,29417200
2026-04-02,371.9526672363281,372.1319638369453,362.680245817395,365.7278929006101,24099100
2026-04-06,371.3750305175781,372.22160592655575,368.0086676124431,371.9825539180967,16146600
2026-04-07,370.78741455078125,370.9467724245638,365.080530373921,368.8452727581139,21443300
2026-04-08,372.8191223144531,383.44606961738685,369.91092498913014,383.4261612830284,33064800
2026-04-09,371.5642395019531,371.9924966612836,365.5685176937085,370.9965328148009,30435300
2026-04-10,369.37310791015625,374.1238749235223,368.5365019241105,371.47460743717505,28111100
2026-04-13,382.8186340332031,382.98796126737693,369.5225100750242,372.10205289266787,35745800
2026-04-14,391.5233459472656,393.09698589720546,384.95994763093,386.3543213772784,37504500
2026-04-15,409.5602722167969,412.69755239260473,395.1287651714373,396.3936283702306,45063400
2026-04-16,418.56378173828125,419.12151906860663,410.4765600541581,418.16537187855886,41642400
2026-04-17,421.0835876464844,429.83808848207923,418.99205736838906,423.10539315661504,48568200
2026-04-20,416.38262939453125,421.6213787702164,414.6197538627068,419.4501847919345,27582200
2026-04-21,422.4480285644531,425.45582843737157,415.516128706763,418.5438369146158,32048500
2026-04-22,431.1726989746094,431.9495495900464,421.9600330275293,424.4698510786937,29378200
2026-04-23,414.0719909667969,421.9500690544079,409.7495112929088,418.19529609754903,38308000
2026-04-24,422.90618896484375,423.23487407473965,414.12178001797366,415.28707116170386,27457400
2026-04-27,423.1053771972656,425.38611256831246,415.3866572294081,420.6752229306716,30867300
2026-04-28,427.5174865722656,428.1847957314844,420.197146128082,422.8563830057505,30438100
2026-04-29,422.746826171875,425.0973167681131,418.59367375245296,422.8663369761165,38288300
2026-04-30,406.1341552734375,412.74737011555624,396.4035989759817,409.15192465494977,70909400
2026-05-01,412.76727294921875,415.4264794885345,408.7834174283456,411.1338775963461,31372400
2026-05-04,411.9505615234375,419.0816663151199,409.14193618030583,409.87897009526375,28066500
2026-05-05,409.7196044921875,415.09780308537887,407.1500007946646,413.6437044066962,25700900
2026-05-06,412.2891845703125,416.73120520087787,403.4748984673602,406.3532485673598,30285900
2026-05-07,419.07171630859375,426.25263786097554,417.06984955189336,418.41437649189606,34942400
2026-05-08,413.44451904296875,416.9403619714099,412.32904436576047,415.70537649227293,33383800
2026-05-11,410.99444580078125,411.02432350049145,403.86334099070683,406.22377045102496,35657900
2026-05-12,406.1241760253906,413.8229876767416,404.9987623844293,412.8071154720842,38594200
2026-05-13,403.57452392578125,404.6700902960666,399.41140211310335,401.57265715241186,29667100
2026-05-14,407.7774658203125,410.17774231087935,399.2619871856725,402.8474630718804,27077500
2026-05-15,420.2170715332031,426.4418454559798,411.2434277199191,412.5979239362014,50771200
2026-05-18,421.83056640625,423.40417602339767,413.9325494355234,414.93848271907115,32564100
2026-05-19,415.7352600097656,430.9535870211983,414.808990493047,428.16486989475214,33018700
2026-05-20,419.36053466796875,420.3963455784958,409.63991780241736,412.49835957243755,27864000
2026-05-21,418.3025207519531,425.5388979071037,414.92886694253497,423.9518891931334,31393500
2026-05-22,417.7835388183594,423.60257118762803,415.54772693408205,418.7517174636334,22390300
2026-05-26,415.248291015625,418.9812539216563,412.24393696715845,415.6475333356961,30398000
2026-05-27,411.8946228027344,415.15846763645,408.8104019854481,410.23773822181624,28901500
2026-05-28,426.18768310546875,428.68298564682067,411.89461329838434,412.2040283766931,47250500
2026-05-29,449.3940124511719,449.48383969057267,431.54760317786213,431.7372486144539,79654400
2026-06-01,459.6546936035156,465.4438139523178,457.40892124774234,463.96658383705716,53628900
2026-06-02,440.48077392578125,452.64787129328397,439.6024225764256,446.0403151791343,37036800
2026-06-03,426.53704833984375,439.56254639446627,423.45285793258154,437.62618910935214,39037000
2026-06-04,427.2456970214844,435.33048350032107,425.60879436274143,434.9911260035114,26899500
2026-06-05,415.8870849609375,428.66302140752947,413.6213308264138,427.5351398188391,34782200
2026-06-08,410.9663391113281,416.37616844333525,407.79232157753756,413.3618539280056,32086700
2026-06-09,402.6520080566406,411.20591258759293,397.7312786929967,408.26144336727174,35317300
2026-06-10,396.61334228515625,404.2789346443135,396.41373636313654,397.80110870103243,32576000
2026-06-11,389.6065673828125,396.1043451719433,383.278483574852,394.46741202742857,47224100
2026-06-12,390.00579833984375,391.003919361718,381.55171206615995,390.6945042817559,34865800
2026-06-15,399.0088806152344,400.99513175706005,392.11186050588947,396.05442037645633,32266400
2026-06-16,393.0899963378906,396.094350419825,389.9559121071713,395.0463355104342,31506800
2026-06-17,378.1980285644531,389.6364865987809,376.6110198431126,389.51671695343225,41987800
2026-06-18,378.6871032714844,380.6534028700893,372.5786075934489,377.11008548581106,59714200
2026-06-22,366.6497802734375,380.9129385065033,366.3802985575179,375.0339909424311,45171100
2026-06-23,373.23736572265625,376.51120135394876,369.9735210485466,371.6802994138851,40647600
2026-06-24,364.7733154296875,378.16811350773463,364.09460041679364,370.87185096853153,44509900
2026-06-25,352.1670227050781,363.5456265920902,348.54386902384044,362.0883479855026,66179000
2026-06-26,372.2691955566406,375.90234020580533,354.762144454129,356.4789138154501,186201600
2026-06-29,367.8774719238281,379.7850483907747,359.2237492715265,376.790685328561,51229900
2026-06-30,372.319091796875,373.44697342275583,366.7595808670141,370.3328407149792,44945700
2026-07-01,383.5579528808594,388.09939143880604,374.18561213385976,380.1144231011508,48065800
2026-07-02,389.7562561035156,391.4630649298244,382.97903650468743,383.7575696594082,42128900
2026-07-06,386.0133056640625,388.418780928489,380.5036887115837,386.31276024010407,34224500
2026-07-07,388.109375,394.8267404517197,387.4905448392632,391.75251064257776,29297500
2026-07-08,382.6197204589844,384.58602015004215,380.6134873969759,383.3084264217563,25908300
2026-07-09,383.6377868652344,383.92725049460796,372.64849496928053,373.74643420118315,31083200
2026-07-10,384.37640380859375,391.1736053926777,380.783162110783,387.07131223677504,24644600
2026-07-13,390.2553405761719,392.91034623109437,383.4281962321871,387.02143811329415,28914900
2026-07-14,384.20672607421875,387.46061042423804,377.93852713765,382.1007052927433,27863900
2026-07-15,394.8866271972656,398.2103568181361,385.6739591427675,387.07132248997675,36253700
2026-07-16,400.3463439941406,405.2271399033625,391.31333055964967,397.56157784187184,37047400
2026-07-17,393.08001708984375,397.64143734197864,388.6583483977542,394.1180409920291,33049800
2026-07-20,401.53411865234375,402.4224305318551,388.91785418191677,390.67455694621333,27915800
2026-07-21,397.00262451171875,400.7156358198418,395.57531880381754,398.0606303262699,24126600
2026-07-22,389.6065673828125,400.246541441447,386.2329133568751,398.8291961465565,28142500
2026-07-23,380.8630065917969,391.04385321150613,376.68090752842744,389.23725659651495,30351800
2026-07-24,380.9828186035156,388.29903252889795,379.9347732203772,386.32274187573427,27659400
2026-07-27,388.368896484375,393.45931979821836,387.2609663085435,389.3470355932277,27856200
2026-07-28,392.61090087890625,399.56780545733704,390.5647345556998,392.4212554523594,32367500
2026-07-29,389.8061828613281,400.4960502148319,388.00954678983055,392.6607942930367,47209000
2026-07-30,450.2524108886719,457.8281459885008,431.6274684759506,437.07720086969465,110160700
2026-07-31,463.8468017578125,465.962813447145,448.4857046349594,449.1544591210436,60846000
2026-08-03,486.73370361328125,490.7261876465455,474.10747895013026,475.2353605631651,66762100
2026-08-04,491.884033203125,498.50158065157444,478.2696778930625,479.99640781848416,50455500
2026-08-05,486.5440673828125,497.3038108374591,484.7674131728324,495.42733843271316,33388900
2026-08-06,498.9207458496094,500.61756372489685,487.60205742358346,487.6319998350186,36441500
2026-08-07,499.0505065917969,504.23075699317457,497.79289485093346,498.2719734340298,28846200
2026-08-10,505.109130859375,512.7647021753171,501.32624359045303,502.4940586092805,31206100
2026-08-11,502.86334228515625,504.38047525067043,498.61133704649393,503.3823542433026,23049800
2026-08-12,491.5047302246094,500.557695253814,490.59643643442394,499.0505227551261,29001500
2026-08-13,495.9463806152344,500.3979918654044,492.0836571155829,492.34314786956145,23039000
2026-08-14,494.4691467285156,499.07050046550256,492.991947114923,495.42733437790497,16217600
2026-08-17,479.44744873046875,491.73431632358415,477.51109147171053,489.21906226283284,29635800
2026-08-18,480.72503662109375,483.36006030134655,476.2534434403709,480.6352093836093,24087600
2026-08-19,483.3999938964844,488.3806080919379,478.4592826108848,479.16797047398614,19961900
2026-08-20,481.1499938964844,484.1600036621094,479.5,483.29998779296875,20020800
2026-08-21,483.239990234375,486.3599853515625,478.5299987792969,479.8800048828125,22510800
2026-08-24,487.30999755859375,490.6099853515625,481.8599853515625,483.2099914550781,17230800
2026-08-25,491.7099914550781,492.44000244140625,484.29998779296875,485.44000244140625,19519000
2026-08-26,496.3699951171875,497.3999938964844,487.30999755859375,487.8500061035156,20758900
2026-08-27,505.05999755859375,506.4800109863281,490.0799865722656,494.8800048828125,28688800
2026-08-28,513.530029296875,517.780029296875,504.8699951171875,505.3299865722656,29207300
2026-08-31,507.2900085449219,512.1900024414062,506.3900146484375,510.3800048828125,27208900
2026-09-01,501.0199890136719,505.9700012207031,496.7799987792969,497.5199890136719,21046900
2026-09-02,496.82000732421875,500.2699890136719,493.80999755859375,499.8500061035156,15323000
