Date,Close,High,Low,Open,Volume
2015-01-02,0.48242321610450745,0.4860180490943919,0.47475427715137525,0.48242321610450745,113680000
2015-01-05,0.47427475452423096,0.4838609237470203,0.47211788430469875,0.48242299122136373,197952000
2015-01-06,0.4598954916000366,0.4754729684031047,0.4594161903352706,0.4749936671383387,197764000
2015-01-07,0.4586971402168274,0.4673246756796646,0.45725920811670645,0.46325054425230333,321808000
2015-01-08,0.47595223784446716,0.47882810237867457,0.46372989928092817,0.46396956418176133,283780000
2015-01-09,0.47786960005760193,0.48146443169362263,0.4711592952852887,0.4776299636611707,209540000
2015-01-12,0.4718782901763916,0.47930756172562017,0.46756452052099945,0.47906789674572625,190732000
2015-01-13,0.47115930914878845,0.4850592204642267,0.4678041709483871,0.4754730786699874,236720000
2015-01-14,0.47307655215263367,0.4745144848764987,0.4649283429012827,0.4661266106481847,155260000
2015-01-15,0.46972134709358215,0.4793074877056299,0.4694816821506999,0.4764316512358061,188932000
2015-01-16,0.478348970413208,0.478828271815531,0.4675645317316734,0.4690024645076,181512000
2015-01-20,0.47978681325912476,0.48434019001219886,0.4737954468617418,0.48170401850906075,140308000
2015-01-21,0.48649704456329346,0.48769534058904146,0.47379540380744184,0.4771505698278468,144780000
2015-01-22,0.4948851466178894,0.49632307957848765,0.48242313714326834,0.4874558453674395,159712000
2015-01-23,0.49632298946380615,0.4972815922175158,0.4912902250154842,0.4953643295721843,120416000
2015-01-26,0.49416595697402954,0.49656249178011924,0.4910504560123233,0.49416595697402954,133240000
2015-01-27,0.4704402983188629,0.486976407487553,0.4694816671469227,0.4864970776171071,357948000
2015-01-28,0.4627714157104492,0.47810925908067087,0.46253175074804154,0.4761920250882738,272728000
2015-01-29,0.4740351140499115,0.476671285565548,0.4608541421959194,0.4630110409657519,235340000
2015-01-30,0.46013525128364563,0.47619206222433336,0.4594163134782655,0.47068002477969106,298200000
2015-02-02,0.47020065784454346,0.4721178917192111,0.45390421276329834,0.4630110522412547,259604000
2015-02-03,0.4819435477256775,0.48242287750053975,0.4711591420323031,0.4735556766308307,183468000
2015-02-04,0.48314201831817627,0.48865405560196146,0.47906788517214616,0.4805058464478138,181516000
2015-02-05,0.49105048179626465,0.4912901181480873,0.48314191080711794,0.4836211835107633,140448000
2015-02-06,0.4888938367366791,0.49632313887471524,0.48673693703809473,0.49057140634515706,210524000
2015-02-09,0.4884141981601715,0.4898520730782459,0.4829021633709118,0.4860176637795319,273944000
2015-02-10,0.5020745992660522,0.5023142356395227,0.4867367286058442,0.48889362738079317,226204000
2015-02-11,0.4987194538116455,0.5032728305270423,0.4953642589451635,0.5032728305270423,320832000
2015-02-12,0.5344280004501343,0.5392210720753258,0.5241228907421805,0.5272383930123471,676904000
2015-02-13,0.534667432308197,0.535386398490667,0.525081292725795,0.533229499943257,310084000
2015-02-17,0.5363450646400452,0.538981293334432,0.5303537552593325,0.5337088930835641,203340000
2015-02-18,0.530113935470581,0.5365846303390021,0.5291553330545568,0.5356259707850858,170948000
2015-02-19,0.5315521359443665,0.5377831405002258,0.5291556001257991,0.5368245376003831,169432000
2015-02-20,0.5353866815567017,0.535626318031591,0.5272384700311722,0.5310729393190476,157752000
2015-02-23,0.531072735786438,0.5351468399878101,0.5284365070212682,0.5351468399878101,125008000
2015-02-24,0.5367260575294495,0.5367260575294495,0.5283059183249144,0.5331174428297619,149356000
2015-02-25,0.532636284828186,0.5369666914386867,0.5302305224972074,0.5345608717498097,123820000
2015-02-26,0.5340800881385803,0.5372075868630779,0.5297496788163832,0.5331177940751813,152864000
2015-02-27,0.5307120084762573,0.5338395070725142,0.5287873630704437,0.5326365965241391,157492000
2015-03-02,0.5437028408050537,0.5465897787460055,0.5285465313308618,0.5292682658160998,301512000
2015-03-03,0.5335989594459534,0.5422597214955558,0.5319149303471333,0.5396133982485443,160344000
2015-03-04,0.5396129488945007,0.5408158012385993,0.5295087253577717,0.531673928406619,226840000
2015-03-05,0.5499580502510071,0.5509203441557268,0.5381697921838979,0.5396132617199398,323056000
2015-03-06,0.5425000786781311,0.5494767509353804,0.5420189031551189,0.5468304289535931,257392000
2015-03-09,0.5439436435699463,0.5480334932714498,0.5415378799938474,0.5427407904608609,222388000
2015-03-10,0.5533260703086853,0.556934743905607,0.5453870457533784,0.5463493395932505,527212000
2015-03-11,0.550439178943634,0.5605433501184447,0.548995709530684,0.5533260604116143,262120000
2015-03-12,0.5453870892524719,0.5492363222768893,0.5350423005934424,0.5451465301127976,406972000
2015-03-13,0.546108603477478,0.5475520724484145,0.5352826435533569,0.5427405474505612,359288000
2015-03-16,0.5526043176651001,0.5559724320322863,0.546830497455225,0.5504391709350964,236956000
2015-03-17,0.5593402981758118,0.5595808572064099,0.5475520453080064,0.5514012765870755,299900000
2015-03-18,0.5501987338066101,0.562227553730549,0.5451466466459371,0.5593406713635664,413844000
2015-03-19,0.5586187839508057,0.560543371670122,0.5480334367787213,0.5521232287007102,310756000
2015-03-20,0.5646330714225769,0.5680011854184598,0.5578969581466366,0.5631896595476702,462084000
2015-03-23,0.5463494658470154,0.5550102271230881,0.5461089066709377,0.5477929356193499,426012000
2015-03-24,0.5388914942741394,0.5485145474536546,0.5364857309792607,0.5446653147102642,330480000
2015-03-25,0.5061731934547424,0.5386510324831224,0.5044891072218936,0.5386510324831224,542552000
2015-03-26,0.5044891238212585,0.506654328456508,0.492219745604045,0.4958284199961276,311920000
2015-03-27,0.5143526196479797,0.5162772070934761,0.4991963071014751,0.5073758897817058,318288000
2015-03-30,0.5165176391601562,0.5191639602925292,0.5100220297950515,0.516758198165492,253252000
2015-03-31,0.5035268068313599,0.5155556253271104,0.5030456885062885,0.515074507002039,357276000
2015-04-01,0.5054513216018677,0.5071353500203435,0.4967905630511945,0.5054513216018677,330768000
2015-04-02,0.5066542625427246,0.5097817608230094,0.5023239111935214,0.5083382912539662,192204000
2015-04-06,0.5213293433189392,0.5230133716532146,0.49919630116918273,0.5044889452603587,515864000
2015-04-07,0.5259004235267639,0.5316742443973619,0.518442516600896,0.5213294557151579,413964000
2015-04-08,0.5297496318817139,0.5316742771959269,0.5213294878755609,0.5263815742792527,366432000
2015-04-09,0.5420189499855042,0.5437029784246789,0.5254191673391749,0.5256597264425094,379432000
2015-04-10,0.5475521683692932,0.5477927274539566,0.5405754386928429,0.5425000834438873,258728000
2015-04-13,0.5425000786781311,0.5494767509353804,0.540094258420982,0.5463492534305809,236724000
2015-04-14,0.537929117679596,0.5425000844441026,0.532636416301856,0.5403348806044027,220276000
2015-04-15,0.5444247126579285,0.5485145042009326,0.5367262477782049,0.539372627344438,243560000
2015-04-16,0.5410568118095398,0.5458683394074123,0.5372075782596551,0.5412973709820534,155284000
2015-04-17,0.5340800881385803,0.5393727915241765,0.529509119640017,0.5297496788163832,293636000
2015-04-20,0.531433641910553,0.5398537847104816,0.5304712907123431,0.5364857275905102,231624000
2015-04-21,0.5307120084762573,0.5379292996927117,0.5280656282130051,0.5379292996927117,230456000
2015-04-22,0.5367260575294495,0.5374477919409663,0.5256595396967206,0.5338391772412787,207420000
2015-04-23,0.5345609784126282,0.5396131204662838,0.5208481361256683,0.5268625718321455,259380000
2015-04-24,0.5299900770187378,0.5345609862763588,0.5239756412237844,0.5343204271990921,240960000
2015-04-27,0.5340800881385803,0.5434625843120731,0.5271033558025523,0.5316743243011156,248456000
2015-04-28,0.5367260575294495,0.5386507017461264,0.5280653019491445,0.5331174428297619,234484000
2015-04-29,0.532636284828186,0.5381695439252269,0.5304710815229358,0.5328768438539144,195156000
2015-04-30,0.5340800881385803,0.5367264111524113,0.5287873847529843,0.5299902953506838,218844000
2015-05-01,0.5473119020462036,0.5489959312554732,0.5360047586500548,0.5384105228572889,256968000
2015-05-04,0.5439436435699463,0.5504392568475487,0.5422596148024699,0.5468305828044363,200720000
2015-05-05,0.5299900770187378,0.5427406258404448,0.5275843141723385,0.542018891250734,292928000
2015-05-06,0.5316740870475769,0.5379290817053516,0.5246973578248353,0.5328769397505828,316484000
2015-05-07,0.5410568118095398,0.5427408407330018,0.5278250822364238,0.5295091111598859,534564000
2015-05-08,0.5011209845542908,0.5254192352259446,0.49294140040490897,0.5054513931213218,1146552000
2015-05-11,0.49630945920944214,0.5013616025528227,0.4902950793255075,0.49414425491942193,544144000
2015-05-12,0.5011209845542908,0.5052107766289817,0.492460224778153,0.49270084127049313,388800000
2015-05-13,0.5040079355239868,0.5085789033335845,0.4991964085742816,0.5047296703022351,308524000
2015-05-14,0.5121871829032898,0.5148335611351458,0.5042481629234977,0.5054510725485027,293052000
2015-05-15,0.5124281048774719,0.5167584559229468,0.5093006068165481,0.5143526925959225,215824000
2015-05-18,0.5117063522338867,0.5148338501853483,0.5088194133993315,0.5112251766421542,324972000
2015-05-19,0.5085161328315735,0.5140750071263043,0.5075493269880694,0.5123831257118853,253808000
2015-05-20,0.5085161328315735,0.5148000826972192,0.5080327299098214,0.5087578054807365,196824000
2015-05-21,0.5048905611038208,0.5109328360001275,0.5044071583676908,0.5087576101226485,239692000
2015-05-22,0.5041653513908386,0.5080323993786346,0.5029569313078085,0.506098904196431,212592000
2015-05-26,0.5010235905647278,0.5051323127835039,0.49715654094017,0.5017486659707957,259732000
2015-05-27,0.5278511047363281,0.5302680030772182,0.50271531589235,0.5044071389686328,432332000
2015-05-28,0.5351017117500305,0.5367935345480568,0.5268842702672193,0.5278510179198926,327656000
2015-05-29,0.5348604321479797,0.5384857529144914,0.5341353564699904,0.5351021048328313,335168000
2015-06-01,0.5409025549888611,0.5462197564597693,0.5348603355942795,0.5382439830651191,372660000
2015-06-02,0.5302680730819702,0.5404190705031802,0.5297846703006137,0.5375187690618604,224304000
2015-06-03,0.5244674682617188,0.5358268849111764,0.5235006628088009,0.5317181634181855,250788000
2015-06-04,0.5338935852050781,0.5355854089335237,0.5213256859384264,0.5213256859384264,323712000
2015-06-05,0.5380021333694458,0.5404190318565713,0.5266426586188916,0.5322015309016206,313320000
2015-06-08,0.5256760716438293,0.539935794369403,0.5196338523883599,0.5363104743408059,342812000
2015-06-09,0.5283347368240356,0.5322017297495467,0.5251927618544877,0.5261595100858655,256888000
2015-06-10,0.5189084410667419,0.5254340589941576,0.5160081408219414,0.5220504137908141,529460000
2015-06-11,0.5244674682617188,0.5280927870282507,0.518908596212754,0.518908596212754,283052000
2015-06-12,0.5102078914642334,0.5242258829236999,0.5089994131259005,0.5210839083921366,323728000
2015-06-15,0.5092410445213318,0.5116579431054467,0.5036821720155268,0.5075491636513846,306548000
2015-06-16,0.5155251622200012,0.5162502378775206,0.5031989912890378,0.5082744632682404,256892000
2015-06-17,0.5215671062469482,0.5244674070202311,0.514074739413829,0.5152831596537661,233544000
2015-06-18,0.5302680730819702,0.533651719681237,0.52446752782274,0.5259176785433999,299404000
2015-06-19,0.5285762548446655,0.5346184727407374,0.5237424574784441,0.530268078160502,355656000
2015-06-22,0.5264012217521667,0.5324434994870992,0.5184254474111772,0.5295431969545826,514236000
2015-06-23,0.5128664970397949,0.5314766152177139,0.5087577741400016,0.5273678923179206,414064000
2015-06-24,0.5077908635139465,0.514799886276227,0.505373965074202,0.5121412576561251,253368000
2015-06-25,0.5116580128669739,0.5147999872170536,0.5077909630804593,0.5077909630804593,350460000
2015-06-26,0.5012652277946472,0.5080325785660396,0.4990900593533148,0.5075491757882941,421296000
2015-06-29,0.48628050088882446,0.5005402204592861,0.485555425518851,0.49546469286947176,391724000
2015-06-30,0.4860386252403259,0.4913558238212019,0.4826549796085834,0.48918059836219907,315916000
2015-07-01,0.4930480122566223,0.5051325110622384,0.48869761573597476,0.49812354209138604,302892000
2015-07-02,0.493531197309494,0.49667317137376793,0.49038922324522005,0.49280612193901463,145764000
2015-07-06,0.4874889552593231,0.49618980267951246,0.4838636357812358,0.48942250892126193,214776000
2015-07-07,0.4783046245574951,0.48652209609071495,0.4630781594566088,0.4845886004939107,594252000
2015-07-08,0.47492116689682007,0.47854651579689206,0.47105411654539187,0.47564624243917686,332492000
2015-07-09,0.46912044286727905,0.48458863937645774,0.46622017042765945,0.4824134134379659,357588000
2015-07-10,0.4773380160331726,0.4816884400187169,0.4739543401281009,0.475162789634546,216708000
2015-07-13,0.48048001527786255,0.48313858704204843,0.47733804063681523,0.48217183891174636,212472000
2015-07-14,0.48072168231010437,0.4816884592408658,0.4744377619128503,0.4812050851813401,249216000
2015-07-15,0.4773380160331726,0.48265518809918945,0.47298759204762836,0.4795132136200903,265732000
2015-07-16,0.48797228932380676,0.48797228932380676,0.4785463678114596,0.4802381910126389,282848000
2015-07-17,0.4850721061229706,0.4867639297359577,0.47878815691849247,0.48628058448848716,220372000
2015-07-20,0.47612953186035156,0.4870056054381939,0.4749210824418921,0.4850720517946105,188412000
2015-07-21,0.4783046245574951,0.4850719455814113,0.47516265099513755,0.47516265099513755,149720000
2015-07-22,0.46912044286727905,0.47492101655822105,0.46331989798803985,0.47492101655822105,356472000
2015-07-23,0.47492116689682007,0.4819301632456078,0.46912059136967776,0.47008736836339077,169916000
2015-07-24,0.4693622589111328,0.4787881538456448,0.4674287338751096,0.4783047797895665,188844000
2015-07-27,0.4667035937309265,0.47202076523460007,0.46138642222725296,0.4652534429518765,192420000
2015-07-28,0.4768546223640442,0.4799965679021017,0.46307827550828184,0.4679120733350875,198308000
2015-07-29,0.48265528678894043,0.48652233752495416,0.47395443703876705,0.4758879624067739,232680000
2015-07-30,0.48386356234550476,0.4886973593316077,0.48144663504075064,0.48144663504075064,190180000
2015-07-31,0.4821717143058777,0.48603873463945646,0.4792714418527678,0.4857970620751907,218340000
2015-08-03,0.49038928747177124,0.490872632699788,0.4797549145392625,0.48603883467911374,397132000
2015-08-04,0.49232277274131775,0.4937729236401287,0.48676389937815356,0.48869745311770696,260100000
2015-08-05,0.49739813804626465,0.5048905050726741,0.4964313326812977,0.5044071023901906,234628000
2015-08-06,0.49425631761550903,0.499815190878965,0.48603881521078146,0.49618981369696524,655676000
2015-08-07,0.555404007434845,0.5648298742854581,0.5288180577454952,0.5428361081361286,1405248000
2015-08-10,0.5747389793395996,0.5788477007617144,0.5481530399344301,0.5515367437144675,662304000
2015-08-11,0.5718386769294739,0.5773975488694413,0.5662798049895065,0.5662798049895065,435008000
2015-08-12,0.5732889771461487,0.5773976996313882,0.5626546332065043,0.5626546332065043,384048000
2015-08-13,0.5684550404548645,0.5752223904907499,0.567004889902646,0.5740139124894336,276884000
2015-08-14,0.5689386129379272,0.5723222601537691,0.5645881599831992,0.5679718071990411,214652000
2015-08-17,0.5653131604194641,0.5679717317898748,0.5583041366719316,0.5679717317898748,273880000
2015-08-18,0.5601677894592285,0.5674489926734441,0.5557990328111836,0.5635656727193572,287084000
2015-08-19,0.5579834580421448,0.5657500986032218,0.5519157592539538,0.5594397103805797,249248000
2015-08-20,0.5378388166427612,0.5543428563713336,0.5351690012598289,0.5516730988542686,426932000
2015-08-21,0.5210916996002197,0.5429352983955106,0.5206062631473255,0.5339551580106963,382664000
2015-08-24,0.5026463866233826,0.5298295767988538,0.4854141598755941,0.4919672389978122,682284000
2015-08-25,0.49220985174179077,0.5266742379460961,0.49220985174179077,0.5247325489697928,622684000
2015-08-26,0.5293439030647278,0.5298293396907857,0.5043451030726968,0.5082284224836061,614976000
2015-08-27,0.5492460131645203,0.5494887026039587,0.5317711004759158,0.5349262946520768,463764000
2015-08-28,0.5516728758811951,0.5550707582324558,0.5453624898769429,0.5492458087923169,320944000
2015-08-31,0.5456052422523499,0.5528865022259322,0.5434209221261257,0.5490031828619718,219352000
2015-09-01,0.5232762098312378,0.5388094875994295,0.5193929482550416,0.5298293439392352,353408000
2015-09-02,0.5390523672103882,0.5392950566780814,0.5286159678432408,0.5375961146724845,344044000
2015-09-03,0.5405086874961853,0.5497315828150011,0.5395378716378572,0.5470617668722495,262556000
2015-09-04,0.5278876423835754,0.5397802898011091,0.5276449530074575,0.5312855251126278,287972000
2015-09-08,0.5504597425460815,0.5526441219887825,0.5385671450451173,0.5407514666219292,238448000
2015-09-09,0.5395379662513733,0.5567701388226439,0.5383244028162428,0.5521587482204607,289392000
2015-09-10,0.5480323433876038,0.5548281671597093,0.5339553749250026,0.5363824424437857,357076000
2015-09-11,0.549731433391571,0.5533720063372212,0.5397804144173426,0.5419647929042509,301584000
2015-09-14,0.5507022142410278,0.5541000975401518,0.5477897097755731,0.5524011558905898,192460000
2015-09-15,0.5567696690559387,0.5596821725501557,0.5492457788503323,0.5509447199333454,327976000
2015-09-16,0.5606532096862793,0.5638084037653399,0.5516730641789004,0.5557990738517035,173508000
2015-09-17,0.5657503008842468,0.5754585761238035,0.5645367375463598,0.5703616911169168,268712000
2015-09-18,0.5652647018432617,0.5701188380707473,0.5545856137159673,0.5579834975020335,326412000
2015-09-21,0.571089506149292,0.5723030688254614,0.5630801776573047,0.5659926817874286,281840000
2015-09-22,0.5555564761161804,0.5625949915978048,0.5526439709883708,0.5587116707160165,228356000
2015-09-23,0.5582261085510254,0.5616239918598603,0.5538574097062177,0.5560417301956915,161632000
2015-09-24,0.5689051151275635,0.5747300647971479,0.5460906373007682,0.5548280907380678,382440000
2015-09-25,0.5730313062667847,0.5841958304483961,0.567449044175979,0.5759437530972934,369692000
2015-09-28,0.5655074715614319,0.576671998042484,0.561866897807019,0.5730314242880711,395584000
2015-09-29,0.5754585862159729,0.5764294021837774,0.5635659314791818,0.5715752644788691,380736000
2015-09-30,0.5982728600502014,0.5990009862956012,0.5774000619910633,0.5807979458923486,556380000
2015-10-01,0.5866230130195618,0.5999718604656501,0.5696334761258343,0.5982729183494525,489296000
2015-10-02,0.601913332939148,0.601913332939148,0.5773999101014605,0.5834676079283457,386144000
2015-10-05,0.6169613003730774,0.6244851939714644,0.6026415815123277,0.6057967757652342,482024000
2015-10-06,0.6249703764915466,0.6276401329018527,0.6079809070457162,0.6104079741094062,453216000
2015-10-07,0.6315237879753113,0.6378341772734767,0.6162332515474003,0.6264269617879656,310152000
2015-10-08,0.6351643204689026,0.6368632622666175,0.6181747867600234,0.6288539321540386,460068000
2015-10-09,0.6327371597290039,0.6378339843749296,0.6208445110226543,0.6317662863876172,423248000
2015-10-12,0.6395331025123596,0.6431737338831747,0.6288540136010898,0.6334654028496255,227588000
2015-10-13,0.6407464146614075,0.6446296761150128,0.6322516500334836,0.634436028000524,298444000
2015-10-14,0.6640463471412659,0.6744827436657455,0.6407464864788428,0.6414745546836113,612148000
2015-10-15,0.6657452583312988,0.6793368479201962,0.6584640558228738,0.6652598216843957,526048000
2015-10-16,0.6761818528175354,0.6824922417499035,0.66623083262962,0.6679298324594559,448396000
2015-10-19,0.6749681830406189,0.6815213182643205,0.6672016007000751,0.6783661242970846,294712000
2015-10-20,0.6739973425865173,0.6771525364372128,0.6669588287760534,0.6720557115395628,264824000
2015-10-21,0.6652597188949585,0.6822492466554145,0.6640462142639801,0.6781231804588915,386280000
2015-10-22,0.6892880201339722,0.6914723989206648,0.672055852903499,0.673026668631183,306884000
2015-10-23,0.6938991546630859,0.6985105996250787,0.6849190119610996,0.6953554065316989,381776000
2015-10-26,0.6907440423965454,0.6960836139176502,0.6844336554713812,0.6943846724940833,247436000
2015-10-27,0.6902587413787842,0.6946274401220713,0.686860800283051,0.6873462369726868,208268000
2015-10-28,0.6958410143852234,0.6958410143852234,0.6844337438505153,0.6946274515740558,217036000
2015-10-29,0.6718130707740784,0.6917150525571533,0.6705995656437976,0.6846765954966137,327168000
2015-10-30,0.6885595917701721,0.6934137840105862,0.6739971886464686,0.6790940702458572,301160000
2015-11-02,0.6965690851211548,0.6972972112372844,0.6866181246438171,0.6907441340579781,190088000
2015-11-03,0.691714882850647,0.6963263285192449,0.6839483014710579,0.6924430088965232,376768000
2015-11-04,0.6803077459335327,0.6948701527181738,0.6771525520102745,0.6897733277033076,442264000
2015-11-05,0.6725409626960754,0.6856471723054993,0.6705993320177118,0.6837054837612874,478800000
2015-11-06,0.7657405138015747,0.7752060943399862,0.7237522405814665,0.739042771502803,1172272000
2015-11-09,0.7623428106307983,0.7645271892390807,0.7516636649008847,0.7582168007257318,492568000
2015-11-10,0.7477803826332092,0.7565178389705893,0.7317617223256566,0.7523917713082128,552260000
2015-11-11,0.7404990196228027,0.7536051723810742,0.7378292049010416,0.7482656008034048,619896000
2015-11-12,0.7378294467926025,0.7455960883852897,0.7346742522621904,0.7388002625252205,291080000
2015-11-13,0.7232668399810791,0.7417125653344185,0.7196262096441705,0.7385573716643831,292940000
2015-11-16,0.7378294467926025,0.7383148835918475,0.7269076106695034,0.7327326207969546,344280000
2015-11-17,0.7378294467926025,0.7441398358534268,0.7346742522621904,0.7397711361237103,257048000
2015-11-18,0.755979597568512,0.7569541575977096,0.7328348714584844,0.7408746141430295,350216000
2015-11-19,0.7581723928451538,0.765724856733772,0.7525689331582438,0.7586596729383805,254072000
2015-11-20,0.764750063419342,0.7691354083316636,0.7591466058662047,0.7637755616895741,239744000
2015-11-23,0.7532996535301208,0.7710845306610036,0.7506197588387342,0.7710845306610036,242552000
2015-11-24,0.7593904137611389,0.7659683742472033,0.7498888894654513,0.7532996751862865,195428000
2015-11-25,0.758415937423706,0.7669429607519451,0.7557360423596741,0.7579287154587517,138300000
2015-11-27,0.764750063419342,0.7671863467865505,0.755979431680276,0.7598774966849251,86996000
2015-11-30,0.772790253162384,0.7762010983258953,0.7647505075726985,0.7654813988159073,327244000
2015-12-01,0.7978838086128235,0.7986146996346262,0.7788807582171406,0.7796116492389433,409496000
2015-12-02,0.7917929291725159,0.8073851326753487,0.7900875364523298,0.7991017800099922,294240000
2015-12-03,0.7900878190994263,0.8064109193340132,0.7861897523078225,0.7981275637053578,246656000
2015-12-04,0.8222466111183167,0.8237083930944799,0.7900876399850892,0.7900876399850892,458756000
2015-12-07,0.8066543340682983,0.8220029272862903,0.8042180503525153,0.8220029272862903,333588000
2015-12-08,0.8176177144050598,0.8210285005434392,0.7915494802251667,0.7966656594327358,314488000
2015-12-09,0.7969092726707458,0.8222466739659733,0.7886259182868115,0.8173741057300595,372676000
2015-12-10,0.8034871816635132,0.8078724692390392,0.7966655522191994,0.7993454469550438,236596000
2015-12-11,0.7915493249893188,0.8010508485847665,0.7898439322545846,0.7954473904196756,227320000
2015-12-14,0.7934985160827637,0.7978838625098096,0.783996990243095,0.7922804030212047,275892000
2015-12-15,0.8032435178756714,0.8088469764222181,0.7981273393231847,0.802512626927375,307296000
2015-12-16,0.80811607837677,0.8107960311921828,0.7978837213616605,0.8049489036571637,236356000
2015-12-17,0.795934796333313,0.8176177431087291,0.7954475743453513,0.8093343884574097,254160000
2015-12-18,0.7830222845077515,0.7983708768389528,0.7820477826948589,0.7903311352328196,395896000
2015-12-21,0.8015382289886475,0.8022691200317442,0.784484240182777,0.7915494815423161,284216000
2015-12-22,0.8022691607475281,0.8103089045440212,0.7973965922699927,0.8039745539061056,130012000
2015-12-23,0.8054361939430237,0.8086033687031168,0.8020254082277196,0.8034871901301608,122524000
2015-12-24,0.80811607837677,0.8100651402503054,0.8017817289375573,0.8029998998692153,52448000
2015-12-28,0.8073852062225342,0.8073852062225342,0.7883822155482885,0.7995891328037412,142024000
2015-12-29,0.8205412030220032,0.8229774869087548,0.8056798306529048,0.8078725035766583,203660000
2015-12-30,0.8134760856628418,0.8268756781143984,0.8132324746629076,0.8198104363459195,180344000
2015-12-31,0.8029997944831848,0.8159121026190903,0.8029997944831848,0.8122577064748949,148528000
2016-01-04,0.7886258959770203,0.7937420750543172,0.780586152806643,0.7866768919720291,358076000
2016-01-05,0.80129474401474,0.8146943377979469,0.7917932170458627,0.8034874174888512,490272000
2016-01-06,0.7681611180305481,0.79179306738837,0.7591468148137606,0.7881386122889165,449344000
2016-01-07,0.7377074360847473,0.7540305310627896,0.7279622432011915,0.7489142946339453,645304000
2016-01-08,0.7218716144561768,0.7479398460905468,0.7204098325151563,0.7472089551200366,398472000
2016-01-11,0.7230897545814514,0.7282059915676998,0.7101774437588103,0.7226025326398221,409372000
2016-01-12,0.7352712154388428,0.7459909119511958,0.7301550362526706,0.7360021064776666,469356000
2016-01-13,0.7128574252128601,0.745747289093922,0.7121265341856726,0.7408746628841407,481672000
2016-01-14,0.6984833478927612,0.7065230912912224,0.6777749038456716,0.6982396788210294,600236000
2016-01-15,0.6604772210121155,0.6785057692742911,0.6490266918976483,0.6704660261793515,841452000
2016-01-19,0.6658371090888977,0.693123515054912,0.6631571558392522,0.6741204636582103,457140000
2016-01-20,0.6694915294647217,0.6780185534061774,0.644397795811544,0.6531684307529961,481180000
2016-01-21,0.6772875785827637,0.6877636054001625,0.6629134858193761,0.6768003566430096,481456000
2016-01-22,0.6931234002113342,0.6977523567977536,0.68873805457612,0.6901998364545248,257996000
2016-01-25,0.6923924684524536,0.7009194901833833,0.6909306866602276,0.6928797484117234,270728000
2016-01-26,0.6992141604423523,0.7021377245330391,0.6867891292281202,0.6938543703902178,227944000
2016-01-27,0.6909308433532715,0.7004323690719649,0.6777749204108323,0.6982396958863596,231700000
2016-01-28,0.6833785772323608,0.6989707888565428,0.669978981341558,0.696534503975089,276776000
2016-01-29,0.7135881781578064,0.7150499600483087,0.6865454455258642,0.68922534026806,310504000
2016-02-01,0.7138318419456482,0.7174862385594346,0.7067666015839177,0.7128573400543443,289884000
2016-02-02,0.6836219429969788,0.7101774561018366,0.6787493749824502,0.7065230591337365,341908000
2016-02-03,0.6870327591896057,0.6931234985182904,0.6711969414890969,0.6889818213324466,326772000
2016-02-04,0.6872763633728027,0.7028685686154402,0.6804547336453061,0.6880071962610732,348140000
2016-02-05,0.6439104676246643,0.6901999231307772,0.6419614635990907,0.6826474599246866,600428000
2016-02-08,0.6144313812255859,0.6373324374319158,0.6054170788478382,0.6341652626690505,608852000
2016-02-09,0.621009349822998,0.646833970174283,0.6041989738816843,0.6071225377273349,425372000
2016-02-10,0.6195475459098816,0.6429358815881723,0.6161367602680778,0.6249073934081352,335800000
2016-02-11,0.6163803935050964,0.6227147431178187,0.6037116942796519,0.6037116942796519,340144000
2016-02-12,0.62685626745224,0.6280744381211212,0.6029806567294542,0.6261253766680261,340816000
2016-02-16,0.6575536727905273,0.6585282328929546,0.6339217229757582,0.6358707270094238,485352000
2016-02-17,0.6738768219947815,0.6802111721720374,0.663157125655305,0.6658370787829712,771468000
2016-02-18,0.7318604588508606,0.7547615767918538,0.7284496725890948,0.7291805636574156,1068660000
2016-02-19,0.7416054010391235,0.748183418927839,0.7223587434903506,0.7279622014866463,525628000
2016-02-22,0.7679171562194824,0.7764441761437857,0.7508631744564469,0.7523249559389641,449668000
2016-02-23,0.769866406917572,0.7771752580423027,0.7581722102666517,0.7618266648718097,369380000
2016-02-24,0.7752262353897095,0.7764444063481674,0.7455035494132785,0.7666992710228574,336852000
2016-02-25,0.7769317030906677,0.7808297692133387,0.7630448897231976,0.7781498741664498,349616000
2016-02-26,0.7718154191970825,0.7825350560149473,0.764019288010134,0.7805860522610032,361964000
2016-02-29,0.7668028473854065,0.7829409142063675,0.7663138503891409,0.772915776216405,323344000
2016-03-01,0.8007906675338745,0.8007906675338745,0.7675364223860981,0.7687590315049657,348700000
2016-03-02,0.805436372756958,0.8083705877937014,0.7949221799382372,0.7963892874566089,233812000
2016-03-03,0.798345685005188,0.8078817700843326,0.7875869322382577,0.8044585570663204,302004000
2016-03-04,0.795900285243988,0.8051918689705138,0.7897873567234054,0.8044583152161555,175304000
2016-03-07,0.7907655239105225,0.7968784533196911,0.780495828153894,0.7914990777715113,239968000
2016-03-08,0.7763389945030212,0.7873422431667303,0.7738938346107759,0.7826964218823012,274940000
2016-03-09,0.775850236415863,0.7844082695254513,0.7658250369624805,0.7831857183514651,222788000
2016-03-10,0.7746273875236511,0.7848970823782391,0.7589783758905921,0.7804957595988969,286084000
2016-03-11,0.7878314256668091,0.7880759825216633,0.776828232709538,0.7861198191689497,277400000
2016-03-14,0.7897874116897583,0.7929661254141351,0.7804957690193609,0.7841635380464154,190312000
2016-03-15,0.7858752608299255,0.7907655813938678,0.7719378530524121,0.7856307622908942,226216000
2016-03-16,0.809348464012146,0.8120381799765674,0.776338785217004,0.7800065532152173,363644000
2016-03-17,0.8025022745132446,0.8103267513528883,0.7914990256206177,0.8064145420816722,353680000
2016-03-18,0.8267093896865845,0.8374680819622647,0.8069035529979688,0.8120384297750535,545512000
2016-03-21,0.8291545510292053,0.8293990495389674,0.8105713234514019,0.8193739110721733,337780000
2016-03-22,0.8276873230934143,0.833555694555376,0.8174176293120781,0.8264647724250574,242012000
2016-03-23,0.8418694138526917,0.8479822847321273,0.8276874508093056,0.8313552199747375,429008000
2016-03-24,0.8430920243263245,0.8445591320962392,0.8315997772906878,0.8342894360040533,244956000
2016-03-28,0.8516501188278198,0.855317829975667,0.8406468687898434,0.8416249212094549,265388000
2016-03-29,0.8653428554534912,0.8672989599035908,0.8460260762456314,0.8479821806957311,261812000
2016-03-30,0.8743900060653687,0.8863713070371951,0.8680325786804318,0.8685216339782001,376700000
2016-03-31,0.8712112903594971,0.8802583761182259,0.8643648659898245,0.8783022715260937,379884000
2016-04-01,0.8839263319969177,0.8844153873969615,0.8592301710905477,0.8658320983564143,348292000
2016-04-04,0.8753681778907776,0.8959075704462329,0.8719449652306078,0.8912617485233063,393940000
2016-04-05,0.8741454482078552,0.8822144811412531,0.864120252513424,0.8675435227709309,339568000
2016-04-06,0.8753681778907776,0.875857233255324,0.8467598090494443,0.863142376749301,453376000
2016-04-07,0.8663211464881897,0.8775688959198268,0.8626534350589119,0.8697443593681082,378104000
2016-04-08,0.8719450235366821,0.8790360061620708,0.8633869330167686,0.873412131431207,255936000
2016-04-11,0.8773244619369507,0.8917509267608592,0.8743902459398077,0.8770799050723712,387524000
2016-04-12,0.8763462901115417,0.8814811091105367,0.8592301101871219,0.8802584998456987,292764000
2016-04-13,0.8983525037765503,0.8985970022484611,0.8802582760194714,0.8802582760194714,350716000
2016-04-14,0.9007977843284607,0.9047100518903122,0.8922396953933347,0.8959074644504491,416564000
2016-04-15,0.9078885912895203,0.915957623368381,0.8976188981990066,0.9005531128812106,436972000
2016-04-18,0.9039766788482666,0.9061773407226045,0.8951740896481385,0.9061773407226045,307320000
2016-04-19,0.8878381848335266,0.909111064579195,0.8822143127022677,0.9073994589258374,309152000
2016-04-20,0.891261875629425,0.8966412522177346,0.8853935019040498,0.8863715544754078,200172000
2016-04-21,0.8902838230133057,0.8956631996013448,0.8863715544308433,0.8915063741531352,178280000
2016-04-22,0.8868603110313416,0.8993306082823368,0.8839260960088923,0.8932177380485102,223540000
2016-04-25,0.891261875629425,0.8961521967834423,0.8846599479012245,0.8871051084782331,191972000
2016-04-26,0.8919952511787415,0.9069107685225386,0.8880829833787748,0.8966410728347779,214536000
2016-04-27,0.9122901558876038,0.912779211261661,0.8880830516675536,0.8897946580309246,352396000
2016-04-28,0.8851489424705505,0.9120457670368465,0.8829483387656851,0.906666390464142,381224000
2016-04-29,0.868766188621521,0.8834371489361419,0.8592300469278532,0.8814810442130782,321904000
2016-05-02,0.8802584409713745,0.8856378164418792,0.8729229607646214,0.87707972705206,256076000
2016-05-03,0.8697442412376404,0.8739010074982783,0.8621642625620317,0.8702332965671565,224024000
2016-05-04,0.8499385118484497,0.8599636511616856,0.8411359234844589,0.8592300972732516,525764000
2016-05-05,0.8550734519958496,0.8650986510275968,0.8487160229262601,0.8570296154080757,246884000
2016-05-06,0.8638759255409241,0.8660765872225467,0.851894623003936,0.8536062293239032,183240000
2016-05-09,0.862653374671936,0.8697442984847576,0.8555623925618965,0.8660765873122248,333336000
2016-05-10,0.8792804479598999,0.8807475557597318,0.8597191660880557,0.8680326992241457,269676000
2016-05-11,0.8817256093025208,0.8915062502507405,0.8770797873629507,0.8819701661342791,328176000
2016-05-12,0.8697442412376404,0.8919952385293785,0.8540952285569068,0.8880829707848916,670540000
2016-05-13,1.002027988433838,1.002516985676431,0.9536137635827432,0.9582595288735761,2110256000
2016-05-16,1.031613826751709,1.0465294000136174,0.9912686625891935,0.9944473760260709,973032000
2016-05-17,1.0338146686553955,1.0411500903200404,1.013764275143554,1.026968127415455,628392000
2016-05-18,1.0602225065231323,1.0722038677538763,1.026968256557638,1.026968256557638,541072000
2016-05-19,1.0648683309555054,1.0724483686943007,1.0545986926728328,1.0560656839179803,398880000
2016-05-20,1.0839406251907349,1.0883419487456967,1.069758660354374,1.0714702667488967,391084000
2016-05-23,1.085652232170105,1.0927431562948848,1.0790503051313263,1.0885864478749936,413636000
2016-05-24,1.1120057106018066,1.1154379290972003,1.0860196983035533,1.0889615330726374,415788000
2016-05-25,1.107348084449768,1.120095841927817,1.0985225790066475,1.1154380726573576,458076000
2016-05-26,1.1191151142120361,1.1272051010177129,1.106122108642228,1.109309076683773,309964000
2016-05-27,1.1252442598342896,1.1269603110798803,1.1166638867091117,1.1203412395758552,277416000
2016-05-31,1.1453464031219482,1.1477979712616193,1.1294115609056956,1.1301470781064782,412524000
2016-06-01,1.147552490234375,1.1585841928297917,1.1365206707417905,1.139952771579987,387132000
2016-06-02,1.155643105506897,1.1654491466458388,1.1424048447618171,1.1536818037613235,329208000
2016-06-03,1.1394625902175903,1.1458365263048094,1.119360248340785,1.1443657258820865,461076000
2016-06-06,1.1335793733596802,1.1512302695258585,1.1276957023385465,1.1424047629941578,322512000
2016-06-07,1.135785460472107,1.1468172829437324,1.1352951936191633,1.1404433462666688,193400000
2016-06-08,1.132108449935913,1.140198439100854,1.12279267649817,1.1360308193322144,234616000
2016-06-09,1.1615263223648071,1.163242373220358,1.1257342709236633,1.1281858389442772,472168000
2016-06-10,1.1325985193252563,1.1580942666456189,1.1311276018339123,1.1477979611034117,400024000
2016-06-13,1.14706289768219,1.1693716854127658,1.1338247519203422,1.1338247519203422,475588000
2016-06-14,1.1492689847946167,1.1546622714964516,1.1316180901646324,1.1443659650027995,298344000
2016-06-15,1.1610361337661743,1.1710873061542442,1.1460819419036408,1.1588298159166874,301036000
2016-06-16,1.1656944751739502,1.1676556603504213,1.1411793682249334,1.1524563291112062,246456000
2016-06-17,1.1453464031219482,1.1674100487901755,1.1406885171743357,1.167164915355649,471000000
2016-06-20,1.165939211845398,1.180893404459589,1.1629973766334103,1.1637328938850127,293768000
2016-06-21,1.158829927444458,1.1740292542089432,1.157113759410884,1.1708422853989622,212508000
2016-06-22,1.1578491926193237,1.1688810159218164,1.1558880081626424,1.1612812946428177,202620000
2016-06-23,1.1887383460998535,1.1899641303437931,1.1681456150111036,1.168881132316355,297880000
2016-06-24,1.1210764646530151,1.1610361378022684,1.1105350253500155,1.1399531422990634,1017684000
2016-06-27,1.1090636253356934,1.1203405769500578,1.0926384061322771,1.1117602088997416,449088000
2016-06-28,1.1252442598342896,1.1313729474844145,1.1097996817267486,1.1301472800927237,381920000
2016-06-29,1.1436299085617065,1.1524554101644102,1.1321078233280306,1.1350496571955984,318932000
2016-06-30,1.1524558067321777,1.1595651436108725,1.1362758317900743,1.145591486380075,430940000
2016-07-01,1.1438754796981812,1.1610361058954652,1.139953110971649,1.1460819143919077,218488000
2016-07-05,1.1607906818389893,1.1627518657112406,1.1284307388067385,1.1375012580523403,371084000
2016-07-06,1.1681456565856934,1.175009978457726,1.146817524329838,1.1527011953923734,273104000
2016-07-07,1.1985442638397217,1.202711883084555,1.1705970639362515,1.1759903504026172,395400000
2016-07-08,1.2465935945510864,1.2524772632396561,1.206633931318432,1.2112918162140203,481932000
2016-07-11,1.2752766609191895,1.2845923164199633,1.2630190533537158,1.264489970937461,448776000
2016-07-12,1.2943986654281616,1.306165890953795,1.2733155492196129,1.2894956450510455,436760000
2016-07-13,1.2939083576202393,1.304204782845481,1.2919471727335567,1.2968501933988799,324604000
2016-07-14,1.3071463108062744,1.3189136522021092,1.2899857994327097,1.3007724900798192,316892000
2016-07-15,1.2919471263885498,1.2978307977347703,1.2708641265942315,1.2904762085519945,428616000
2016-07-18,1.2985657453536987,1.3098427002365065,1.293662726574095,1.3078815161041026,252992000
2016-07-19,1.3120492696762085,1.3171974223899428,1.2953789105924776,1.2978304786831323,382652000
2016-07-20,1.3292096853256226,1.336319138771218,1.3110685269388203,1.316461812703223,296460000
2016-07-21,1.3046947717666626,1.3304356539976325,1.3002820190392141,1.3262680347166187,361308000
2016-07-22,1.34024178981781,1.34024178981781,1.2997918458110123,1.3093527522941841,315768000
2016-07-25,1.3650017976760864,1.36818876597738,1.3424478861434241,1.348331555898796,312528000
2016-07-26,1.388291358947754,1.3954006965000498,1.3750532176312256,1.3770144021045614,514508000
2016-07-27,1.3743175268173218,1.4027551072292705,1.3659824061854593,1.4003035392743257,446676000
2016-07-28,1.377259373664856,1.387555678612521,1.3730917548638324,1.3775045070830583,221916000
2016-07-29,1.3998132944107056,1.4034905295036386,1.3576473068603403,1.382407535728456,409588000
2016-08-01,1.3907428979873657,1.4108453615736396,1.3816723753899294,1.4056972081701407,301120000
2016-08-02,1.3738269805908203,1.3980969373024739,1.3605888436384947,1.3973614203066944,282748000
2016-08-03,1.3775047063827515,1.3802014081675298,1.3645116981606211,1.372111419710407,299828000
2016-08-04,1.4030001163482666,1.4093740521897988,1.3814268579831026,1.3841234422180082,272712000
2016-08-05,1.4267799854278564,1.4275153857017777,1.4123160612992858,1.4191802647780114,371588000
2016-08-08,1.4400180578231812,1.4498240957308868,1.4248186172382022,1.446391994152909,305064000
2016-08-09,1.4436957836151123,1.4576694449878351,1.4400185473739024,1.4471278863598724,372344000
2016-08-10,1.4343798160552979,1.4586497823914384,1.4297219295588002,1.4564434643235045,375740000
2016-08-11,1.4635530710220337,1.4696818763213173,1.4390379667221376,1.4419798026175727,681064000
2016-08-12,1.5454330444335938,1.5537681650768191,1.4863516827846512,1.5174858477128506,1425744000
2016-08-15,1.5439623594284058,1.5567102341769845,1.5231244962353223,1.5471493281155504,573304000
2016-08-16,1.5346465110778809,1.544207299041966,1.5299886253584976,1.5417558479196152,287652000
2016-08-17,1.4990994930267334,1.5380786300747111,1.4870871369080878,1.5346465283265267,595212000
2016-08-18,1.5223890542984009,1.5248405056615248,1.4910096351905113,1.4968933054975426,331684000
2016-08-19,1.526310920715332,1.5378330071920605,1.5150339676044875,1.52165303607203,291560000
2016-08-22,1.5326851606369019,1.534891595163011,1.5128279512850793,1.5309691098372578,244748000
2016-08-23,1.5450881719589233,1.5551578660039118,1.5406672878248007,1.548281013203687,339764000
2016-08-24,1.5212651491165161,1.5512287729371665,1.5141427088484696,1.550492017231915,298448000
2016-08-25,1.511195182800293,1.5224929213916605,1.4922838348259797,1.5217561658175558,406032000
2016-08-26,1.523474931716919,1.5320709964526953,1.5030898443576794,1.5151244521003648,300024000
2016-08-29,1.5224931240081787,1.5357556630081306,1.5200371546550184,1.5296156810689057,274652000
2016-08-30,1.5136511325836182,1.5286328819211596,1.5094758333685874,1.5205279857729654,285544000
2016-08-31,1.506528615951538,1.5207736101485887,1.502107848565915,1.5165984279385418,388544000
2016-09-01,1.5509827136993408,1.5566315237178725,1.506528520580704,1.5077565634934693,428492000
2016-09-02,1.5357553958892822,1.555894903222981,1.5183176768881614,1.5541756898410024,323148000
2016-09-06,1.5502458810806274,1.5502458810806274,1.533299333475438,1.5411586443621277,306812000
2016-09-07,1.5274051427841187,1.5529478792683487,1.5185634893694635,1.5453341519441695,397988000
2016-09-08,1.5384571552276611,1.5409132414069528,1.5084936533611675,1.5259313733610709,315808000
2016-09-09,1.4618287086486816,1.530106294825007,1.4490573447433825,1.5215102295474425,697760000
2016-09-12,1.4920377731323242,1.494985028944098,1.407795982927583,1.4424260630470171,598260000
2016-09-13,1.4704251289367676,1.5055463881558038,1.4620746467778143,1.488354136337276,471768000
2016-09-14,1.483441948890686,1.488354003670617,1.4615833461094108,1.4738634245029267,319048000
2016-09-15,1.5396850109100342,1.5414042241812251,1.4824594512918472,1.48589799494685,515212000
2016-09-16,1.543369174003601,1.5534388694529515,1.525685752113522,1.545088387443426,902444000
2016-09-19,1.5637539625167847,1.6028048107573765,1.552456226208101,1.5595786637692368,417128000
2016-09-20,1.549509048461914,1.5816830459064475,1.5409129825039676,1.5816830459064475,331112000
2016-09-21,1.592981219291687,1.5959284761741905,1.553930358380133,1.554175943601567,336212000
2016-09-22,1.5969102382659912,1.6072256336159787,1.587823002803327,1.60231357962971,308732000
2016-09-23,1.5951915979385376,1.6035420810019576,1.5880691580907327,1.5988757275853838,276132000
2016-09-26,1.580209493637085,1.5865951764013453,1.5603156898465602,1.5770166522549547,230040000
2016-09-27,1.634242057800293,1.636698143628991,1.573332604867574,1.5740693603486124,402752000
2016-09-28,1.64013671875,1.6413647617756504,1.619260455764457,1.6366982919682818,319788000
2016-09-29,1.6553642749786377,1.6605220329521004,1.622207928650059,1.6374352660171387,336684000
2016-09-30,1.6828712224960327,1.6993265961626316,1.6546268265264175,1.6644509337038673,429932000
2016-10-03,1.6811524629592896,1.7071864846376787,1.678205323496059,1.6828717935557405,242596000
2016-10-04,1.6774682998657227,1.711852683560941,1.6649425191016174,1.683608397660882,281624000
2016-10-05,1.6757490634918213,1.7089055208621424,1.6705914235753598,1.6917132706946474,305440000
2016-10-06,1.6538900136947632,1.6659245035793773,1.6273648315476643,1.6556092265354223,360212000
2016-10-07,1.6418553590774536,1.6693628808427676,1.637188890898841,1.6649419977610418,286260000
2016-10-10,1.647995948791504,1.6592936864219123,1.6325229119250786,1.6504519176089198,287876000
2016-10-11,1.6241724491119385,1.6450487113051613,1.61164666837348,1.6425927424597009,388540000
2016-10-12,1.6315405368804932,1.6401366032293374,1.604033007451571,1.617541128444415,419920000
2016-10-13,1.6050152778625488,1.6160674296059592,1.564490799545121,1.6123834180623609,390116000
2016-10-14,1.6207339763641357,1.635715725521947,1.6111554522027596,1.6246635732501573,330636000
2016-10-17,1.6114012002944946,1.6357158909057912,1.609190816461698,1.6204885550420771,195328000
2016-10-18,1.6359611749649048,1.6452941131856988,1.6271195241485708,1.6337507915389742,269372000
2016-10-19,1.632522702217102,1.6401364270870435,1.6165584970604223,1.6249090944597686,199060000
2016-10-20,1.6634684801101685,1.6688718210494753,1.6283473495676528,1.6516795748916189,312084000
2016-10-21,1.6588027477264404,1.6617498872963719,1.64308412349449,1.6575747045899294,279508000
2016-10-24,1.7366586923599243,1.738623490899547,1.6698546051117338,1.670100307402735,339836000
2016-10-25,1.7651482820510864,1.775709262822865,1.725360678805922,1.733711159100119,397460000
2016-10-26,1.7722710371017456,1.791673670640554,1.7486931043872884,1.7504123176684094,333792000
2016-10-27,1.7359216213226318,1.7892174636556761,1.7287991835132506,1.7857790373261395,388664000
2016-10-28,1.7329747676849365,1.7707975806487635,1.729781925980109,1.7442725062472009,290856000
2016-10-31,1.7477107048034668,1.7592540270483255,1.737640893510506,1.7386233512577225,252388000
2016-11-01,1.6958882808685303,1.7636746950775615,1.6772224057475202,1.754096172388507,473224000
2016-11-02,1.6887662410736084,1.731992398907821,1.6858189844079015,1.7089057502141807,295848000
2016-11-03,1.6691174507141113,1.6980986028640719,1.6366978726633212,1.6966249750333453,309664000
2016-11-04,1.659538984298706,1.68802896716943,1.635224299941186,1.6580653564183168,328780000
2016-11-07,1.750411868095398,1.7614640175569138,1.7069401426734845,1.7081681853053396,487580000
2016-11-08,1.7477107048034668,1.7626924534946564,1.731500913206411,1.7570435263952433,429884000
2016-11-09,1.7182382345199585,1.7413249957715282,1.6877835672829882,1.7003092299721392,456532000
2016-11-10,1.6644511222839355,1.7560610550611635,1.6396452664172936,1.755815469920792,869280000
2016-11-11,2.160569667816162,2.18021788993007,1.9279836101731296,1.9527895901376833,2175344000
2016-11-14,2.05422306060791,2.1659723791209986,2.053731890332116,2.163516293516813,1348796000
2016-11-15,2.116852283477783,2.147798125389713,2.0613458145824817,2.070187584082432,626092000
2016-11-16,2.250460386276245,2.2733013329573377,2.120782028163366,2.145096720309531,987984000
2016-11-17,2.2691261768341064,2.328070840129973,2.2263910734305954,2.267161261034136,832988000
2016-11-18,2.2929487228393555,2.316771999269107,2.2546346377175306,2.269125212184432,576060000
2016-11-21,2.283616781234741,2.317264412917105,2.2693716685435157,2.3108787292823116,436436000
2016-11-22,2.3000710010528564,2.302281383958138,2.2688794697279175,2.291474937407224,330368000
2016-11-23,2.311387538909912,2.342871628554876,2.2818710729187472,2.3052381285517405,443236000
2016-11-25,2.3160598278045654,2.339181036097256,2.2976118406186155,2.3224550706031333,195564000
2016-11-28,2.3148300647735596,2.330326149609626,2.3022854140792948,2.3089267273381306,278736000
2016-11-29,2.2936766147613525,2.3229472335499066,2.275966835975484,2.312124369414611,444568000
2016-11-30,2.267850399017334,2.316060690803027,2.2653906351992092,2.3022861541671227,440500000
2016-12-01,2.155686140060425,2.2671108292739595,2.0850926570515926,2.265389042726813,1035524000
2016-12-02,2.1756110191345215,2.1842199565453724,2.0937027267810793,2.121497396668663,478292000
2016-12-05,2.2599782943725586,2.277934140799128,2.1891387199681516,2.213489809008673,602284000
2016-12-06,2.297119379043579,2.3054824770546958,2.2523526902872804,2.2680948406414836,498796000
2016-12-07,2.3384432792663574,2.344100546808976,2.26539000319574,2.283591921965466,480804000
2016-12-08,2.299333095550537,2.3765678969223774,2.288756539758324,2.3413941869592123,381544000
2016-12-09,2.258502721786499,2.3187655075322438,2.231199962519238,2.317043720355963,382312000
2016-12-12,2.203651189804077,2.2125061960423906,2.153227220136659,2.2100464329913176,601332000
2016-12-13,2.242514133453369,2.2700629583843956,2.2149655430982143,2.2159493543035063,387796000
2016-12-14,2.372387647628784,2.3886217109893204,2.252353725339292,2.2762129146079517,983980000
2016-12-15,2.4279773235321045,2.4582317611756173,2.376077386888358,2.383456443643171,746548000
2016-12-16,2.469791889190674,2.4769248743504066,2.403871593327643,2.455525449719329,1089528000
2016-12-19,2.4997997283935547,2.5199692671603695,2.4351093276985667,2.452327432614922,744656000
2016-12-20,2.586873769760132,2.610486886330503,2.56104672558785,2.5723614954414393,848056000
2016-12-21,2.6031084060668945,2.6060600756118144,2.550962635066608,2.598434948835436,576136000
2016-12-22,2.634592056274414,2.677882807654476,2.620325617998224,2.6274588371363192,718612000
2016-12-23,2.700265407562256,2.701741358901442,2.6139297606475167,2.616635358668206,647692000
2016-12-27,2.885728597640991,2.8867124092181764,2.735686307050103,2.756347992202716,1194272000
2016-12-28,2.6872284412384033,2.94992496248296,2.673454149794881,2.9418079358000546,2295764000
2016-12-29,2.740851640701294,2.7423275926274195,2.5285789304436115,2.580232790914804,2175368000
2016-12-30,2.625491142272949,2.7529041103596503,2.61466851240196,2.738883741355182,1212932000
2017-01-03,2.5091466903686523,2.6163898634551663,2.444456288357391,2.567933520831202,1501996000
2017-01-04,2.56768798828125,2.5949907490703388,2.4973403111099484,2.5433368963268674,1199220000
2017-01-05,2.5025057792663574,2.6028618201830502,2.485533741389581,2.5711316720815462,984296000
2017-01-06,2.5359580516815186,2.5642446262342946,2.4892234867390743,2.5298086433596483,822856000
2017-01-09,2.638772487640381,2.656482494480192,2.5457957727468172,2.5457957727468172,916248000
2017-01-10,2.618849277496338,2.685753128741895,2.5981876008433225,2.6518092975328793,880920000
2017-01-11,2.58662748336792,2.612208455253865,2.561784487287583,2.6072891638935953,525664000
2017-01-12,2.544320583343506,2.5753129873046032,2.4995538818778806,2.5637523826738877,625616000
2017-01-13,2.544074535369873,2.5826918260995284,2.534973459927785,2.5482558506375472,457820000
2017-01-17,2.4870095252990723,2.5384173066144453,2.4737271331629276,2.533498015063537,580612000
2017-01-18,2.5322678089141846,2.539154956948126,2.4378151244008808,2.4656097866418096,654424000
2017-01-19,2.58662748336792,2.6186036982253516,2.5330060112038484,2.5352197040447653,644872000
2017-01-20,2.5583407878875732,2.6269666700563827,2.536449461524009,2.6092566590430595,492024000
2017-01-23,2.5849063396453857,2.6048300493249017,2.5507164234364166,2.5531761870167946,369904000
2017-01-24,2.640002965927124,2.646152372988506,2.5802320898306745,2.594990432202098,428052000
2017-01-25,2.651317596435547,2.6884591686835297,2.6154059055359467,2.682309761941616,522760000
2017-01-26,2.697068452835083,2.7044475073051353,2.6245070859144852,2.6540235383706063,458800000
2017-01-27,2.7492146492004395,2.7521663183762977,2.6773912465984466,2.703956034605218,471996000
2017-01-30,2.7061691284179688,2.7305202177929897,2.6542694456049754,2.7283065250454235,496004000
2017-01-31,2.6855077743530273,2.706907195931234,2.6614025197019617,2.6798505072339864,362756000
2017-02-01,2.8028359413146973,2.8070172569863177,2.7022338381193776,2.719943615917994,590004000
2017-02-02,2.8382556438446045,2.8468648149194142,2.756347594743852,2.786847860422171,483240000
2017-02-03,2.813413143157959,2.8508007992209605,2.801606700119091,2.839732097601044,372744000
2017-02-06,2.885481834411621,2.8859737400820658,2.8040654642674765,2.8040654642674765,506768000
2017-02-07,2.9302492141723633,2.974277948664575,2.8999947799512436,2.9196724187887924,746224000
2017-02-08,2.9174580574035645,2.934675928799721,2.8626064699079588,2.9122926959847173,449580000
2017-02-09,2.8626065254211426,2.9285268128286113,2.8434210309653154,2.923607286862362,842568000
2017-02-10,2.794719696044922,2.9688667925269687,2.7696306220876172,2.949927127889385,1651092000
2017-02-13,2.665830373764038,2.80357382685647,2.6614027531545723,2.7890615525981803,1180724000
2017-02-14,2.675668954849243,2.709366956561339,2.6144221242131955,2.6562371559851132,850632000
2017-02-15,2.6810810565948486,2.700758697648405,2.650580783334632,2.678621527395143,373020000
2017-02-16,2.638035535812378,2.691903078890702,2.5989261016064082,2.690673197388687,647176000
2017-02-17,2.6375436782836914,2.6419712990807476,2.5775269558376817,2.62450735520154,563740000
2017-02-21,2.73199725151062,2.7359327329069387,2.661895389563736,2.662141459778002,551952000
2017-02-22,2.727809190750122,2.7534224446418536,2.708845396115706,2.7440637376528034,433772000
2017-02-23,2.4748780727386475,2.62018392124028,2.4549294629422524,2.598264971090411,1592888000
2017-02-24,2.4987685680389404,2.512067725939442,2.35691057060424,2.3906511093993688,1029904000
2017-02-27,2.571420907974243,2.5864440228198635,2.5012308335104962,2.516992855525954,715400000
2017-02-28,2.499260902404785,2.5908776557095834,2.482021298095385,2.5810261848219334,625360000
2017-03-01,2.531524181365967,2.5704366038153617,2.4901488908809335,2.556152157106279,504804000
2017-03-02,2.4381823539733887,2.532754470881611,2.4354733412815506,2.518716411268426,754332000
2017-03-03,2.424144983291626,2.43251840357658,2.369716694515599,2.4275929036804826,864692000
2017-03-06,2.4054276943206787,2.4160178367351186,2.3438574156919465,2.3879417107634335,883568000
2017-03-07,2.431779384613037,2.451235707231836,2.392620828443478,2.405427456405435,603400000
2017-03-08,2.4273462295532227,2.4948272845373403,2.42512974312433,2.4800503168915022,638712000
2017-03-09,2.426853895187378,2.4492653767794295,2.398777771874124,2.411338254085188,478060000
2017-03-10,2.4411375522613525,2.465026842784753,2.422912902181984,2.4532055052696786,499740000
2017-03-13,2.5083725452423096,2.5182237776418317,2.4507427300127476,2.451481637032486,774136000
2017-03-14,2.5066494941711426,2.5305385593746754,2.474386537827993,2.521180084843555,522016000
2017-03-15,2.5256121158599854,2.5364484009204826,2.4706913138019564,2.518223750358369,615036000
2017-03-16,2.5566439628601074,2.5571367242259133,2.522164759571124,2.53620282156962,523100000
2017-03-17,2.6123046875,2.6135361216434783,2.556644944626208,2.574130933668321,1119688000
2017-03-20,2.6955466270446777,2.699487308875962,2.613781354432952,2.629789757833636,748568000
2017-03-21,2.6083624362945557,2.7081064281075036,2.6004815443602918,2.67830635041675,913484000
2017-03-22,2.6615593433380127,2.666238696434738,2.5933393873543498,2.5972798334168785,616764000
2017-03-23,2.6374239921569824,2.6736273879086894,2.6278191390298433,2.6536785396582485,533940000
2017-03-24,2.6467831134796143,2.6916063164516815,2.6209237088064854,2.683725422133769,439500000
2017-03-27,2.66599178314209,2.6699322284173292,2.550978554042386,2.6002347071625436,506644000
2017-03-28,2.6522011756896973,2.6817548794675865,2.64185741459823,2.6672242908280603,432444000
2017-03-29,2.6435813903808594,2.6719036606428146,2.6413649036870304,2.659589558611368,349992000
2017-03-30,2.694315195083618,2.709092164780632,2.6450590208801814,2.6507234280673844,525532000
2017-03-31,2.682739734649658,2.7063828838261763,2.6696869613410694,2.684710075371682,440808000
2017-04-03,2.669194459915161,2.7004721218620387,2.6455513105168746,2.6832325211524077,445232000
2017-04-04,2.482020139694214,2.5716665100075917,2.4711838555960686,2.54654578768674,1271280000
2017-04-05,2.4635493755340576,2.521179191229485,2.450496369191422,2.4633029949015173,747048000
2017-04-06,2.481527805328369,2.4935955236463143,2.4236516107578203,2.468721180007149,635120000
2017-04-07,2.470938205718994,2.5054176433142326,2.4559150909792837,2.4879316612737292,429068000
2017-04-10,2.407890558242798,2.478326784023212,2.40370373044892,2.4716773235905585,756332000
2017-04-11,2.416510581970215,2.43572052755176,2.3729188094819387,2.377844310084594,618148000
2017-04-12,2.3965606689453125,2.430793716785944,2.39138878990797,2.4165095129978402,414092000
2017-04-13,2.351738214492798,2.3940985475602243,2.351738214492798,2.372425971953983,506892000
2017-04-17,2.443847417831421,2.4440935636431433,2.359372899763019,2.364544780272681,497292000
2017-04-18,2.4453248977661133,2.451482065887874,2.4037034746995816,2.429562876195133,370116000
2017-04-19,2.454929828643799,2.4869461613358403,2.4482801344731557,2.462810721487885,380828000
2017-04-20,2.4938430786132812,2.498522433717677,2.4482809615306964,2.469461249871015,404016000
2017-04-21,2.5041868686676025,2.506895882488209,2.4716777633322677,2.483499106717471,341896000
2017-04-24,2.53546404838562,2.548516823214267,2.5147765253189474,2.535710194209574,371820000
2017-04-25,2.5795483589172363,2.594078948268915,2.5285682232736106,2.549994653690903,388440000
2017-04-26,2.5618155002593994,2.5955557887595533,2.559845159856572,2.5930931568458986,327004000
2017-04-27,2.6017141342163086,2.610087556259433,2.5512265166026133,2.569205029511451,319700000
2017-04-28,2.568711757659912,2.6017133793960268,2.5630471161562958,2.5948175391710424,348248000
2017-05-01,2.6263420581817627,2.6315141746236863,2.572406520490901,2.5795487433183135,307732000
2017-05-02,2.5485172271728516,2.6007290393793023,2.525859359563262,2.5994976054484327,629972000
2017-05-03,2.5674805641174316,2.577085418222555,2.5268441912265933,2.5416209259840086,336904000
2017-05-04,2.557628870010376,2.5847197021151764,2.54974774266605,2.573637035601412,209788000
2017-05-05,2.557875633239746,2.565017855241396,2.5305384138896843,2.546054291677543,228428000
2017-05-08,2.5310311317443848,2.571174745044671,2.519702082044593,2.5696971654518155,365240000
2017-05-09,2.535217046737671,2.5842270639769613,2.5283212074044483,2.536694860807311,847672000
2017-05-10,2.9871432781219482,3.000196286790456,2.8080971017814176,2.814746561581942,2129096000
2017-05-11,3.1154561042785645,3.212244733816736,2.9531569817891117,2.9566049024707577,1939792000
2017-05-12,3.149688720703125,3.1918029050630983,3.0977235371048293,3.1186574389481483,962620000
2017-05-15,3.3078012466430664,3.3102641139026403,3.186384662235067,3.1908178702766903,1087540000
2017-05-16,3.3693714141845703,3.384887289540112,3.2844046102174786,3.3587812731950906,1120700000
2017-05-17,3.1455020904541016,3.3213467229028955,3.1413152631613324,3.302629307856595,1271368000
2017-05-18,3.2772629261016846,3.2861291084895776,3.129001632581832,3.189340479217032,1156032000
2017-05-19,3.3529512882232666,3.407683080633511,3.3337211100339594,3.3783448855894127,1018372000
2017-05-22,3.424447536468506,3.438746789150751,3.3857405454738827,3.396588481417014,836608000
2017-05-23,3.378344774246216,3.4463899636458977,3.345801433016775,3.444171142220138,681248000
2017-05-24,3.416311502456665,3.4779466221783353,3.404230836538623,3.4752345207913518,815996000
2017-05-25,3.4086685180664062,3.45230619160989,3.36379811398494,3.4515665062632386,608228000
2017-05-26,3.4969303607940674,3.5817402566336582,3.380316812794464,3.4005330786977535,779140000
2017-05-30,3.571631908416748,3.6066404689891876,3.526761503316545,3.5427865304355315,989652000
2017-05-31,3.5588126182556152,3.6241457075729717,3.502108174663116,3.616502917362551,887316000
2017-06-01,3.5590574741363525,3.5755757782189024,3.513694033056301,3.5745894528950632,503340000
2017-06-02,3.5413074493408203,3.582233023212177,3.535390436580805,3.5560997461215407,487456000
2017-06-05,3.649045467376709,3.661865583310814,3.513448394768166,3.525035780117917,817376000
2017-06-06,3.6325278282165527,3.690464761877934,3.619214665484136,3.6443616200235085,758728000
2017-06-07,3.6764118671417236,3.6951489978313856,3.641403302313402,3.656935286118038,612612000
2017-06-08,3.9431684017181396,3.9446475373302308,3.7422377861185647,3.7834099996465405,1161744000
2017-06-09,3.6882450580596924,4.154206582673078,3.5193647501734735,4.061507510996559,3692928000
2017-06-12,3.6973676681518555,3.740019255725093,3.503587015872353,3.596532744954067,1697532000
2017-06-13,3.732623338699341,3.815707462736978,3.5908623599114966,3.8065853022694447,1672504000
2017-06-14,3.7405128479003906,3.798203381837373,3.6611269094122627,3.7355821596367185,1184640000
2017-06-15,3.756537437438965,3.7868617173313996,3.6118179657780725,3.623158946445584,963824000
2017-06-16,3.738046407699585,3.8139810091092814,3.704023938716276,3.766152099339197,924960000
2017-06-19,3.878575086593628,3.8837524143273754,3.7784796135025065,3.782177570386992,778176000
2017-06-20,3.872904062271118,3.9875454157562062,3.8687130605937354,3.920732972521884,1095444000
2017-06-21,3.9315805435180664,3.935278735003519,3.8386348272812594,3.900516581469748,682652000
2017-06-22,3.9044620990753174,3.9530307045409057,3.8805476390902474,3.9397173061002637,469132000
2017-06-23,3.7925314903259277,3.927882132425471,3.777492321097735,3.912103513081234,1088588000
2017-06-26,3.751112699508667,3.8608231161890565,3.6569342622844183,3.825321280918394,1063960000
2017-06-27,3.6137900352478027,3.742237591428163,3.6081196630174825,3.7336087130082625,999492000
2017-06-28,3.7412526607513428,3.745936944076896,3.5933282458972347,3.681343303300948,994948000
2017-06-29,3.6162564754486084,3.715858682030108,3.552155882516399,3.712900410158806,1064424000
2017-06-30,3.5639894008636475,3.6470735195796826,3.5378561221156817,3.63351371740465,731060000
2017-07-03,3.4350481033325195,3.590861665171587,3.4165576160174305,3.5760693693672363,709072000
2017-07-05,3.526761770248413,3.5556069152935326,3.4794259004335344,3.498409435323804,820188000
2017-07-06,3.5373635292053223,3.5842063630301317,3.445650513143266,3.497670675687758,746284000
2017-07-07,3.618227481842041,3.6364715631740046,3.5711382606164084,3.59406662356931,654972000
2017-07-10,3.7893269062042236,3.7967230542961623,3.665563628924915,3.69169690496112,958492000
2017-07-11,3.8430733680725098,3.8507161573913433,3.7511137262958276,3.793025629895059,757956000
2017-07-12,4.006529331207275,4.0186097624409305,3.8598379102742273,3.9027359024782537,1145208000
2017-07-13,3.960179090499878,4.0999673832776,3.913829554669175,4.018609055438902,1369132000
2017-07-14,4.066685676574707,4.06816457721264,3.9695484731477424,3.9764515769203514,941948000
2017-07-17,4.049428939819336,4.129554818421563,3.987793793275731,4.100709426886545,930792000
2017-07-18,4.091585159301758,4.106131048495872,3.9766969460015016,3.988530969454095,776640000
2017-07-19,4.070385456085205,4.1270896825325964,4.058305019073997,4.100709751201661,687044000
2017-07-20,4.12955379486084,4.129800199957151,4.041045930695615,4.090847033996994,699596000
2017-07-21,4.144345760345459,4.173930827871632,4.0947910661383045,4.109090554629179,648332000
2017-07-24,4.096269607543945,4.1611098676556795,4.085668548539833,4.151494898996299,652524000
2017-07-25,4.076547145843506,4.090846634090149,4.032909465886904,4.073341998949852,496556000
2017-07-26,4.123635292053223,4.189461637384372,4.0888729062361335,4.133989945224576,640404000
2017-07-27,3.9875457286834717,4.1601242552817865,3.884491752001227,4.148536634363002,782856000
2017-07-28,4.05288028717041,4.077288033438796,3.926898368152271,3.9517986895909902,513348000
2017-07-31,4.006529331207275,4.1024335658994335,3.959933382163176,4.066438677257495,559672000
2017-08-01,4.055345058441162,4.057070834638911,3.9693026536566,3.9971614779234796,431384000
2017-08-02,4.05288028717041,4.090354559699458,3.9759600307145035,4.086410196426185,478444000
2017-08-03,4.104406356811523,4.108104313777483,4.0353748486019745,4.052386203027276,442420000
2017-08-04,4.122403144836426,4.192913542453255,4.1044057027706895,4.127087191564323,589096000
2017-08-07,4.249126434326172,4.24961924455757,4.141880958912096,4.151496401289596,717412000
2017-08-08,4.19858455657959,4.303610477857931,4.159384522329569,4.287092404837844,755336000
2017-08-09,4.2432074546813965,4.245672915412844,4.133743443445588,4.152480568813749,530784000
2017-08-10,4.061507701873779,4.256767697895053,4.051399452891337,4.244440392951123,1328088000
2017-08-11,3.845045804977417,3.9199940971363216,3.769851107732093,3.874137593291156,1497196000
2017-08-14,4.151741027832031,4.155438983938421,3.9249238052816384,3.9365111889789413,1279020000
2017-08-15,4.116732120513916,4.183051274741345,4.0824630155280035,4.156918237246325,764532000
2017-08-16,4.071615695953369,4.15519308801055,4.039319236840992,4.131771912736308,596632000
2017-08-17,3.9808897972106934,4.0802456011372135,3.978671210812387,4.063234714541467,525444000
2017-08-18,3.9816291332244873,4.052140016111934,3.9357726304469955,4.035128660770805,601204000
2017-08-21,3.923691987991333,4.017377404770563,3.879807903806571,4.006036658563477,623672000
2017-08-22,4.011044025421143,4.016966248418415,3.9409650141570314,3.960212121234989,450456000
2017-08-23,4.091240406036377,4.102344515279784,3.9690952043589016,3.9777321521283993,579520000
2017-08-24,4.0761871337890625,4.1277598342767945,4.049784463959073,4.123317814991696,469700000
2017-08-25,4.042135238647461,4.110487180081496,4.03571930187474,4.100370030956905,357200000
2017-08-28,4.0707597732543945,4.073967742313019,4.005615786555115,4.06113633673126,389496000
2017-08-29,4.0640974044799805,4.085812381504118,4.003888679550643,4.012031913597884,324096000
2017-08-30,4.08828067779541,4.099384790156662,4.053487666889398,4.08383865632864,384400000
2017-08-31,4.181059837341309,4.185007671842753,4.1011105408551645,4.108512965871701,612684000
2017-09-01,4.206228256225586,4.241761584966242,4.185007001893187,4.193643947450947,445432000
2017-09-05,4.093954086303711,4.159838395825466,4.03596638674128,4.154903132264048,695364000
2017-09-06,4.091485023498535,4.140590078650337,4.056692510060521,4.12677172203354,397672000
2017-09-07,4.110488414764404,4.142813318362402,4.070266898819947,4.108267404294566,352868000
2017-09-08,4.039175510406494,4.113696325832168,4.0149933681349115,4.098890999840786,498856000
2017-09-11,4.170204162597656,4.180815031397886,4.079397340482832,4.08482632125953,567444000
2017-09-12,4.185254096984863,4.1948775303631205,4.120110131574225,4.1948775303631205,411488000
2017-09-13,4.204007148742676,4.2328774449555775,4.127759087283436,4.160083972991174,580960000
2017-09-14,4.18007230758667,4.258047676168205,4.140591144050647,4.165019896311736,513712000
2017-09-15,4.444350719451904,4.444350719451904,4.260269492191347,4.265451378809329,1364792000
2017-09-18,4.6279377937316895,4.71800471658635,4.561560232770174,4.568469414273191,1684460000
2017-09-19,4.623000144958496,4.684689496364284,4.5556351962580734,4.577596778558617,874280000
2017-09-20,4.585742473602295,4.674081632462228,4.545520964361181,4.626704319543304,724920000
2017-09-21,4.460389614105225,4.508260639988848,4.3826608525460555,4.482104117027129,1075600000
2017-09-22,4.4169602394104,4.498637308225439,4.407090181728481,4.449038985845202,491232000
2017-09-25,4.219552516937256,4.38734765934742,4.198824981365939,4.386113608523896,874580000
2017-09-26,4.243241786956787,4.409063046426335,4.203514002396571,4.354036228991881,1125620000
2017-09-27,4.336270809173584,4.3495959289377035,4.262736969751906,4.333556554946413,713720000
2017-09-28,4.335036277770996,4.347373965426331,4.287658502912653,4.343425660637264,435244000
2017-09-29,4.41128396987915,4.434972384589237,4.373776724939129,4.418933486166986,619092000
2017-10-02,4.4169602394104,4.490494075284112,4.367609009695415,4.461376675610774,503480000
2017-10-03,4.426088333129883,4.455946055341304,4.3819185398781375,4.42312698777207,390332000
2017-10-04,4.4631028175354,4.485311029895976,4.395737843954646,4.432258130440443,427848000
2017-10-05,4.460635185241699,4.490986628433252,4.430777456600264,4.487532038540155,437364000
2017-10-06,4.4737138748168945,4.487038992476936,4.41695975507425,4.432999126532874,318800000
2017-10-09,4.5746378898620605,4.607703591995316,4.491727247865102,4.510480873474691,563492000
2017-10-10,4.661991596221924,4.7611882642107135,4.620783119146017,4.723681000800631,974876000
2017-10-11,4.711587429046631,4.7130681019880605,4.6326251084078764,4.6785217337191884,529508000
2017-10-12,4.713809490203857,4.764641389559843,4.686666009933324,4.715043070828581,528292000
2017-10-13,4.801655292510986,4.81177244288442,4.729108885804572,4.775992483557607,628728000
2017-10-16,4.884071350097656,4.887032696334766,4.768342108586349,4.831512160915083,576640000
2017-10-17,4.879631996154785,4.9080090668765886,4.845086078867864,4.863345996483404,478596000
2017-10-18,4.875434875488281,4.889253236190173,4.770316497105285,4.888513370283382,567316000
2017-10-19,4.880864143371582,4.885798936306451,4.748848901647853,4.797953503581448,570772000
2017-10-20,4.858656406402588,4.925033966777259,4.849772836939612,4.897890955677958,451620000
2017-10-23,4.851747512817383,4.906774345609747,4.831513211306817,4.880371198967552,428696000
2017-10-24,4.902580738067627,4.9043080339956955,4.834969104131193,4.860878543052223,407244000
2017-10-25,4.778707027435303,4.915904650176435,4.717264726082027,4.863098355682998,828160000
2017-10-26,4.828797817230225,4.840395168035618,4.782407472703444,4.806342981512302,322744000
2017-10-27,4.981047630310059,4.981294252288455,4.854954142760017,4.880864040723219,572192000
2017-10-30,5.029906272888184,5.085426347121226,4.965255536418178,4.981048287519275,504056000
2017-10-31,5.10319185256958,5.129841613910567,5.056061173323955,5.061736772850843,411908000
2017-11-01,5.112815856933594,5.181167798233534,5.04865884259544,5.165868763585285,502576000
2017-11-02,5.081725120544434,5.127868851709636,5.025217617115734,5.083205793911416,342308000
2017-11-03,5.149583339691162,5.149583339691162,5.066919783838081,5.112816422204503,353640000
2017-11-06,5.1727776527404785,5.181414128159518,5.100477881188919,5.112815568743943,389944000
2017-11-07,5.23199987411499,5.2534682242757045,5.183388985396631,5.195480052078543,427700000
2017-11-08,5.161180019378662,5.231259248075691,5.11380271815011,5.227557565489611,522988000
2017-11-09,5.066424369812012,5.091346833343876,4.944279683378447,5.065190789525398,978564000
2017-11-10,5.3334174156188965,5.395847135690715,5.222129715141216,5.2579096705055335,1253256000
2017-11-13,5.2468061447143555,5.358833723577544,5.231507108144709,5.333418007285244,582376000
2017-11-14,5.285053253173828,5.300352289707835,5.2122597539573094,5.255935853487221,529292000
2017-11-15,5.18141508102417,5.231260496305435,5.12762230156524,5.230026444931423,501948000
2017-11-16,5.221634864807129,5.285545244198986,5.212751768720923,5.255440895626243,441768000
2017-11-17,5.215466499328613,5.313922784348469,5.20041455899074,5.278636548053439,515664000
2017-11-20,5.282585620880127,5.294676687560919,5.194246000338361,5.231012915014764,396100000
2017-11-21,5.331197261810303,5.3427950861461415,5.290482506927567,5.322314162365672,399176000
2017-11-22,5.307243824005127,5.358358296491548,5.274649210791069,5.358358296491548,356640000
2017-11-24,5.357370853424072,5.358358968719019,5.299095600004465,5.323541798471674,180752000
2017-11-27,5.2877373695373535,5.367248629963366,5.284527172043773,5.366014192224124,422896000
2017-11-28,5.203041076660156,5.302306646429887,5.142049673860766,5.292923317462311,512752000
2017-11-29,4.850179672241211,5.188472152809102,4.722023267140362,5.185756012818744,1396788000
2017-11-30,4.956111431121826,5.004756565350237,4.855858700600845,4.918825384343876,823768000
2017-12-01,4.881291389465332,4.941789189353718,4.752641429319346,4.921540834628558,811548000
2017-12-04,4.609175205230713,4.945986323495465,4.5558386577001135,4.939812723853701,1240844000
2017-12-05,4.6358442306518555,4.758321063604663,4.459043197291908,4.503984071058407,981488000
2017-12-06,4.673377990722656,4.695107578798248,4.564235050733378,4.585471052136598,467032000
2017-12-07,4.74078893661499,4.780544796670754,4.694613153463657,4.740048085684807,542600000
2017-12-08,4.728443622589111,4.809683383143502,4.720047938340991,4.790669461412274,466876000
2017-12-11,4.806719779968262,4.809683184158977,4.726714931514254,4.742518183932446,372748000
2017-12-12,4.712392330169678,4.7864713030833475,4.688934247785812,4.763260014025102,455016000
2017-12-13,4.597322940826416,4.754616458388995,4.58991490318919,4.753382020939242,554280000
2017-12-14,4.604485511779785,4.6753543061397345,4.558309714871157,4.590904339632571,438164000
2017-12-15,4.730170249938965,4.750418601483884,4.5834945108112315,4.648436934932598,670036000
2017-12-18,4.886724948883057,4.889687882002822,4.741036806785302,4.770668021901644,477704000
2017-12-19,4.842523097991943,4.88252574531986,4.814126328517144,4.877340260571755,373100000
2017-12-20,4.859562397003174,4.890922106148219,4.804003282361591,4.881786042859807,288820000
2017-12-21,4.83709192276001,4.887959137740349,4.828696239545288,4.863019352411665,300904000
2017-12-22,4.821781635284424,4.8311649616097,4.722516093467407,4.800298843351743,466276000
2017-12-26,4.875365734100342,4.883020566518192,4.736591577211188,4.766470055877033,355080000
2017-12-27,4.86870002746582,4.937840333606271,4.847464490083509,4.862033308346618,329488000
2017-12-28,4.874377727508545,4.923269651424748,4.868204597560567,4.892403530705232,240248000
2017-12-29,4.778076171875,4.900553025610104,4.778076171875,4.900553025610104,279964000
2018-01-02,4.922529697418213,4.92623395284566,4.802769447470879,4.834375953920352,355616000
2018-01-03,5.246501445770264,5.276873990114736,5.031179378860738,5.039821857906779,914704000
2018-01-04,5.274157524108887,5.38428814309975,5.251933871383639,5.327741366651255,583268000
2018-01-05,5.318850994110107,5.3561370440293965,5.2121773888911465,5.288972512914284,580124000
2018-01-08,5.481822490692139,5.555900982061129,5.39737255839111,5.442313899164735,881216000
2018-01-09,5.480342864990234,5.52676545407122,5.398856305224729,5.487256847577626,497000000
2018-01-10,5.5233073234558105,5.526764314036415,5.333665957208936,5.387990162186952,582664000
2018-01-11,5.53318452835083,5.587261938234885,5.511701263608485,5.555901759718004,406032000
2018-01-12,5.506021976470947,5.555654749671344,5.46552573671378,5.521331639654908,359916000
2018-01-16,5.435153484344482,5.617880865788269,5.350704010135814,5.532443747287633,702348000
2018-01-17,5.548988342285156,5.5588652570627,5.355889972136408,5.449722781931612,538408000
2018-01-18,5.542073726654053,5.596397929165241,5.498614082057329,5.529726995869949,408632000
2018-01-19,5.682082653045654,5.706281587472886,5.605288008141734,5.632203082211665,609380000
2018-01-22,5.770483016967773,5.7722115122356215,5.6324497178900605,5.689984119368288,550944000
2018-01-23,5.899381160736084,5.922098396043224,5.805301079848276,5.8238204730048055,475228000
2018-01-24,5.822585582733154,5.93839524547815,5.767026465621453,5.9025904287862,579972000
2018-01-25,5.836164474487305,5.920120336244772,5.8213488727005425,5.876907497145773,409884000
2018-01-26,6.008522033691406,6.008768826993045,5.867031760221254,5.8798720766002095,516356000
2018-01-29,6.09544038772583,6.126553767643767,5.9413570737122265,5.993952772771819,455116000
2018-01-30,5.993459701538086,6.084823626143927,5.887033377530123,5.953704311352254,570832000
2018-01-31,6.06951379776001,6.155198176737527,6.036178331753405,6.068772946829248,478576000
2018-02-01,5.938642978668213,6.0966778780162905,5.87839242349975,5.88975104206828,519224000
2018-02-02,5.766286849975586,5.876170670018066,5.708258844986606,5.852218522642352,718464000
2018-02-05,5.276872158050537,5.759124205306844,5.062043752540937,5.605287660717667,1165204000
2018-02-06,5.570225715637207,5.573188649505706,5.037352585786072,5.047229973973984,1114800000
2018-02-07,5.649735450744629,5.802090790643219,5.5978805855485,5.668996165660121,802932000
2018-02-08,5.3711981773376465,5.808262016728006,5.370950913075161,5.775173819591477,1144000000
2018-02-09,5.730727672576904,5.898886243549443,5.371199240991339,5.883082992680038,1674604000
2018-02-12,5.6307220458984375,5.814684364116072,5.556643531879623,5.811720959806684,1093172000
2018-02-13,5.74431037902832,5.790486177336943,5.562076532711806,5.594424365063581,625524000
2018-02-14,5.961359024047852,5.99024985565589,5.692947269878567,5.704059091960149,744988000
2018-02-15,6.086799621582031,6.132975411384869,5.963829181989082,6.044574880316106,698900000
2018-02-16,6.021116733551025,6.1732248004750225,6.011980198829314,6.059637690216526,637656000
2018-02-20,6.150507926940918,6.219400953963212,6.0398832723629265,6.043587527726283,686240000
2018-02-21,5.963582515716553,6.22187062410018,5.959878731140292,6.214956641701972,892292000
2018-02-22,5.983101844787598,6.069086435851359,5.917625143276872,5.997432767055689,534364000
2018-02-23,6.076498508453369,6.076498508453369,5.992243494996273,6.042895376009771,415300000
2018-02-26,6.092558860778809,6.127150250558239,6.030293887903493,6.122702853482647,469312000
2018-02-27,6.079710483551025,6.150128938266392,6.056731715809551,6.065873456547653,455436000
2018-02-28,5.979395389556885,6.130115361349495,5.967782295909265,6.090582207639398,523116000
2018-03-01,5.73750114440918,6.031034996811385,5.636444334778007,5.9771709264830095,1040120000
2018-03-02,5.84448766708374,5.850912051592276,5.48152360924925,5.630020109064844,913428000
2018-03-05,5.822497367858887,5.86203051741551,5.671035629274928,5.79432989276352,620776000
2018-03-06,5.983348369598389,6.002621052844354,5.8647489095100385,5.907741202010256,636808000
2018-03-07,5.975441932678223,6.027576438597915,5.879326875382771,5.8805620802642675,581208000
2018-03-08,5.959134101867676,6.002867703637452,5.9149061354144825,6.002867703637452,411912000
2018-03-09,6.061674118041992,6.074521945773585,5.9905143444255415,6.006574364726223,505524000
2018-03-12,6.171131610870361,6.251186182577723,6.094783125334736,6.102937080439439,605060000
2018-03-13,6.120478630065918,6.28824780511237,6.07921591098693,6.213875849328938,619772000
2018-03-14,6.145928859710693,6.190650721838629,6.083663883882365,6.163471502138722,505496000
2018-03-15,6.16075325012207,6.241796067659434,6.118749218602539,6.159518045344583,401952000
2018-03-16,6.188920021057129,6.207945282860681,6.139503352684651,6.177059982945952,399456000
2018-03-19,5.954686164855957,6.160999750634975,5.855853295283005,6.132091436720975,713772000
2018-03-20,6.166682720184326,6.2054745560434075,5.957650839295235,5.957650839295235,554696000
2018-03-21,6.141481876373291,6.226478209071581,6.111090462200979,6.160259724929546,438688000
2018-03-22,5.975689888000488,6.124680787800747,5.9383806619957715,6.078229347549368,551196000
2018-03-23,5.756280899047852,5.991750289700514,5.745162168319159,5.989279408286088,735620000
2018-03-26,6.0406718254089355,6.04190703031936,5.828675128842676,5.880562217983335,611424000
2018-03-27,5.572204113006592,6.177062014118541,5.432108486023023,6.121468361736988,1409000000
2018-03-28,5.4691691398620605,5.667823135106281,5.361688424687533,5.5378580189014475,945904000
2018-03-29,5.722182750701904,5.818791705378914,5.45310978014229,5.537364800411296,916628000
2018-04-02,5.461758136749268,5.7977904621686305,5.374043968981618,5.651764813725796,922092000
2018-04-03,5.568002700805664,5.691543919765226,5.4691698198924845,5.628538105455683,667432000
2018-04-04,5.589993476867676,5.60037089451131,5.287564328501111,5.312519614444952,789168000
2018-04-05,5.469911098480225,5.661399892464157,5.398504383685218,5.6483046477489145,701240000
2018-04-06,5.293740272521973,5.475345988736697,5.264584541555635,5.367370911236592,662988000
2018-04-09,5.322403430938721,5.484489560749731,5.3023894347219755,5.356747878247084,499524000
2018-04-10,5.631256103515625,5.658187905325075,5.495360475784139,5.552436743111283,761676000
2018-04-11,5.589993476867676,5.657694109546889,5.557378601052719,5.61643138569557,460244000
2018-04-12,5.796553134918213,5.814343192923242,5.638667489395287,5.682895452087172,593920000
2018-04-13,5.719958782196045,5.868455297300609,5.671777778510735,5.860054395742504,503036000
2018-04-16,5.719710826873779,5.75306700922149,5.625572299221727,5.7266291042846555,350792000
2018-04-17,5.869195461273193,5.890444657744426,5.716251578561338,5.771845214741535,447224000
2018-04-18,5.840285301208496,5.911445044511329,5.751335975534092,5.818789163116028,391364000
2018-04-19,5.659176826477051,5.759492344992151,5.603830593515571,5.72613615440308,471996000
2018-04-20,5.651021480560303,5.734782113922835,5.619889234776296,5.650527115954983,386200000
2018-04-23,5.53168249130249,5.7199591196415245,5.505738944906398,5.668813338356715,427508000
2018-04-24,5.4654622077941895,5.653244393451226,5.400232477480928,5.55737678493813,414596000
2018-04-25,5.353288650512695,5.474853363683221,5.196144285664577,5.435814101385799,588492000
2018-04-26,5.564791679382324,5.572945635300456,5.448910025546633,5.514881099364663,375824000
2018-04-27,5.592216491699219,5.690308529277498,5.549965513069116,5.670541953739788,400848000
2018-04-30,5.556883811950684,5.658187570873458,5.537611601019302,5.608523949501842,327844000
2018-05-01,5.6122307777404785,5.614948605436822,5.49017170794247,5.548730597497608,253788000
2018-05-02,5.5917229652404785,5.65324615876647,5.565532003516295,5.608771714342306,268248000
2018-05-03,5.756772994995117,5.782963952791854,5.578379465520611,5.6235956858680325,443144000
2018-05-04,5.9067535400390625,5.909965732782992,5.710817323017908,5.728113020450745,400660000
2018-05-07,6.144444942474365,6.201521197566063,6.0013841203822285,6.011267642290091,687616000
2018-05-08,6.186945915222168,6.189663743499637,6.095772131271392,6.144694454083227,506616000
2018-05-09,6.319875240325928,6.322099174849618,6.17977961841624,6.206958841101183,596760000
2018-05-10,6.4273552894592285,6.4364970300968425,6.3549598480978355,6.372749907244618,994080000
2018-05-11,6.288990497589111,6.418956130651816,6.19040501233881,6.245751249672312,1214456000
2018-05-14,6.309497356414795,6.386834567735954,6.285777746273571,6.32704047074805,523140000
2018-05-15,6.067356109619141,6.248714900336522,5.967040608795675,6.245996601499489,963528000
2018-05-16,6.078474521636963,6.140492072807018,5.991995581112506,6.028810902853696,553828000
2018-05-17,6.120478630065918,6.214122796023594,6.064143679711127,6.080204169037876,519784000
2018-05-18,6.07674503326416,6.23561894338696,6.071803271734639,6.172366186643895,483716000
2018-05-21,6.034740447998047,6.177801273600722,5.942084548563364,6.174095188430463,640624000
2018-05-22,5.996689796447754,6.073285206388353,5.936154402750137,6.0480829794787345,518264000
2018-05-23,6.120060920715332,6.121297360963063,5.939826412201038,5.94056818203692,442956000
2018-05-24,6.123767852783203,6.166045422502109,6.063195498728799,6.116351099302723,437372000
2018-05-25,6.163079738616943,6.17939726015594,6.100776731775564,6.136378382604383,292112000
2018-05-29,6.146020889282227,6.214010960221167,6.099293630790483,6.14503201996083,352684000
2018-05-30,6.254805564880371,6.263458762327375,6.154922673455589,6.179646296831554,390996000
2018-05-31,6.235024929046631,6.309442876795593,6.212279522885315,6.222910456179272,493868000
2018-06-01,6.3692731857299805,6.375454443154054,6.271120967026768,6.279774161543991,421968000
2018-06-04,6.548025608062744,6.570029246817029,6.371252370342508,6.40339274467173,642024000
2018-06-05,6.553463935852051,6.591043794732279,6.5064891122517645,6.551238626485291,391712000
2018-06-06,6.555441856384277,6.5586560350376475,6.447152895468389,6.463470416586725,371356000
2018-06-07,6.499816417694092,6.563602983253326,6.409575116074997,6.551735605576277,369448000
2018-06-08,6.4844865798950195,6.527010792002189,6.408337979971783,6.427127912611173,360456000
2018-06-11,6.44344425201416,6.513411580308076,6.430588009495123,6.471876245199073,265372000
2018-06-12,6.491903781890869,6.50401825768936,6.4197111260347945,6.469900140192411,319160000
2018-06-13,6.487451553344727,6.568297380275118,6.4783036887804855,6.493385239607516,338208000
2018-06-14,6.5989556312561035,6.655572522514355,6.517615122268855,6.532449575844525,430016000
2018-06-15,6.558160781860352,6.613047027250425,6.510938861735974,6.541843262192052,432260000
2018-06-18,6.553958892822266,6.571512382860502,6.486958168246381,6.5141537228346875,356268000
2018-06-19,6.432319164276123,6.518109821084411,6.304993169028046,6.4508615239808345,594932000
2018-06-20,6.485228538513184,6.538136587845209,6.435039526343012,6.473361162652067,369780000
2018-06-21,6.356666088104248,6.535417081326621,6.349001760839848,6.517121818613466,359516000
2018-06-22,6.2043681144714355,6.390783883407651,6.189039933407088,6.377432969323854,434160000
2018-06-25,5.911888122558594,6.101764664828243,5.823377972128069,6.098056287817744,665816000
2018-06-26,5.982845306396484,6.073333681598857,5.931420332231238,6.025122886209886,478884000
2018-06-27,5.827828407287598,6.092617101969401,5.8223889196307805,6.026358153449965,453892000
2018-06-28,5.954909324645996,5.966776701601703,5.810276434289649,5.81794076225838,338012000
2018-06-29,5.857003688812256,6.032540504475527,5.855767248384286,6.01993183011891,392300000
2018-07-02,5.98902702331543,5.99273540122519,5.7670095879044485,5.787530159257591,357572000
2018-07-03,5.855520248413086,6.02957399870947,5.847114150989946,6.023640310620422,222732000
2018-07-05,6.001140594482422,6.006084940429795,5.871836398792618,5.910652225971076,306216000
2018-07-06,6.114869117736816,6.1232752139489,5.955402275391055,5.976664615349915,296352000
2018-07-09,6.162339210510254,6.198683110054865,6.0837186662877025,6.189041043467061,303880000
2018-07-10,6.261232376098633,6.283236013497181,6.134400582636994,6.174699951455548,360016000
2018-07-11,6.119814395904541,6.2031326513136,6.109182989343728,6.1685198661477685,367508000
2018-07-12,6.211289882659912,6.259253573001559,6.155167668185411,6.165057302779608,345508000
2018-07-13,6.164069175720215,6.229833938341683,6.122039163547,6.229833938341683,246988000
2018-07-16,6.136377811431885,6.189286319689047,6.124016239608383,6.136377811431885,197036000
2018-07-17,6.272110939025879,6.287192493015592,6.061713782436663,6.087179171672873,362136000
2018-07-18,6.222912788391113,6.278540827604333,6.171982469066352,6.264695710567075,277640000
2018-07-19,6.2310686111450195,6.264692991141211,6.189039079277233,6.204120158833194,235752000
2018-07-20,6.202883243560791,6.267411542562682,6.192004741601009,6.228595723419436,222352000
2018-07-23,6.166294574737549,6.178161950133588,6.014739146335825,6.176431310870159,301584000
2018-07-24,6.14898681640625,6.3007893105404325,6.131432856658911,6.214256895024077,354620000
2018-07-25,6.227113246917725,6.239722389643722,6.1005285639903235,6.158381889327705,319112000
2018-07-26,6.300543308258057,6.337381404239805,6.190276591331266,6.207088785521427,325124000
2018-07-27,6.2308220863342285,6.344055865179182,6.176924705176644,6.337133309027177,295420000
2018-07-30,6.035754203796387,6.250849079466511,6.000893848582832,6.24491539195008,340340000
2018-07-31,6.053802490234375,6.128467548823555,5.986554659084164,6.0253704923974,283988000
2018-08-01,6.093607425689697,6.140335158681855,6.029820870594712,6.085201800147668,283556000
2018-08-02,6.1962103843688965,6.20016586196513,5.963561999832719,6.022403737369431,269668000
2018-08-03,6.2328009605407715,6.256535712566218,6.203874762019097,6.220686485067241,214288000
2018-08-06,6.280516624450684,6.283977902639579,6.173711199442598,6.22019135556885,207508000
2018-08-07,6.35270881652832,6.371251646403029,6.3025202863527126,6.329221640708941,258132000
2018-08-08,6.389053821563721,6.434050917562764,6.319086475542761,6.353946834601346,262100000
2018-08-09,6.340595245361328,6.409573714626693,6.33293091860253,6.406854206079471,204280000
2018-08-10,6.299306869506836,6.331694815070367,6.247634793517938,6.2587603984752835,256396000
2018-08-13,6.332187175750732,6.452838156076515,6.30622759557409,6.307958234252533,375208000
2018-08-14,6.463470935821533,6.477563620207169,6.3544401963372685,6.437511348221425,466220000
2018-08-15,6.405372142791748,6.518111280632941,6.326751124209985,6.484239789289818,591136000
2018-08-16,6.364823818206787,6.477563403260773,6.304745648022211,6.4750909943011195,801260000
2018-08-17,6.05281400680542,6.254310885221484,6.02586507548696,6.253569115273911,1143188000
2018-08-20,6.127478122711182,6.2599960342789815,5.901999427630956,6.012266602031291,854388000
2018-08-21,6.262962818145752,6.267412965369303,6.124016555623853,6.143795354500337,673988000
2018-08-22,6.497835636138916,6.502780453475233,6.2268661536883085,6.230327431510983,749856000
2018-08-23,6.597225666046143,6.662495759442093,6.445423137541601,6.459268251708762,720684000
2018-08-24,6.7302374839782715,6.7448243663700636,6.601180851927682,6.6056309993149815,531512000
2018-08-27,6.821219444274902,6.89538981824328,6.728506241032562,6.759904840909922,505776000
2018-08-28,6.783641338348389,6.838033400094436,6.663732080296084,6.815287517358268,475384000
2018-08-29,6.889019966125488,6.914004340322926,6.755192460651555,6.775971488084471,420108000
2018-08-30,6.872200012207031,6.968922064318232,6.835341765555251,6.857852383301976,346608000
2018-08-31,6.943194389343262,6.956057664812607,6.8422670058694015,6.852162050917383,306592000
2018-09-04,7.0179009437561035,7.055500891753382,6.901636512569428,6.9300840620367445,391720000
2018-09-05,6.887288570404053,7.03571095061915,6.80639850765602,7.000337059306588,393156000
2018-09-06,6.7462873458862305,6.873435753245805,6.713387216582884,6.870961991910118,322796000
2018-09-07,6.7250142097473145,6.8504310381064135,6.609491955441947,6.654265952838491,295420000
2018-09-10,6.7960100173950195,6.825694686641503,6.703741015834612,6.747525608084543,220140000
2018-09-11,6.748268127441406,6.837321196072162,6.728972973493155,6.749752007112938,243112000
2018-09-12,6.634476661682129,6.727982773823479,6.479127925219623,6.708440387526192,419092000
2018-09-13,6.712149620056152,6.802687007359959,6.682959900984516,6.700275756057239,305536000
2018-09-14,6.838061809539795,6.904109774042702,6.7655824430713984,6.802440684590151,386936000
2018-09-17,6.776219367980957,6.8615624842390135,6.7569246897619335,6.812583141273332,205528000
2018-09-18,6.704235076904297,6.882836607123447,6.697556439574552,6.780178095532601,299520000
2018-09-19,6.7279815673828125,6.745792364554479,6.635712588493468,6.685681336944088,224860000
2018-09-20,6.586981296539307,6.648328976373774,6.533054429241362,6.606028740721624,430584000
2018-09-21,6.5169758796691895,6.6443720124459675,6.483828510832966,6.598855835085795,435128000
2018-09-24,6.572634220123291,6.576097392083278,6.398980209241398,6.4860544493018315,293912000
2018-09-25,6.639670372009277,6.664654746773195,6.553090617254046,6.6386809618931375,280388000
2018-09-26,6.602812767028809,6.684939948246591,6.586981260005063,6.644618533251586,268548000
2018-09-27,6.614686012268066,6.659212770347407,6.583270235767039,6.637938801426124,214428000
2018-09-28,6.951605319976807,6.973868701782201,6.718582458478351,6.746535538948417,709396000
2018-10-01,7.157911777496338,7.224701442580999,6.990689200657039,7.029279026081492,622060000
2018-10-02,7.086669445037842,7.242017693488077,7.064406064856786,7.130454029817686,383964000
2018-10-03,7.092854022979736,7.164343983919293,6.98895840006214,7.156922699488836,320552000
2018-10-04,6.908810615539551,7.080980264928115,6.831878189445557,7.056738062634952,391220000
2018-10-05,6.675539016723633,6.946162256589947,6.618148985182396,6.884072409171846,426636000
2018-10-08,6.574363708496094,6.707696258236478,6.433609876142793,6.592421738214711,408612000
2018-10-09,6.568676471710205,6.6483294254898,6.5008969131554855,6.553833901990986,273500000
2018-10-10,6.0776448249816895,6.508564304974288,6.075418298363033,6.462800430668301,684940000
2018-10-11,5.8164238929748535,6.123905495761968,5.794902681435735,5.990572406264175,725436000
2018-10-12,6.098670959472656,6.1728823781893505,5.928232921817246,6.073192116198131,608236000
2018-10-15,5.822604656219482,6.085312095937004,5.8216152463100945,6.085312095937004,449760000
2018-10-16,6.0811076164245605,6.092239305179087,5.885932447295425,5.9351590180081795,408712000
2018-10-17,6.0125861167907715,6.1812930397813375,5.963606778855773,6.143197684617434,329668000
2018-10-18,5.925264835357666,6.120192798270936,5.86490656711467,6.0818506761808315,524020000
2018-10-19,5.66898775100708,5.99996920372213,5.632624458561426,5.980427295761651,613608000
2018-10-22,5.719699859619141,5.821121713091837,5.61704136141607,5.721184210752967,368844000
2018-10-23,5.468371868133545,5.545798757805471,5.360765373271096,5.452787124542647,626436000
2018-10-24,4.932814121246338,5.476534356991268,4.918961436491268,5.430028780507337,884288000
2018-10-25,5.141347885131836,5.188595640562211,4.791071213211139,4.835350738187719,951720000
2018-10-26,4.905109882354736,5.0671372618805215,4.777219281634541,4.90560435159757,664784000
2018-10-29,4.5916900634765625,5.049572695252985,4.353966966959288,5.046109524275561,758016000
2018-10-30,5.021620750427246,5.031515796486237,4.5916910961498605,4.614696653597426,807192000
2018-10-31,5.215312957763672,5.258850318489827,5.046605979838474,5.186123227515129,745772000
2018-11-01,5.395396709442139,5.404796812303259,5.125267959235983,5.251674171032682,566528000
2018-11-02,5.316485404968262,5.49162371404345,5.199973766795903,5.385996529507595,452960000
2018-11-05,5.238564491271973,5.3266286019097615,5.0780210135951505,5.303375339716033,379332000
2018-11-06,5.221002101898193,5.314755451588281,5.183896148686008,5.230649442131772,299012000
2018-11-07,5.288533687591553,5.378081685092735,5.2239700683132675,5.287544277338434,483812000
2018-11-08,5.095585823059082,5.230155075512188,5.0421534144207465,5.229412899747814,511352000
2018-11-09,5.087669372558594,5.177959556225846,4.973136983488978,5.006779295123947,413240000
2018-11-12,4.688658714294434,5.018403505298805,4.666889809413798,4.9963873659009055,617116000
2018-11-13,4.93034029006958,5.051551751775536,4.780186342799276,4.7863709813956286,644712000
2018-11-14,4.8778977394104,5.117599665092707,4.770044494083222,5.1032520397163585,526580000
2018-11-15,5.00653076171875,5.078515655341954,4.836092248741073,4.871961078266421,840708000
2018-11-16,4.0675129890441895,4.221624597657671,3.9977541439452753,4.040054850732546,1963520000
2018-11-19,3.579450845718384,4.002948837344284,3.5777192599394287,4.002207133571936,1697820000
2018-11-20,3.6877987384796143,3.815936547258066,3.2976956142785774,3.3162483512074563,1692032000
2018-11-21,3.5796985626220703,3.841663935187077,3.552487891584983,3.824842780223556,1025496000
2018-11-23,3.586871862411499,3.700414819052545,3.532203057648499,3.5450663335822483,411968000
2018-11-26,3.7860052585601807,3.7963947733887093,3.6254617760851735,3.707836190930004,814832000
2018-11-27,3.802826166152954,3.8839636950579135,3.7241623984982883,3.760030992984124,738060000
2018-11-28,3.9596590995788574,3.9648538567933307,3.787983933272836,3.9203270967711465,804524000
2018-11-29,3.896516799926758,3.999030540692202,3.866307468648602,3.961887935753284,549172000
2018-11-30,4.046821594238281,4.057468988240912,3.85590787831367,3.9061743557532105,729564000
2018-12-03,4.210495948791504,4.325390862277415,4.1436389826089135,4.273886278459166,890804000
2018-12-04,3.8903255462646484,4.170876527362586,3.8752206479661555,4.165924055235828,812112000
2018-12-06,3.9195451736450195,3.924497410513186,3.7343268862961385,3.7499267512291925,692308000
2018-12-07,3.655088424682617,3.9339063322430428,3.605812600742179,3.923753905767971,681676000
2018-12-10,3.760326623916626,3.78508851645278,3.6065557860673674,3.610270140791863,629472000
2018-12-11,3.6694509983062744,3.8601167249023183,3.5904608002472256,3.8519453332461033,671912000
2018-12-12,3.6870322227478027,3.7831078945760064,3.5860040774109314,3.675146475244547,654136000
2018-12-13,3.686784267425537,3.7979648346142523,3.6508797813853344,3.7338318181433574,471384000
2018-12-14,3.6263654232025146,3.7288791571454554,3.602841649028397,3.645184206394901,471820000
2018-12-17,3.5552995204925537,3.6684609020703203,3.4973568521781546,3.5964042029375345,662868000
2018-12-18,3.6384987831115723,3.722441218861957,3.571889530987454,3.599127424706862,564372000
2018-12-19,3.4297566413879395,3.6583081228484264,3.3782520555774735,3.604822500604131,745364000
2018-12-20,3.3453192710876465,3.5112233516860103,3.2856432890227416,3.4213380375423146,749588000
2018-12-21,3.2083868980407715,3.4047480590699566,3.1809012804141465,3.371814767092615,863740000
2018-12-24,3.1467294692993164,3.2185386771140743,3.0828439351668155,3.132120004078285,463840000
2018-12-26,3.295795440673828,3.2967858408120705,3.081853425117454,3.19278626959552,695100000
2018-12-27,3.2480051517486572,3.277967000968328,3.0996819782329377,3.2435481147353684,637044000
2018-12-28,3.309414863586426,3.402024141408632,3.2267105335135886,3.268557898708085,628728000
2018-12-31,3.3057005405426025,3.385185710467524,3.274995771165083,3.3527478587170454,465140000
2019-01-02,3.373051881790161,3.4290135007628106,3.220271688741212,3.234881152570605,508752000
2019-01-03,3.169262647628784,3.3468047509537686,3.161834173940892,3.3128810650449374,705552000
2019-01-04,3.372309446334839,3.410442449788006,3.211605332463338,3.242309862485577,585620000
2019-01-07,3.5508410930633545,3.5877362055622095,3.378251274128856,3.429508366120251,709160000
2019-01-08,3.46244215965271,3.634536816055823,3.389890036843315,3.632308061543531,786016000
2019-01-09,3.5305368900299072,3.577831915590519,3.463184728907773,3.5136986726392108,617260000
2019-01-10,3.596155881881714,3.6048224734389516,3.450804153386844,3.5112230484738736,523156000
2019-01-11,3.6852986812591553,3.708079538497349,3.546137301225491,3.5738703955257685,874764000
2019-01-14,3.7251648902893066,3.750421983358888,3.609527289244213,3.6330510639730837,730168000
2019-01-15,3.7110514640808105,3.797222431176594,3.6927276413992356,3.7578510668778264,617012000
2019-01-16,3.6855452060699463,3.7712209394716223,3.680097770331083,3.7382878985429806,470104000
2019-01-17,3.7568602561950684,3.796726816295886,3.6253750649879635,3.652613195956674,493436000
2019-01-18,3.885869264602661,3.9118692776016326,3.7551269898108366,3.806631579552326,651336000
2019-01-22,3.6838130950927734,3.8672980837653896,3.653603762135762,3.85566005430992,661552000
2019-01-23,3.6966888904571533,3.827678875022303,3.6654891602247064,3.739031685104363,591020000
2019-01-24,3.908402442932129,3.925983108591916,3.7764220564709214,3.7811268114937553,708972000
2019-01-25,3.9656014442443848,3.983677543834256,3.7464597309960763,3.8489734559844364,1154572000
2019-01-28,3.4173760414123535,3.507261357582652,3.24379600096317,3.3812238348954637,2511528000
2019-01-29,3.258652687072754,3.419604521098029,3.2440432219899566,3.371318852816988,1153932000
2019-01-30,3.4020237922668457,3.4163855399650047,3.255186215779982,3.3346716185944336,974228000
2019-01-31,3.5595085620880127,3.595165565429852,3.3770139904824843,3.398804447009973,842852000
2019-02-01,3.5837745666503906,3.6347839467533984,3.530536904544244,3.5780794122343567,625048000
2019-02-04,3.693964719772339,3.7311073186872235,3.5775842144138106,3.5996221501393917,528592000
2019-02-05,3.713031768798828,3.7496791731204335,3.672174809486618,3.7058507771176155,542424000
2019-02-06,3.78855562210083,3.8529363617477665,3.740765385567621,3.7462128231283276,702464000
2019-02-07,3.6503844261169434,3.744479293492757,3.6075466655780306,3.7422507749665708,637120000
2019-02-08,3.6689553260803223,3.6796027167569387,3.5689176026199427,3.583279347624817,461604000
2019-02-11,3.6263654232025146,3.6791078903680257,3.5780797566191254,3.6248795868615664,495180000
2019-02-12,3.7432408332824707,3.7588409338348012,3.6503840927126143,3.664746075053052,591060000
2019-02-13,3.78558349609375,3.8586308150604207,3.7590882867916373,3.7727073505082047,605372000
2019-02-14,3.8264403343200684,3.8546688609684834,3.7415072724366327,3.784592980517605,827264000
2019-02-15,3.8960208892822266,4.05771514479702,3.873240035917187,4.03493452757886,1516748000
2019-02-19,3.878687858581543,3.9591638895349415,3.8663071487243155,3.8853736497137206,551892000
2019-02-20,3.925983190536499,3.9930876443945174,3.8967644957676106,3.907907088268035,540988000
2019-02-21,3.857145309448242,3.9631256834479633,3.8425358444025264,3.938611744491741,448548000
2019-02-22,3.9418301582336426,3.9606491757765387,3.8952780505406968,3.908897113680459,401740000
2019-02-25,3.929450035095215,4.092630154426869,3.9207832069845323,4.025278219081672,656020000
2019-02-26,3.890078544616699,3.980706770363881,3.856650060045319,3.924745147447787,488464000
2019-02-27,3.848231792449951,3.902212387421229,3.7912795242699078,3.875717408161542,500256000
2019-02-28,3.8236916065216064,3.8643429349671288,3.801383218768535,3.8420343108237707,324944000
2019-03-01,3.8779759407043457,3.920114163022685,3.8152639630606497,3.8735140741506693,357188000
2019-03-04,3.886155843734741,3.9392006420677186,3.829640599606062,3.916396307522011,409992000
2019-03-05,3.8797109127044678,3.917883213973388,3.816255253406574,3.8705394428962467,362924000
2019-03-06,3.7689120769500732,3.8792155779351165,3.7661855511122075,3.8707880269861183,403524000
2019-03-07,3.6997556686401367,3.7550315283201217,3.6536512809246053,3.745364345836841,450104000
2019-03-08,3.733961343765259,3.744619944571655,3.58920327157,3.6105204731827922,422416000
2019-03-11,3.994227886199951,4.017031980745326,3.710413025385301,3.757509054703572,859728000
2019-03-12,4.028435230255127,4.074787111462643,3.9458931773160653,4.021990285337991,579576000
2019-03-13,4.1796369552612305,4.208885994672627,4.058426904875303,4.065863269613638,768900000
2019-03-14,4.103788375854492,4.200706976177281,4.0961042731064214,4.188808980129908,519384000
2019-03-15,4.20913553237915,4.251769474433468,4.143448805085043,4.146919015168309,661484000
2019-03-18,4.187816619873047,4.294402140783058,4.16079816141345,4.240613433612085,486992000
2019-03-19,4.355380058288574,4.39974957567434,4.265402338243507,4.282257440795719,854972000
2019-03-20,4.322907447814941,4.437672542463269,4.2882048887003075,4.3843797825755315,719148000
2019-03-21,4.559380054473877,4.585654840496225,4.34100407895674,4.34596165711653,824312000
2019-03-22,4.3997483253479,4.5806956077962955,4.3858674897387635,4.532112683164318,747644000
2019-03-25,4.3075408935546875,4.423297453120556,4.241358694459646,4.359098568846415,525212000
2019-03-26,4.3841328620910645,4.505094712857802,4.327865357021131,4.449075417579673,703508000
2019-03-27,4.374961853027344,4.4560163056173785,4.305557660121188,4.409664422261027,474372000
2019-03-28,4.393553733825684,4.45923999801717,4.340508680925381,4.40098962922503,480264000
2019-03-29,4.450811386108398,4.475103328561793,4.40991255062805,4.460230594950168,456896000
2019-04-01,4.5182318687438965,4.548472328288547,4.470888101591923,4.542523331173803,483824000
2019-04-02,4.536078453063965,4.580447958692014,4.499393521901843,4.542275660034518,440920000
2019-04-03,4.675382614135742,4.73437663159882,4.580695090959375,4.585652666769136,783504000
2019-04-04,4.6664605140686035,4.708846710366831,4.603748535573981,4.660015569360256,457376000
2019-04-05,4.733137607574463,4.750489125131369,4.673152634601856,4.709589828632286,481744000
2019-04-08,4.753960132598877,4.778995283235704,4.678606470878102,4.7026502006155395,424192000
2019-04-09,4.691247940063477,4.73165129477477,4.649109480661156,4.720496982792374,439972000
2019-04-10,4.761643886566162,4.787422721742926,4.686042958630669,4.690504589184223,444772000
2019-04-11,4.747764587402344,4.7956043266022395,4.698437952722908,4.7641242199233345,374600000
2019-04-12,4.7098388671875,4.790397851946734,4.7011633424018155,4.786431695138717,471708000
2019-04-15,4.578217506408691,4.707111674658761,4.538557835067221,4.702154097545933,440092000
2019-04-16,4.665220737457275,4.684059151396104,4.584662240587354,4.61738149157994,394964000
2019-04-17,4.642417907714844,4.720993584395809,4.62010927842184,4.70017232313052,351004000
2019-04-18,4.617877006530762,4.683067772083667,4.590115332177181,4.649109362959098,380988000
2019-04-22,4.671666622161865,4.687282566990135,4.562850482483871,4.594330109200356,279936000
2019-04-23,4.726197242736816,4.757429596465563,4.675135528567097,4.684802471796713,346856000
2019-04-24,4.738591194152832,4.779242281427009,4.675879222350462,4.736607879880067,318204000
2019-04-25,4.632997035980225,4.720744153643242,4.553429966754181,4.698435532353966,499296000
2019-04-26,4.414373874664307,4.483778541684182,4.295642587770011,4.479316438242559,868988000
2019-04-29,4.4451093673706055,4.472871039316649,4.350173621257163,4.422304799143129,391920000
2019-04-30,4.486504554748535,4.512035177805658,4.39379985128873,4.412886002523264,362920000
2019-05-01,4.473366737365723,4.580943682956027,4.473118527608206,4.538805230617688,354280000
2019-05-02,4.5407891273498535,4.582431642632066,4.439904838935968,4.483034721987003,394684000
2019-05-03,4.536327362060547,4.559131460862227,4.474854539101852,4.549216779186023,336824000
2019-05-06,4.457999229431152,4.470144962124929,4.312993175372154,4.35017405728094,422176000
2019-05-07,4.290933132171631,4.409664416633841,4.242845671273384,4.409664416633841,555220000
2019-05-08,4.311010360717773,4.391073385860817,4.251520854734579,4.263418850487332,419168000
2019-05-09,4.21855354309082,4.251768743017239,4.099822736698089,4.242101798416919,660248000
2019-05-10,4.184595108032227,4.253256086285527,4.06512014568711,4.187817580474004,569500000
2019-05-13,3.927550792694092,4.075779091969789,3.911686876259981,4.052726782997496,656912000
2019-05-14,4.016536235809326,4.051734268737782,3.9285411534881876,3.9672091586483504,524880000
2019-05-15,3.9555602073669434,3.9919974055631218,3.901771726020397,3.9610132584113797,502320000
2019-05-16,3.9706802368164062,4.013314643034374,3.9077207575150528,3.9501069539339073,781088000
2019-05-17,3.879958152770996,4.057931165861668,3.84054646234902,3.928789285191043,1022068000
2019-05-20,3.7614755630493164,3.836333274940559,3.7366881504321063,3.78130539858697,572064000
2019-05-21,3.8435215950012207,3.8593855113872992,3.7835363753950677,3.8222046272629533,361848000
2019-05-22,3.7726290225982666,3.8308791217787364,3.761722450043883,3.804852557163069,325868000
2019-05-23,3.6516683101654053,3.710414141406992,3.5919308215307812,3.710414141406992,591844000
2019-05-24,3.59787917137146,3.705703868653798,3.591186489834491,3.6705058291125585,357584000
2019-05-28,3.5527663230895996,3.648197553821421,3.55078324499088,3.6154783017294005,428356000
2019-05-29,3.4786524772644043,3.540124828463809,3.443950145259975,3.50517475942802,559800000
2019-05-30,3.452099561691284,3.5176127567953603,3.4138834523272066,3.481878265224037,394300000
2019-05-31,3.3615217208862305,3.470462258534891,3.3597846361171193,3.4032119920049526,389720000
2019-06-03,3.3198325634002686,3.4114020408869172,3.2905501343227805,3.3726896529546333,478644000
2019-06-04,3.5486326217651367,3.553843877651576,3.3617709959566513,3.383856828522054,641836000
2019-06-05,3.5059494972229004,3.627794187677335,3.469718728804367,3.6223346757717674,511616000
2019-06-06,3.567988634109497,3.5925560834584522,3.507686691465688,3.510168309378134,408140000
2019-06-07,3.6106715202331543,3.64491694860971,3.5548362996995038,3.573944473908411,348856000
2019-06-10,3.6833815574645996,3.751872655352404,3.666755000117653,3.666755000117653,402780000
2019-06-11,3.740953207015991,3.7809064020945917,3.7014965248313723,3.7431865683985013,383872000
2019-06-12,3.628041982650757,3.7037296653156537,3.6129044934497947,3.6975256211119234,358892000
2019-06-13,3.6791625022888184,3.6975259065653265,3.632508985583392,3.650128093826062,308080000
2019-06-14,3.589329957962036,3.6104232370452425,3.5446620185259192,3.5861040439813654,394428000
2019-06-17,3.5990078449249268,3.6359831440619303,3.5647621832656573,3.5875925454851405,276040000
2019-06-18,3.7938101291656494,3.849148828276231,3.64938334735258,3.660302133322271,581920000
2019-06-19,3.7997660636901855,3.840463552055667,3.773709551550996,3.8290484894629415,331644000
2019-06-20,3.8240859508514404,3.9042403700145063,3.8096929917731086,3.890343687227134,350168000
2019-06-21,3.766017436981201,3.858331692009574,3.759565371755028,3.809196788362595,434428000
2019-06-24,3.788351058959961,3.8178817434588725,3.7402087138632987,3.7873585064817115,282948000
2019-06-25,3.7590694427490234,3.8682582853812937,3.7563398045142713,3.7933151139057424,311868000
2019-06-26,3.952133893966675,4.0131806021573935,3.8734685516761678,3.8863726800215015,584072000
2019-06-27,4.050652027130127,4.0697599636115775,4.001765150254064,4.037747898512495,445440000
2019-06-28,4.075469017028809,4.103758900994328,4.02881572346617,4.094576959535593,397668000
2019-07-01,4.1236090660095215,4.316674435091745,4.086137261580203,4.282428780356623,709756000
2019-07-02,4.025837421417236,4.12807792581039,4.012685269424141,4.106984405330587,400228000
2019-07-03,4.038741111755371,4.054871393496555,3.978935674716614,4.049163624268675,246636000
2019-07-05,3.9762048721313477,3.9848902966819946,3.912924809467903,3.980423574530253,396552000
2019-07-08,3.901262044906616,3.935507708463473,3.8712353210074615,3.9166477915283986,329788000
2019-07-09,3.9037439823150635,3.9317856035650762,3.8464199307929863,3.859075804161712,342860000
2019-07-10,3.97198748588562,4.029311306914646,3.9332750922092683,3.9471717760950926,452076000
2019-07-11,4.126340389251709,4.1670378866870355,4.007721594463587,4.044944921060779,682560000
2019-07-12,4.159346103668213,4.230319077968762,4.154134846043525,4.154134846043525,506392000
2019-07-15,4.150907039642334,4.196567767290937,4.122617637138921,4.180437961065009,289840000
2019-07-16,4.1461920738220215,4.173240902590646,4.0906048776539645,4.13601758306642,341444000
2019-07-17,4.2114577293396,4.218406070489946,4.1186472030368435,4.147929633119086,348204000
2019-07-18,4.2231221199035645,4.285905702806669,4.16530177459194,4.221881547165888,442192000
2019-07-19,4.179942607879639,4.267789917184944,4.173986817984335,4.261338087568565,344896000
2019-07-22,4.251411437988281,4.264315570009257,4.19383912025467,4.201283975646884,315940000
2019-07-23,4.3591108322143555,4.36109593748177,4.274985725013915,4.290619967285724,428176000
2019-07-24,4.433557510375977,4.439265279701187,4.326354252228074,4.402289972302886,366236000
2019-07-25,4.302530288696289,4.404770764474118,4.279203649431086,4.392114655728459,392700000
2019-07-26,4.3444695472717285,4.39112283356102,4.3295803113607425,4.3295803113607425,274160000
2019-07-29,4.338265895843506,4.3543961781025615,4.2501705763030255,4.33727334318946,248160000
2019-07-30,4.353899002075195,4.366058598546031,4.277466779509722,4.291859974102234,197772000
2019-07-31,4.186891555786133,4.323377756746537,4.144704980699522,4.32238473052015,359416000
2019-08-01,4.092591762542725,4.287642340984022,4.0404787199137715,4.197313414195419,421212000
2019-08-02,4.000028133392334,4.069263993496458,3.952630557717164,4.000028133392334,428348000
2019-08-05,3.741945743560791,3.8178814454010546,3.6950442110535437,3.8166406365700594,589156000
2019-08-06,3.780658721923828,3.8620539531895375,3.7330128829674027,3.816641475956048,361272000
2019-08-07,3.8188743591308594,3.8307859357073792,3.7024891776964988,3.7198600296538333,372560000
2019-08-08,3.927318811416626,3.928559620416878,3.819122775191908,3.8764468257068865,309300000
2019-08-09,3.826070547103882,3.889846652936848,3.775694845156045,3.886372482917003,341816000
2019-08-12,3.7583248615264893,3.8260714291923046,3.7364870473241942,3.773958630220107,279200000
2019-08-13,3.87247633934021,3.918385328045698,3.717875269269923,3.7568356798883134,351956000
2019-08-14,3.7240793704986572,3.795548368876698,3.6804039766721424,3.78438132308887,419880000
2019-08-15,3.6918182373046875,3.7627909438749896,3.657572811239916,3.7429384749498853,477200000
2019-08-16,3.9595792293548584,4.00871389430151,3.893073237992671,3.954367973426272,1007960000
2019-08-19,4.238009929656982,4.253892189927733,4.056608058764237,4.072738338834775,815112000
2019-08-20,4.165796279907227,4.233046554902165,4.144702766969983,4.2325500420541635,463188000
2019-08-21,4.249176979064941,4.304267667180546,4.210216571039822,4.2318061266537566,427244000
2019-08-22,4.255380630493164,4.301289372684599,4.216171735153766,4.258854800460947,303488000
2019-08-23,4.031047344207764,4.233294687427818,4.011194876201635,4.178948538511534,568056000
2019-08-26,4.105742931365967,4.133784788125039,4.067527056360016,4.109713614737591,318208000
2019-08-27,4.015166282653809,4.146688729399361,3.9858838515691355,4.143959091471172,290968000
2019-08-28,4.004733085632324,4.057394231895982,3.949587864929308,3.9888355777669298,255612000
2019-08-29,4.148309230804443,4.180601248407322,4.092667010059698,4.096144619244449,357976000
2019-08-30,4.160978317260742,4.244193164669285,4.142844997659137,4.194512616324888,290616000
2019-09-03,4.078011989593506,4.121233846385008,4.055159260760922,4.088196553572964,296140000
2019-09-04,4.1920270919799805,4.1994793137914055,4.138620686803086,4.138620686803086,227728000
2019-09-05,4.464772701263428,4.470982649442789,4.292381848684692,4.29412065312646,695676000
2019-09-06,4.4376959800720215,4.498305861445579,4.3996905531512915,4.441421853679588,376976000
2019-09-09,4.483652591705322,4.570096791380155,4.467258075630781,4.468748615398157,417524000
2019-09-10,4.550221920013428,4.57680051169391,4.441173319404587,4.450860874470558,352812000
2019-09-11,4.578789710998535,4.62697971233285,4.535816123801105,4.564879273300177,361512000
2019-09-12,4.577299118041992,4.679889068655952,4.569350364277171,4.625240853510472,327840000
2019-09-13,4.519420623779297,4.547738497384656,4.475701776434779,4.510726602118263,324592000
2019-09-16,4.4764485359191895,4.5109763688048865,4.433971948267542,4.4444047777332525,231832000
2019-09-17,4.4978108406066895,4.502033719880627,4.436703934474506,4.483155132699058,223048000
2019-09-18,4.4707350730896,4.506505179870407,4.384291359052513,4.490855935824604,258152000
2019-09-19,4.395219802856445,4.495077393803065,4.384538237750965,4.476695341775456,245476000
2019-09-20,4.28964900970459,4.4178244808776475,4.279464922170481,4.394226488423062,350244000
2019-09-23,4.3430562019348145,4.388513864421871,4.286172175945748,4.289898524535677,249712000
2019-09-24,4.285674571990967,4.403913738875583,4.250153216254933,4.374354065601589,317268000
2019-09-25,4.4272637367248535,4.446887589628111,4.24046544693266,4.285177831253533,308432000
2019-09-26,4.40515661239624,4.426271008300639,4.354234270706374,4.4175769846308155,234564000
2019-09-27,4.266547203063965,4.414097759939409,4.2059368510732735,4.363423702100451,362056000
2019-09-30,4.323929786682129,4.3341143508758595,4.261084070387128,4.2923830327616175,186184000
2019-10-01,4.322190284729004,4.496071696407756,4.3174708751842825,4.347030554081502,366008000
2019-10-02,4.29834508895874,4.312255529532866,4.226060072013468,4.300332159386802,293372000
2019-10-03,4.5037713050842285,4.509981252762404,4.272509385416176,4.302814328068124,450588000
2019-10-04,4.520166397094727,4.5494778087583105,4.440926184733962,4.506007221819678,265524000
2019-10-07,4.578789710998535,4.6783985839980335,4.576305636582578,4.584999660144053,480984000
2019-10-08,4.4024248123168945,4.487129724048681,4.384291493041404,4.487129724048681,444436000
2019-10-09,4.48886775970459,4.538300033345435,4.450365792127868,4.479180201486422,292412000
2019-10-10,4.546497821807861,4.5974201696329065,4.481416769097177,4.486633183927551,309124000
2019-10-11,4.620023727416992,4.703238074504034,4.6115779705609174,4.6304565539608475,446404000
2019-10-14,4.633438587188721,4.654304246710248,4.580280429445844,4.611330653387778,200040000
2019-10-15,4.87786340713501,4.950397123516959,4.709695464160752,4.723606370908222,664124000
2019-10-16,4.8242106437683105,4.9486602675172895,4.812784279880855,4.843834501041377,428944000
2019-10-17,4.826197624206543,4.913634858641434,4.771797203408737,4.868674204295252,263436000
2019-10-18,4.7318034172058105,4.859233596779514,4.657531370022835,4.826692848737125,307440000
2019-10-21,4.868923187255859,4.882337095465651,4.774281981387723,4.793160569496206,261868000
2019-10-22,4.858987331390381,5.030881219658988,4.8512868422431765,4.925807185318741,328720000
2019-10-23,4.8460693359375,4.86022803684387,4.7452182037721,4.777013688283062,279916000
2019-10-24,4.890037536621094,4.923571359238547,4.853273895856996,4.887304722909807,232020000
2019-10-25,5.080809593200684,5.1016752495667195,4.962818665307215,4.970519153793073,423092000
2019-10-28,5.136700630187988,5.189113041993195,5.095217104547726,5.124528522221476,330792000
2019-10-29,5.040567874908447,5.12924737996355,5.021192759747854,5.122788692384218,211236000
2019-10-30,5.042555332183838,5.073109020316152,4.9744932110349795,5.067395601925326,205960000
2019-10-31,4.993371486663818,5.0425550187031005,4.9136347421803634,5.021689363981352,209732000
2019-11-01,5.0323710441589355,5.064663061893138,4.9330099691241465,4.958098503171702,283640000
2019-11-04,5.228857040405273,5.241277413110653,5.090249187050157,5.1133501800834935,376716000
2019-11-05,5.206750392913818,5.254691665031684,5.158808647007104,5.228609588973608,300868000
2019-11-06,5.157565116882324,5.208238712291003,5.070127414387124,5.182653649313797,269012000
2019-11-07,5.1752028465271,5.258665958605948,5.130490448135259,5.244010249079237,280340000
2019-11-08,5.16129207611084,5.1928393025780455,5.120802560053755,5.15831147084381,189100000
2019-11-11,5.171229362487793,5.194330360639648,5.074352329075755,5.16054779221556,243436000
2019-11-12,5.206750392913818,5.262640894316014,5.17445789264195,5.209482733197686,283504000
2019-11-13,5.1809163093566895,5.203023769608301,5.1145929810242095,5.175451155287931,300188000
2019-11-14,5.211220741271973,5.213456550501658,5.12999344609169,5.1898580791915965,518080000
2019-11-15,5.072115421295166,5.260652066558472,4.983932441136792,5.208984457760898,1053628000
2019-11-18,5.273072719573975,5.299651321277817,5.061682863543426,5.064663468615245,574588000
2019-11-19,5.166507720947266,5.26562005658897,5.108381899695247,5.242022061927123,414564000
2019-11-20,5.245748043060303,5.329459404346898,5.130986463740042,5.14365510051986,472588000
2019-11-21,5.2209086418151855,5.296919527552921,5.199297713003257,5.241277770166367,288388000
2019-11-22,5.238546371459961,5.289965258457579,5.21494789436599,5.24351404798442,224100000
2019-11-25,5.494894504547119,5.4998626526423084,5.3535538656231445,5.366470766397429,506476000
2019-11-26,5.390319347381592,5.4819794843752,5.383860657884446,5.477259599929003,385244000
2019-11-27,5.425119876861572,5.470113709339363,5.398770112423443,5.435809325871139,215784000
2019-11-29,5.3878326416015625,5.422634398950764,5.363968308483034,5.39429609604549,141556000
2019-12-02,5.2016425132751465,5.39429632602774,5.186479092985819,5.380872519541657,372036000
2019-12-03,5.162117004394531,5.166094076664347,4.980898491762538,5.018186152052847,465232000
2019-12-04,5.205867767333984,5.2680140273339715,5.17728054463059,5.245641335802909,273424000
2019-12-05,5.188962459564209,5.243402530281091,5.158386237158594,5.227741746475461,184884000
2019-12-06,5.274229049682617,5.307042744570594,5.24812773184507,5.258071361957496,232236000
2019-12-09,5.274229049682617,5.3289180670241985,5.242659019766264,5.251359459045446,211880000
2019-12-10,5.319223403930664,5.370929143014458,5.251607951361957,5.304307958637612,256388000
2019-12-11,5.402747631072998,5.408216817345285,5.327178032838414,5.3296639403915655,233796000
2019-12-12,5.570044994354248,5.588191691238599,5.364962616953304,5.373911504079874,404348000
2019-12-13,5.568056583404541,5.692100660056325,5.514113388523606,5.573028398203756,454704000
2019-12-16,5.5968918800354,5.669230215850863,5.587445622206423,5.615535947211582,320976000
2019-12-17,5.674948692321777,5.697569835117651,5.606090521582747,5.615536780813981,321196000
2019-12-18,5.705276966094971,5.765683155976377,5.701299418435474,5.7097514108753575,343548000
2019-12-19,5.853184700012207,5.866608507947781,5.734858233064986,5.739830048903232,445360000
2019-12-20,5.950379848480225,5.975735342910943,5.900414205042897,5.9195551686378645,603044000
2019-12-23,5.936708450317383,6.011035330842272,5.9260194747075206,5.978967929874309,355060000
2019-12-24,5.931735515594482,5.948887942345335,5.886990136964135,5.92129499046584,138864000
2019-12-26,5.9459052085876465,5.97399505772598,5.916323246235514,5.935215760730923,182852000
2019-12-27,5.888235092163086,5.974494148694835,5.861884848842916,5.961070341427527,254644000
2019-12-30,5.775128364562988,5.871579491951401,5.743806782668627,5.866359228302341,258056000
2019-12-31,5.849205493927002,5.858651750920013,5.720686993613066,5.739827956058875,231004000
2020-01-02,5.963803291320801,5.963803291320801,5.884505079799994,5.934967621143992,237536000
2020-01-03,5.868345737457275,5.9120968420723505,5.8193743709965,5.8442329639400254,205384000
2020-01-06,5.89295768737793,5.8981779512429595,5.749027284163017,5.775128603488166,262636000
2020-01-07,5.96429967880249,6.010039320802731,5.8763005694931705,5.921294392039842,314856000
2020-01-08,5.975486755371094,6.01675195985036,5.920052401950536,5.960074415808599,277108000
2020-01-09,6.04111385345459,6.113452193523961,5.987419581657777,6.061746457974927,255112000
2020-01-10,6.073428630828857,6.178580171148254,6.059259482818248,6.148252865091414,316296000
2020-01-13,6.263845920562744,6.288952968255434,6.133835764415242,6.156457378912361,319840000
2020-01-14,6.147010326385498,6.246444236201566,6.133834971804429,6.221088269155128,359088000
2020-01-15,6.1045026779174805,6.182061279281712,6.078649810796071,6.15968858757517,263104000
2020-01-16,6.188027381896973,6.193993464647111,6.134581559774977,6.157948519655376,284192000
2020-01-17,6.196728229522705,6.214626478954624,6.149248487016599,6.207168756490065,253792000
2020-01-21,6.163418769836426,6.196977813299668,6.129362355167134,6.160187042343165,217916000
2020-01-22,6.217360496520996,6.303867986192193,6.189767541283975,6.20866005785512,239240000
2020-01-23,6.285721778869629,6.294173769700094,6.168638520500725,6.2573834759438345,244516000
2020-01-24,6.226558208465576,6.450782022304533,6.172366566956607,6.40106482430508,373512000
2020-01-27,5.97101354598999,6.0219734668079825,5.772891023514302,5.922290610131101,470536000
2020-01-28,6.164162635803223,6.19647847807783,5.98368948838839,6.036886854345319,310976000
2020-01-29,6.103756427764893,6.18578946048405,6.0639823907408665,6.149744520950623,258848000
2020-01-30,6.110469341278076,6.123893147232895,5.951126602523341,6.006063594772812,290504000
2020-01-31,5.877295970916748,6.076661182932319,5.835533866568299,6.064729017650381,370420000
2020-02-03,5.974244594573975,5.993634007995882,5.852934876956835,5.859149408225992,255564000
2020-02-04,6.143281936645508,6.162423375434906,6.065972258437693,6.11593790463185,271544000
2020-02-05,6.233518600463867,6.2742864375752365,6.15024236438546,6.264094359762809,208220000
2020-02-06,6.320274353027344,6.320274353027344,6.186784499679763,6.267823274549807,218284000
2020-02-07,6.254150390625,6.302375943450668,6.228794423639679,6.280251702987878,189752000
2020-02-10,6.537040710449219,6.537786055878757,6.2718001514092725,6.276771965769414,529608000
2020-02-11,6.659343719482422,6.7739415190338645,6.583276767151044,6.645174571161196,638556000
2020-02-12,6.774937152862549,6.781400607181102,6.673265764706395,6.712045068202593,374644000
2020-02-13,6.731184959411621,6.7983030286831045,6.689671306540473,6.717015810496624,528016000
2020-02-14,7.203744411468506,7.33251134839463,7.109530772804883,7.140852344834368,1041924000
2020-02-18,7.372287750244141,7.39068337270847,7.081194733816154,7.100584150411243,620164000
2020-02-19,7.822970867156982,7.8406206663356475,7.494590248906968,7.494590248906968,694332000
2020-02-20,7.6738200187683105,7.863241593793257,7.366817357632579,7.774994022694895,810052000
2020-02-21,7.310140609741211,7.586815992154604,7.225373204609657,7.56170894332457,768180000
2020-02-24,6.793330669403076,7.0068654729747095,6.662077819566246,6.716517900503646,856916000
2020-02-25,6.514171123504639,6.930302438174281,6.412499740881943,6.868404625054031,1055496000
2020-02-26,6.653378486633301,6.847274989769168,6.512928279510308,6.5144194445871815,747732000
2020-02-27,6.283014297485352,6.641191014108092,6.190734008300934,6.340222943534122,906416000
2020-02-28,6.717553615570068,6.777001072469089,6.01413466118053,6.030799685070175,1133252000
2020-03-02,6.875746250152588,6.904599643014992,6.491950295924303,6.887436955320719,890744000
2020-03-03,6.613580703735352,6.991158383309481,6.528264939840169,6.931462350616747,652792000
2020-03-04,7.076723575592041,7.086175484127031,6.646165254678037,6.720785660126154,597408000
2020-03-05,6.797643184661865,7.044138079809449,6.753119641263759,6.877486487233338,540328000
2020-03-06,6.617311954498291,6.675764530909443,6.417329829721976,6.618306817272901,515412000
2020-03-09,6.104921340942383,6.452153634610945,5.924340679442209,5.96712263032955,614160000
2020-03-10,6.493938446044922,6.493938446044922,6.1185996281767405,6.381013245007559,580648000
2020-03-11,6.13054084777832,6.382508269115836,6.033534832806254,6.354152540659785,499964000
2020-03-12,5.380360126495361,5.873101457756061,5.36767455663343,5.607951271671891,816540000
2020-03-13,5.990502834320068,5.994979953996098,5.462441346775268,5.733312068605224,634836000
2020-03-16,4.885131359100342,5.623871000175394,4.825435307954628,5.283354104977248,726972000
2020-03-17,5.404237270355225,5.493532962867673,4.750814071544446,4.997308990591307,833632000
2020-03-18,5.0448174476623535,5.221915838198457,4.494121265098619,4.977162031994791,874268000
2020-03-19,5.297282695770264,5.3908064456390665,4.810261985939699,5.023426414589291,765512000
2020-03-20,5.117696285247803,5.728834719934263,5.102274726874198,5.447268167132194,804636000
2020-03-23,5.290316581726074,5.384587051709071,4.937860991668966,5.116700479033214,643876000
2020-03-24,6.197947025299072,6.284506733213007,5.672372901435857,5.696002435464178,1101644000
2020-03-25,6.109398365020752,6.512346769675058,6.060646288704762,6.312862293100567,793432000
2020-03-26,6.398426532745361,6.52229572585307,6.218343085472186,6.316343948572078,696108000
2020-03-27,6.286247730255127,6.544681965395406,6.18551039891607,6.2183432436518,638828000
2020-03-30,6.606119632720947,6.615322944620109,6.3076389446385654,6.351664829525948,602252000
2020-03-31,6.556622505187988,6.8501284375818585,6.411112999128777,6.646166342187013,949960000
2020-04-01,6.0459699630737305,6.5051325489684855,6.0014468918111765,6.358877293798993,656912000
2020-04-02,6.354401588439941,6.367584352475829,6.027067963993508,6.07507330262306,675764000
2020-04-03,6.066863536834717,6.358379163287888,5.929562530422744,6.316840683163334,663212000
2020-04-06,6.676014423370361,6.712827199705411,6.2912230611282824,6.348680785913567,727884000
2020-04-07,6.442948818206787,6.92101519619481,6.399917805827614,6.897385191734249,784520000
2020-04-08,6.639946937561035,6.664820405786756,6.482000959912944,6.551895173160466,542444000
2020-04-09,6.54045295715332,6.7884404027807115,6.477523263677439,6.765557136655976,525564000
2020-04-13,6.712081432342529,6.720787076983483,6.392458552175937,6.480758933203926,398408000
2020-04-14,7.062793731689453,7.0968700332485595,6.812567493136743,6.840176949824809,530948000
2020-04-15,6.985437870025635,7.0682662463296895,6.849629373283734,6.894898714057057,366148000
2020-04-16,7.330182075500488,7.4371376439735055,7.127464448617053,7.1406472096626326,745620000
2020-04-17,7.270985126495361,7.433656833323329,7.137166341338153,7.412265620583258,539120000
2020-04-20,7.139901638031006,7.300335006334705,7.095627159726841,7.144627829354325,449388000
2020-04-21,6.703623294830322,7.0831907627234285,6.643927252246773,7.0220026630312224,735160000
2020-04-22,7.1175150871276855,7.16029750557425,6.850126632313321,6.89564456745756,483356000
2020-04-23,7.064287185668945,7.291381131883478,7.03916511801574,7.159552544590378,424160000
2020-04-24,7.203079700469971,7.205069426004072,6.979468044624654,7.054088445216467,352328000
2020-04-27,7.389380931854248,7.549068019332365,7.312770810511695,7.33739567875183,479388000
2020-04-28,7.247107028961182,7.566481287701527,7.241635045437592,7.536633026613732,442904000
2020-04-29,7.4237060546875,7.476437571649678,7.306552316924315,7.38166990447082,379160000
2020-04-30,7.269988536834717,7.423705966666164,7.256059510755734,7.369730516188236,375916000
2020-05-01,7.033692359924316,7.1859172806554765,6.985437955761158,7.072743452911202,342096000
2020-05-04,7.245365142822266,7.259045574623268,6.98643322473106,6.98643322473106,317556000
2020-05-05,7.306305408477783,7.468728519073253,7.245365430153509,7.349336431311147,368896000
2020-05-06,7.407041549682617,7.511758806368057,7.3478431802598525,7.38565081334239,323464000
2020-05-07,7.5831451416015625,7.646323437213887,7.494844780887304,7.546083773903831,373732000
2020-05-08,7.7729291915893555,7.779147440058237,7.620952864853898,7.654780572992808,339216000
2020-05-11,8.02464485168457,8.071406707104636,7.739347055146661,7.767951366459305,469060000
2020-05-12,7.762979507446289,8.131105315022058,7.753279002014851,8.08235371634575,493060000
2020-05-13,7.740593433380127,8.037581075925017,7.556281469377941,7.877396787105867,625852000
2020-05-14,7.989821910858154,7.995293891201564,7.648558967512965,7.802027758337353,602312000
2020-05-15,8.44774055480957,8.457440581855115,7.834114452822765,7.849784603136487,987660000
2020-05-18,8.70592975616455,8.87133792590906,8.63653320763608,8.716127930897029,774460000
2020-05-19,8.76089859008789,9.041469799498309,8.718364769756874,8.745725629128797,717320000
2020-05-20,8.924566268920898,8.997196470671472,8.84372761897781,8.945459810615404,587536000
2020-05-21,8.730802536010742,9.006647564701275,8.693243502257346,9.00565317637838,761068000
2020-05-22,8.980528831481934,9.046941243580594,8.669114557191229,8.780546752937473,1038764000
2020-05-26,8.673592567443848,9.135243019223017,8.62807463372257,9.110369079581073,770780000
2020-05-27,8.482068061828613,8.589022676430485,7.956244482923498,8.581312372243556,1175892000
2020-05-28,8.444013595581055,8.71612780265419,8.336808463910437,8.369641310493597,734896000
2020-05-29,8.830543518066406,8.830543518066406,8.44202141149652,8.511169349529405,745256000
2020-06-01,8.761643409729004,8.795968778673366,8.645485017658633,8.788507071978914,389876000
2020-06-02,8.780548095703125,8.792487396907989,8.614145567728748,8.7516956542315,391320000
2020-06-03,8.72508430480957,8.821344546678537,8.655936336485837,8.777567722833208,365440000
2020-06-04,8.72607707977295,8.902011297144291,8.637486770862257,8.687753825722185,424280000
2020-06-05,8.878870964050293,8.955515591607057,8.667848578409801,8.753949903758494,481748000
2020-06-08,8.764400482177734,8.84875892563933,8.645700047300858,8.836316752947287,387736000
2020-06-09,9.004288673400879,9.067744989711962,8.710898494136034,8.759423633292464,468488000
2020-06-10,9.323556900024414,9.456192680142813,9.111290099594312,9.125475140441624,632180000
2020-06-11,8.755692481994629,9.218547656773927,8.745489651692493,9.107810685610414,583652000
2020-06-12,8.891311645507812,9.14488723008976,8.663118775221182,9.120251596693144,570908000
2020-06-15,9.131449699401855,9.139910604567905,8.703432128605263,8.774603216221042,400004000
2020-06-16,9.026684761047363,9.224021398349738,8.797994456053088,9.182463952946726,535716000
2020-06-17,9.193412780761719,9.256122013797047,9.028426554300834,9.071726871522655,408304000
2020-06-18,9.175496101379395,9.239698546814658,9.072472976600096,9.184454427604352,254408000
2020-06-19,9.218545913696289,9.40144879419368,9.184703242099346,9.1998831293818,524160000
2020-06-22,9.482820510864258,9.48730014807517,9.230489448016012,9.257116662206737,398468000
2020-06-23,9.40642261505127,9.598035045360707,9.364119052798372,9.50695670229558,375108000
2020-06-24,9.192914009094238,9.512433926958058,9.10233306985164,9.432553235534522,449372000
2020-06-25,9.446243286132812,9.461174465881994,9.139912510248717,9.312612597311404,376072000
2020-06-26,9.112788200378418,9.456197752995324,9.082926789061299,9.456197752995324,592084000
2020-06-29,9.157577514648438,9.162057151917535,8.858960660515779,9.127467403493844,342248000
2020-06-30,9.45395565032959,9.482323840413832,9.223772146240533,9.271052779473228,367892000
2020-07-01,9.486055374145508,9.531595028681618,9.369595252046542,9.476848338743391,326648000
2020-07-02,9.567926406860352,9.692598718504767,9.534082792451693,9.59455267019897,364056000
2020-07-06,9.793878555297852,9.863058044346857,9.667713036457133,9.696828302232177,315892000
2020-07-07,9.826231956481934,10.023567657874754,9.805328877086755,9.900388525931161,357800000
2020-07-08,10.168893814086914,10.177853089859866,9.919549138442747,9.947668620000956,365480000
2020-07-09,10.460543632507324,10.52126223708513,10.186313645698538,10.332387440764878,494548000
2020-07-10,10.43093204498291,10.606120184171951,10.330895325824207,10.539927092116987,497676000
2020-07-13,10.005900382995605,10.742488118147886,9.978775740373257,10.546148195203143,457076000
2020-07-14,10.329151153564453,10.354782578911696,9.740378299322161,10.028543640334897,542676000
2020-07-15,10.180091857910156,10.384892650763021,10.009382445924082,10.366229867151485,403984000
2020-07-16,10.088017463684082,10.15968501248177,9.84987050020244,9.968819626685535,344964000
2020-07-17,10.154459953308105,10.201243163954526,10.041234957876577,10.178349454335393,266284000
2020-07-20,10.462285041809082,10.482690699140393,10.109917234833206,10.226875749369688,284852000
2020-07-21,10.280874252319336,10.511307409960915,10.239316810486173,10.464523249805001,277036000
2020-07-22,10.390616416931152,10.553611049792725,10.244045222912812,10.319694993925742,367292000
2020-07-23,10.083040237426758,10.498365907215756,9.98499418719761,10.401813069331192,411660000
2020-07-24,10.147490501403809,10.316955374000012,9.731916157211755,9.829463828665853,473292000
2020-07-27,10.373446464538574,10.393602461072307,10.170635352239847,10.185069107587438,292132000
2020-07-28,10.168397903442383,10.334130290706716,10.162177290721331,10.326416465135027,271636000
2020-07-29,10.417241096496582,10.467756856562863,10.299287769750446,10.342835838773102,284508000
2020-07-30,10.565056800842285,10.574015125170751,10.247776248378544,10.327158564119097,308880000
2020-07-31,10.565803527832031,10.716854345267036,10.384891311193567,10.514540683956733,386080000
2020-08-03,10.959481239318848,11.047573183866636,10.665841424159556,10.683011944240379,412720000
2020-08-04,11.175975799560547,11.175975799560547,10.855709782432935,10.999045814776927,310336000
2020-08-05,11.234705924987793,11.319314022602223,11.114761945386586,11.192153640280633,249924000
2020-08-06,11.283233642578125,11.305629936758018,11.127206664381877,11.297417740727406,244316000
2020-08-07,11.14786148071289,11.451704202496867,10.986608725738408,11.260340377298915,342516000
2020-08-10,11.113516807556152,11.355645046304279,10.80643904948696,11.28198686153084,427796000
2020-08-11,10.799969673156738,11.08539727357645,10.74596911283335,11.022687098568131,354512000
2020-08-12,11.38750171661377,11.414127990470469,10.907723771766896,10.94007418663953,464412000
2020-08-13,11.390236854553223,11.6677019727211,11.303389402079686,11.49276161637444,374460000
2020-08-14,11.510680198669434,11.650781152441137,11.387749768397919,11.47683657284962,366436000
2020-08-17,12.280113220214844,12.352527856575652,11.762760176683678,11.796602846193656,621300000
2020-08-18,12.204214096069336,12.438379802232884,12.030519221573105,12.392591435062732,503448000
2020-08-19,12.082530975341797,12.258216523677957,12.042217078302572,12.23980244779101,622624000
2020-08-20,12.085014343261719,12.317935510689423,11.823973702467411,11.919780399145482,921388000
2020-08-21,12.625014305114746,12.74968661731478,12.139014987859298,12.145485258162156,999868000
2020-08-24,12.66159725189209,12.85296104070654,12.449827806001334,12.824343188832731,490564000
2020-08-25,12.691210746765137,12.702408418241676,12.515772966083365,12.572510303018028,289076000
2020-08-26,12.714101791381836,12.809161420800041,12.619290872485081,12.740230635286169,321244000
2020-08-27,12.570021629333496,12.790749404758962,12.508555946693578,12.722564739853016,317604000
2020-08-28,13.087125778198242,13.087374488755257,12.584205502883087,12.616555911556786,537160000
2020-08-31,13.312830924987793,13.512405963302939,12.977633636999434,13.121964553482815,500840000
2020-09-01,13.761385917663574,13.933390315737588,13.378543881864474,13.421856199944589,511316000
2020-09-02,14.284621238708496,14.66323112605834,13.840046302454015,14.640329615319995,874012000
2020-09-03,12.95936107635498,13.824612353112618,12.823200691803297,13.76910292266537,945128000
2020-09-04,12.568058967590332,13.118175780595287,11.654266910490898,12.728612652963125,1463684000
2020-09-08,11.861617088317871,12.495869670621197,11.653767694372018,11.683886817797339,795728000
2020-09-09,12.660157203674316,12.75400040657726,12.17899096545241,12.346515345038622,736200000
2020-09-10,12.258647918701172,13.008897940882886,12.11452165542531,12.933225527994797,698684000
2020-09-11,12.112031936645508,12.597926996342265,11.844440927572224,12.431647488239708,636928000
2020-09-14,12.816726684570312,13.257566912279982,12.576766984267248,13.024576987922975,1201744000
2020-09-15,12.934967041015625,13.24138939468092,12.772421205731272,13.222720077777511,727556000
2020-09-16,12.460522651672363,13.036278499769432,12.4597762967511,12.901362978238856,556384000
2020-09-17,12.409743309020996,12.535449042053106,11.982842526145728,12.079921843900053,792512000
2020-09-18,12.136676788330078,12.578014719586728,11.937042024151966,12.539432155276181,698460000
2020-09-21,12.463261604309082,12.46848893761649,11.853154418113043,11.873566181378445,721044000
2020-09-22,12.583239555358887,12.593445435426194,12.10307037011186,12.520760350235273,646452000
2020-09-23,12.071456909179688,12.672105439487142,12.027149449148329,12.5212581987383,647012000
2020-09-24,12.294737815856934,12.515282794648023,11.962178853262726,12.020178023608716,731240000
2020-09-25,12.818221092224121,12.827929401956277,12.19293055034486,12.393810139922095,588016000
2020-09-28,12.978776931762695,12.995455019452848,12.695006353439096,12.984004264530533,573808000
2020-09-29,13.168705940246582,13.384770004371227,12.87746797882626,12.881699222732806,621460000
2020-09-30,13.472139358520508,13.563742542883896,13.093529512118515,13.100748073599721,689184000
2020-10-01,13.555777549743652,13.703387740885159,13.40269029134298,13.698658927613552,525004000
2020-10-02,13.00590705871582,13.4611843866185,12.994705091011946,13.16795529135739,552496000
2020-10-05,13.583658218383789,13.585400662831656,13.165718436757597,13.17891163738902,479820000
2020-10-06,13.677253723144531,14.081005195924398,13.606062280172727,13.770350590708075,784420000
2020-10-07,13.90377140045166,14.058352336172709,13.803704762237526,13.93936759398313,418084000
2020-10-08,13.779057502746582,14.02374790443395,13.69865629783338,14.014288380584917,378900000
2020-10-09,13.703387260437012,13.764622541474697,13.601827927722326,13.707619453210627,346892000
2020-10-12,14.164637565612793,14.285115934249808,13.852490359908824,13.929157894735607,434744000
2020-10-13,14.186793327331543,14.28661116418,13.958283407222073,14.234835409119126,344604000
2020-10-14,14.034456253051758,14.280888235135075,13.89978950534229,14.228863684482796,276100000
2020-10-15,13.909745216369629,13.94534045823671,13.70836707735876,13.751181831148036,267224000
2020-10-16,13.75192642211914,14.060589716200548,13.73300832168819,13.976205093854658,242392000
2020-10-19,13.439531326293945,13.92318542080633,13.348923276048108,13.843032985585035,298068000
2020-10-20,13.586640357971191,13.740225145380506,13.448737564614571,13.524907521316411,229212000
2020-10-21,13.466414451599121,13.732014232770208,13.419368456639658,13.56623229376561,219596000
2020-10-22,13.30337142944336,13.553039484968712,13.174678386058064,13.464174825263315,290480000
2020-10-23,13.531631469726562,13.534618788168892,13.233921352971006,13.391986202058305,233484000
2020-10-26,13.08456802368164,13.633689579571246,12.982261385916676,13.369085896916106,336896000
2020-10-27,13.338968276977539,13.384023046239228,13.134602813833258,13.248609003917073,250520000
2020-10-28,12.572537422180176,13.20280755599855,12.554615408729777,13.141074699241251,376520000
2020-10-29,12.967824935913086,13.135846892018513,12.695006587997323,12.783124891809354,320080000
2020-10-30,12.479938507080078,12.880701638769581,12.246947595239426,12.794575514658112,416820000
2020-11-02,12.52648639678955,12.781381768805504,12.341537577545923,12.603153941396506,299652000
2020-11-03,12.963340759277344,13.04847172342942,12.548388437005105,12.65368237275663,272900000
2020-11-04,13.73475170135498,13.767859091534874,13.279474284873544,13.331498827212098,410228000
2020-11-05,14.098922729492188,14.277150540043976,13.930652013276667,14.101412477856645,319028000
2020-11-06,14.499189376831055,14.525823607492576,13.835066558738852,14.0488896074961,383348000
2020-11-09,13.571956634521484,14.628131343754319,13.55204339364055,14.489730948690765,582976000
2020-11-10,12.714919090270996,13.54781019802429,12.573780172122872,13.54781019802429,644068000
2020-11-11,13.360127449035645,13.377054324356875,12.89240311098433,12.997448302413199,404744000
2020-11-12,13.398709297180176,13.706625342318095,13.258566437624712,13.420863504910455,365812000
2020-11-13,13.239646911621094,13.609793346805214,13.002922328890708,13.568472254694553,346312000
2020-11-16,13.456955909729004,13.590626548003572,13.099255366942009,13.11568372017377,413776000
2020-11-17,13.364358901977539,13.537608217829746,13.246370241998301,13.494047103867059,312028000
2020-11-18,13.370828628540039,13.547065230799866,13.128130360392811,13.407171172523759,510924000
2020-11-19,13.382281303405762,13.42932730450369,13.043498819205205,13.155762570780636,565936000
2020-11-20,13.031302452087402,13.436297849853242,13.008649722926164,13.395972839403445,341088000
2020-11-23,13.08332347869873,13.324776855880762,12.959360212033532,13.11443868783319,361356000
2020-11-24,12.901859283447266,13.105227670734758,12.829422986955962,13.08581200094348,346500000
2020-11-25,13.177665710449219,13.212265811659313,12.963842630406676,12.976288525531565,259916000
2020-11-27,13.204051971435547,13.349671896984008,13.113693646794417,13.317311808022017,167276000
2020-11-30,13.343696594238281,13.354649779706577,12.916298264592438,13.20778593658098,286952000
2020-12-01,13.332247734069824,13.470399365349985,13.171194590361214,13.434056816831285,296948000
2020-12-02,13.486079216003418,13.614522515050519,13.177167128048557,13.292915747982203,283360000
2020-12-03,13.342161178588867,13.605100097734832,13.275431014926465,13.532891248388985,199520000
2020-12-04,13.50376033782959,13.505503297047852,13.334941202298934,13.394450674202265,202244000
2020-12-07,13.55206298828125,13.676062887003207,13.445742488055723,13.546585252766883,223244000
2020-12-08,13.296346664428711,13.544096671002487,13.228121449551065,13.530401856332638,271920000
2020-12-09,12.878780364990234,13.36008781733984,12.816531556571482,13.247044338391767,401300000
2020-12-10,12.920111656188965,13.016224196578298,12.79785473430957,12.817277088994722,207764000
2020-12-11,12.96094799041748,12.96767096745661,12.77146224084269,12.915132393146711,209264000
2020-12-14,13.255261421203613,13.334939820019592,13.024941019943634,13.035398774169177,270156000
2020-12-15,13.306802749633789,13.40988618458932,13.133751149437082,13.385733618093893,193016000
2020-12-16,13.189276695251465,13.383243798398896,13.159396585899268,13.368552602157862,223116000
2020-12-17,13.287631034851074,13.32572727512773,13.12553489491259,13.313027895141222,231384000
2020-12-18,13.218660354614258,13.351125252225733,13.017970240699636,13.325229723016056,342064000
2020-12-21,13.278665542602539,13.316264063450639,12.915381612940775,13.022200773575815,302332000
2020-12-22,13.224883079528809,13.283645967615037,13.001534523080034,13.265718661021117,185580000
2020-12-23,12.956963539123535,13.221645381169145,12.952731046047212,13.20272169186044,179144000
2020-12-24,12.941526412963867,13.079718838543478,12.886748109468082,12.984851528834119,97884000
2020-12-28,12.848155975341797,13.010003286110436,12.711956287643073,13.010003286110436,212564000
2020-12-29,12.891230583190918,13.019961649769133,12.790636670913601,12.873054416539937,170372000
2020-12-30,13.092915534973145,13.160642074392083,12.844916701690002,12.938040099740185,225396000
2020-12-31,13.002528190612793,13.098142055543267,12.863090552298234,13.083700669906014,192424000
2021-01-04,13.060795783996582,13.597630023242596,12.910402638287994,13.05158327179001,560640000
2021-01-05,13.350873947143555,13.389467900488006,13.034401060131557,13.0470994890118,322760000
2021-01-06,12.563798904418945,13.19176459212376,12.535413848882913,13.169354987811701,580424000
2021-01-07,13.29036808013916,13.323982965116926,12.834707343598083,12.915381167862042,461480000
2021-01-08,13.223390579223633,13.36706075733227,12.989584240660953,13.30879652893053,292528000
2021-01-11,13.566755294799805,13.904891272024647,13.308796388895459,13.364819940572676,518344000
2021-01-12,13.430551528930664,13.69921793525609,13.291363686969387,13.697225168243882,291476000
2021-01-13,13.477363586425781,13.570239074194301,13.331203898280512,13.435781431552286,210028000
2021-01-14,13.147197723388672,13.545092022114554,13.12752745599619,13.520441735796062,283120000
2021-01-15,12.807816505432129,13.271694358141557,12.79686103451609,13.174835229375097,277780000
2021-01-19,12.972899436950684,13.041372547513665,12.79237734581268,12.963934834618934,226188000
2021-01-20,13.312032699584961,13.376522184971396,13.004274570708622,13.059052877089373,258572000
2021-01-21,13.811761856079102,13.942982412037162,13.1997317060134,13.364566190706892,337780000
2021-01-22,13.657387733459473,13.78611878930567,13.572480460380298,13.68477736022851,246820000
2021-01-25,13.598377227783203,13.772922949913667,13.183302194742383,13.726360770124714,251112000
2021-01-26,13.381255149841309,13.589912548799784,13.33369658192378,13.525920771704282,163980000
2021-01-27,12.86583137512207,13.179564910137588,12.742329208441202,13.176825567795346,371272000
2021-01-28,12.998547554016113,13.286137711006822,12.908411395926858,12.944018103883906,228316000
2021-01-29,12.937542915344238,13.281156594741395,12.85960747764064,13.022450189012595,271552000
2021-02-01,13.18380069732666,13.217414637475345,12.850893606397493,13.00078904025559,217204000
2021-02-02,13.502265930175781,13.517453895988597,13.232105357802928,13.344900937302837,220440000
2021-02-03,13.476119995117188,13.875757217775313,13.4621763232891,13.581195250724157,245408000
2021-02-04,13.609331130981445,13.618543641909477,13.284143457889288,13.47661645272623,201340000
2021-02-05,13.536376953125,13.682039891705488,13.491308875072331,13.66983917802764,169152000
2021-02-08,14.380720138549805,14.415579319657386,13.67207952886359,13.67207952886359,434624000
2021-02-09,14.205925941467285,14.524639548402014,14.165339215361854,14.283113858860963,287560000
2021-02-10,14.704911231994629,14.845095479349197,14.283860773020809,14.405121329535092,485352000
2021-02-11,15.189457893371582,15.210872071479551,14.865017660110395,14.920045781401463,450828000
2021-02-12,14.90112018585205,15.229793821020415,14.71561805135183,14.989513380553097,374756000
2021-02-16,15.268634796142578,15.31071561660101,14.889913111064672,15.003704102440429,321960000
2021-02-17,14.846092224121094,15.162316290720591,14.720598221294038,15.110026568801802,274756000
2021-02-18,14.769402503967285,14.813474199049633,14.516422672580028,14.669804025488334,233868000
2021-02-19,14.866511344909668,15.11600432241574,14.787081796007755,14.964117061512086,271724000
2021-02-22,14.298053741455078,15.07242908936118,14.267427053399269,14.71536943669712,325884000
2021-02-23,14.085163116455078,14.181524533940966,13.335686902429352,14.018680862200867,391780000
2021-02-24,14.440728187561035,14.44844754946419,13.70071427051266,14.065991018346837,448320000
2021-02-25,13.254015922546387,14.316976805653484,13.16313319589413,13.989049754794058,824436000
2021-02-26,13.659379005432129,13.798815708495557,13.307299430514368,13.697225432091273,500932000
2021-03-01,13.786117553710938,13.869033001931395,13.498777256520254,13.819233771345669,353184000
2021-03-02,13.352368354797363,13.864551312583613,13.342159459835498,13.844133522659883,264116000
2021-03-03,12.753286361694336,13.397436481579216,12.747309959818812,13.372288481570262,377592000
2021-03-04,12.32052993774414,12.922849893553128,12.035181491511338,12.749299657203565,573344000
2021-03-05,12.41141414642334,12.49955846462247,11.63230781059517,12.49955846462247,542840000
2021-03-08,11.546656608581543,12.421127205316727,11.520013555432708,12.399962837749444,543112000
2021-03-09,12.474234580993652,12.570379359155847,12.014928455750928,12.085667607908785,521824000
2021-03-10,12.42242431640625,12.932292694520745,12.411714009519088,12.793305748971898,384376000
2021-03-11,12.945746421813965,12.998303141845815,12.68769846594518,12.902406344963806,299916000
2021-03-12,12.808751106262207,12.841380871489648,12.543728924409528,12.601764317389547,243964000
2021-03-15,13.142767906188965,13.158211007285875,12.720326450748013,12.817467955931283,221988000
2021-03-16,13.242401123046875,13.462837548611631,13.068541996245397,13.307410755933141,272128000
2021-03-17,13.292216300964355,13.403804172306538,12.941758742191908,12.991824107730828,243864000
2021-03-18,12.675742149353027,13.135546212993678,12.670262522567052,13.088221126930026,293896000
2021-03-19,12.798537254333496,12.874009196386721,12.56614486370807,12.703139313327759,299208000
2021-03-22,13.137788772583008,13.34527347586825,12.859315959119696,12.865294425332708,297804000
2021-03-23,13.022711753845215,13.29545500368924,12.973393215824773,13.205536681234243,222048000
2021-03-24,12.596532821655273,13.110886055698332,12.59030636238717,13.102915085638799,245840000
2021-03-25,12.489179611206055,12.668020482645497,12.22689771964549,12.45356156367243,295144000
2021-03-26,12.79206371307373,12.809001433516976,12.32802566282414,12.508360221242423,363968000
2021-03-29,12.900660514831543,13.0144907889492,12.653322911949298,12.773130700711981,273520000
2021-03-30,12.824441909790039,12.927561877681123,12.658304817189459,12.794801380172224,200204000
2021-03-31,13.29919147491455,13.420991773399177,12.934785406687192,12.9676641139645,314776000
2021-04-01,13.760988235473633,13.819023625386853,13.461591793310602,13.522368421618353,308276000
2021-04-05,13.936091423034668,13.962493775777086,13.682526408463117,13.816532577415291,255672000
2021-04-06,13.810556411743164,14.002597999831714,13.722880480460747,13.948298669088535,191744000
2021-04-07,14.091519355773926,14.191151260158252,13.661106906366319,13.829734405751106,251284000
2021-04-08,14.264378547668457,14.41831069368707,14.196627689733756,14.20036470482768,244416000
2021-04-09,14.347073554992676,14.355044524089577,14.122901094858856,14.161757312554487,195172000
2021-04-12,15.15310001373291,15.296072916324466,14.087281972664629,14.237229116837765,869324000
2021-04-13,15.621871948242188,15.642296785961808,15.070157136320923,15.17551855147795,676212000
2021-04-14,15.220852851867676,15.66272242258447,15.171534315585967,15.56757342143402,385500000
2021-04-15,16.077938079833984,16.154654730181758,15.57404632136074,15.604932517003602,598480000
2021-04-16,15.85401725769043,16.10633661100152,15.806940170418816,15.993999997068041,335208000
2021-04-19,15.305290222167969,15.749402181564943,15.177013572325267,15.479398285932946,404420000
2021-04-20,15.115489959716797,15.440042098301998,14.90800531574817,15.266930774723033,334132000
2021-04-21,15.304043769836426,15.306036274534817,15.046742716044934,15.063181592433518,216776000
2021-04-22,14.795670509338379,15.381758649575245,14.729165313862191,15.318491630862203,277788000
2021-04-23,15.209146499633789,15.278639983279946,14.845488196208844,14.879362682597167,227500000
2021-04-26,15.421113014221191,15.422109741768356,15.069410715459696,15.129190614058306,197796000
2021-04-27,15.325218200683594,15.612906665769394,15.29806806262324,15.52124478193989,164572000
2021-04-28,15.220602989196777,15.475164740857569,15.15957836730446,15.308030914991681,209416000
2021-04-29,15.268424987792969,15.379763909461866,15.01610566738283,15.343398085253963,173196000
2021-04-30,14.954338073730469,15.308531794595902,14.941884202567945,15.118732593685866,201912000
2021-05-03,14.782218933105469,15.190711864139518,14.733150296570749,15.069409466583876,203912000
2021-05-04,14.298505783081055,14.583703867134822,13.958759426276734,14.583454922762675,405324000
2021-05-05,14.40536117553711,14.75905695265572,14.334622020113388,14.654940249491606,292024000
2021-05-06,14.469622611999512,14.517695473850004,14.165744240795117,14.441974587843967,193380000
2021-05-07,14.7578125,14.915729703234886,14.617828793921266,14.753827489558498,229328000
2021-05-10,14.213321685791016,14.751586031066266,14.197629637235746,14.732904749404433,268904000
2021-05-11,14.253668785095215,14.301990590214329,13.699463592554991,13.774187749389633,285584000
2021-05-12,13.707934379577637,14.207840322870009,13.658865734558306,13.9580113483226,303408000
2021-05-13,13.615028381347656,14.029002007190137,13.409536184968337,13.982173856108112,285404000
2021-05-14,14.190652847290039,14.275340485481827,13.697970119526413,13.83895053700073,258616000
2021-05-17,14.11343765258789,14.117173718298679,13.802585013316975,14.104968793564424,216980000
2021-05-18,13.964238166809082,14.351310534500186,13.952531130875531,14.214565019489333,186256000
2021-05-19,14.014055252075195,14.02775479367314,13.493475521861324,13.516639700292195,344000000
2021-05-20,14.558795928955078,14.62978403099266,14.21805284914082,14.249934831389337,321592000
2021-05-21,14.936651229858398,15.16605535919213,14.814850925300101,15.108019017237964,672992000
2021-05-24,15.554621696472168,15.687132304008871,15.120223305868196,15.156589134652451,554816000
2021-05-25,15.590238571166992,15.760360666635048,15.425596101514737,15.708053851798939,435408000
2021-05-26,15.642298698425293,15.735704145609564,15.52896724992977,15.676423080242675,370440000
2021-05-27,15.43107795715332,15.692115130559111,15.40318098520956,15.642049757647367,581476000
2021-05-28,16.18479347229004,16.21767312523201,15.444027357726569,15.444027357726569,644536000
2021-06-01,16.20472526550293,16.328021150399323,15.844802987740685,16.210205842744976,472804000
2021-06-02,16.716583251953125,16.85656787926671,16.17582865881313,16.19251743061265,594168000
2021-06-03,16.907379150390625,17.19556736897667,16.522051333849653,16.639368724927916,580008000
2021-06-04,17.513648986816406,17.596093290887584,17.032673204029777,17.04960902455998,617120000
2021-06-07,17.55423927307129,17.747028563409952,17.129557437319555,17.506666211520397,575756000
2021-06-08,17.392841339111328,17.556736040763386,17.18759717009018,17.462832709701473,323848000
2021-06-09,17.298410415649414,17.514414306289563,17.196264753214436,17.455368680991732,381656000
2021-06-10,17.364933013916016,17.431703394406398,17.11679270243008,17.290192689067965,287772000
2021-06-11,17.763809204101562,17.877416579612827,17.38362394384522,17.419250155413216,416308000
2021-06-14,17.95663833618164,17.97731685623669,17.60186647716937,17.84427788430058,321376000
2021-06-15,17.72718620300293,17.954151966900646,17.666895541106463,17.85325126082189,243032000
2021-06-16,17.74886131286621,17.892863983016543,17.52388945392148,17.729429695958256,307124000
2021-06-17,18.592941284179688,18.770078247109847,17.695047795899175,17.713234404849683,809656000
2021-06-18,18.57450294494629,19.308215040452524,18.519941225336265,18.71925259251508,968856000
2021-06-21,18.36372947692871,18.47260390090823,17.761313426706515,18.37170132235496,672384000
2021-06-22,18.8216495513916,18.89838571048754,18.322625970093895,18.407831979451938,580144000
2021-06-23,18.991561889648438,19.0867336597578,18.84257729781816,18.942232994544018,332356000
2021-06-24,19.139293670654297,19.353054663315966,19.022447418636773,19.161468094808583,320924000
2021-06-25,18.96539878845215,19.27881548823382,18.829369907690694,19.214039016111002,278364000
2021-06-28,19.916107177734375,20.00953399739359,19.252402685926803,19.29450671998994,495436000
2021-06-29,19.957719802856445,20.029470225090638,19.589243331185592,19.81396615542745,367632000
2021-06-30,19.933555603027344,20.09300396046819,19.795283772661914,19.93031668352851,326568000
2021-07-01,20.142333984375,20.38549245797189,19.949998418295216,20.05563395892142,480136000
2021-07-02,20.4163818359375,20.434570343264514,20.21781937074688,20.369793862838424,342764000
2021-07-06,20.62715721130371,20.7701619798175,20.28010810318178,20.666022347235145,446708000
2021-07-07,20.301530838012695,20.803046315753402,20.261918703161886,20.781620788688226,418428000
2021-07-08,19.834142684936523,20.063598390632993,19.632839339363898,19.788052722862183,503300000
2021-07-09,19.981136322021484,20.011033596944927,19.686157099051567,19.893689311396027,296624000
2021-07-12,20.441797256469727,20.461975876319716,20.118165723734343,20.17023553460196,321984000
2021-07-13,20.180198669433594,20.390720799183015,20.044667777946696,20.330179245184596,290708000
2021-07-14,19.77311134338379,20.347375250132107,19.684668303737425,20.287582585224396,380100000
2021-07-15,18.9008731842041,19.778587910474652,18.793494657119066,19.743459705435733,550564000
2021-07-16,18.098398208618164,19.09096527868611,18.01070219908961,18.96490214619044,688224000
2021-07-19,18.71501922607422,18.976364277481892,17.803919215628007,17.853499010534822,749060000
2021-07-20,18.54784393310547,18.773064743639477,18.101388235116307,18.665437217414535,434687000
2021-07-21,19.343095779418945,19.45969307152444,18.67739902955173,18.81691585718277,371017000
2021-07-22,19.526458740234375,19.818448030291623,19.209554105329772,19.574293617288724,323826000
2021-07-23,19.490585327148438,19.63209605947266,19.183646421770963,19.588247101340414,195672000
2021-07-26,19.227497100830078,19.37498578095671,18.848805839371344,19.24443870206173,203943000
2021-07-27,19.141788482666016,19.554360946532352,18.676397315586588,19.198591207828677,248863000
2021-07-28,19.435771942138672,19.578278660578594,18.929523634403203,19.252406188851747,202191000
2021-07-29,19.594226837158203,19.78456845561129,19.261376580692936,19.451718199146022,190781000
2021-07-30,19.431791305541992,19.562338390382465,19.196604690590537,19.35106921939,183497000
2021-08-02,19.68191909790039,19.892192193546077,19.29426009396144,19.632092214924064,217444000
2021-08-03,19.74669647216797,20.15229309655213,19.15374627337289,19.671954243501315,301811000
2021-08-04,20.20411491394043,20.24796386771161,19.75965124376936,19.921093477440312,231309000
2021-08-05,20.565866470336914,20.661536241718938,20.271883215334118,20.429339555669177,211435000
2021-08-06,20.29579734802246,20.49909462866521,20.140334945269064,20.45325366267707,178497000
2021-08-09,20.22504234313965,20.43730746916473,20.07356586786639,20.37552091210464,146443000
2021-08-10,19.86728286743164,20.359579568061065,19.76662927363891,20.251952033949838,179238000
2021-08-11,19.631101608276367,19.979895621126385,19.363029684884797,19.973915784698104,185925000
2021-08-12,19.836387634277344,19.959958849718042,19.552370188713052,19.801508432244812,151652000
2021-08-13,20.118412017822266,20.1443233694404,19.782573757798062,19.836388472220936,183063000
2021-08-16,19.88123321533203,20.21707147166275,19.385944729446937,20.0655949890892,210876000
2021-08-17,19.390926361083984,19.701851137196797,19.200584773858555,19.617143152947893,204585000
2021-08-18,18.974369049072266,19.566321363540087,18.934506018766548,19.432782492944614,285913000
2021-08-19,19.729755401611328,20.424353301221036,18.697325356525393,19.426802456904166,766555000
2021-08-20,20.744251251220703,20.793082144793182,19.864295359597282,19.922094106648743,675741000
2021-08-23,21.882312774658203,21.921177903907907,20.877787845028326,20.898715368530024,575807000
2021-08-24,21.717885971069336,21.88331418864783,21.46077578999832,21.678024826308345,297299000
2021-08-25,22.13643455505371,22.392548685209118,21.647127731975118,21.66207542103675,347701000
2021-08-26,21.991931915283203,22.262993686713813,21.714890308972432,22.123476878003054,237940000
2021-08-27,22.55797004699707,22.643674033280696,22.090586896089597,22.107528492260414,304722000
2021-08-30,22.609798431396484,22.963574356571417,22.473271511539938,22.75130918162133,262580000
2021-08-31,22.311769485473633,22.620754812880616,22.04763702019903,22.620754812880616,259850000
2021-09-01,22.367591857910156,22.622754957763057,22.28386700045794,22.41144855038439,201767000
2021-09-02,22.32274055480957,22.51909665177635,22.22207110229776,22.444341223157213,187834000
2021-09-03,22.768274307250977,22.91080616281464,22.12737809725463,22.2519691858628,280532000
2021-09-07,22.58786392211914,22.82408811086323,22.44832062700257,22.758304039244056,198107000
2021-09-08,22.26592445373535,22.53603785625392,21.905107228441466,22.439355044930288,254434000
2021-09-09,22.104450225830078,22.464269311558628,22.05860118166775,22.239008815072744,196856000
2021-09-10,22.40447235107422,22.551987038677307,22.197152562012025,22.274896532355616,248376000
2021-09-13,22.079532623291016,22.888876529423555,21.786493788006073,22.60979183386128,297500000
2021-09-14,22.16924285888672,22.336692569612442,22.013753027023114,22.202133951589552,199755000
2021-09-15,22.267913818359375,22.293829735980275,21.89414058393964,22.236018912995096,166538000
2021-09-16,22.16924285888672,22.20412821528791,21.855272750166648,22.110435843651945,156033000
2021-09-17,21.82836151123047,22.247983887075033,21.758590795663608,22.227052672404977,294503000
2021-09-20,21.043935775756836,21.362888683857676,20.594410879277827,21.076826867613953,349440000
2021-09-21,21.176498413085938,21.354911802354714,20.881467187077302,21.34693855063017,204688000
2021-09-22,21.869224548339844,21.888161496452156,21.126660825026075,21.29610478128571,268726000
2021-09-23,22.40845489501953,22.461281014018834,21.818390548782627,22.067572722802016,248555000
2021-09-24,22.00876808166504,22.076546431149566,21.789488429342764,21.997804384215325,217655000
2021-09-27,21.589147567749023,21.72769282238247,21.255244302712523,21.63898325171852,245215000
2021-09-28,20.63128662109375,21.348932496688196,20.58344330923957,21.144603190689022,343069000
2021-09-29,20.449886322021484,20.94825075454832,20.400048738103138,20.871502966534447,218394000
2021-09-30,20.64823341369629,20.997088873720934,20.620325128983062,20.70006335689361,221009000
2021-10-01,20.674150466918945,20.79076641966092,20.13691215457875,20.68212371981342,240978000
2021-10-04,19.667451858520508,20.47480160606298,19.49103082581489,20.43692580745961,345635000
2021-10-05,20.38410186767578,20.580457952473463,19.789054624206987,19.884741262731815,279282000
2021-10-06,20.63228416442871,20.65221729292301,20.01431155448803,20.054181613694748,297202000
2021-10-07,21.006057739257812,21.25224946522736,20.903394046211478,21.023000423462637,256919000
2021-10-08,20.76285743713379,21.136630744836808,20.707040866525467,21.03197467494621,151258000
2021-10-11,20.627304077148438,20.994100339135553,20.44390594615488,20.507697674953654,163388000
2021-10-12,20.603378295898438,20.988115251158046,20.460846442919173,20.759864289713306,162134000
2021-10-13,20.870502471923828,20.921336231312484,20.645241941754325,20.849571259430128,180652000
2021-10-14,21.67486000061035,21.683829432378424,21.052900818856443,21.218358128233028,243589000
2021-10-15,21.790483474731445,21.85925800191469,21.59113886513245,21.738653534036047,226994000
2021-10-18,22.14930534362793,22.218079867426876,21.573195134718436,21.677853093300257,189494000
2021-10-19,22.217084884643555,22.305792542429998,21.964912250814812,22.203128841785272,161473000
2021-10-20,22.03070068359375,22.359621161989526,21.910096191330364,22.232039597473953,146276000
2021-10-21,22.617765426635742,22.636704274322128,22.010758438417145,22.024712578350698,187590000
2021-10-22,22.651655197143555,23.054332903700523,22.487195958001656,22.74833799814001,249384000
2021-10-25,23.090219497680664,23.27860041757706,22.69551498837549,22.897850050486433,230235000
2021-10-26,24.636144638061523,25.17637336256749,23.84573943509634,23.9105273389636,485898000
2021-10-27,24.37101173400879,25.007921262227864,24.202563973433747,24.393937207117244,245990000
2021-10-28,24.859407424926758,24.86837875777261,24.442775609746818,24.796613798332462,234204000
2021-10-29,25.48336410522461,25.624899789420567,24.918219450808614,24.91921563206718,292503000
2021-11-01,25.742511749267578,25.80929200930688,25.144474150231424,25.565094542912135,265740000
2021-11-02,26.314634323120117,26.590728607704555,25.71560052254652,25.737529816984793,294112000
2021-11-03,26.5109920501709,26.696384427226477,26.14918053197211,26.582757025267508,239910000
2021-11-04,29.70351791381836,31.262401059168756,27.029293768949643,27.139930735345178,1153631000
2021-11-05,29.654674530029297,31.297282321186877,29.313792339899493,30.088251003295557,851260000
2021-11-08,30.70323371887207,30.998264961741995,29.809166754618374,30.05037569360793,503101000
2021-11-09,30.556711196899414,32.20430550943804,29.86597932140083,32.17639722764453,646746000
2021-11-10,29.36263084411621,30.74908123163005,28.683858832683175,29.25996904882886,636206000
2021-11-11,30.29058837890625,30.489934904320453,29.679594643475284,30.368334246239346,332172000
2021-11-12,30.29058837890625,30.579640650645906,29.53307424388538,29.911832261950494,413054000
2021-11-15,29.926780700683594,30.543755287298133,29.15132584547051,30.45205718413863,384909000
2021-11-16,30.104198455810547,30.29058701140295,29.608824510774056,29.661652535322734,264484000
2021-11-17,29.165281295776367,30.409199941675634,28.705788874793846,30.31849611458015,428508000
2021-11-18,31.571380615234375,32.65283033546003,31.218538566380822,32.26111820971524,781711000
2021-11-19,32.877105712890625,32.97976943566429,31.800638500382686,32.13753223855901,533867000
2021-11-22,31.85146141052246,34.533658301488515,31.795644847195604,33.40735381658586,754335000
2021-11-23,31.64215087890625,32.25414264484403,30.77898266433961,31.431840673643133,532163000
2021-11-24,32.567115783691406,32.74752344863697,30.82682705345173,31.358084433513884,435162000
2021-11-26,31.399948120117188,32.602998628839266,31.247448733080454,32.49335785082512,283069000
2021-11-29,33.266822814941406,33.30270435529742,31.93120595307024,32.26012831114146,454964000
2021-11-30,32.56910705566406,33.24389436052743,31.759764944757165,33.06049435573746,622066000
2021-12-01,31.33600616455078,33.184169646455935,31.281179063188567,33.114390390664795,484368000
2021-12-02,32.02482604980469,32.37571869369958,30.927293561836475,31.11569943003582,472890000
2021-12-03,30.596343994140625,32.027822639120906,30.035115336865402,31.899227266863253,544325000
2021-12-06,29.942405700683594,30.145761817550646,27.949700565814876,29.78589864714848,658938000
2021-12-07,32.32487487792969,32.34680875654143,30.554469012712545,30.859506976245633,593053000
2021-12-08,31.72577667236328,32.188316185516875,31.322051376993954,31.898232211155804,475551000
2021-12-09,30.393978118896484,32.103579151197884,30.332173100678283,31.63405989309718,488507000
2021-12-10,30.1028995513916,31.206413705262143,29.766960947879433,31.051901151200305,488825000
2021-12-13,28.072315216064453,30.19859933646938,28.02745685315274,30.153740973557664,598344000
2021-12-14,28.247758865356445,28.58768456683166,27.16418223461943,27.61176761656936,667035000
2021-12-15,30.363082885742188,30.403954139971678,27.75033624261141,28.31056675334451,698297000
2021-12-16,28.297605514526367,31.06187376372511,28.004532628837605,31.053899534566042,707366000
2021-12-17,27.71344757080078,28.83091752139496,27.672576326059648,27.896868119225253,713758000
2021-12-20,27.631710052490234,28.055370925868335,27.059518227197945,27.21901421962327,461847000
2021-12-21,28.983436584472656,29.028294944690636,27.314706725168943,28.284643989318436,524385000
2021-12-22,29.307409286499023,29.461921824667396,28.359404087389027,28.800013421604074,395184000
2021-12-23,29.546653747558594,29.9643348089571,29.338312319080405,29.661291348376615,343022000
2021-12-27,30.847549438476562,30.989102457785446,29.54665876702278,29.566596240467327,403686000
2021-12-28,30.226511001586914,31.231336047997825,29.917485879079116,31.213393083122995,420591000
2021-12-29,29.906518936157227,30.451797181054715,29.273518478931255,30.177663603854032,343139000
2021-12-30,29.492828369140625,30.36108570963226,29.44697370362588,29.73306863749012,308864000
2021-12-31,29.318382263183594,29.9354343785165,29.238634264128304,29.58055454684799,266530000
2022-01-03,30.026138305664062,30.61428033320148,29.69119605074854,29.721102254321217,391547000
2022-01-04,29.197757720947266,30.372047335762616,28.259721233713027,30.18164886854297,527154000
2022-01-05,27.517066955566406,29.323360707048195,27.44629140730359,28.857830469478007,498064000
2022-01-06,28.08926010131836,28.348441526045892,26.979766244192536,27.552954288101756,454186000
2022-01-07,27.161195755004883,28.332496683528657,26.97179355482779,28.05238144846275,409939000
2022-01-10,27.313711166381836,27.382494114013422,25.5632406683439,26.497290128969677,594681000
2022-01-11,27.72939682006836,27.976616901866414,26.754478046594247,27.236953065488187,404089000
2022-01-12,27.91082191467285,28.504943670380957,27.52105256494921,27.97860664853236,383413000
2022-01-13,26.491308212280273,28.390307586035668,26.414549141387052,28.289625832276567,540171000
2022-01-14,26.85715675354004,27.111354801279813,26.127461534880105,26.217178269218586,395832000
2022-01-18,25.821422576904297,26.554108421926475,25.68884201686206,26.177298613096262,424270000
2022-01-19,24.98805809020996,26.459409683048193,24.97310593684919,25.996872119985937,488315000
2022-01-20,24.073942184448242,25.498442577656352,24.0021684375806,25.224309036380294,435181000
2022-01-21,23.300390243530273,24.74482640351697,23.189739748176777,23.432970816782724,718958000
2022-01-24,23.29840087890625,23.306375108749442,20.822223786412746,22.259682338807043,913982000
2022-01-25,22.253700256347656,22.870752385278564,21.930721138257574,22.4750012913378,664616000
2022-01-26,22.700286865234375,23.98124005243623,22.22977314342867,23.16681347265323,755959000
2022-01-27,21.874897003173828,23.919438849325257,21.60674309968497,23.493783457519353,573353000
2022-01-28,22.76807403564453,22.786017001467613,21.228935667863265,21.942680495703392,543774000
2022-01-31,24.408891677856445,24.431819963911636,22.979407443957587,23.108997226913345,564680000
2022-02-01,24.56041145324707,25.065814798100266,23.814765930647102,25.02494354865154,518925000
2022-02-02,25.16250991821289,25.735698020360548,24.475678597564364,25.712771637079914,543419000
2022-02-03,23.87258529663086,24.99802967321124,23.705115075622988,24.38097948355901,410178000
2022-02-04,24.242416381835938,24.557421239348365,23.557579565128698,23.896509010672386,354829000
2022-02-07,24.650127410888672,25.10269624776117,24.125782912567686,24.29524762592509,376868000
2022-02-08,25.028928756713867,25.150544291203026,23.904480837599923,24.28228698772841,410359000
2022-02-09,26.620899200439453,26.64083667175982,25.27315770145827,25.541309655752155,524282000
2022-02-10,25.742673873901367,26.840206412140088,25.519380273324217,25.91313678658992,513200000
2022-02-11,23.87358283996582,26.06964650484527,23.698138380656843,25.834389619490583,605472000
2022-02-14,24.19057846069336,24.79666354683214,23.680189818886806,23.85862696314563,440424000
2022-02-15,26.41156578063965,26.46140756576052,24.705953427119574,24.870432839092235,699869000
2022-02-16,26.427507400512695,26.498284846572346,25.47152798723601,26.17630213057579,732676000
2022-02-17,24.429824829101562,25.70380014996148,24.08890276641559,25.549287576906618,810595000
2022-02-18,23.567548751831055,24.907316200447443,23.02725575627355,24.590316828988254,761255000
2022-02-22,23.31633949279785,23.98821671585555,22.927568291074294,22.962457916801178,633422000
2022-02-23,22.316495895385742,24.078929495655366,22.230768194872702,23.727040557473366,566511000
2022-02-24,23.6732120513916,23.72504833875335,20.82421265561137,20.94881900592277,735801000
2022-02-25,24.0809268951416,24.14073741705025,23.30737152091748,23.64630098063684,528866000
2022-02-28,24.30820655822754,24.587325461796915,23.632342229680074,23.91644455057124,477319000
2022-03-01,23.403064727783203,24.3002319386135,23.059151897859554,24.21450233159208,412056000
2022-03-02,24.147838592529297,24.336276568768735,23.345238595457605,23.685222229370265,389642000
2022-03-03,23.643348693847656,24.253524852561736,23.39907779476586,24.189714450005976,365095000
2022-03-04,22.867666244506836,23.609449084190494,22.415018401859665,23.314331446054602,431415000
2022-03-07,21.288381576538086,22.96437474060364,21.266447763904743,22.749016800661877,450821000
2022-03-08,21.44990348815918,22.306343532359403,20.588477275477324,21.245514318732305,557467000
2022-03-09,22.945438385009766,23.150824061769303,22.180723175157855,22.320305489298665,492742000
2022-03-10,22.59049415588379,22.720105999777736,21.816805180949956,22.46387173081111,428066000
2022-03-11,22.034160614013672,23.07604745226114,21.980320637514282,22.953412795419776,367209000
2022-03-14,21.266450881958008,22.195673358229172,21.095960818464654,21.80384458359265,385354000
2022-03-15,22.904558181762695,22.9693650655766,21.258477785552948,21.453893008438502,491996000
2022-03-16,24.423017501831055,24.523716417538445,23.102962788581674,23.429984670978083,671422000
2022-03-17,24.692214965820312,24.76798684900342,23.834776570421486,24.04813969626861,471941000
2022-03-18,26.374181747436523,26.489837248342905,24.550632728393655,24.72511055088306,730719000
2022-03-21,26.654348373413086,27.07110416186951,25.889633364007818,26.42802540885607,591727000
2022-03-22,26.444978713989258,27.1568522339767,25.994325666723434,26.647373045195117,547007000
2022-03-23,25.557628631591797,26.532713584181124,25.49880439684632,26.04816147769014,502120000
2022-03-24,28.066129684448242,28.235623263570396,25.829812434294954,26.08804154718275,877379000
2022-03-25,27.609493255615234,28.27350932502247,27.18974806430795,27.802915490968033,579016000
2022-03-28,28.13492202758789,28.165829800749353,27.12493975003017,27.67330217918579,425494000
2022-03-29,28.570621490478516,28.85975646589663,27.896634994206327,28.60950485138546,488984000
2022-03-30,27.607500076293945,28.411098411151755,27.421056956130638,28.219671024878537,463487000
2022-03-31,27.204702377319336,28.1638360522598,27.188751204527012,27.69922486553173,523440000
2022-04-01,26.63241195678711,27.41407643804831,26.188738130769117,27.29343666637843,517235000
2022-04-04,27.278484344482422,27.475894378510496,26.533710211634048,26.648367352938315,397120000
2022-04-05,25.853742599487305,27.237607768198263,25.743073244909805,27.17280089255996,436615000
2022-04-06,24.33428192138672,25.224620987328382,23.931486259303167,24.859712215391237,703833000
2022-04-07,24.135875701904297,24.648344247170577,23.40805109513817,24.36818131196346,557992000
2022-04-08,23.05012321472168,23.85172878488728,22.99329382056796,23.845746142871228,524781000
2022-04-11,21.851699829101562,22.253499000395795,21.595465570939584,22.147815823189774,575207000
2022-04-12,21.43992805480957,22.657290726979376,21.21858938714233,22.4698511510868,662258000
2022-04-13,22.13684844970703,22.432964462991524,21.39107781519928,21.663265165709976,516943000
2022-04-14,21.194665908813477,22.70914138808518,21.099949624918715,22.437950489268136,569097000
2022-04-18,21.718101501464844,22.02219119866503,21.016198500677564,21.13683828693259,525701000
2022-04-19,22.13186264038086,22.3063404800413,21.25049567770769,21.655286167385736,512781000
2022-04-20,21.417999267578125,22.602459598625735,21.136839837783892,22.44991555152109,468974000
2022-04-21,20.12286949157715,22.325287868143974,19.940414139309308,21.6443221623934,656209000
2022-04-22,19.45685386657715,20.424961412485715,19.441899168057798,20.24250610355399,624713000
2022-04-25,19.842708587646484,19.885579752238908,19.039110058157114,19.14479325994293,641566000
2022-04-26,18.732023239135742,19.729043844449905,18.614374777282016,19.659252706344454,653143000
2022-04-27,18.360139846801758,19.109898429876335,18.235512240679018,18.542593323392335,499460000
2022-04-28,19.723060607910156,19.977301919519842,18.434910207307524,18.910488306653104,570327000
2022-04-29,18.491743087768555,20.06803212955995,18.46183178332937,19.344195296792407,500435000
2022-05-02,19.474803924560547,19.515680231778166,18.33620622488366,18.48575893149055,572049000
2022-05-03,19.54360008239746,19.76593718597662,19.075997486229383,19.342202225014407,475751000
2022-05-04,20.27341651916504,20.33921986356432,18.695132726502678,19.863641752299557,648855000
2022-05-05,18.787853240966797,19.86563172470804,18.444878342756542,19.80780587732495,626331000
2022-05-06,18.61935806274414,19.45386415893865,17.93639951654731,18.68017713798414,633297000
2022-05-09,16.89950180053711,18.20061223010109,16.776867157808468,17.98027188540069,644455000
2022-05-10,17.542579650878906,18.143783810287378,16.974278119895548,17.636299465737004,761474000
2022-05-11,16.5804500579834,17.700105173473105,16.518636414884845,17.295314714048374,670167000
2022-05-12,16.126808166503906,16.73798268883239,15.520620763164581,16.170677698614824,708728000
2022-05-13,17.65324592590332,17.874584618378165,16.54356304480127,16.737981755398717,670437000
2022-05-16,17.212562561035156,17.735001491928404,17.055034273977807,17.456833430342392,521446000
2022-05-17,18.122844696044922,18.316266948710442,17.581463204511554,18.020150928461515,585830000
2022-05-18,16.887535095214844,18.064019738570103,16.813756162184983,17.652250113395763,545161000
2022-05-19,17.072978973388672,17.63430122078651,16.68413969929211,16.886535872778936,621310000
2022-05-20,16.644268035888672,17.3581346428227,15.708065231534352,17.28036789084753,739105000
2022-05-23,16.84765625,16.86460579941811,16.13079851441161,16.225514794885957,639889000
2022-05-24,16.105873107910156,16.54755410720824,15.732987737093548,16.460813405318188,588550000
2022-05-25,16.92442512512207,17.060019607721216,15.952329656354774,15.97227052482503,781132000
2022-05-26,17.797813415527344,18.038094588752674,15.974262384109384,15.988220610755953,996575000
2022-05-27,18.754961013793945,18.824752172684995,18.046078711105714,18.131822949886057,738379000
2022-05-31,18.616371154785156,19.142797955948794,18.29532999144944,18.923452187686582,664100000
2022-06-01,18.265419006347656,18.9962349851399,18.068008952451528,18.668216603337324,544514000
2022-06-02,19.533626556396484,19.560546538437922,18.14378074438324,18.237500543404728,648656000
2022-06-03,18.664228439331055,19.274406575530012,18.46681836923716,19.025151378896318,598779000
2022-06-06,18.73002815246582,19.27938709229923,18.508689459205605,19.081977060607624,422406000
2022-06-07,18.86961555480957,18.94339449795544,18.133813364518677,18.416967656771526,388914000
2022-06-08,18.596372604370117,19.12689931949138,18.4836845843309,18.74695362356912,363252000
2022-06-09,17.99803352355957,18.880583584037574,17.991052933850728,18.42983530392258,395574000
2022-06-10,16.927003860473633,17.64800161515912,16.822293135540402,17.5512700639211,465248000
2022-06-13,15.603678703308105,16.266837489978222,15.562791854181512,15.955701045689514,604153000
2022-06-14,15.792159080505371,16.021521877799216,15.369332170298332,15.68744927445471,469680000
2022-06-15,16.481245040893555,16.821300578805904,15.881908139766276,16.050439932166825,563936000
2022-06-16,15.557808876037598,15.897865381945072,15.358362760963734,15.816091666385807,545749000
2022-06-17,15.836034774780273,15.950716157739642,15.285562995334534,15.604676739581116,630334000
2022-06-21,16.5201358795166,16.960911609240924,16.361575686273117,16.429388214877477,483089000
2022-06-22,16.314706802368164,16.61587073985761,16.135204840649315,16.181077014713374,437135000
2022-06-23,16.18008041381836,16.539082437023865,15.809109627633456,16.473265177528255,463680000
2022-06-24,17.078584671020508,17.09254584996885,16.26484385133375,16.454318352824092,472153000
2022-06-27,16.822296142578125,17.282020263994987,16.579968879448046,17.26407044859053,427968000
2022-06-28,15.937751770019531,17.15437333107961,15.900853555794448,16.85320941802592,461149000
2022-06-29,15.498970985412598,15.776201206281394,15.128001145361374,15.770218251263673,482352000
2022-06-30,15.11703109741211,15.523901498559498,14.820853441865891,15.318471504237966,686070000
2022-07-01,14.482792854309082,15.021297826850201,14.352155961339314,14.85775230195311,577610000
2022-07-05,14.922571182250977,14.92955177197515,14.01608834866183,14.135756008662238,651397000
2022-07-06,15.088113784790039,15.276590681067619,14.74805726364274,14.968446110382747,529066000
2022-07-07,15.814095497131348,15.900854523259023,15.346394102933195,15.413208995404638,492903000
2022-07-08,15.79415225982666,15.992601679207207,15.346394973873567,15.387281829188536,467972000
2022-07-11,15.110051155090332,15.484012943856513,14.996366451757986,15.483015309181383,437321000
2022-07-12,15.040243148803711,15.388276870570849,14.83581079611465,15.22572805239749,458483000
2022-07-13,15.122017860412598,15.332434145906136,14.424953642931776,14.549607579077355,521918000
2022-07-14,15.329442024230957,15.430162236147307,14.687224899011335,15.06617297485196,456235000
2022-07-15,15.718362808227539,15.73830694346338,15.40224003829484,15.615648276832916,385935000
2022-07-18,16.056419372558594,16.85021493548919,15.957694457686417,16.2568630566496,670517000
2022-07-19,16.944957733154297,17.062631077163257,16.127228231279975,16.440358091474902,702366000
2022-07-20,17.757701873779297,17.8833544065657,16.754488293525725,16.900084012250357,760538000
2022-07-21,18.00002098083496,18.093760569299747,17.496420101426658,17.835478834875435,557049000
2022-07-22,17.27104949951172,17.91725420891557,17.089552288201755,17.843459684574043,536671000
2022-07-25,16.976869583129883,17.0765931156567,16.602907762705456,16.971882360366042,480748000
2022-07-26,16.487226486206055,16.872157459195602,16.43237845884533,16.842239834616713,397865000
2022-07-27,17.740747451782227,17.886343144331377,16.866174710818715,16.984844729606653,569776000
2022-07-28,17.934207916259766,18.089776144359217,17.391715338129444,17.925233960102176,474646000
2022-07-29,18.112714767456055,18.193489890290078,17.64301808926749,17.763683382729887,435460000
2022-08-01,18.38994789123535,18.7938273733398,17.940196227316555,18.131664131200854,476469000
2022-08-02,18.474706649780273,18.885566611126666,18.041908238318054,18.071825862895118,489527000
2022-08-03,18.840694427490234,18.915487551007924,18.08678689420816,18.133657657387115,418146000
2022-08-04,19.161802291870117,19.220638962108396,18.708062062276774,18.796816360490926,409652000
2022-08-05,18.936426162719727,19.17576145516048,18.614320486775554,18.757920901412877,386068000
2022-08-08,17.743738174438477,18.188504443935763,17.19426496293747,17.45354536402082,981859000
2022-08-09,17.038694381713867,17.398694940794755,16.677697139131496,17.20423514221183,668263000
2022-08-10,18.046894073486328,18.067835838460873,17.269053012858226,17.648998636902306,597422000
2022-08-11,17.8923282623291,18.655211706632087,17.826510993938886,18.080806109395972,509327000
2022-08-12,18.657201766967773,18.666177625548745,17.903294316475968,18.109721945226894,478094000
2022-08-15,18.97930908203125,19.110943606719005,18.56147037086015,18.649226086629287,457666000
2022-08-16,18.826732635498047,19.089004999072056,18.449778881107083,18.867619490970508,451240000
2022-08-17,18.284236907958984,18.63626023321667,18.09476431039142,18.47171804037453,446799000
2022-08-18,18.721025466918945,18.812769810722802,18.13265879882492,18.250332132443727,415447000
2022-08-19,17.799585342407227,18.468727183536906,17.72080358497965,18.355042477008766,441588000
2022-08-22,16.986839294433594,17.509388691765842,16.91902677104241,17.44157616837466,409593000
2022-08-23,17.133434295654297,17.4166484395593,16.923018006184385,16.94196640912856,369986000
2022-08-24,17.174318313598633,17.35780889595624,16.848223999149923,16.964898742460186,522661000
2022-08-25,17.8634090423584,17.897315311031562,16.78639903354692,16.79736826116041,770691000
2022-08-26,16.214982986450195,17.874375614644485,16.192045948797936,17.807561673056387,769127000
2022-08-29,15.75725269317627,16.29276564803654,15.723347381626995,15.97564717969457,496132000
2022-08-30,15.425174713134766,15.994592953755117,15.139966300020541,15.915812157547325,530181000
2022-08-31,15.052212715148926,15.496978080522329,14.91758622911399,15.341409823464284,573710000
2022-09-01,13.89841365814209,14.340186988303111,13.233260527452883,14.169659947404499,1178865000
2022-09-02,13.60921859741211,14.13176711995098,13.553372925822355,14.060964535551635,743157000
2022-09-06,13.427720069885254,13.74085083822802,13.314035378216058,13.6929833994128,535751000
2022-09-07,13.680094718933105,13.803788702525829,13.313004492414725,13.529468012385438,512657000
2022-09-08,13.955412864685059,13.973368965250524,13.335948799799713,13.425725497360691,624873000
2022-09-09,14.351430892944336,14.438215695022928,14.091076486708564,14.121999030627672,486612000
2022-09-12,14.469139099121094,14.511035078989412,14.16289794182431,14.333475654409431,484159000
2022-09-13,13.098535537719727,13.887580298232978,13.06661506291521,13.767877090741246,714956000
2022-09-14,13.095545768737793,13.2571449823335,12.881077130493788,13.221233728873338,588507000
2022-09-15,12.897035598754883,13.200283922132007,12.758379308646864,12.982823422794079,523625000
2022-09-16,13.165371894836426,13.179337223190453,12.585807914194328,12.710498889536233,670751000
2022-09-19,13.348917007446289,13.429717086609914,12.977836924096026,12.97983183509863,569685000
2022-09-20,13.143424987792969,13.44966616014184,13.024719705664902,13.182329079094677,524818000
2022-09-21,13.228215217590332,13.996312044305188,13.07758850400222,13.180334501882477,807679000
2022-09-22,12.529946327209473,13.116492959222398,12.39727571074283,13.037687792673827,759162000
2022-09-23,12.485058784484863,12.579824199786678,12.226699237698918,12.389296389257975,663309000
2022-09-26,12.197768211364746,12.627703351069655,12.18380288466906,12.460118479404896,547343000
2022-09-27,12.382311820983887,12.70451323216134,12.227695289178223,12.47607929062904,553854000
2022-09-28,12.704512596130371,12.791297397761815,12.323457052729534,12.379318359284666,542414000
2022-09-29,12.189789772033691,12.469097284845578,11.916466992118151,12.417225794477423,532763000
2022-09-30,12.108988761901855,12.601767882452046,12.045146859340639,12.057117275528151,565638000
2022-10-03,12.481066703796387,12.64665666780186,12.075072388322885,12.316474670852143,547478000
2022-10-04,13.134449005126953,13.187318430145417,12.847160878067555,12.847160878067555,584182000
2022-10-05,13.176345825195312,13.288069415589456,12.589800067405486,12.879083123852421,507131000
2022-10-06,13.097538948059082,13.62223854641482,13.070605273695971,13.187316594180706,644157000
2022-10-07,12.046147346496582,12.638678792584194,11.99228093788105,12.474086724226524,672478000
2022-10-10,11.64115047454834,12.094027654115829,11.379798085400415,12.007242834813725,698699000
2022-10-11,11.557356834411621,11.81671332375179,11.255105480239216,11.532418070127365,667482000
2022-10-12,11.471569061279297,11.705987738753207,11.316952527256786,11.550374224944592,492590000
2022-10-13,11.930432319641113,12.048140628446744,10.786267640804748,10.943877022867374,850103000
2022-10-14,11.199243545532227,12.081057843251315,11.176300644723986,12.0271914472458,713432000
2022-10-17,11.858610153198242,11.918462240438945,11.48852799742512,11.48952497727775,580774000
2022-10-18,11.937414169311523,12.4611158389974,11.589277019716143,12.313481973149718,659362000
2022-10-19,12.021206855773926,12.319468398644798,11.804743321043421,11.84963214701234,523131000
2022-10-20,12.163853645324707,12.73743191217373,12.075072975272215,12.08305357020032,652398000
2022-10-21,12.435179710388184,12.467101136617279,11.857611660936854,12.068089492311048,609494000
2022-10-24,12.567852973937988,12.678578622776968,12.034175742763328,12.477078338119243,517457000
2022-10-25,13.228215217590332,13.26711930987685,12.63269102706923,12.662617544617813,505482000
2022-10-26,12.864117622375488,13.354900896725308,12.676582681545735,12.837184898566917,532953000
2022-10-27,13.143424987792969,13.803788998303101,13.089558589412318,13.59630304820485,583113000
2022-10-28,13.799797058105469,13.815758246237337,13.028708425425865,13.071602334811837,521040000
2022-10-31,13.463631629943848,13.803789144395994,13.264126272475048,13.74393706149706,486341000
2022-11-01,13.509517669677734,13.890573215216364,13.4855768377865,13.77685473939127,432817000
2022-11-02,13.186319351196289,14.174869538553562,13.17833970749939,13.815759886644688,672628000
2022-11-03,13.387818336486816,13.746928905168618,12.923968770800348,13.010753571214046,500065000
2022-11-04,14.121003150939941,14.1938226319805,13.663137321682004,13.951423355113537,612576000
2022-11-07,14.265644073486328,14.376369715229352,13.919502771881342,14.19282459299917,410061000
2022-11-08,14.565901756286621,14.85418686064914,14.180855378354366,14.76440920283428,595292000
2022-11-09,13.741942405700684,14.175867398651944,13.724984235954823,14.12698780032859,454414000
2022-11-10,15.71106243133545,15.734005334197544,14.511036451418649,14.763411236851555,700819000
2022-11-11,16.28663444519043,16.348481436653724,15.443724222491777,15.767920535169456,655487000
2022-11-14,16.25471305847168,16.499108168761815,15.882635102124247,16.177903764636575,527852000
2022-11-15,16.624797821044922,16.955975861509707,16.341499544736198,16.680659131421315,545876000
2022-11-16,15.87066650390625,16.321548716407033,15.833758273609781,16.122044306055884,649547000
2022-11-17,15.6382417678833,16.225786282199604,15.496592636887353,15.676147926956387,710894000
2022-11-18,15.370906829833984,15.962441247903389,15.082620775152405,15.926529043321702,492072000
2022-11-21,15.279133796691895,15.438738093483565,15.042719242364662,15.109553993521583,404739000
2022-11-22,15.998348236083984,16.018299245315394,15.0846125617215,15.290103580749188,472866000
2022-11-23,16.478160858154297,16.486142404800624,16.008326496462395,16.05820212549382,427241000
2022-11-25,16.229774475097656,16.446237020144476,16.132017196689414,16.277656134662113,167934000
2022-11-28,15.787872314453125,16.31656273871607,15.68612519322037,15.98637975502715,303741000
2022-11-29,15.600337028503418,15.89261289133373,15.481631739149844,15.787871978822768,298384000
2022-11-30,16.885482788085938,16.89246723894382,15.562422258629718,15.662199992090873,565298000
2022-12-01,17.097013473510742,17.226724437822572,16.5981219285695,16.96131529301092,470977000
2022-12-02,16.83858299255371,16.895457726979757,16.408538823613274,16.622065055941654,371389000
2022-12-05,16.573179244995117,16.957325998044983,16.435484678821734,16.64202652808181,352255000
2022-12-06,15.951557159423828,16.53625748277145,15.783929395985323,16.493353544908274,352694000
2022-12-07,16.084260940551758,16.150114595724432,15.632264273659429,15.737031971375904,372388000
2022-12-08,17.130939483642578,17.140917543492012,15.923620885545601,16.236925874832792,515456000
2022-12-09,16.963308334350586,17.544018774553155,16.93736690492108,17.121956228129644,465338000
2022-12-12,17.496126174926758,17.49911978299442,16.759763296368646,16.999231007459425,457328000
2022-12-13,18.03192901611328,18.748337388277672,17.671729409316935,18.489910898821016,656589000
2022-12-14,17.634817123413086,18.21153673692968,17.38138052214265,17.947122938893273,496888000
2022-12-15,16.914413452148438,17.281597547820855,16.662973286290804,17.107983556218308,478542000
2022-12-16,16.534257888793945,17.003217021729515,16.37361555870543,16.826609420854215,478232000
2022-12-19,16.217966079711914,16.57217862044,16.10920846876325,16.53526189450194,354039000
2022-12-20,16.04933738708496,16.27383892516191,15.816855115740298,16.02838403707244,403260000
2022-12-21,16.46441650390625,16.590138515163844,16.066300925017234,16.078275356146534,325025000
2022-12-22,15.304991722106934,16.102221001275094,14.849005155476785,16.058317929250357,565045000
2022-12-23,15.172286987304688,15.304991533429133,14.850003158774006,15.162308930007534,349326000
2022-12-27,14.089693069458008,15.066522651056324,14.024836646016347,15.04058027199165,464902000
2022-12-28,14.0048828125,14.230381609035915,13.853219366158653,13.89612425706417,351066000
2022-12-29,14.570622444152832,14.650444994919857,14.195456645859789,14.370068832497605,354923000
2022-12-30,14.581599235534668,14.596565369641379,14.201443443017887,14.302219345783994,310490000
2023-01-03,14.28326416015625,14.96275513554216,14.06474980589438,14.81807613433421,401277000
2023-01-04,14.716299057006836,14.820068566207876,14.20942594066625,14.534703367464905,431324000
2023-01-05,14.233375549316406,14.53171246808561,14.116634353930149,14.458874351118146,389168000
2023-01-06,14.826059341430664,14.976724612906638,14.002888471300379,14.441912618183158,405044000
2023-01-09,15.593353271484375,16.020403900966134,15.107432477127848,15.250116050155102,504231000
2023-01-10,15.873729705810547,15.926611700930899,15.437698272766157,15.472620524555069,384101000
2023-01-11,15.965526580810547,15.992467150380552,15.528497864017895,15.804884204616416,353285000
2023-01-12,16.47439193725586,16.600112025362304,15.45765118323187,16.06430389569738,551409000
2023-01-13,16.861536026000977,16.884485751855593,16.129164009129322,16.24191245912775,447287000
2023-01-17,17.66275405883789,17.68869739083552,16.861534824609727,16.861534824609727,511102000
2023-01-18,17.33847427368164,17.83337297862017,17.243683680111356,17.627830325283927,439624000
2023-01-19,16.727828979492188,17.158872284903268,16.693905869643526,16.998228042242104,452932000
2023-01-20,17.799449920654297,17.816412427942808,16.787698117134013,16.973284656262667,564967000
2023-01-23,19.150453567504883,19.202338339087234,17.778501680528674,18.023954731552497,655163000
2023-01-24,19.222288131713867,19.45177965907979,18.778275018636265,18.785259468912272,496204000
2023-01-25,19.28015899658203,19.3270556760891,18.538806268911344,18.871068158440618,449537000
2023-01-26,19.758098602294922,20.121291926493868,19.235260153653364,19.657322688857523,489535000
2023-01-27,20.319849014282227,20.582266410433473,19.36197832095678,19.41885115591402,542142000
2023-01-30,19.119516372680664,20.09534677439952,19.10754194271611,19.905769395745818,488611000
2023-01-31,19.493688583374023,19.643355663941833,18.907990025151328,19.12750161644277,498017000
2023-02-01,20.896570205688477,21.145016818201913,19.567522516028927,19.647345080075983,660477000
2023-02-02,21.660871505737305,21.900339205368454,20.654109551727693,20.953443700486602,564276000
2023-02-03,21.053218841552734,21.696789246514708,20.74290754825101,20.95344017438409,429366000
2023-02-06,21.04224395751953,21.522176520252494,20.73991434273434,20.759870457178742,452197000
2023-02-07,22.12384033203125,22.20965010200628,21.103107721044175,21.334593701458743,664150000
2023-02-08,22.15576934814453,22.82727757872674,21.95920561326959,22.337365045310303,559651000
2023-02-09,22.287477493286133,22.96896380674192,22.07095953858251,22.555882109825383,523876000
2023-02-10,21.21785545349121,22.029052780138088,20.764863390521825,21.641914381705053,550737000
2023-02-13,21.73969268798828,21.99911645552033,20.91552384659178,21.49024697725974,474919000
2023-02-14,22.920068740844727,22.9978949140653,21.318625944342383,21.53015578557321,675474000
2023-02-15,22.71352767944336,22.80432551871884,22.056987553870204,22.49900422442741,420575000
2023-02-16,21.95322036743164,22.50000383331045,21.878385888019974,22.083928543019674,412026000
2023-02-17,21.34058380126953,21.691802710091036,20.928499305845392,21.583045106514625,465888000
2023-02-21,20.609207153320312,21.44634583081081,20.5722885301492,20.953441579866375,410015000
2023-02-22,20.70798683166504,21.05721124102222,20.37572493019937,20.661092053593148,513184000
2023-02-23,23.611539840698242,23.83504419332299,22.973956473591837,23.388037391193805,1117995000
2023-02-24,23.234373092651367,23.421957916477858,22.89612587509221,23.17350941362294,589716000
2023-02-27,23.448894500732422,23.827053916300855,23.401999726272685,23.617520428698207,452994000
2023-02-28,23.164527893066406,23.772178848920596,23.154549835484183,23.320182165733303,455963000
2023-03-01,22.64767837524414,23.204441849787724,22.458099073317108,23.140582657134395,460026000
2023-03-02,23.26231575012207,23.328169423400574,22.382271034207484,22.438148550640456,389415000
2023-03-03,23.837034225463867,23.8470122834048,23.07871895003249,23.268298244670323,412393000
2023-03-06,23.50178337097168,24.194243164611763,23.43493056523591,23.8380361602402,437429000
2023-03-07,23.24031639099121,24.07560247170694,23.193411743392723,23.551677824513874,515154000
2023-03-08,24.131488800048828,24.150450902284962,23.376038799236685,23.438909531706024,513573000
2023-03-09,23.388011932373047,24.403927067293445,23.335119057261018,24.12549713017086,501257000
2023-03-10,22.917972564697266,23.57861757990062,22.679461667667898,23.361063587833492,474866000
2023-03-13,22.918970108032227,23.250290973383887,22.251341357225837,22.70540953761066,421890000
2023-03-14,24.013729095458984,24.169409811888126,23.411963139447696,23.447890629973315,474910000
2023-03-15,24.178394317626953,24.2362742238191,23.312171498969583,23.71234953099833,524486000
2023-03-16,25.48870086669922,25.535603606038674,23.845072112678007,23.97780109757633,583253000
2023-03-17,25.672332763671875,26.344952648683684,25.615448349987695,25.92880656887962,848547000
2023-03-20,25.846960067749023,25.97070668140793,25.078536462455723,25.562543859877536,432747000
2023-03-21,26.14535903930664,26.337964679003704,25.329034940797325,26.126398838719393,547408000
2023-03-22,26.413806915283203,27.532511945846586,26.18327899167826,26.370893785694037,797295000
2023-03-23,27.135324478149414,27.442694389660254,26.635350859477686,27.059479880369732,564889000
2023-03-24,26.724164962768555,27.1113709568097,26.301033385062095,26.97564975875482,454920000
2023-03-27,26.476675033569336,26.944714568093122,26.311014571134052,26.782048221700336,361026000
2023-03-28,26.355924606323242,26.45871435039119,25.7970717555382,26.392849502534016,356104000
2023-03-29,26.928747177124023,27.02255456693602,26.542540461107045,26.770074250919894,393694000
2023-03-30,27.326927185058594,27.442690778412167,27.046502452400244,27.17324320124841,364516000
2023-03-31,27.720125198364258,27.777007695296096,27.049500279209546,27.08442846214019,433933000
2023-04-03,27.907737731933594,27.94266591204821,27.280025990589856,27.45267208283813,398716000
2023-04-04,27.39678382873535,27.942664624417038,27.25108288313044,27.908733850028394,368592000
2023-04-05,26.825958251953125,26.942717354778598,26.340953337844432,26.774064682882994,515015000
2023-04-06,26.98163604736328,27.024547263842212,26.37288455652641,26.529562651009662,397654000
2023-04-10,27.522531509399414,27.564445330206645,26.61439491835625,26.768078927982756,395279000
2023-04-11,27.113370895385742,27.7330996597478,27.070457767266205,27.66723481289394,314378000
2023-04-12,26.440752029418945,27.4117593746922,26.39384737924561,27.313960457156856,446259000
2023-04-13,26.408815383911133,26.831947015202942,26.275090880655256,26.67926041012461,353615000
2023-04-14,26.70320701599121,26.827951053263416,26.16630857297882,26.44972742157741,395660000
2023-04-17,26.946714401245117,26.950705921949755,26.378879181117764,26.510608881587505,321471000
2023-04-18,27.610349655151367,28.05244337278638,27.30098493529646,27.476625156577658,604812000
2023-04-19,27.87380599975586,27.942664953460447,27.176237922113327,27.304973482039863,358660000
2023-04-20,27.04850196838379,27.972606485594795,26.944714827313312,27.614340416338198,427713000
2023-04-21,27.06346893310547,27.12733896388513,26.667282494525807,26.896811075410813,345103000
2023-04-24,26.986629486083984,27.309965480209698,26.61638884445198,26.957689535565127,339282000
2023-04-25,26.187271118164062,27.191211864022204,26.17130503524893,27.022557264988468,378527000
2023-04-26,26.90080451965332,27.274039268907778,26.65031901312097,26.94671176186849,406337000
2023-04-27,27.170251846313477,27.43870204664904,26.57048262204744,27.306972360442714,377161000
2023-04-28,27.692184448242188,27.70116489389645,27.015571252856407,27.1692571711631,292216000
2023-05-01,28.85080337524414,28.998501044313812,27.7231180146928,27.782994624988884,570329000
2023-05-02,28.152236938476562,28.776956510510566,28.025498077141993,28.621275795478528,402730000
2023-05-03,27.745073318481445,28.30891697061435,27.415749094927655,27.782995617159955,383387000
2023-05-04,27.50556182861328,27.801952644290193,27.18422068244442,27.594378381183077,321850000
2023-05-05,28.62126922607422,28.696114498552298,27.67421318792166,27.76901796110433,361494000
2023-05-08,29.09130859375,29.160167550884644,28.291950055367597,28.46359684267218,344979000
2023-05-09,28.512496948242188,28.91367423632623,28.3917463228912,28.83982635316878,314869000
2023-05-10,28.82585906982422,29.05339288631877,28.402727410108433,28.945612307547268,369350000
2023-05-11,28.519481658935547,28.890721581405018,28.188162647959096,28.8368313012262,322149000
2023-05-12,28.281970977783203,28.72107056378974,27.988572349830026,28.470583157825374,274222000
2023-05-15,28.89371681213379,28.90968479771039,28.09435819789657,28.449628270125718,293926000
2023-05-16,29.153186798095703,29.808843106968173,28.772968267342456,28.781948713333726,449405000
2023-05-17,30.116207122802734,30.137164031905737,29.369739532230806,29.523423532319487,432535000
2023-05-18,31.61313247680664,31.762824941212354,30.25791345051095,30.34772930984297,748725000
2023-05-19,31.19998550415039,31.515338464823536,30.85269847604877,31.471427932457345,473908000
2023-05-22,31.112165451049805,31.455460948812917,30.617180758045432,30.837727010931786,372000000
2023-05-23,30.625164031982422,31.223935873295638,30.568281535055462,30.936525465603022,356253000
2023-05-24,30.47547149658203,30.544330458079507,29.744969965607368,30.14814207840876,721419000
2023-05-25,37.90223693847656,39.399165745558044,36.55998955658973,38.44412443571779,1543911000
2023-05-26,38.86625671386719,39.08979709643769,37.47311513309701,37.812419131021514,714397000
2023-05-30,40.028873443603516,41.852132355940626,39.867206384616175,40.51188361880298,923401000
2023-05-31,37.756534576416016,40.212494220771234,37.7445581109248,39.40714734389047,1002580000
2023-06-01,39.688568115234375,39.967993574032356,38.2614958531395,38.410189027460895,635873000
2023-06-02,39.24647521972656,40.41707376526735,38.97802500871207,40.01489905431234,482731000
2023-06-05,39.09078598022461,39.48397633432031,38.6277354717196,38.829321475557855,396094000
2023-06-06,38.57485580444336,39.07982029424169,38.06989131464503,38.75049794421731,388729000
2023-06-07,37.402130126953125,39.422196626647725,37.28336203456749,38.83933255229278,511998000
2023-06-08,38.43511962890625,38.788431404042456,37.43207648828261,37.650648624822814,417772000
2023-06-09,38.69462203979492,39.633790585447805,38.49201760502022,38.961101220453585,427717000
2023-06-12,39.40522766113281,39.45313466256055,38.5429092499931,39.123778310934604,388701000
2023-06-13,40.94224166870117,41.021090447407424,39.662736532909214,40.107868537313834,613208000
2023-06-14,42.91340637207031,42.916398894689806,40.47315646710425,40.74463080916541,740465000
2023-06-15,42.570068359375,43.20483334915505,42.065051672698964,42.51916882992291,568622000
2023-06-16,42.60898971557617,43.635988226566326,42.578047952217986,43.36551525859182,655709000
2023-06-20,43.72283172607422,43.90448091606777,42.59103745727722,42.91440888005399,451153000
2023-06-21,42.961307525634766,43.53020280046162,41.998187390967416,43.416422222584046,551603000
2023-06-22,42.941349029541016,43.341566542076215,42.15188658669768,42.170846843287116,417737000
2023-06-23,42.126930236816406,42.72576209923424,41.93330719856048,42.381435491620046,358140000
2023-06-26,40.553001403808594,42.68085624285854,40.02203424973249,42.37844394803587,594322000
2023-06-27,41.79458236694336,41.85845711307234,40.36936115095312,40.71967665079335,462175000
2023-06-28,41.03705596923828,41.76364114383004,40.43922159164072,40.58094379252524,582639000
2023-06-29,40.74262237548828,41.51910947373688,40.52105392093283,41.47719132326854,380514000
2023-06-30,42.21975326538086,42.467272192490576,41.420311904436474,41.5989647398468,501148000
2023-07-03,42.330528259277344,42.81458581035407,42.11994000015232,42.434326127886784,198209000
2023-07-05,42.2347297668457,43.09305457985884,42.003178561095986,42.053080590984536,323618000
2023-07-06,42.021148681640625,42.09700114412261,41.26562038709098,41.76265332751653,303582000
2023-07-07,42.42036056518555,43.129980526432945,42.097990517388034,42.239712723775206,355881000
2023-07-10,42.09798812866211,42.72776176918797,41.56801853142634,42.57406186731793,353908000
2023-07-11,42.32254409790039,42.67485834432988,41.985203882736315,42.39839653240351,298244000
2023-07-12,43.81663131713867,43.849568091588466,42.69381892243994,42.949321638490275,481277000
2023-07-13,45.88760757446289,46.06525908080091,44.405494267990946,44.43144469055369,478204000
2023-07-14,45.38059616088867,47.99450350820883,44.972390985691305,46.492428621249765,772075000
2023-07-17,46.37066650390625,46.40559830268811,45.1740001632929,46.1990038397671,510488000
2023-07-18,47.40165328979492,47.80287207706954,45.64507706670889,46.6101959109385,569164000
2023-07-19,46.9854621887207,47.7250225002053,46.65111448328101,47.37171073363014,427502000
2023-07-20,45.43149185180664,46.99544633379389,44.974382199398164,46.416572252146125,537865000
2023-07-21,44.22284698486328,45.776822685139486,44.01425371443011,45.698971418551594,963769000
2023-07-24,44.5252571105957,45.02129240158318,43.95437069346409,44.644025212328465,382516000
2023-07-25,45.59019470214844,46.09321266502614,44.83566395055092,44.8536305094884,348081000
2023-07-26,45.36362838745117,45.96346161310325,44.54322798421179,45.93152233751283,364237000
2023-07-27,45.810760498046875,47.302852779891246,45.66105061247082,46.42855649018283,455976000
2023-07-28,46.65910339355469,46.93556524542494,46.29082136263418,46.57726209617673,331194000
2023-07-31,46.63813781738281,47.038359066996236,46.415571856481925,46.6630907290073,251055000
2023-08-01,46.41657257080078,46.808809981833214,45.9375063312931,46.36966307349115,237858000
2023-08-02,44.18292236328125,45.75086678713784,43.302637394351734,45.7418854140989,530142000
2023-08-03,44.4284553527832,45.03028366723633,43.714845270967245,43.714845270967245,324176000
2023-08-04,44.59313201904297,45.553259657619556,44.306691262413594,44.89753933286693,362666000
2023-08-07,45.328704833984375,45.45146680674041,44.47636500012794,45.023299970859505,322154000
2023-08-08,44.5771598815918,45.154035175235585,43.97034032891443,44.765791580742274,353843000
2023-08-09,42.47126388549805,44.22584525940291,42.05207850406444,44.187917131866904,586449000
2023-08-10,42.30558776855469,43.48928271463046,41.753661535765616,42.07803041712352,492705000
2023-08-11,40.775569915771484,41.93631084030742,40.559990255420004,41.66982783575129,533085000
2023-08-14,43.667930603027344,43.714840105511556,40.23262525589616,40.40728424676243,690286000
2023-08-15,43.85456466674805,45.17998551740348,43.62501232005784,44.473361921944495,676512000
2023-08-16,43.40144729614258,44.588134620821634,43.321601018047524,44.43343721611258,527451000
2023-08-17,43.25972366333008,43.97632609118521,42.91738827793847,43.884505920253574,452395000
2023-08-18,43.214813232421875,43.4932701006516,41.57900001272248,42.55210279035976,583768000
2023-08-21,46.87568283081055,46.97349186656967,44.13602090022551,44.407491420923556,692573000
2023-08-22,45.57920455932617,48.09330773941367,45.24485683130546,48.041406896438666,755293000
2023-08-23,47.0244026184082,47.10823894798695,45.120111028865615,45.776832751180166,779046000
2023-08-24,47.07129669189453,50.16826400478164,47.067306662299096,50.118361983877634,1156044000
2023-08-25,45.928531646728516,47.71205604609622,44.93646092899701,46.92059855717943,925341000
2023-08-28,46.74394226074219,46.88866080793937,44.80072902830529,46.39162792536596,685192000
2023-08-29,48.68914794921875,48.985571364963455,46.30079918990067,46.575266020642104,701397000
2023-08-30,49.168212890625,49.82992198159772,48.330843509784565,48.94863943193041,735206000
2023-08-31,49.25904083251953,49.64728445636799,48.86281334141854,49.28399374905417,528570000
2023-09-01,48.41468048095703,49.7031706927899,48.0483934780796,49.66524637506185,463830000
2023-09-05,48.45360565185547,48.75601791251672,47.76694364415611,48.1292368066892,382653000
2023-09-06,46.973365783691406,48.45859385625443,46.49326248710991,48.350797071158595,468670000
2023-09-07,46.15489196777344,46.25770080270002,45.067919183407476,45.440225686097044,433330000
2023-09-08,45.487144470214844,46.519219579428515,45.186706235848995,45.856458279277405,473069000
2023-09-11,45.09387969970703,46.0770424255395,44.22949106974816,46.06207096484273,473966000
2023-09-12,44.78644561767578,45.587951736657104,44.44807617569655,44.6546914479524,349256000
2023-09-13,45.40030288696289,45.844473946840324,44.420129217307256,44.516948715229006,398355000
2023-09-14,45.49612808227539,45.90137033130358,45.04696523433204,45.86444047531069,370097000
2023-09-15,43.8182487487793,45.514082288276775,43.726417212467545,45.25656332752661,506831000
2023-09-18,43.88412857055664,44.15961559349167,41.921789942113186,42.66839815481211,500271000
2023-09-19,43.438961029052734,43.8841296709857,42.921924053303314,43.7513779115944,373064000
2023-09-20,42.16034698486328,43.82124998391259,42.14437793528599,43.51881278602881,367108000
2023-09-21,40.94062042236328,42.021603947761406,40.903690569058845,41.505568360727295,450736000
2023-09-22,41.53251647949219,42.03657715904044,41.154220620543846,41.494585230845004,479236000
2023-09-25,42.14337921142578,42.4567936946112,41.1003231092512,41.51355366859355,419091000
2023-09-26,41.83295440673828,42.74026210135053,41.577430601284675,41.92278696484624,402282000
2023-09-27,42.388916015625,42.79216683776979,41.55148148041127,42.25117631483952,444935000
2023-09-28,43.00876998901367,43.3651037098535,42.03658452900842,42.380939557902295,424663000
2023-09-29,43.417999267578125,44.06179864340564,43.22635545841842,43.74538760189782,397830000
2023-10-02,44.69861602783203,45.09088199561907,43.77932952657343,43.94801356401108,433298000
2023-10-03,43.43596267700195,45.045961784832514,43.165467413747166,44.724558993956826,470850000
2023-10-04,43.95899200439453,44.06080325905543,43.21138616245394,43.660548982906214,361821000
2023-10-05,44.60478591918945,44.816392949836604,43.80627636575413,43.967973455641534,393483000
2023-10-06,45.676788330078125,45.70373848025028,43.9440208476475,44.11070969679084,434436000
2023-10-09,45.188697814941406,45.520080342411596,44.28538419676615,44.75850060605626,409675000
2023-10-10,45.71272659301758,46.17286677038151,45.00404949375793,45.225636261945006,368582000
2023-10-11,46.71883773803711,46.77174044276166,45.964245041548175,46.109973069324404,378137000
2023-10-12,46.85758590698242,47.52035097000379,46.243733198035265,46.68989946190785,481325000
2023-10-13,45.3763427734375,47.02826348384449,45.195680068516225,46.87255194030723,474115000
2023-10-16,46.00916290283203,46.13891807478204,44.82836342341364,44.9790832052808,375099000
2023-10-17,43.85618591308594,44.67066838631244,42.40090056802487,43.91807074145932,812333000
2023-10-18,42.11742401123047,43.13852165493323,41.74711648202066,42.51168892025405,627294000
2023-10-19,42.022613525390625,43.21638582989178,41.80401951663401,42.731290656514126,501233000
2023-10-20,41.309932708740234,42.39091619548763,41.00150619051564,41.81199440818419,477266000
2023-10-23,42.89497756958008,43.1674718539468,40.86875871685224,41.152230295210934,478530000
2023-10-24,43.581695556640625,43.615632642963874,42.61150915403504,42.99678817947999,401463000
2023-10-25,41.70119857788086,43.56871659941446,41.47761668487891,43.317183162193714,398379000
2023-10-26,40.25090789794922,42.17731428874224,39.80573926150373,41.775064849583806,541001000
2023-10-27,40.424583435058594,41.1292700454015,39.94048596248548,41.053411354619094,416784000
2023-10-30,41.08435821533203,41.68823125867914,40.405624059194345,41.01049849985918,388028000
2023-10-31,40.70405578613281,40.802874255163,39.15694305189198,40.374672312145435,517969000
2023-11-01,42.24618911743164,42.30208459844571,40.79289899587781,40.807870455778854,437593000
2023-11-02,43.424991607666016,43.802286120371775,42.81413164942189,43.24732164549146,409172000
2023-11-03,44.921199798583984,45.22463078266812,43.641585445769095,43.93803330221259,424610000
2023-11-06,45.66580581665039,45.849465106470674,44.815391150878824,45.20067395834923,400733000
2023-11-07,45.86943054199219,46.13193749816825,45.073913725971586,45.63386992886557,343165000
2023-11-08,46.48727798461914,46.77973167159943,45.882403587242706,46.014157765591044,346719000
2023-11-09,46.86257553100586,48.14019083451283,46.662947187934414,47.3786111235174,540496000
2023-11-10,48.244998931884766,48.38174487246118,47.19495962235481,47.411554622346145,421245000
2023-11-13,48.52946853637695,49.02454717798487,48.00943872930376,48.230027897633555,384136000
2023-11-14,49.56353759765625,49.74120755867973,48.948687284637685,49.58749498042509,416954000
2023-11-15,48.79696273803711,49.86696509098912,48.11024418489581,49.8420139297863,475497000
2023-11-16,49.38786697387695,49.43278516309001,48.24001057724096,48.58835975878918,339756000
2023-11-17,49.206207275390625,49.62442581647781,48.9157487529458,49.43178439121729,325205000
2023-11-20,50.31513595581055,50.453877068941594,49.08942192234672,49.22017851068948,414120000
2023-11-21,49.85100173950195,50.422932832163035,49.130346021791986,50.03266205340574,565747000
2023-11-22,48.62527847290039,50.24126298029007,47.6011881616042,49.759164546453185,899420000
2023-11-24,47.687042236328125,48.829910707399556,47.656097917344944,48.379750254535665,294645000
2023-11-27,48.15217208862305,48.43963402417859,47.56327053938668,47.7109937696309,395662000
2023-11-28,47.73195266723633,48.233020614585215,47.38460109717888,48.146180818273855,401491000
2023-11-29,48.050357818603516,48.67120123627393,47.7708804254883,48.288914999950215,382005000
2023-11-30,46.68291091918945,48.02041588268528,46.335559349897565,47.934573676190574,526247000
2023-12-01,46.67791748046875,47.11210883022558,46.10099466756543,46.43836652084653,369317000
2023-12-04,45.42524719238281,45.99119263522652,44.92617831886354,45.99119263522652,437543000
2023-12-05,46.48338317871094,46.517319443047896,45.19067882409736,45.38533254496545,371718000
2023-12-06,45.42226028442383,47.30292009715476,45.331422145943435,47.13122440124437,380590000
2023-12-07,46.51332092285156,46.54626331215597,45.52308054469381,45.618910872891085,350823000
2023-12-08,47.42170715332031,47.65629078492983,46.467402174460815,46.5123243077979,359224000
2023-12-11,46.54426956176758,47.446664942684954,45.74868658721169,47.40673880790064,509728000
2023-12-12,47.572444915771484,47.581427820158346,45.96430321028968,45.96430321028968,372387000
2023-12-13,48.00267791748047,48.50778063121328,47.52353004634861,47.54449269431196,447792000
2023-12-14,48.26420974731445,48.58364165791398,47.337858729747325,48.30413968812158,391232000
2023-12-15,48.803253173828125,49.31634111544804,48.034618938742405,48.10848894942567,479948000
2023-12-18,49.98814392089844,50.34351123549537,49.06279063158867,49.312347036005846,412587000
2023-12-19,49.51598358154297,49.61181391094036,48.80824198487287,49.33630266590499,464444000
2023-12-20,48.025634765625,49.91028529819524,48.012657344636494,49.5668939044448,397894000
2023-12-21,48.903076171875,49.007889407965415,48.333086371904265,48.724392927903814,300425000
2023-12-22,48.74335861206055,49.29537497058781,48.38099994161529,49.107708829124014,252507000
2023-12-26,49.19156265258789,49.51199224313979,48.87312841671405,48.88111364335506,244200000
2023-12-27,49.329315185546875,49.591849010515,48.99790354922427,49.42315016052461,233648000
2023-12-28,49.43412780761719,49.795484989479434,49.324322381717465,49.55491529927827,246587000
2023-12-29,49.43412780761719,49.90828725509975,48.66449595698359,49.72461182444803,389293000
2024-01-02,48.0825309753418,49.20753015338818,47.51054964423797,49.1566219566508,411254000
2024-01-03,47.484596252441406,48.09850289557728,47.23603751691528,47.40074566328975,320896000
2024-01-04,47.912841796875,48.41395003873669,47.42370949212884,47.68224884044641,306535000
2024-01-05,49.009883880615234,49.459086175725254,48.220287041681374,48.37601228101952,415039000
2024-01-08,52.16028594970703,52.18225008334284,49.39120958940494,49.424151981929796,642510000
2024-01-09,53.045719146728516,54.22861810717389,51.598290954841644,52.308031854280586,773100000
2024-01-10,54.253562927246094,54.50311934146144,53.39409057576156,53.52086794542818,533796000
2024-01-11,54.72472381591797,55.24779611496442,53.46496584925973,54.90141170121365,596759000
2024-01-12,54.61292266845703,54.872463461679565,54.23359967517569,54.52308221048439,352994000
2024-01-16,56.281959533691406,56.73415487746208,54.80259064863885,54.92038130782368,449580000
2024-01-17,55.953548431396484,56.370806056804064,54.64287831771136,56.24702551752996,474394000
2024-01-18,57.00567626953125,57.49780159403606,56.00745052096862,57.15840468720761,491650000
2024-01-19,59.385440826416016,59.39442372974931,57.12345894632279,57.88610325059809,543501000
2024-01-22,59.548152923583984,60.223953645882176,58.96518950299891,59.942452516713104,452955000
2024-01-23,59.76676940917969,59.803702511682395,58.48105267598879,59.46430561582059,294654000
2024-01-24,61.25312423706055,62.73748534909312,59.831651069260054,60.19700279855746,560271000
2024-01-25,61.50767517089844,62.607721109617174,60.742033936667,62.23937252647403,482777000
2024-01-26,60.92271041870117,61.67337885004867,60.465526677085045,60.85183724757184,390309000
2024-01-29,62.35416793823242,62.37812361839996,60.79893365210522,61.12335395532468,348733000
2024-01-30,62.66261672973633,63.38034275629544,62.14952879417416,62.788396424260334,410735000
2024-01-31,61.41783905029297,62.158523170614345,60.59230665111332,61.33099160859471,453795000
2024-02-01,62.91516876220703,63.07887923181449,61.5406131324354,61.98981163068563,369146000
2024-02-02,66.04261779785156,66.48183193924027,63.57699522405565,63.8604917267368,476578000
2024-02-05,69.20897674560547,69.37368488045085,67.085752030502,68.10393877262449,680078000
2024-02-06,68.1019515991211,69.630233381063,66.18236704818828,69.50645284574946,683111000
2024-02-07,69.97461700439453,70.09540449820057,67.48005062301553,68.19777661316522,495575000
2024-02-08,69.5174331665039,70.66838724943909,69.33176617612584,69.94966354395652,414422000
2024-02-09,72.00502014160156,72.05692221360141,70.08742326576261,70.40785287358678,436637000
2024-02-12,72.11981964111328,74.4786262016981,71.12358918296164,72.4711925074671,613710000
2024-02-13,72.00003051757812,73.31968365428922,69.4964845401849,70.27509946360114,602580000
2024-02-14,73.76889038085938,74.10429279758857,71.81037331243682,73.0721307009838,504917000
2024-02-15,72.52908325195312,73.84374789733648,72.27154539670707,73.73794078168315,420122000
2024-02-16,72.48414611816406,74.2699729733596,72.37234535124092,73.96850692718213,495327000
2024-02-20,69.32877349853516,71.82832841143384,67.61381946264177,71.81934169951924,704833000
2024-02-21,67.35227966308594,68.76576751724065,66.13045246980936,67.88532873628714,673755000
2024-02-22,78.3986587524414,78.43558804957509,74.08831901858908,74.89189108055353,865100000
2024-02-23,78.67716217041016,82.24781162101127,77.43237298519631,80.64666119604064,829388000
2024-02-26,78.9516830444336,80.50292689292228,78.36571885591441,79.55859846095663,503973000
2024-02-27,78.56135559082031,79.33898034064636,77.0250924240117,79.24014935736925,391705000
2024-02-28,77.52519989013672,78.7929431019633,76.98815248522881,77.48227691873889,393110000
2024-02-29,78.97164154052734,79.84808217607286,78.21099242072147,78.95367572984398,507289000
2024-03-01,82.13301086425781,82.15397732028299,79.29405523547015,79.85805518730493,479135000
2024-03-04,85.08575439453125,87.5393930852347,83.57045019844777,83.98071640863849,615616000
2024-03-05,85.81549835205078,85.94827183043155,83.27290109267872,85.12269695886387,520639000
2024-03-06,88.54676055908203,89.56899358821315,86.87964744648528,87.86993807352297,582520000
2024-03-07,92.50892639160156,92.60675668423116,89.44722285119568,90.00226219768649,608119000
2024-03-08,87.37679290771484,97.23174040772027,86.35655527181379,94.97364703765751,1142269000
2024-03-11,85.62582397460938,88.64359662209651,84.02060015441661,86.27969121669621,678364000
2024-03-12,91.75422668457031,91.80114256968415,86.0011815049168,87.8969031445505,668075000
2024-03-13,90.73098754882812,91.34592070136199,88.28222228746216,90.89769886633881,635713000
2024-03-14,87.79206848144531,90.48940398821422,86.45038860441925,89.42225054534444,602318000
2024-03-15,87.68527221679688,89.39131979974543,86.10800722766477,86.77984124405515,642086000
2024-03-18,88.30219268798828,92.24536587684682,86.9345566695886,90.23185202169164,668976000
2024-03-19,89.24356842041016,90.38758481674583,84.86314816147532,86.55022352343148,672171000
2024-03-20,90.21588897705078,90.25382534481801,88.07059918494765,89.64187768825083,479063000
2024-03-21,91.27703857421875,92.48794810720764,90.24881917443113,92.14054972284487,480372000
2024-03-22,94.12611389160156,94.61426754269417,90.67708069798141,90.9835495525749,586719000
2024-03-25,94.83787536621094,96.59882785449742,93.34845614456138,93.77871131394467,552136000
2024-03-26,92.4011001586914,96.20851455285562,92.34220396856466,95.68541767838448,513648000
2024-03-27,90.09410858154297,93.07894173608074,88.96905637776396,92.95116447926165,586067000
2024-03-28,90.19992065429688,91.14229021994063,89.03892762518525,89.8445328106342,435212000
2024-04-01,90.20689392089844,92.0656767674512,89.04989954343785,90.14300911365386,452441000
2024-04-02,89.29747009277344,89.93835929549583,87.46863424504667,88.295199136712,433064000
2024-04-03,88.81031036376953,90.21787822523544,88.24728931215489,88.33114383542578,370067000
2024-04-04,85.756591796875,90.47742601324012,85.73163346290652,90.24981545155312,434965000
2024-04-05,87.8559799194336,88.32816244191248,85.7775755946387,86.71594667786945,399678000
2024-04-08,86.98247528076172,88.67654220104028,86.58216705957724,88.54676191015398,283220000
2024-04-09,85.20654296875,87.4836082761363,82.87857850073121,87.29094090122678,501700000
2024-04-10,86.88864135742188,87.24901778988773,83.56439211342133,83.78102010903869,431929000
2024-04-11,90.45945739746094,90.58224601063488,86.77583708331596,87.2689793680449,431637000
2024-04-12,88.03367614746094,90.0192466432013,87.378811002314,89.54406327822376,426805000
2024-04-15,85.8524169921875,90.45644843108836,85.78054278674153,88.94406648002054,443077000
2024-04-16,87.26399993896484,87.96578088273147,85.91533573267348,86.28369399477991,370453000
2024-04-17,83.88983154296875,88.62164096734257,83.80497167986917,88.18738725935935,495400000
2024-04-18,84.52471923828125,86.0410998135889,82.25964198597137,84.82320627802973,447260000
2024-04-19,76.06837463378906,84.17834237736079,75.47540651529913,83.00637428065669,875198000
2024-04-22,79.38063049316406,79.93467203595871,76.26802061217705,77.96907171420484,596341000
2024-04-23,82.2806167602539,82.62601974052421,80.1253496885507,80.62947459576492,438559000
2024-04-24,79.53935241699219,83.93674114541149,79.04620255838257,83.80496541021976,512208000
2024-04-25,82.4892578125,83.1790583894206,78.08787011237102,78.73175253009703,424641000
2024-04-26,87.58345031738281,88.17842147858853,83.2429613231266,83.67321658546781,551011000
2024-04-29,87.60540008544922,87.83998710672722,85.11869845127212,87.44367738781547,388971000
2024-04-30,86.25274658203125,88.66557118869024,86.15092540038592,87.08929643239856,363709000
2024-05-01,82.89753723144531,85.85142484392729,81.11461964994571,84.93002290842145,559863000
2024-05-02,85.66874694824219,86.08801954331209,83.05626359727954,84.30310641773906,377898000
2024-05-03,88.63561248779297,89.12675929539812,86.8896334546632,87.6373400551101,398341000
2024-05-06,91.98082733154297,92.06069095925291,88.90115758999175,89.23557796278553,376203000
2024-05-07,90.3975601196289,91.62243773928878,88.8572265315021,90.94061902784969,437342000
2024-05-08,90.25581359863281,91.03646035901207,89.26552291616532,89.32841761603471,325721000
2024-05-09,88.59369659423828,90.91467725150264,88.07858911055452,90.37261598217049,378013000
2024-05-10,89.72273254394531,91.24310415488777,89.07285618291228,90.14899684375659,335325000
2024-05-13,90.24283599853516,90.84080023922876,88.37606371894472,90.32169428450598,289680000
2024-05-14,91.19818115234375,91.49266969851776,88.78036057605543,89.44421267221655,296507000
2024-05-15,94.46653747558594,94.69813898318716,91.44077486128403,92.31226797545344,417735000
2024-05-16,94.19599914550781,95.65347613046144,93.94043705092355,94.74604980958085,323952000
2024-05-17,92.31924438476562,94.57634022771545,91.64741042469609,94.20598653059943,359691000
2024-05-20,94.61627197265625,95.03554461976276,93.27859039868353,93.58805245494568,318764000
2024-05-21,95.2212142944336,95.23519004733342,93.01902406434208,93.43729892728764,328946000
2024-05-22,94.78596496582031,95.85411617010452,93.0879071432018,95.29408831779949,548648000
2024-05-23,103.61969757080078,106.1363388077003,101.34462744914427,101.85175314144693,835065000
2024-05-24,106.28506469726562,106.29105104139217,102.82205601462691,104.26855020743297,429494000
2024-05-28,113.70423126220703,114.74044007562202,109.69317481392171,110.05355122917427,652728000
2024-05-29,114.62663269042969,115.29248024146612,110.70941556106891,112.8547051589029,557442000
2024-05-30,110.3091049194336,115.61891628592592,109.47355289556607,114.45193707992216,484553000
2024-05-31,109.443603515625,112.52227529514084,106.75525509489461,112.32560941345422,613263000
2024-06-03,114.80133056640625,114.80133056640625,111.80950641949946,113.42471506551881,438392000
2024-06-04,116.23584747314453,116.39856789561996,113.84798144289938,115.51609997186799,403324000
2024-06-05,122.2284927368164,122.23747225440593,117.26508152569082,118.16652151115385,528402000
2024-06-06,120.78898620605469,125.37005594832782,118.1156108470622,123.83371299207869,664696000
2024-06-07,120.67916870117188,121.48178065904402,117.81812234412239,119.56309618694148,412386000
2024-06-10,121.5796127319336,122.88734731323206,116.80787124184927,120.16206756268633,313434100
2024-06-11,120.71104431152344,122.66781818606155,118.54460929253459,121.56962216023484,222551200
2024-06-12,124.99398803710938,126.67122400488891,122.36831828276222,122.85750988511934,299595000
2024-06-13,129.396728515625,129.5864183097163,126.9507630154097,129.1770893049594,260704500
2024-06-14,131.66299438476562,132.62140615970972,128.10885485479358,129.7461556011969,309320400
2024-06-17,130.7644805908203,133.5099557271365,129.3667902512595,132.77118307637525,288504400
2024-06-18,135.35690307617188,136.10566894087242,130.47495024767164,130.92420671975586,294335100
2024-06-20,130.56480407714844,140.52837801062054,129.30688285479897,139.56996619369176,517768400
2024-06-21,126.36172485351562,130.41504917764772,124.09546355999291,126.91082285827493,649445800
2024-06-24,117.91564178466797,124.2551908621237,117.8457572795687,123.03719724453093,476060900
2024-06-25,125.88251495361328,126.29184395373642,119.1236583558784,121.00056206941291,414192600
2024-06-26,126.19200134277344,127.9091645624237,122.39825146602374,125.92244138152637,362975900
2024-06-27,123.78598022460938,126.20200405764365,122.71774114608809,123.89579983596734,252571700
2024-06-28,123.33671569824219,127.49985213027985,122.54801473015355,124.3750052910358,315516700
2024-07-01,124.095458984375,124.63456367500987,118.63445902087864,123.26682297750608,284885500
2024-07-02,122.4681396484375,123.20692743216773,120.8308389451457,120.93067286767031,218374000
2024-07-03,128.0689239501953,128.0689239501953,121.16031210370706,121.45982152361671,215749000
2024-07-05,125.62295532226562,128.63799033992214,125.4732006158399,127.17040031042268,214176700
2024-07-08,127.9890365600586,130.55481479101948,126.83094936680692,127.28020581947078,237677300
2024-07-09,131.163818359375,133.59980576329167,128.43829962119838,130.1355144487565,285366600
2024-07-10,134.68801879882812,134.87770860466375,132.20211043348235,133.80946190177127,248978600
2024-07-11,127.19035339355469,135.92594686670037,126.84093087332322,135.5266111960585,374782700
2024-07-12,129.02732849121094,131.70291097832524,127.01064833229333,128.04893020829968,252680500
2024-07-15,128.2286376953125,131.1737800395054,126.97070905664152,130.34514408452472,208326200
2024-07-16,126.1520767211914,128.82765950066548,124.37500690887067,128.22865593379024,214769500
2024-07-17,117.79583740234375,121.64948612259293,116.52793062400055,121.15030890615485,390086200
2024-07-18,120.89073944091797,122.19858897958201,116.36819489836525,121.64949097287113,320979500
2024-07-19,117.73594665527344,121.39990584738524,117.176870571876,120.15196272062997,217223800
2024-07-22,123.33671569824219,123.86584236392231,119.66277083791101,120.15196240961751,258068900
2024-07-23,122.38826751708984,124.4848179409612,121.89907597271183,122.57795729865761,173911000
2024-07-24,114.06200408935547,119.75262181556741,113.25333936427286,118.9739065074374,327776900
2024-07-25,112.0952377319336,116.43807811661003,106.12508231687993,112.85398925547956,460067000
2024-07-26,112.87394714355469,116.00877938122822,111.39638688236367,115.998801321254,293399100
2024-07-29,111.40637969970703,116.0886649396649,111.11686358531041,113.50293033164324,248152100
2024-07-30,103.5593032836914,111.80570498592243,102.37125913301429,111.33647720819822,486833300
2024-07-31,116.82743072509766,118.1452582531107,110.6975352036146,112.71421539482289,473174200
2024-08-01,109.03028869628906,119.96227450650746,106.63423649015627,117.3365974252001,523462300
2024-08-02,107.09347534179688,108.54109382170915,101.20319035397925,103.58925680976456,482027500
2024-08-05,100.28472137451172,103.23985783628589,90.54078549127688,91.90852648466269,552842400
2024-08-06,104.07845306396484,107.53275860175525,100.38454458708775,103.66912407688663,409012100
2024-08-07,98.74723815917969,108.6209626457341,98.52759897070796,107.6325862976113,411440400
2024-08-08,104.7972640991211,105.32639072006307,97.35951914167633,101.83215026963444,391910000
2024-08-09,104.57763671875,106.42459107060563,103.2598090475883,105.46617163856445,290844200
2024-08-12,108.84060668945312,110.88723650727509,106.08515369153115,106.14505252549102,325559900
2024-08-13,115.94889068603516,116.03874655153282,111.39639661656214,112.25498209343158,312646700
2024-08-14,117.88569641113281,118.40483737868666,113.88229289564154,118.3349528711921,339246400
2024-08-15,122.6578369140625,123.03720888953038,117.27670666159618,118.56458490618095,318086700
2024-08-16,124.375,124.79430704362497,120.98059332504539,121.73934484458584,302589900
2024-08-19,129.7860870361328,129.7860870361328,123.21691249503145,124.0754979878485,318333600
2024-08-20,127.04061126708984,129.6662885004724,125.68284852553639,128.18871285893894,300087400
2024-08-21,128.28855895996094,129.13716641620366,126.45159025428316,127.11050029285343,257883600
2024-08-22,123.536376953125,130.5348437487765,122.89743071735391,129.80604926899383,376189100
2024-08-23,129.1571044921875,129.38673697357257,125.01393980516215,125.65288601497598,323230300
2024-08-26,126.25190734863281,131.04400430992783,124.16535012958609,129.35679802537265,331964700
2024-08-27,128.08889770507812,128.98741074794592,123.67616460225028,124.84424526829238,303134600
2024-08-28,125.40331268310547,128.118838213882,122.43819852070378,127.90917706049713,448101100
2024-08-29,117.39649963378906,124.22524823697073,116.51795043355128,121.16030028839229,453023300
2024-08-30,119.17357635498047,121.54965726206557,117.02711271158417,119.33330911013266,333751600
2024-09-03,107.8222885131836,116.01877823521122,107.1134577156826,115.8191103772934,477155100
2024-09-04,106.03522491455078,113.0836048738263,103.94866777615402,105.2365459269591,372470300
2024-09-05,107.03358459472656,109.46957200218677,104.58761912643209,104.8172363950656,306850700
2024-09-06,102.6607894897461,107.97203483673319,100.78387825686288,107.86221523834789,413638100
2024-09-09,106.29479217529297,106.3746623538231,103.51936821450626,104.70740474857429,273912000
2024-09-10,107.922119140625,109.21998302790867,104.77730096516093,107.63259542371279,268283700
2024-09-11,116.7176284790039,116.99716652085532,107.24323877137772,109.20999835891277,441422400
2024-09-12,118.95413208007812,120.60155948017247,115.19999582839206,116.6577172050991,366052700
2024-09-13,118.9141845703125,119.77284345041441,117.41652479583126,118.8942191250157,238358300
2024-09-16,116.5978012084961,117.9956184829638,114.18157866716109,116.60778773961486,248772300
2024-09-17,115.40966796875,118.61466685067687,114.65085910577872,117.98564481894722,231925900
2024-09-18,113.19313049316406,117.51636932909096,113.04336298957726,115.70919560695407,310318900
2024-09-19,117.68610382080078,119.47331200503227,117.0670683927597,117.16691085083309,293506400
2024-09-20,115.81902313232422,118.43493829364436,115.2099742116256,116.87736694059126,382462400
2024-09-23,116.07862854003906,116.80748542405605,114.68081111279044,116.36817703420066,206228500
2024-09-24,120.68143463134766,121.60998405209612,115.19999404233639,116.33821493002908,354966800
2024-09-25,123.31731414794922,124.74508350925583,121.42027681497308,121.82963321276459,284692900
2024-09-26,123.84648132324219,127.47081527785902,121.6099781665842,126.60217747362803,302582900
2024-09-27,121.21060943603516,123.83650371853182,119.07394858799772,123.7765997601264,271009200
2024-09-30,121.25054931640625,121.31045327548797,117.96568098439478,118.1254274144435,226553700
2024-10-01,116.81746673583984,122.24898215671047,115.60935538711523,121.58002164337385,302094500
2024-10-02,118.66458129882812,119.19375323018366,114.96037016184738,116.25834508658102,221845900
2024-10-03,122.65834045410156,124.16598683922703,120.15225416683853,120.73135113827638,277118000
2024-10-04,124.72511291503906,124.84492844767553,121.63993722019764,124.7450859792245,243678100
2024-10-07,127.520751953125,130.4361947862503,124.75506901888204,124.79500753108144,346250200
2024-10-08,132.68267822265625,133.27175410957346,129.2180905372518,130.0567764001493,285722500
2024-10-09,132.44305419921875,134.31014727855833,131.1750464230449,133.9007832398008,246191600
2024-10-10,134.59970092773438,134.78940697514903,130.79564676847795,131.7042308718923,242311300
2024-10-11,134.58970642089844,135.5681732923908,133.4514855032485,133.80093033986074,170209500
2024-10-14,137.8546142578125,139.38222619629536,136.08737124143596,136.25710420849128,232347700
2024-10-15,131.3946990966797,138.3538265330219,128.5391603262797,137.654906403531,377831000
2024-10-16,135.50827026367188,136.40686011825153,131.37472950963348,133.77097927850218,264879700
2024-10-17,136.71636962890625,140.6701983777905,136.65646567187503,139.12261346955344,306435900
2024-10-18,137.78469848632812,138.68328825202838,137.06582057977474,138.45365135367973,176090200
2024-10-21,143.4857940673828,143.4857940673828,137.78469595874105,137.91449801128798,264554500
2024-10-22,143.36599731445312,144.19470435057536,141.55882333477078,142.6870654207542,226311600
2024-10-23,139.34226989746094,142.20778753302577,137.24555525009052,141.80841766733155,285930000
2024-10-24,140.19093322753906,141.12946905874685,138.24397870268353,140.60029719391386,172354900
2024-10-25,141.3191680908203,143.90513885209074,140.58033236044267,140.71011917970793,205122100
2024-10-28,140.30078125,142.9166889544992,139.83151327072179,142.77690797567064,173586700
2024-10-29,141.0296173095703,142.03803599122583,138.68327775945374,140.07110842835752,157593600
2024-10-30,139.1226043701172,140.1110653014331,136.59655278062618,139.32228929215535,179418100
2024-10-31,132.55287170410156,137.39531116933003,131.90389188236236,137.38533225522045,270039600
2024-11-01,135.18878173828125,137.0958059615883,134.36008987253786,134.4898767241073,207127800
2024-11-04,135.83775329589844,138.74321710094807,135.3585064031532,136.9959472521015,187528200
2024-11-05,139.6917266845703,140.151000495864,137.11574997671616,137.23555788662173,160537400
2024-11-06,145.38284301757812,146.2614750565614,141.73854326176877,142.73698322061895,242043900
2024-11-07,148.6477508544922,148.69766066609404,145.9419717733186,146.1616297903136,207323300
2024-11-08,147.399658203125,149.53631855776948,146.03178545046896,148.53787885494532,175665800
2024-11-11,145.0333709716797,148.6177817068004,143.3460203778287,148.44803352101476,182325600
2024-11-12,148.05862426757812,149.41650294104454,145.78218284955818,146.55098572515575,198634700
2024-11-13,146.0417938232422,149.0970171738845,145.67236073742527,148.83742831045777,191903300
2024-11-14,146.53103637695312,148.7675472701728,145.32293261192063,147.40966837696516,194463300
2024-11-15,141.75848388671875,145.0134075079149,139.86145428913719,144.6439744081883,250132900
2024-11-18,139.9313201904297,141.32914493468758,136.9360010405669,139.2823404686185,221205300
2024-11-19,146.7806396484375,146.90046279249913,140.77004260660007,141.09952959154865,227834900
2024-11-20,145.6623992919922,147.32979212988033,142.50732548898966,147.18003223590216,309871700
2024-11-21,146.44119262695312,152.65149063112756,140.4805046221909,149.11701974284432,400946600
2024-11-22,141.72854614257812,146.93042492260167,140.8798813363258,145.70233282975542,236406200
2024-11-25,135.8077850341797,141.82837577269152,135.60810012239304,141.76847182265374,344941900
2024-11-26,136.70639038085938,139.08268223719327,135.45834049580736,137.4851722903331,190287700
2024-11-27,135.12884521484375,137.00591700209634,131.59437486042492,134.7993582371888,226370900
2024-11-29,138.03431701660156,139.1326070072914,135.83775227020575,136.56660913585418,141863200
2024-12-02,138.41372680664062,140.23087948399635,137.60499293345052,138.6134117376161,171682800
2024-12-03,140.04119873046875,140.3207607312636,137.73480460641824,138.04431859051348,164414000
2024-12-04,144.91357421875,145.56255409442886,140.07113435104438,141.77847337465352,231224300
2024-12-05,144.84368896484375,146.3214777724878,143.7353435501018,144.89361745373108,172621200
2024-12-06,142.22760009765625,145.482733396531,141.09928024490165,144.38438282581114,188505600
2024-12-09,138.6029815673828,139.74128080496888,136.92549436926976,138.76274660606958,189308600
2024-12-10,134.8685760498047,141.60850970621567,133.5904709096604,138.80268748950093,210020900
2024-12-11,139.10223388671875,139.9609519122756,135.00835767243856,137.15514511831444,184905200
2024-12-12,137.1351776123047,138.23354324797214,135.59748095840345,136.8755708420711,159211400
2024-12-13,134.0498046875,139.3918327936691,132.34234795745746,138.73281333743972,231514900
2024-12-16,131.80313110351562,134.19954557462145,130.2254857362255,133.9798724705664,237951100
2024-12-17,130.195556640625,131.39376410572794,126.67082193579633,128.89749220508244,259410300
2024-12-18,128.71775817871094,136.49613412730267,128.08869283192976,133.6603731199009,277444500
2024-12-19,130.485107421875,133.8301176053825,129.3568029702355,131.56349862817564,209719200
2024-12-20,134.4990997314453,135.0782365234782,128.02876854092193,129.61639349168385,306528600
2024-12-23,139.46170043945312,139.58151660116854,134.91848306333998,136.0767567466981,176053500
2024-12-24,140.01089477539062,141.6883821217358,138.44322876231024,139.79122163679293,105157000
2024-12-26,139.7213134765625,140.63995487774488,137.52459740894255,139.49166074428362,116205600
2024-12-27,136.80567932128906,138.81269167406333,134.50912136885398,138.3433913393573,170582600
2024-12-30,137.28494262695312,140.060795108374,133.82011682531788,134.628906293037,167734700
2024-12-31,134.08973693847656,137.8641141320975,133.63043143330796,137.82416524884428,155659200
2025-01-02,138.10372924804688,138.6728864930968,134.42922472124587,135.79717669922962,198247200
2025-01-03,144.2545623779297,144.6839138332244,139.5216253508109,139.80120658589456,229322500
2025-01-06,149.20716857910156,151.93310868099036,147.5995839740372,148.3684248105369,265377400
2025-01-07,139.9309844970703,152.90161576007478,139.80117351290727,152.80175881286766,351782200
2025-01-08,139.90106201171875,143.73533196712347,137.3548616440079,142.36737985085435,227349900
2025-01-10,135.70733642578125,139.71135128077043,134.01985409411643,137.24503329388114,207602500
2025-01-13,133.03131103515625,133.29093305056014,129.31685741876072,129.79615256902926,204808900
2025-01-14,131.56349182128906,136.1766120600162,129.85605059334506,135.84710238324766,195590500
2025-01-15,136.03684997558594,136.24652830000477,131.0942190240699,133.45070049814615,185217300
2025-01-16,133.37078857421875,138.54305532644463,133.2909060653465,138.4332187812491,209235600
2025-01-17,137.504638671875,138.29345383465838,135.25799411499426,136.4861555399997,201188800
2025-01-21,140.6199951171875,141.61850390997927,136.8855667471737,138.95248726154946,197749000
2025-01-22,146.85069274902344,147.56960504936464,143.45575377479585,144.4442829463215,237651400
2025-01-23,147.00045776367188,147.0104373660888,143.50567717742842,144.83369562852502,155915500
2025-01-24,142.4073028564453,148.74783905952535,141.66841618539428,148.14872775799392,234657600
2025-01-27,118.24339294433594,128.20850504229963,116.52595684106743,124.6138830305536,818830900
2025-01-28,128.7976531982422,128.80763280108368,116.07664583818587,121.62835222502514,579666400
2025-01-29,123.51553344726562,126.70077890376498,119.87098248262683,126.31136108771855,467120600
2025-01-30,124.46411895751953,124.81359550131977,117.92388350604345,122.91642732609624,392925500
2025-01-31,119.89093780517578,127.6593341751579,119.01225290264883,123.59540412169352,388161100
2025-02-03,116.48603057861328,118.39317826666118,112.84147223806173,114.57887527254843,371235700
2025-02-04,118.47305297851562,121.01924546805154,116.52595653802958,116.78557092036435,256550000
2025-02-05,124.64383697509766,124.81358161777388,120.5799070623436,121.57841571528579,262230800
2025-02-06,128.48806762695312,128.57794497214795,125.02324949979864,127.22995239056334,251483600
2025-02-07,129.64634704589844,130.17555536084487,124.81356929927793,129.02727661770408,228186300
2025-02-10,133.37078857421875,134.7986484257299,129.7661722550228,129.8959680004134,216989100
2025-02-11,132.60195922851562,134.27944654160947,130.82461495038982,132.38228609427233,178902400
2025-02-12,130.94442749023438,132.04279313100764,128.88750205027108,129.8261026458349,160278600
2025-02-13,135.08822631835938,136.29642846871295,130.97437562399168,131.36379338160384,197430000
2025-02-14,138.6429443359375,139.04234173663804,135.29793396994222,136.2764682668825,195479600
2025-02-18,139.19212341308594,143.2261075780513,137.72431422880837,141.05934526698334,219176600
2025-02-19,139.02236938476562,141.14919790373787,137.01537227663152,139.30195061666387,167536000
2025-02-20,139.90106201171875,140.45024487315197,136.5860056380014,139.8211794831435,143903600
2025-02-21,134.22950744628906,141.2490371129211,133.83011008980694,139.83114145453473,228217600
2025-02-24,130.08570861816406,138.383313247837,129.88600993089565,136.35634186179794,251381100
2025-02-25,126.441162109375,130.00583809401027,124.25443309531597,129.7861649469319,271428700
2025-02-26,131.084228515625,133.53057192522448,128.29839578499454,129.79615892181477,322553800
2025-02-27,119.97083282470703,134.80866645811508,119.83104220333566,134.7986868551725,443175800
2025-02-28,124.73370361328125,124.90344826210318,116.2264129341289,117.84399213493025,389091100
2025-03-03,113.88990020751953,123.51552349340123,112.11255593535711,123.32581202011416,411381400
2025-03-04,115.81702423095703,119.13207287466713,109.9457957033308,110.48499132597254,398163300
2025-03-05,117.12507629394531,118.10361057672029,114.3392360416895,117.40465751759531,284337900
2025-03-06,110.40511322021484,115.17798387118098,110.05563667803439,113.36069823382532,321181900
2025-03-07,112.52194213867188,113.31076488585998,107.39958789171841,111.08408724577035,341755500
2025-03-10,106.8204574584961,111.6831896506324,105.30272006245755,109.73610085349598,366487400
2025-03-11,108.59781646728516,112.07262273708322,104.61376097133785,106.83045167001112,354865700
2025-03-12,115.57803344726562,116.59661034457649,112.72203506897391,113.96030532134075,323857500
2025-03-13,115.41825103759766,117.59520049683546,113.63075517539951,116.86621875800482,299033100
2025-03-14,121.49972534179688,121.70943054003341,117.98465480860956,118.44401014075397,277593500
2025-03-17,119.36272430419922,122.71802281178023,117.86482345684047,122.56823120330081,255501500
2025-03-18,115.26846313476562,118.85343549406599,114.37970924440411,117.83486627342975,299686900
2025-03-19,117.35552978515625,120.2814296141779,115.51810848491796,117.10587965509883,273426200
2025-03-20,118.3641128540039,120.0317738155389,116.30699831746894,116.38688818380663,248829700
2025-03-21,117.5352783203125,117.82487338576216,115.25847035053427,116.77634740953133,266498500
2025-03-24,121.24009704589844,122.04896105750126,119.17298658297102,119.71223179694545,228452500
2025-03-25,120.52111053466797,121.12026937928964,118.75358318150825,120.38130705821351,167447200
2025-03-26,113.60079956054688,118.6736845133834,112.55226594608844,118.5638454632065,293463300
2025-03-27,111.27405548095703,114.28982567832341,110.50513643809545,111.19416561141583,236902100
2025-03-28,109.51651763916016,112.71204388720727,108.9173588485005,111.33397028810096,229872500
2025-03-31,108.22832489013672,110.80471613819729,103.50494855407659,104.98287310192077,299212700
2025-04-01,109.99585723876953,110.04578269736857,106.32100673854832,108.36813339033893,222614000
2025-04-02,110.26546478271484,111.82328673498283,106.64054773013802,107.1398479774266,220601200
2025-04-03,101.65754699707031,105.48218161280622,101.45782230020173,103.36515315702636,338769400
2025-04-04,94.17801666259766,99.98987163475934,91.98109847139008,98.7715853475697,532273800
2025-04-07,97.50334167480469,101.6075898958186,86.49876870613649,87.33758937851368,611041300
2025-04-08,96.16523742675781,105.70186824827938,94.3278084260022,103.66472218207363,476243400
2025-04-09,114.17000579833984,114.9389248904037,97.39351305704149,98.75161045127601,612918300
2025-04-10,107.4194564819336,110.70485307181585,99.01124202201945,109.21694044618194,437812400
2025-04-11,110.7747573852539,111.39389245819964,107.32958859529616,108.34815778630501,313417300
2025-04-14,110.55506134033203,114.1300529879136,108.91735711650354,113.9503045917023,264705000
2025-04-15,112.04297637939453,113.46099492172469,110.3453585264742,110.81470199440513,228966900
2025-04-16,104.3437728881836,106.64055727885454,100.30942561460589,104.40369410395131,397016900
2025-04-17,101.34796142578125,104.3237942331935,99.90998190333623,104.30381795694564,292517500
2025-04-21,96.7743911743164,99.30084956133582,94.90700524452377,98.63178134580184,288501100
2025-04-22,98.75160217285156,99.67031279819463,97.14385476914264,98.6417555090913,241004800
2025-04-23,102.5662612915039,104.6533403969428,101.87722447592722,104.37372584399631,247526000
2025-04-24,106.28104400634766,106.39089066307956,102.96569088547095,103.33517578708889,220815000
2025-04-25,110.85465240478516,111.76337496991529,105.58204256681438,106.70047033928225,251064700
2025-04-28,108.57783508300781,110.21553928394424,105.87162103934429,109.53649064316203,207708500
2025-04-29,108.867431640625,110.04578062718967,107.2896485179105,107.51932238432487,170444300
2025-04-30,108.76756286621094,108.76756286621094,103.93434018163836,104.32379376082015,235044600
2025-05-01,111.45380401611328,114.7791455573913,111.14424029465428,112.92174799120272,236121500
2025-05-02,114.33976745605469,115.23850951002053,113.21135153306962,114.02021557227994,190194800
2025-05-05,113.66072082519531,114.50952981770942,112.50234808238875,112.75199823422925,133163200
2025-05-06,113.38111877441406,114.57943650755207,110.6649237860017,111.32400387233044,158525600
2025-05-07,116.89618682861328,117.5153219594032,112.12287705585727,112.8918038042742,206758800
2025-05-08,117.20574951171875,118.51391379663416,115.68787240644632,118.08451525459601,198428100
2025-05-09,116.48675537109375,118.06454606438504,115.04876814493281,117.18577270674557,132972200
2025-05-12,122.82787322998047,122.82787322998047,120.11167839159091,121.79931583574867,225023300
2025-05-13,129.7481689453125,131.03637225526788,124.29581818961599,124.8051066300396,330430100
2025-05-14,135.1505889892578,135.25045513495294,131.49570747587302,133.01358451331882,281180800
2025-05-15,134.6413116455078,136.1092556474961,132.47435031815246,134.10205882491402,226632600
2025-05-16,135.2105255126953,136.15920834538713,133.27325299959534,136.02938538145307,226542500
2025-05-19,135.38027954101562,135.67984750647184,132.20472197026768,132.20472197026768,193154600
2025-05-20,134.1919403076172,134.39165736048994,132.4343936724944,134.10205468200522,161514200
2025-05-21,131.6155548095703,137.2077087161811,130.40724144628157,132.87378601013486,270608700
2025-05-22,132.6441192626953,134.0621302833829,131.36591171623223,132.04495280891254,187344000
2025-05-23,131.10626220703125,132.49431639064062,128.97925335315108,129.81807417545411,198821300
2025-05-27,135.3103485107422,135.47012822500798,133.1234112887049,133.96223193245194,192953600
2025-05-28,134.62135314941406,137.05794120889544,134.60137686964083,135.83964717915475,304021100
2025-05-29,138.99522399902344,143.28920975153582,137.71701641280157,142.05093948600498,369241900
2025-05-30,134.94090270996094,139.42460961066672,132.73398869983464,138.5258751739265,333170900
2025-06-02,137.187744140625,137.9266987725352,135.21050414256473,135.30038976970178,197663100
2025-06-03,141.02235412597656,141.80126124338923,137.7569264491721,138.58576663563605,225578800
2025-06-04,141.7213897705078,142.19073325311263,139.34471555965237,141.99101618842522,167120800
2025-06-05,139.7941131591797,143.79849635697653,138.63573272598583,141.9710553039475,231397900
2025-06-06,141.52166748046875,143.0695013401578,141.31195466595716,142.31055518995854,153986200
2025-06-09,142.43038940429688,144.79706763378053,141.74135264446394,142.98960322751378,185114500
2025-06-10,143.75852966308594,144.08805440763362,141.33192260937975,142.4903028059026,155881900
2025-06-11,142.6400146484375,144.79714515361243,141.6812848999734,144.41764573923192,167694000
2025-06-12,144.80714416503906,144.80714416503906,141.66133988719625,141.78117540604916,162365000
2025-06-13,141.78115844726562,143.38901749969733,140.6626531024409,142.2904745799642,180820600
2025-06-16,144.49754333496094,145.98555166191812,143.00951976951112,143.159329390418,183133700
2025-06-17,143.9282989501953,145.02684191909495,143.58875484653294,144.29781716982143,139108000
2025-06-18,145.28648376464844,145.4562558084884,142.92962233744194,143.81843788371728,161494100
2025-06-20,143.65866088867188,146.00552584195606,142.46024490398213,145.2565234707711,242956200
2025-06-23,143.97824096679688,144.58743022935184,141.84108794116847,142.31046402404658,154308900
2025-06-24,147.70326232910156,147.76319531946535,145.3064608232896,145.36637857516104,187566100
2025-06-25,154.10476684570312,154.24458003760031,149.0614802461701,149.07147669890958,269146500
2025-06-26,154.8137969970703,156.5115326130379,153.795149532093,155.77251147358507,198145700
2025-06-27,157.54017639160156,158.4989061985097,155.05348286000648,155.83244416127852,263234500
2025-06-30,157.7798614501953,158.4489684480595,155.7525627920192,158.1893045239527,194580300
2025-07-01,153.09609985351562,156.9909063970138,151.2885097592641,156.08211312403307,213143600
2025-07-02,157.04083251953125,157.39037305932783,152.7665268185242,152.77650803107835,171224100
2025-07-03,159.1280517578125,160.76586971787668,157.56014800239086,158.15934077500395,143716100
2025-07-07,158.02952575683594,159.09809459400483,157.1307137305003,157.98957042846925,140139000
2025-07-08,159.7871856689453,160.0068942683196,158.1793265036118,159.11807865757584,138133000
2025-07-09,162.66334533691406,164.2012901564699,160.9456320255445,161.0055497766517,183656400
2025-07-10,163.88174438476562,164.28120626813552,161.39505073108006,164.10145299216728,167704100
2025-07-11,164.7006378173828,167.66668863474402,163.25256951238498,163.50223698698784,193633300
2025-07-14,163.85177612304688,165.2698855378492,161.80449980139463,165.15003478890583,136975800
2025-07-15,170.4729461669922,172.17068192225182,168.97494134085255,170.96229989605533,230627400
2025-07-16,171.14205932617188,171.52155877211666,168.67534340451815,170.83247408910898,158831500
2025-07-17,172.7698974609375,173.92835823409905,170.60278554683865,171.79120519874627,160841100
2025-07-18,172.18069458007812,174.0182436825287,171.03221496217563,173.4090543863528,146456400
2025-07-21,171.1520538330078,173.1493936504508,170.77255439137573,172.52022673163836,123126100
2025-07-22,166.80783081054688,171.1620321483939,164.3610926233022,171.1120956061046,193114300
2025-07-23,170.55284118652344,171.03219846298632,167.74658125695927,169.30450383433347,154082200
2025-07-24,173.5089111328125,173.59878776513457,171.07215417768242,172.21063723590794,128984600
2025-07-25,173.2692413330078,174.4876199263022,172.7299662493585,173.3790956402227,122316800
2025-07-28,176.51490783691406,176.7645753161742,173.73860668662087,173.78854323017163,140023500
2025-07-29,175.2765350341797,179.14139760883538,174.7871965738649,177.72328828972238,154077500
2025-07-30,179.03155517578125,179.65072563032518,175.80584046425426,176.27521653092245,174312200
2025-07-31,177.63340759277344,183.05619299307685,175.69598557745124,182.65671589592668,221685400
2025-08-01,173.4889373779297,176.3051785902702,170.66269971388826,173.85844036702034,204529000
2025-08-04,179.76058959960938,179.9603205403546,174.28788258302183,174.9270307365029,148174600
2025-08-05,178.02288818359375,180.0202279532499,175.6660266458598,179.38107983649965,156407600
2025-08-06,179.1813507080078,179.66070799076476,176.01556896990587,176.09546439011424,137192300
2025-08-07,180.52955627441406,183.63542017290519,178.56217541570945,181.32849521637667,151878400
2025-08-08,182.4569854736328,183.05619350177665,180.16004168373897,181.30852119793246,123396700
2025-08-11,181.81784057617188,183.59547178906817,180.01025048518693,181.80785936297346,138323200
2025-08-12,182.9163818359375,184.234618174838,179.22130626788388,182.7166509044063,145485700
2025-08-13,181.34844970703125,183.72528876478472,179.11143905360885,182.37707840680864,179871700
2025-08-14,181.77789306640625,182.7765629312542,179.22130065055427,179.51090820642335,129554000
2025-08-15,180.2099609375,181.65802908835272,177.80316308129093,181.63806666422465,156602200
2025-08-18,181.76788330078125,182.69665413107447,180.34977402519155,180.3597704757432,132008000
2025-08-19,175.4063720703125,182.25724785967336,175.25657768801665,182.1873336556069,185229200
2025-08-20,175.1667022705078,175.76591033294957,168.57548977611862,174.93701244991922,215142700
2025-08-21,174.7472381591797,176.66468235557974,173.57879631630271,174.61742144674352,140040900
2025-08-22,177.7532501220703,178.35244288234992,170.97227338198675,172.38040151215634,172789400
2025-08-25,179.57083129882812,181.6680441727565,176.33515059315872,178.11278178635797,163012800
2025-08-26,181.52822875976562,182.14739921043056,178.57215920342722,179.82049655621498,168688200
2025-08-27,181.35845947265625,182.24727507184866,178.86178472902657,181.7379436715125,235518900
2025-08-28,179.9303436279297,184.22462699678687,176.17535050737845,180.5794881684096,281787800
2025-08-29,173.94830322265625,177.91302365652732,172.91967451951007,177.87308356836775,243257900
2025-09-02,170.55284118652344,172.15071909272382,166.99757884564528,169.77387989783634,231164900
2025-09-03,170.39305114746094,172.18067877773825,168.6553752976972,170.83246833565184,164424900
2025-09-04,171.4316864013672,171.6314173426514,169.18467902530818,170.34313981864827,141670100
2025-09-05,166.7978515625,168.80517258283567,163.8517783946414,167.8065026792569,224441400
2025-09-08,168.0861358642578,170.73262035939155,167.12742125141602,167.32715219255022,163769100
2025-09-09,170.53286743164062,170.75257602974241,166.51822538667548,168.86509051949957,157548400
2025-09-10,177.09413146972656,179.05151589898875,175.2366048852674,176.4050468150653,226852000
2025-09-11,176.94432067871094,180.050359799309,176.2551971559751,179.4511179779685,151159300
2025-09-12,177.59349060058594,178.37249577533527,176.22522541777622,177.5435512454145,124911000
2025-09-15,177.52359008789062,178.62219505337407,174.28771156721004,175.44623766911022,147061600
2025-09-16,174.65725708007812,177.2739150624347,174.1578939390572,176.77455192141375,140737800
2025-09-17,170.0730743408203,172.97937117956877,168.1954794867923,172.42008695754546,211843800
2025-09-18,176.01551818847656,176.87442336525442,172.73969733735942,173.7583871307785,191763300
2025-09-19,176.4449462890625,177.8531538116004,174.95683884616588,175.54609885389235,237182100
2025-09-22,183.37612915039062,184.31493427279133,174.48747153493287,175.07671637070237,269637000
2025-09-23,178.2027130126953,182.18763613663097,175.9855548133895,181.73821238324945,192559600
2025-09-24,176.74456787109375,179.5509859124944,175.17656050171237,179.54100413716742,143564100
2025-09-25,177.46365356445312,180.0303718676576,172.90946471941734,174.25773588995062,191586700
2025-09-26,177.96302795410156,179.54101721374016,174.70717071687335,177.94304916264082,148573700
2025-09-29,181.6183624267578,183.76561762390497,180.09031258631592,180.2001578366391,193063500
2025-09-30,186.3423309326172,187.11135435179565,181.2488213615314,181.848063160254,236981000
2025-10-01,187.0015106201172,187.9003581593927,183.665753326035,185.00405809785752,173844900
2025-10-02,188.64939880371094,190.80665113886596,187.82045419605362,189.35850113919957,136805800
2025-10-03,187.38101196289062,190.11752734214045,185.14387494216948,188.9490194719917,137596900
2025-10-06,185.30364990234375,186.9914995955013,183.09647356463947,185.2637075602064,157678100
2025-10-07,184.80430603027344,188.8191899838309,183.76563739379807,185.99279275388864,140088000
2025-10-08,188.86911010742188,189.35849142592937,186.30237648821537,186.33235229407293,130168900
2025-10-09,192.32470703125,195.05122522476873,190.816620752273,191.9851285494953,182997200
2025-10-10,182.92669677734375,195.37081685366852,181.81811007166195,193.26350393527704,268774400
2025-10-13,188.0801239013672,189.8678370807686,185.72312947730666,187.73056363822363,153482800
2025-10-14,179.80067443847656,184.56460262310264,179.47109296765566,184.5346420566055,205641400
2025-10-15,179.60093688964844,184.63451030281777,177.06416377208902,184.56460739230218,214450500
2025-10-16,181.57839965820312,183.04652832403656,179.5410050089342,181.99786281424815,179723300
2025-10-17,182.98660278320312,183.8654866543178,179.52102189247293,179.950466813544,173135200
2025-10-20,182.4073486328125,184.96408521149223,181.4985041529273,182.89672994644732,128544700
2025-10-21,180.9292449951172,182.55715836486127,179.5709767314294,182.55715836486127,124240200
2025-10-22,180.0503692626953,183.2063479075077,176.53484855405173,180.9092744574391,162249600
2025-10-23,181.92796325683594,182.7968501503985,179.5609718650331,180.19017423035882,111363700
2025-10-24,186.02272033691406,187.23118563906056,183.26624175096782,183.60580497197222,131296700
2025-10-27,191.24607849121094,191.75542334831323,188.18996363054165,189.74798924630224,153452700
2025-10-28,200.77392578125,202.8912204382634,191.66554775855593,192.8040950113927,297986200
2025-10-29,206.77627563476562,211.9197249544373,204.51915980095313,207.715080745974,308829600
2025-10-30,202.63156127929688,205.89740027142088,201.1534507471854,204.88867704045037,178864400
2025-10-31,202.23207092285156,207.70508615602077,201.81260775338424,206.18701808603035,179802200
2025-11-03,206.61647033691406,211.07078042213968,205.29814450690722,207.81493866642379,180267300
2025-11-04,198.43690490722656,203.71017785907821,197.67786326579136,202.7414122562426,188919300
2025-11-05,194.96136474609375,202.66153586727006,194.40206522559174,198.51682788141107,171350300
2025-11-06,187.84043884277344,197.3682807609907,186.14260723026618,196.16981228388872,223029800
2025-11-07,187.9103240966797,188.08012095739036,178.68210397488247,184.66446402160466,264942300
2025-11-10,198.7964630126953,199.68532876518447,193.5431531870904,194.8614791513322,198897100
2025-11-11,192.91395568847656,195.17107140540628,191.05632435423007,194.91140808059743,176483300
2025-11-12,193.5531463623047,195.64048052491762,190.88654915774768,195.4706988945922,154935300
2025-11-13,186.62197875976562,191.1961465947379,183.61581837719615,190.8066439854392,207423100
2025-11-14,189.92774963378906,190.76667594021126,180.34996953708986,182.62706393415107,186591900
2025-11-17,186.36231994628906,188.75925679396335,184.08522536919267,185.73311754704963,173628900
2025-11-18,181.1289825439453,184.5646030780414,179.42115405263684,183.14641371605563,213598900
2025-11-19,186.28240966796875,187.62069907956393,182.5971076589588,184.5546024199349,247246400
2025-11-20,180.40989685058594,195.7503316108911,179.62090987236718,195.70039225393623,343504800
2025-11-21,178.6521453857422,184.32490281868388,172.70971237567008,181.00913979899244,346926200
2025-11-24,182.31747436523438,183.26626122561635,176.25519889972114,179.2613745727385,256618300
2025-11-25,177.59349060058594,177.93305383278917,169.33402110596253,174.68719385821646,320600300
2025-11-26,180.03038024902344,182.67701383620675,178.01296428701193,181.3986455127995,183852000
2025-11-28,176.7745361328125,179.0616124091028,176.27517303639212,178.7819702942556,121332800
2025-12-01,179.69081115722656,180.07033197943204,173.45875435362808,174.5373804488289,188131000
2025-12-02,181.22886657714844,185.4235136530611,179.7707195907086,181.52847225165078,182632200
2025-12-03,179.36123657226562,182.21759414523953,178.88185225801445,180.8493441127912,165138000
2025-12-04,183.1566162109375,184.2952268834804,179.74078419330877,181.3987504426599,167364900
2025-12-05,182.1877899169922,184.43504894381925,180.6896172324408,183.66598269849337,143971100
2025-12-08,185.323974609375,187.7709870845105,182.17780264974235,182.41751577930148,204378100
2025-12-09,184.7446746826172,185.4937610485011,183.09669077375298,185.33395229946427,144719700
2025-12-10,183.55612182617188,185.2540478736652,181.8182359713298,184.74467463147755,162785400
2025-12-11,180.70957946777344,181.09911899111663,176.40483245042134,180.060377409269,182136600
2025-12-12,174.80679321289062,182.59729422559735,174.40727135263347,180.88937065842447,204274900
2025-12-15,176.0752410888672,178.20265125135413,174.8167814768023,177.7232402429772,164775600
2025-12-16,177.50350952148438,178.27257580423,174.68693742218818,176.0452813318811,148588100
2025-12-17,170.7317657470703,175.91544580087532,170.10252832729947,175.88548356566727,222775500
2025-12-18,173.9278564453125,175.93540231223645,171.6106906687844,174.3173807251694,176096000
2025-12-19,180.76951599121094,181.2289470656948,176.12517166919682,176.45477147838753,324925900
2025-12-22,183.4662322998047,183.935660967629,182.1278683380167,183.6959478478248,129064400
2025-12-23,188.97950744628906,189.099356383118,182.67718160782493,182.7471036477755,174873600
2025-12-24,188.38023376464844,188.67987134928,186.36269028434322,187.71105179508496,65528500
2025-12-26,190.2978973388672,192.45526970950266,187.7709805748158,189.68863982420257,139740300
2025-12-29,187.99070739746094,188.53004285167208,185.68352392965699,187.4813341773615,120006100
2025-12-30,187.31153869628906,188.75978454971104,186.70228116711607,188.01069817319677,97687300
2025-12-31,186.27281188964844,190.32786369396138,186.26282955778902,189.33907943283364,120100500
2026-01-02,188.6199493408203,192.69496568024334,188.03065649528438,189.60873357074172,148240500
2026-01-05,187.89083862304688,193.39413642527967,185.9232371396652,191.52640398377517,183529700
2026-01-06,187.0119171142578,191.935904267691,186.5924305704924,190.2879203285983,176862600
2026-01-07,188.87962341308594,191.13686475404677,186.3327268208183,188.34028795646717,153543200
2026-01-08,184.81459045410156,189.31910643994627,183.48622397884648,188.87963997886857,172457000
2026-01-09,184.63479614257812,186.1129888751533,183.44624341374129,184.8545293482555,131327500
2026-01-12,184.71470642089844,186.89204340473577,182.79704721562317,182.99680052530172,137968500
2026-01-13,185.58364868164062,187.88084992986475,183.17658082293008,184.7746378408776,160128900
2026-01-14,182.91688537597656,184.23528457453645,180.57973978602013,184.0954557419801,159586100
2026-01-15,186.8221435546875,189.46890929684608,186.103019420931,186.27281050248445,206188600
2026-01-16,186.0031280517578,190.20800608356458,185.85331687968656,188.84966224271636,187967200
2026-01-20,177.8530731201172,182.1578200140757,177.39362681050815,181.67839380225757,223345300
2026-01-21,183.09669494628906,185.15418310637224,178.18267486272933,178.8318922054109,200381000
2026-01-22,184.6148223876953,185.94320399708803,183.70592730123704,184.52493568425237,139636600
2026-01-23,187.44137573242188,189.3690325020707,186.59242035942677,187.27158465782284,142748100
2026-01-26,186.2428436279297,188.88960930416175,185.76343263076708,186.93200550896393,124799600
2026-01-27,188.29034423828125,189.76853699604698,185.47377232125424,187.01190478720812,143711600
2026-01-28,191.2866973876953,192.1156881225865,189.60873601436586,191.03700193406064,148552700
2026-01-29,192.27548217773438,193.244301759811,185.83334250366076,191.10690928022157,171764400
2026-01-30,190.8971710205078,194.25307849059112,189.23918956869622,190.97707539362895,179489500
2026-02-02,185.38389587402344,190.0681850900544,184.6547894061738,186.97195532434574,165794100
2026-02-03,180.12030029296875,186.04308409913696,176.01530661894333,186.01312186532803,204019600
2026-02-04,173.97779846191406,179.36123157735668,171.70057725198066,179.24138264216026,207014100
2026-02-05,171.6706085205078,176.604592702014,170.82163795446576,174.71688060291817,206312900
2026-02-06,185.1841278076172,186.77218713146127,174.3872995354016,176.47474973392875,231346200
2026-02-09,189.80848693847656,193.42408742490235,183.7259094221984,184.03552934237337,196387400
2026-02-10,188.31031799316406,192.24552080983682,187.89083145679504,191.1468699498802,136764800
2026-02-11,189.8184814453125,193.0245624433192,188.54004197866425,192.2155516352278,144192700
2026-02-12,186.7122802734375,193.3741533411549,186.28279615580217,192.79485804306626,189932500
2026-02-13,182.58731079101562,187.27160018883805,181.36879569323744,187.25162028422807,161888000
2026-02-17,184.7446746826172,186.92201173748992,178.9617194034806,181.5285959992061,162276900
2026-02-18,187.75099182128906,190.13807962880853,186.53247684939709,188.52005804720127,164749100
2026-02-19,187.6710968017578,188.20044994409497,185.43383529156333,186.8321237354349,126554500
2026-02-20,189.58877563476562,190.09814888521723,185.71349722992974,186.342734664171,178422300
2026-02-23,191.31666564941406,193.71373598373438,189.3490641935772,191.16683922839312,171584800
2026-02-24,192.61508178710938,193.53395924081437,187.171708627792,191.2567378902843,175123600
2026-02-25,195.32176208496094,197.38924768090467,193.5539140704845,194.2131137016724,250637100
2026-02-26,184.66476440429688,194.0533071271398,184.09546670933034,194.03334246429932,360807900
2026-02-27,176.97415161132812,182.36756729714082,176.1651407824763,181.0292033274304,311636500
2026-03-02,182.25770568847656,183.2365228635074,174.42725972943845,174.79680413295333,209095300
2026-03-03,179.83065795898438,180.67961330625172,176.70446619030554,178.27256086028186,178099400
2026-03-04,182.8170166015625,184.47499807110998,179.84065106191534,180.22019302825058,177731200
2026-03-05,183.1166534423828,183.83577756501342,177.6633132926684,180.94929874286032,198779700
2026-03-06,177.60337829589844,182.5373473445644,176.60459654479845,179.6209064601764,189021900
2026-03-09,182.427490234375,182.68718325690133,175.34613090826778,176.61458806542097,177213600
2026-03-10,184.544921875,186.21288569214076,181.7882742872215,182.17779858894656,179118500
2026-03-11,185.8134307861328,187.40157611978597,184.23526832414757,185.6935753620157,145280400
2026-03-12,182.9268035888672,184.72471123223085,181.53842231669145,183.83574790315467,155762700
2026-03-13,180.0401611328125,185.87335881208497,179.73052445930352,184.70472270189353,160988400
2026-03-16,183.0067138671875,188.66012868968363,181.19882333613754,182.7570048934839,217307400
2026-03-17,181.71820068359375,185.1841623368753,181.4684917186082,184.8445618023411,182497800
2026-03-18,180.1899871826172,183.16652908726184,180.12007659614625,182.26756764801692,156683100
2026-03-19,178.3521270751953,179.77047215436778,175.5853475010711,177.80276430906588,170968500
2026-03-20,172.4989471435547,178.05247199547227,171.52009228430225,177.79278016290237,241323500
2026-03-23,175.43553161621094,178.16234927411983,174.55655117338722,177.0536408486584,182836300
2026-03-24,174.99603271484375,176.01484951930743,173.777451794472,174.6264683383626,147667800
2026-03-25,178.47198486328125,181.00903649280792,176.64412864426953,176.89383761026875,162602100
2026-03-26,171.04066467285156,176.30451888215924,170.9407749866337,175.86504388946904,186152200
2026-03-27,167.32498168945312,170.77096223786808,166.81556566439232,169.80209026823204,196212700
2026-03-30,164.97772216796875,169.25273855906806,164.07877596313077,168.58352034150624,185627000
2026-03-31,174.1969757080078,174.41672082635512,166.7656493784466,166.77563225072552,226181300
2026-04-01,175.54541015625,177.16351944386196,174.54657425208924,175.79511913229018,168132000
2026-04-02,177.18348693847656,177.28337661769746,171.170490985778,171.97954556798163,143143200
2026-04-06,177.43319702148438,177.58301630024127,175.55538077559635,176.953760088437,107564300
2026-04-07,177.89266967773438,178.0225079733855,173.4578360976707,175.52541836668527,132534900
2026-04-08,181.8680419921875,185.0443328296099,180.09011531444295,184.28522303450282,147732700
2026-04-09,183.69590759277344,183.86570786090292,180.40972906189933,181.6283100364998,116428500
2026-04-10,188.41041564941406,189.77881591864653,184.08545448929232,184.09543736125556,160459500
2026-04-13,189.08961486816406,189.43921351677633,185.52377876103736,185.81343445538195,133648200
2026-04-14,196.28123474121094,196.28123474121094,190.54792650193752,190.61783708872017,161307000
2026-04-15,198.63848876953125,200.166706463506,195.5121427945441,196.31119931453722,185338400
2026-04-16,198.1190948486328,199.6173486077875,195.58204328148997,197.20015246424893,134012900
2026-04-17,201.44520568847656,201.46518667284232,199.03802288778024,199.66727910555997,160324400
2026-04-20,201.82476806640625,201.9346406188145,197.6096795882359,199.7471876833392,119381400
2026-04-21,199.64732360839844,202.51397775047528,198.76834314349978,201.89470437258373,107945300
2026-04-22,202.26426696777344,202.26426696777344,198.76834136586132,200.75603026628932,107501000
2026-04-23,199.4075927734375,203.59271751351986,196.99041179336916,202.22431724671497,113561800
2026-04-24,208.0275421142578,210.70441481695215,199.57738430538978,199.72721882416832,214134400
2026-04-27,216.3578338623047,216.5775789683675,207.13858324348888,209.4059296471886,187172400
2026-04-28,212.92184448242188,214.4800260296235,207.95762889823203,209.24613572912838,180275400
2026-04-29,209.00640869140625,212.47237042757808,207.33835459433345,212.4523894424142,123711800
2026-04-30,199.33767700195312,210.05518135667162,198.46867945247158,209.68560172993963,225239200
2026-05-01,198.21897888183594,202.76368521944246,196.89052532216473,201.0456862731779,128647000
2026-05-04,198.24893188476562,201.49514834231712,194.51329562325486,199.26774870200734,125368100
2026-05-05,196.271240234375,200.00689171848026,195.80178617585554,199.06798360144137,113406600
2026-05-06,207.5880584716797,208.0275486883452,198.37879062945476,199.65729931010404,188362800
2026-05-07,211.2537841796875,213.95063795079753,206.25960488465944,208.0974592073836,168307900
2026-05-08,214.94947814941406,217.5464575316693,212.642169707093,212.7820061205359,136421400
2026-05-11,219.18453979492188,222.04121091513153,213.64099781886503,213.79081709888328,160685800
2026-05-12,220.52297973632812,223.48952345691538,214.6698009927987,218.29558003818886,159176600
2026-05-13,225.56710815429688,227.57476278227756,221.3120728008497,224.6681467194947,150405400
2026-05-14,235.465576171875,236.26463268418732,229.03307065698914,229.58243343997336,180782900
2026-05-15,225.05770874023438,231.23050718880455,223.97896415639156,229.49252726355346,180977600
2026-05-18,222.0612030029297,229.7322553439391,218.1157890335498,229.60240180074675,146280900
2026-05-19,220.35317993164062,224.21866983705235,217.6563261548179,219.36432694236115,140948200
2026-05-20,223.20985412597656,225.8667612103758,220.2433103590018,222.9201831873553,184201600
2026-05-21,219.25445556640625,227.13526994336974,217.6762930684293,222.03121805596584,203381800
2026-05-22,215.07933044433594,220.75271088945502,214.54994865072538,220.64283833374193,169275700
2026-05-26,214.60987854003906,217.92600574795006,211.75320730356688,216.28791550863897,187202600
2026-05-27,212.35250854492188,213.90069192498567,208.53694826896,213.87072806866348,167601200
2026-05-28,214.00057983398438,215.2691056248748,210.97410844231206,211.03403615445995,143996000
2026-05-29,210.8942108154297,217.6063892667686,210.88422794322287,214.33020874183248,289410600
2026-06-01,224.09881591796875,224.60821672379726,215.44889364463796,215.47885750139108,212850700
2026-06-02,222.56060791015625,232.00958636747916,221.09231801448135,226.91551751623658,193362900
2026-06-03,214.5,222.56061267075634,214.2602739078757,221.46188713313538,160907000
2026-06-04,218.66000366210938,221.60000610351562,210.97000122070312,213.91000366210938,169022200
2026-06-05,205.10000610351562,214.8699951171875,204.3300018310547,214.52999877929688,219655500
2026-06-08,208.63999938964844,210.47000122070312,206.0,210.17999267578125,138372800
2026-06-09,208.19000244140625,211.39999389648438,199.33999633789062,210.6199951171875,180962500
2026-06-10,200.4199981689453,207.22000122070312,199.9199981689453,204.42999267578125,161746600
2026-06-11,204.8699951171875,205.66000366210938,199.5399932861328,201.49000549316406,158643200
2026-06-12,205.19000244140625,207.07000732421875,203.44000244140625,204.86000061035156,112001800
2026-06-15,212.4499969482422,212.7100067138672,208.33999633789062,208.9199981689453,149936700
2026-06-16,207.41000366210938,211.49000549316406,207.2899932861328,211.17999267578125,125694100
2026-06-17,204.64999389648438,209.2100067138672,203.0800018310547,208.52999877929688,128363500
2026-06-18,210.69000244140625,211.38999938964844,206.5,207.3300018310547,241272000
2026-06-22,208.64999389648438,213.99000549316406,207.72000122070312,211.44000244140625,122041400
2026-06-23,200.0399932861328,203.77000427246094,200.0,202.1699981689453,153496200
2026-06-24,199.0,201.6699981689453,196.5800018310547,200.1199951171875,151810700
2026-06-25,195.74000549316406,200.8000030517578,192.1300048828125,200.0800018310547,149550000
2026-06-26,192.52999877929688,195.5500030517578,191.22000122070312,193.1199951171875,179304100
2026-06-29,194.97000122070312,196.17999267578125,189.8000030517578,193.85000610351562,148835700
2026-06-30,200.08999633789062,200.6300048828125,195.11000061035156,197.24000549316406,166476700
2026-07-01,197.5800018310547,199.85000610351562,193.4499969482422,196.1999969482422,146147600
2026-07-02,194.8300018310547,200.05999755859375,192.35000610351562,197.13999938964844,142068700
2026-07-06,195.5500030517578,197.5500030517578,193.99000549316406,194.4199981689453,108999000
2026-07-07,196.92999267578125,198.41000366210938,191.13999938964844,192.3699951171875,124154600
2026-07-08,204.1199951171875,205.16000366210938,195.05999755859375,195.17999267578125,147419100
2026-07-09,202.77999877929688,204.58999633789062,198.9600067138672,204.4600067138672,132037400
2026-07-10,210.9600067138672,211.0,201.9199981689453,202.0,148421000
2026-07-13,203.52999877929688,210.57000732421875,203.0,208.5399932861328,121411000
2026-07-14,211.8000030517578,212.5500030517578,203.8000030517578,208.1999969482422,124379600
2026-07-15,212.5,213.80999755859375,206.0399932861328,211.9600067138672,124797200
2026-07-16,207.39999389648438,211.0800018310547,205.85000610351562,210.1699981689453,122986100
2026-07-17,202.80999755859375,206.64999389648438,197.97000122070312,202.63999938964844,144281900
2026-07-20,203.27999877929688,207.74000549316406,202.27999877929688,205.8699951171875,88701500
2026-07-21,207.2899932861328,208.64999389648438,204.00999450683594,207.5399932861328,108685600
2026-07-22,212.05999755859375,214.38999938964844,204.9499969482422,205.80999755859375,137645600
2026-07-23,208.75999450683594,210.8699951171875,205.9600067138672,209.4600067138672,110505300
2026-07-24,206.83999633789062,211.91000366210938,204.80999755859375,207.4499969482422,114836800
2026-07-27,196.50999450683594,208.75,195.44000244140625,208.1999969482422,154353700
2026-07-28,197.00999450683594,198.6999969482422,192.74000549316406,195.0,134111500
2026-07-29,190.00999450683594,197.07000732421875,190.00999450683594,195.85000610351562,147680800
2026-07-30,195.0399932861328,197.25,191.52000427246094,193.4499969482422,129010200
2026-07-31,200.75,202.0,194.9499969482422,198.44000244140625,139961200
2026-08-03,206.63999938964844,208.74000549316406,196.85000610351562,197.69000244140625,128406900
2026-08-04,211.94000244140625,213.05999755859375,209.0500030517578,211.3000030517578,134922000
2026-08-05,219.22000122070312,222.22000122070312,216.39999389648438,216.86000061035156,158187400
2026-08-06,218.99000549316406,223.6300048828125,217.0,221.52999877929688,113940600
2026-08-07,223.9600067138672,224.75999450683594,220.66000366210938,221.5399932861328,105669400
2026-08-10,217.5500030517578,224.13999938964844,216.77000427246094,223.39999389648438,115846600
2026-08-11,217.5,222.1999969482422,216.1999969482422,222.1699981689453,101273100
2026-08-12,224.08999633789062,225.10000610351562,220.1999969482422,221.0399932861328,108783600
2026-08-13,225.3000030517578,227.22999572753906,223.7100067138672,225.05999755859375,98867200
2026-08-14,225.16000366210938,227.49000549316406,224.5,226.77000427246094,75680900
2026-08-17,225.00999450683594,227.9199981689453,224.86000061035156,225.97999572753906,93678700
2026-08-18,219.74000549316406,221.63999938964844,218.69000244140625,220.4499969482422,103128200
2026-08-19,217.55999755859375,222.8699951171875,216.75999450683594,221.6699981689453,96797300
2026-08-20,216.85000610351562,219.86000061035156,215.66000366210938,218.36000061035156,92457000
2026-08-21,214.72000122070312,218.74000549316406,214.5,218.4199981689453,98869300
2026-08-24,208.47999572753906,215.58999633789062,207.25,215.52999877929688,135187300
2026-08-25,213.0500030517578,214.72999572753906,210.11000061035156,211.02999877929688,122309000
2026-08-26,209.66000366210938,213.60000610351562,209.22999572753906,212.63999938964844,179900000
2026-08-27,227.97999572753906,230.47000122070312,220.89999389648438,222.86000061035156,298909800
2026-08-28,217.5500030517578,229.25999450683594,216.80999755859375,227.36000061035156,195116400
2026-08-31,220.77999877929688,221.3000030517578,216.2100067138672,218.8699951171875,124702700
2026-09-01,217.44000244140625,220.41000366210938,215.10000610351562,216.75,109756200
2026-09-02,224.41000366210938,227.9499969482422,218.47999572753906,218.7899932861328,156676500
