Date,Close,High,Low,Open,Volume
2015-01-02,60.97483444213867,61.37286907291136,60.39274153178661,60.597512862588964,8389600
2015-01-05,59.628883361816406,60.62511074499649,59.55985625250927,60.62280773494128,12751200
2015-01-06,59.2446403503418,59.999290245600065,58.637239129507456,59.77151698196551,11070000
2015-01-07,60.03841018676758,60.08212524321519,59.23314317843737,59.46091645681202,9346800
2015-01-08,60.84368896484375,60.997836175717744,60.42494835438082,60.55609354909269,10443200
2015-01-09,59.941776275634766,60.84827743087523,59.7669160462875,60.65040816797628,10523600
2015-01-12,59.824440002441406,60.279993627011144,59.621978746226674,60.059122333903915,6425600
2015-01-13,59.99930953979492,61.15659328531423,59.61507895058072,60.2846019634733,10284000
2015-01-14,58.79830551147461,59.49773951088536,58.46699503919437,59.046791876370925,12225200
2015-01-15,58.239234924316406,59.23776556634796,58.06207512954083,59.062905271514474,10569200
2015-01-16,58.6579475402832,58.69246108908069,57.864185067537576,57.95621417629327,11137200
2015-01-20,59.0927848815918,59.74850361694293,58.499187718492415,58.95013872596968,14933200
2015-01-21,59.19404983520508,59.734730723982096,58.55443778971268,58.936365417074875,9784000
2015-01-22,59.26766586303711,59.58977133082108,58.29444042905196,58.77299963167836,11566000
2015-01-23,59.4264030456543,59.96937968448701,59.40109100428731,59.47931609523589,6166800
2015-01-26,59.02147674560547,59.19633699166527,58.393369389291266,59.115808877223415,8552400
2015-01-27,57.74685287475586,58.39106371818756,57.19236813887962,58.39106371818756,11027600
2015-01-28,56.68159103393555,58.21159685259464,56.66778701919768,58.10116122400639,11430800
2015-01-29,57.05891418457031,57.24297590020597,56.407797928036736,56.95077805828505,15668400
2015-01-30,58.64875793457031,60.65272079645224,58.64875793457031,59.91187473537586,22151600
2015-02-02,58.74769973754883,58.97087409830786,57.450069145338084,58.97087409830786,13665200
2015-02-03,59.771514892578125,59.92336607014989,58.6096290513699,59.06287606390986,15075600
2015-02-04,60.94492721557617,61.368266853495335,59.612783194155966,59.725518357880276,22170800
2015-02-05,62.53474426269531,62.53474426269531,61.17729530743948,61.48789976008108,16565600
2015-02-06,61.527015686035156,62.68429935313125,61.20950922500675,62.52324311246187,11242000
2015-02-09,61.076053619384766,61.73867449751628,61.034641569844446,61.524705220186355,7834400
2015-02-10,60.866703033447266,61.63055829406529,60.65503669751022,61.37287387394688,9396800
2015-02-11,61.30924987792969,61.38070263359401,60.90819156753817,61.076455139919176,8795600
2015-02-12,62.443267822265625,62.443267822265625,61.55586256225526,61.684938923623946,11641600
2015-02-13,62.14824295043945,62.86738477826172,61.95232118774985,62.86738477826172,8476000
2015-02-17,62.434051513671875,62.69220425890781,62.2035569862634,62.57465683314111,6810400
2015-02-18,62.030696868896484,62.46402778117971,61.80711685709657,62.434062361948385,6429200
2015-02-19,62.02608108520508,62.24966106663747,61.77253568861139,62.24966106663747,5654800
2015-02-20,62.925018310546875,62.925018310546875,61.55587998677332,62.012261772743216,9034800
2015-02-23,62.92733383178711,62.99878659600412,62.291166476423186,62.91580488115198,6654800
2015-02-24,62.80284118652344,63.111702994509784,62.50320112875391,63.111702994509784,9045200
2015-02-25,62.92733383178711,63.20853752888335,62.52396827643562,62.52396827643562,6842800
2015-02-26,63.09787368774414,63.270744574559885,62.6991156432008,62.971104517733025,13459600
2015-02-27,62.53546905517578,63.1992944130636,62.53546905517578,63.03333807359164,7965200
2015-03-02,64.14431762695312,64.14431762695312,63.25691237780006,63.78013237072754,11653600
2015-03-03,63.45515441894531,64.22731266096767,63.04026699279351,64.22731266096767,8807200
2015-03-04,63.09787368774414,63.42056460297331,62.75213191411267,63.42056460297331,8021200
2015-03-05,63.185482025146484,63.41828380807573,63.09789295694988,63.38601118963001,6756000
2015-03-06,62.08138656616211,63.266131649269155,62.060642905665745,63.01719365504516,11590800
2015-03-09,62.560821533203125,62.74290712725959,62.021458202404155,62.353370851757035,8902000
2015-03-10,61.12715530395508,62.201253678790934,61.12715530395508,62.15055163236062,11125600
2015-03-11,61.0234260559082,61.62962778770419,60.63158254614461,61.22626236523832,12105200
2015-03-12,62.13672637939453,62.23353719894625,61.3807044310839,61.40375529613302,9530800
2015-03-13,61.08795166015625,61.966135064890395,60.965789867307315,61.966135064890395,12578800
2015-03-16,62.00763702392578,62.245046112655174,61.45675874524241,61.51668957502447,9849600
2015-03-17,60.9658088684082,61.855514460764404,60.88283420625778,61.786368908972385,14290800
2015-03-18,61.696475982666016,61.76792872660077,59.70039244268675,60.871301598831984,50658000
2015-03-19,61.597373962402344,61.947730252321556,60.6200791202843,61.61581746931224,15407500
2015-03-20,62.150550842285156,62.41791831735695,61.569700102439626,62.00303096101166,15372000
2015-03-23,61.84629821777344,62.88813103250956,61.83707646638347,62.722174678166745,8128000
2015-03-24,61.86473083496094,62.40870158693841,61.62501455269282,61.86473083496094,6534800
2015-03-25,60.60161590576172,62.1689756629018,60.60161590576172,61.864721240379176,13054300
2015-03-26,60.47254180908203,61.12715246751042,59.94701455948667,60.159072623139295,9487200
2015-03-27,60.426448822021484,60.675379827612986,60.066877906092074,60.40800531989764,6521100
2015-03-30,60.537086486816406,61.14558838576575,60.3895666118379,60.86899213724845,11237100
2015-03-31,60.30660629272461,61.044184740536124,60.28816278690085,60.361922741922946,7400500
2015-04-01,60.09453582763672,60.4080050208397,59.42148868614941,60.343466831995855,7633000
2015-04-02,60.19593811035156,60.500192506429336,59.753385622044526,59.91934192589302,5083000
2015-04-06,60.112979888916016,60.51865257525562,59.38462325173122,59.67965601430478,8351200
2015-04-07,60.666160583496094,61.02573147259267,60.21438625893104,60.278924443278264,6660800
2015-04-08,61.31153106689453,61.6250001801759,60.666149343001564,60.749123978587846,6604200
2015-04-09,61.2562370300293,61.60658623187737,60.629291540208236,61.37609166994516,5408500
2015-04-10,61.164039611816406,61.486737657664506,60.786032150707534,61.486737657664506,4628500
2015-04-13,60.49099349975586,61.58814986735452,60.39879708165233,61.05340079456393,5059800
2015-04-14,60.41722869873047,60.79524312696826,59.81794147799033,60.40800694742009,5621800
2015-04-15,60.5555419921875,60.76760012060439,60.20519273016939,60.48178203150884,5347100
2015-04-16,60.52787399291992,60.8597867282478,60.251277702101405,60.41723406976534,4121300
2015-04-17,59.48604202270508,60.389583930734744,59.32930738619219,60.02079117165862,11212900
2015-04-20,59.67042541503906,60.12219272703094,59.54134904018424,59.92857816474871,5948900
2015-04-21,60.25127029418945,60.69382289825994,59.91935759967035,59.9562375695208,9619700
2015-04-22,62.70370864868164,64.52000593879319,60.656916921431716,60.6845751284272,20912400
2015-04-23,62.436378479003906,62.897367679783166,62.25197857821002,62.87892417263529,7193400
2015-04-24,62.21509552001953,62.860477482558146,62.058353871286585,62.814375756318604,6219900
2015-04-27,61.86473083496094,63.256919774490385,61.70799624176577,63.05408346135081,7122400
2015-04-28,61.56048583984375,62.23353307029042,61.22858013487395,62.05835494850239,6297500
2015-04-29,62.08597946166992,63.118597093135094,61.5696741630034,61.64343407256494,9812400
2015-04-30,60.89665985107422,62.23352535996764,60.31580911253474,61.93849263221912,11780600
2015-05-01,60.63847732543945,61.45904404580295,60.066855586434535,60.131393751616784,10142800
2015-05-04,60.46333312988281,60.979638680230345,60.3619149633309,60.896664017125445,7426400
2015-05-05,60.81368637084961,61.21013731174244,60.48177362804928,60.63850824711165,8099800
2015-05-06,60.54631042480469,61.449852211323446,60.140644775099176,60.988863083007644,7084600
2015-05-07,61.38529968261719,61.56969247723753,60.42644167549612,60.463321641247035,6660300
2015-05-08,64.04981994628906,64.68598708833598,61.78175465681338,61.90160927792503,18359000
2015-05-11,63.634925842285156,64.26187123633335,63.42287481681671,63.89308562088654,10998500
2015-05-12,63.33064270019531,63.61645350123554,62.6668177121128,63.20156640074935,7438200
2015-05-13,63.40454864501953,63.616970713056915,62.97969746250184,63.496906372272434,5129800
2015-05-14,64.65141296386719,64.6791195848491,63.589281198743265,63.6908768399735,6491100
2015-05-15,64.2542953491211,65.28872092891685,64.01415945540198,64.74379798314436,7121000
2015-05-18,64.65141296386719,64.87307297816733,63.847885723167565,64.41127717128256,5553800
2015-05-19,64.79920959472656,65.16864070906529,64.65143151183361,64.78073381114153,4351000
2015-05-20,64.44820404052734,64.9469442210202,64.17113086010434,64.88229310761055,4870100
2015-05-21,64.06954193115234,64.53133765981339,63.98641503584268,64.23578867532807,6483800
2015-05-22,64.30046081542969,64.51288297404656,64.00491173432879,64.00491173432879,4511700
2015-05-26,63.30297088623047,64.18961800154167,63.09054171183277,64.01413333775423,6228100
2015-05-27,64.18038177490234,64.41127968736424,63.26602801455788,63.58928368271552,7064800
2015-05-28,64.24502563476562,64.44821690215815,63.54310113379325,64.17114366644094,3893900
2015-05-29,63.43227767944336,64.28198034481625,63.284499626450476,64.03261368844751,6678100
2015-06-01,63.82942581176758,64.1434436215491,63.20138314575875,63.8478945461594,6309400
2015-06-02,63.76475524902344,64.15266197110769,62.81345717257908,63.47844415126273,4457400
2015-06-03,63.681636810302734,64.18961499937924,63.6262235702015,63.967954992529755,4906400
2015-06-04,62.99818801879883,63.86636645798197,62.83194123356047,63.386094835539886,6460000
2015-06-05,63.14595031738281,63.45073014224684,62.8042189423006,63.07206130983364,4413100
2015-06-08,62.50867462158203,63.07206601489614,62.45326138500822,62.97970827179175,4864300
2015-06-09,62.758033752441406,62.887335986664766,62.37012704977135,62.4994292839947,4439700
2015-06-10,64.30970001220703,64.34664453294879,62.90584345625457,63.007439126682684,6807800
2015-06-11,64.31890869140625,64.66987090938134,64.11571744283617,64.37432192412767,5238700
2015-06-12,64.03260803222656,64.41127692829224,63.74628984145566,64.12496578396613,4900700
2015-06-15,63.3306999206543,63.718606849676895,62.961261730250556,63.46924012286163,5995100
2015-06-16,63.737064361572266,63.884835367499946,63.072077218784266,63.219848224711946,5937400
2015-06-17,63.4969367980957,64.10651077365164,63.27527673718731,63.82943041268143,7818300
2015-06-18,64.18961334228516,64.50363109001167,63.61698403905846,63.63545981624495,7596800
2015-06-19,63.44147491455078,64.03257265484194,63.24752162912158,63.977152397261534,8728800
2015-06-22,63.810916900634766,64.13417947944463,63.63543935245921,64.0233459913005,5511700
2015-06-23,64.11572265625,64.27273152602326,63.810935758611876,63.820173646964484,3888700
2015-06-24,63.59850311279297,64.09724330452504,63.506145383904,63.8294009582369,4670600
2015-06-25,63.37685775756836,64.07878229601752,63.275262118447756,64.07878229601752,4705100
2015-06-26,63.4969367980957,63.9217881841894,63.182918965679335,63.45075438911857,7025600
2015-06-29,61.62205123901367,63.25680576294008,61.59434461010002,62.795009823854485,9706700
2015-06-30,62.019187927246094,62.32397489837712,61.65898770552613,62.19466556959306,6811000
2015-07-01,62.665679931640625,63.081300321679564,62.37013094262,62.7488068282259,6260800
2015-07-02,63.02589416503906,63.09978319046265,62.45327183411946,62.942774296271494,5053000
2015-07-06,62.915042877197266,62.915042877197266,62.21311150520975,62.388596109817264,5270600
2015-07-07,62.59177780151367,62.98892233285989,61.44652658994592,62.90580250014294,6500700
2015-07-08,61.63125991821289,62.17617548575501,61.55737091183459,61.88986439409346,5973500
2015-07-09,61.926822662353516,62.74881866330547,61.89910899396885,62.480976240480835,4837800
2015-07-10,63.19213104248047,63.30296456324064,62.72110443374914,62.785755559248194,5110200
2015-07-13,64.20808410644531,64.28197312464252,63.570810702217116,63.77400197903712,6832300
2015-07-14,64.74376678466797,64.92848932407227,64.16190664004425,64.62370241888846,5635400
2015-07-15,64.66988372802734,64.91001952815849,64.36510384120342,64.77147937245033,4506200
2015-07-16,65.17787170410156,65.1963404392855,64.62371804478407,65.04856941847568,6512500
2015-07-17,65.46418762207031,65.53807666102651,64.91003392279198,65.02086748122629,6287600
2015-07-20,67.14510345458984,67.4221837405947,65.78742978321033,65.84284302183354,10198500
2015-07-21,66.51705932617188,67.31134861089383,66.27693060023768,67.27440410387837,10919600
2015-07-22,66.47087860107422,66.63712534597568,66.14762299888906,66.44317198466459,6303200
2015-07-23,66.26769256591797,66.72948833292786,65.75971440362942,66.68330593764918,10755700
2015-07-24,69.08466339111328,71.04267332542251,68.7152252942705,70.91337104849437,21196100
2015-07-27,68.21646118164062,69.00151246021059,67.95785671777693,68.60436787743616,10293800
2015-07-28,69.02924346923828,69.43562608260486,68.20724739870727,68.62286790231735,10054300
2015-07-29,70.20218658447266,70.5900932940211,68.96457040381942,69.22317487685171,13746900
2015-07-30,70.54391479492188,70.8948840674899,69.49102107010542,70.09135694215362,6507000
2015-07-31,69.58338928222656,70.66399683313773,69.56492055025866,70.60857654434429,8526300
2015-08-03,69.98055267333984,70.22992642347988,69.2786279277493,69.8143058553954,5810800
2015-08-04,69.51875305175781,70.26686721604331,69.29709298840666,69.75888889748195,6957900
2015-08-05,69.25090026855469,70.34996946510336,69.19547998177248,70.23914298442813,6976400
2015-08-06,67.95790100097656,69.65730689742703,67.93019436842866,69.54648036723542,7767800
2015-08-07,68.53974151611328,68.63209927992976,67.71774543918885,68.05023902608475,6484600
2015-08-10,68.69672393798828,69.43559985658922,68.20722163665343,69.16775751225745,6183500
2015-08-11,67.75467681884766,68.5951414670217,67.62537456528241,68.17029019867245,6476000
2015-08-12,68.0322036743164,68.30048489685211,66.96833180784422,67.41238519017654,7625100
2015-08-13,68.39300537109375,68.85555781995602,67.88419485414916,67.93045292223148,5992000
2015-08-14,68.66127014160156,68.82778926550313,67.94893558902707,68.31897887080707,3861500
2015-08-17,68.8370590209961,68.8648110387274,67.99521017386529,68.45776262402764,3473500
2015-08-18,68.8925552368164,69.13308445983687,68.46700787792759,68.69828407675779,6325500
2015-08-19,68.82781219482422,69.34586872710862,68.152482451247,68.64278696330058,5886900
2015-08-20,68.41151428222656,68.94807689461837,67.35689511055509,68.05072388444376,12082300
2015-08-21,65.85822296142578,68.10622824877379,65.64544571963152,67.07010817471537,15752200
2015-08-24,63.24017333984375,64.16527826633885,55.506295589705545,59.35473547176055,20950600
2015-08-25,61.95427322387695,66.42253136421698,61.61198188689783,66.32076926560129,14485000
2015-08-26,65.3956527709961,65.67317994310248,62.81460983987128,64.17451486295745,12220000
2015-08-27,66.97764587402344,67.06090198897037,65.49747834722642,66.55209815119402,9122200
2015-08-28,67.03309631347656,67.22736748423364,66.23750558104861,66.70005800418161,6411400
2015-08-31,65.95999145507812,66.68157224912164,65.51593793520989,66.52430608795652,8313300
2015-09-01,63.79526138305664,65.11816225976331,63.36971378706621,64.21156300769472,11491500
2015-09-02,64.40582275390625,64.71110208776815,63.55472065619266,64.70185611806988,9218000
2015-09-03,65.12740325927734,65.75647503671665,64.7481067640896,65.17365428147617,9035200
2015-09-04,63.980255126953125,64.6740837678487,63.499196650124496,64.10051621716532,9469400
2015-09-08,65.24766540527344,65.69171898486607,64.34106630651044,65.45118966850372,7984900
2015-09-09,64.38729095458984,66.03397632548129,64.23002483669332,65.4511628578704,9022200
2015-09-10,64.97013092041016,65.35867334840957,64.25779607775316,64.29480112679948,7244200
2015-09-11,65.46041870117188,65.50666970713908,64.25777961819063,64.62782295587637,6452100
2015-09-14,64.7665786743164,65.49741219648544,64.39653540185269,65.42340213039503,7059300
2015-09-15,65.22915649414062,65.45117972119763,64.30405148041345,65.2014044730074,6962600
2015-09-16,65.67320251464844,65.78421765643954,64.80360860692035,65.17364496357516,8207600
2015-09-17,65.64544677734375,66.90359008111845,65.21989934488917,65.95998613228276,7663300
2015-09-18,64.56304931640625,65.50665288002526,64.48903925628262,64.59080132445565,14508100
2015-09-21,65.47892761230469,65.97848513516715,64.96087109585059,65.33091448959952,12756500
2015-09-22,64.98860931396484,65.11812341557417,64.11900858202571,64.75733312423543,11394000
2015-09-23,65.63617706298828,65.82120224178777,64.66482134174929,64.90535054519418,10655800
2015-09-24,64.97937774658203,65.34016815705517,64.42431611954576,65.08113986830436,8406700
2015-09-25,65.3956527709961,66.10798027652336,64.95159941444174,65.85820511582874,7756600
2015-09-28,62.16706466674805,65.01639028728869,62.009798481599375,64.93313420973668,15261200
2015-09-29,63.3974494934082,63.554715661825796,62.16705805298251,62.46309139388275,11326700
2015-09-30,64.44280242919922,64.44280242919922,63.14765432426356,64.12826313351987,9309200
2015-10-01,64.7480697631836,65.46965023065859,63.81371918760089,64.84057881270817,8679900
2015-10-02,65.37715148925781,65.43266257411553,63.24016175894871,63.64721011062251,7460400
2015-10-05,66.82034301757812,66.92209808300093,65.60845056364013,65.73796471016914,7286800
2015-10-06,66.68156433105469,67.10711174731841,66.45028810104242,66.81107845522233,5782500
2015-10-07,67.73617553710938,67.74542856147646,67.0238408786255,67.23661809113084,6208900
2015-10-08,68.36526489257812,68.39301691491559,67.37540276725707,67.532668932497,5713100
2015-10-09,68.43927001953125,68.54102507471354,67.90270743334351,68.49477406017449,5947800
2015-10-12,69.3736343383789,69.7806828694852,68.15249580305232,68.21725288227448,5586300
2015-10-13,69.38288879394531,69.61416508992514,68.59655079921242,68.88333114766982,7439400
2015-10-14,68.64277648925781,69.62339242172595,68.19873011733888,69.2348430238096,7568300
2015-10-15,69.69740295410156,69.76216707572335,68.9943282798172,69.34586561695937,6856200
2015-10-16,70.3080062866211,70.8075640203537,69.18862966506966,69.68818739880226,9117400
2015-10-19,71.22383880615234,71.53837820648094,70.2432296706412,70.2432296706412,9952600
2015-10-20,70.56700134277344,71.13131590201088,70.24321603615941,70.90003967471652,8148800
2015-10-21,69.80843353271484,71.17759225553748,69.66966634909215,71.17759225553748,7277900
2015-10-22,70.69651794433594,71.09431335155021,69.97493721915437,70.20621345455824,9093400
2015-10-23,71.29781341552734,71.8158697487811,69.33658906279958,71.6586036558988,11971300
2015-10-26,72.32472229003906,72.44498342095774,71.31635398713281,72.23221318487145,8019400
2015-10-27,71.71411895751953,72.32469149604587,71.28857160854177,72.18592436838176,9527400
2015-10-28,72.96302032470703,72.98151931575143,71.64012013835705,71.99165743211819,10850200
2015-10-29,72.62998962402344,72.81500778579168,72.09342707370888,72.70399265393647,7648600
2015-10-30,71.76963806152344,72.90751310791667,71.75113201150643,72.82425705681038,11186500
2015-11-02,69.5864028930664,70.50225491504936,68.9480781509009,69.55865087088381,29966000
2015-11-03,72.06568908691406,72.69476084059721,69.20711064247428,69.50314399373742,18899900
2015-11-04,72.48196411132812,72.92601754806265,72.06566974900633,72.50047016093662,8640800
2015-11-05,73.3238296508789,73.74012410819691,72.54673772376267,72.54673772376267,9392600
2015-11-06,72.85200500488281,73.61059067943947,72.45420964761593,73.61059067943947,8221600
2015-11-09,72.19520568847656,72.52824410220545,71.50137683620673,72.52824410220545,10157300
2015-11-10,73.65949249267578,73.70582663060603,71.92643452267853,71.96350607542816,8440300
2015-11-11,73.38143157958984,74.37307226023269,73.3721619272456,74.0023639438664,8024400
2015-11-12,72.57514953613281,73.35363779353635,72.41760078224806,73.08487441125857,8939800
2015-11-13,72.38983154296875,73.18685239591635,72.07472682240302,72.30641876638367,9913200
2015-11-16,73.12196350097656,73.13123315656885,71.89863057778798,72.09325092117304,7805000
2015-11-17,73.05709075927734,73.47413334617953,72.72345386148537,73.15903575975132,6942600
2015-11-18,74.5677261352539,74.60479769066208,72.97368460608311,73.17757462549001,7212400
2015-11-19,74.28042602539062,75.07744674283109,74.00239291161343,74.69746862538062,6082200
2015-11-20,74.31751251220703,75.06819217130335,74.12289212172566,74.68821397749885,6764300
2015-11-23,74.24336242675781,74.8642951006223,73.73363735377858,74.68820697165191,5910600
2015-11-24,73.94676971435547,74.32674066143016,73.40924293978742,73.42778224686849,6040800
2015-11-25,73.73365020751953,74.22483605219364,73.73365020751953,73.9375402722547,4268700
2015-11-27,73.99312591552734,74.28042869560522,73.7799733152215,73.80777521346347,3139500
2015-11-30,73.22386932373047,74.2618439331065,73.1775281412383,74.1969705200205,8874600
2015-12-01,74.05797576904297,74.0765080033041,73.0014545786572,73.70579968202334,6702100
2015-12-02,73.25172424316406,74.28043701742268,73.18685078310617,73.98387161848991,7310000
2015-12-03,72.55663299560547,73.92824502245905,72.36201265682254,73.54827400026629,8689600
2015-12-04,74.51211547851562,74.51211547851562,72.7049144397727,72.82539875142757,9944600
2015-12-07,73.7243423461914,74.59549880962116,73.2794909262503,74.2618620123337,15262400
2015-12-08,73.2795181274414,73.8355773057706,72.62151394150632,73.19611243249626,11344000
2015-12-09,72.17664337158203,73.90970097435444,71.73179897419796,73.05707665380645,15361500
2015-12-10,72.39909362792969,73.31659165033774,71.94497237433902,72.20447326382352,8717100
2015-12-11,70.5362548828125,71.49082400438454,69.98945853693733,71.49082400438454,15625800
2015-12-14,71.24060821533203,71.66692034471185,70.04507749415498,70.61966872169253,10361000
2015-12-15,72.86247253417969,73.63168428194474,72.48249441759718,72.63078063011986,11355300
2015-12-16,74.01165771484375,74.12287236719776,72.42688603984477,73.63167962230742,10497500
2015-12-17,72.92733001708984,74.40088681035155,72.87171916423192,74.12286082875885,7555300
2015-12-18,70.73089599609375,72.46395378317172,70.69382444725693,72.32493724270238,16271200
2015-12-21,71.5186538696289,71.69474197593635,70.80504592997752,71.26842972916496,8442100
2015-12-22,71.7132568359375,71.81520181270477,71.04599026619798,71.75959803289496,5699100
2015-12-23,72.80685424804688,72.89953665676444,71.88008672627163,72.36200979717279,6335900
2015-12-24,72.52881622314453,72.94585871061112,72.4546731367186,72.6122218923683,2188800
2015-12-28,72.77906799316406,72.89028266511899,72.12106375978641,72.32495378969881,3680900
2015-12-29,73.40927124023438,73.57608971490552,73.12197550578612,73.2146508648975,4627100
2015-12-30,72.61222839355469,73.39071672937959,72.52882271686337,73.2795020897833,4230400
2015-12-31,71.8708267211914,73.02928616498446,71.8708267211914,72.51029152610596,6538300
2016-01-04,70.15629577636719,70.78649794890558,69.51683101986595,70.48993263657427,13476800
2016-01-05,70.68455505371094,70.90698434755424,70.0080187292938,70.6660228145615,8972700
2016-01-06,69.75777435302734,70.2953011055117,69.36853376840364,69.50755028310458,16092000
2016-01-07,68.38617706298828,69.5909706126805,67.97839708612392,68.35837516832483,12470800
2016-01-08,67.5428237915039,69.05345958634722,67.42234654243845,68.63640990141104,9977600
2016-01-11,68.50662994384766,68.65491609023981,67.33890835903634,67.75595077208715,13069500
2016-01-12,69.28514099121094,69.50756321370581,68.59932794328307,69.0627116980411,10236900
2016-01-13,67.74669647216797,69.86899469629365,67.64475149109005,69.7577800612975,12659600
2016-01-14,68.39543914794922,69.06270575804304,67.33892484362438,67.79303890444048,10426200
2016-01-15,66.5697021484375,67.60767708172843,65.48538601819297,66.67164712519627,18470500
2016-01-19,66.16193389892578,67.67256243875048,65.4853975565128,67.59842640950568,16009600
2016-01-20,65.50390625,66.1804494198967,63.98400860136174,64.83663273193001,16586000
2016-01-21,66.31949615478516,67.03311126279054,64.96641612443172,65.5410146595174,11931200
2016-01-22,67.3759765625,67.82082795568098,66.84771951035115,67.34817467617738,8652600
2016-01-25,66.48626708984375,67.57058992677507,66.33798803657984,67.43157345325345,9126200
2016-01-26,66.61604309082031,66.97748183788397,66.31021519992584,66.8940761596422,7500200
2016-01-27,65.71710205078125,67.17212708019879,65.41126700793308,66.70874322279604,9020500
2016-01-28,64.25281524658203,66.5882670632936,64.25281524658203,66.18975661421327,15295600
2016-01-29,69.03489685058594,69.04416650373076,63.724523977057444,65.27222373058208,40427800
2016-02-01,68.93294525146484,69.30365356421147,67.88570080832812,68.6549193199096,12623500
2016-02-02,68.02474975585938,68.77542932099222,67.77451852036421,68.11742511058205,9572700
2016-02-03,68.93294525146484,69.16463706309736,67.12575194900037,68.35835408384689,9941900
2016-02-04,68.28421783447266,69.16464397843532,67.43159357937796,68.6734584199715,14735700
2016-02-05,66.30095672607422,68.21936542656586,65.38345875731974,68.17302421705594,12939400
2016-02-08,62.807044982910156,64.91081165716214,61.444702380177354,64.82739888599599,30542600
2016-02-09,63.326026916503906,64.39181098836575,61.27787152709252,61.528095648679155,14882800
2016-02-10,65.01271057128906,65.82826303736971,64.01180045109587,64.07667386236737,11369500
2016-02-11,63.45577621459961,64.01183533865607,62.49193709991989,62.82557398848885,13962100
2016-02-12,65.2629623413086,65.309303542227,64.05816889485004,64.35473419697402,8710200
2016-02-16,65.89315032958984,66.49555045868114,65.24441608021338,66.18045298631915,8780700
2016-02-17,66.88677215576172,66.97034948402688,66.20890100859992,66.60819759233758,8494100
2016-02-18,66.1531753540039,67.09105927356467,65.94888310572087,66.75676415539698,6938100
2016-02-19,66.42244720458984,66.59888264913654,65.28027849679475,65.95814936914927,7750900
2016-02-22,67.84321594238281,67.96393794666619,66.95176470547119,67.11891225518116,7481500
2016-02-23,66.99817657470703,67.89891547544066,66.84959787228306,67.74104883295955,6177000
2016-02-24,66.71961212158203,67.03533840270694,65.35457505343386,66.16245601417698,7728600
2016-02-25,68.0382308959961,68.10323233747698,66.80320350785914,66.82177231201406,6840900
2016-02-26,67.53679656982422,68.63254023660063,67.49965187616432,68.47467351738958,6714100
2016-02-29,67.2210464477539,68.62322802796636,67.2210464477539,67.65748758815684,7786100
2016-03-01,69.31040954589844,69.31040954589844,67.69465438066487,67.77822462567877,8705300
2016-03-02,68.99470520019531,69.27327982842169,68.40040415842633,69.1804216190129,5739100
2016-03-03,68.63251495361328,69.18038304286375,68.12178445971597,69.16181424518717,6588300
2016-03-04,68.62323760986328,68.9482447540687,68.35394395191469,68.92038801094029,9475300
2016-03-07,66.80316162109375,68.20533570594013,66.25528659960291,68.14962224378291,16671900
2016-03-08,65.57745361328125,66.41318436524298,65.47530748410807,66.39461556204122,12394400
2016-03-09,65.6331558227539,66.0045955845535,64.90885218378801,65.93030621526874,9291600
2016-03-10,65.2060317993164,66.30177569115516,64.61173074794225,66.06033867508835,10135100
2016-03-11,66.51531219482422,66.86818312020492,65.63314905061938,66.06959019435438,9466400
2016-03-14,66.38531494140625,66.59889510288161,65.8838723352078,66.48746105107394,7916500
2016-03-15,66.77532958984375,66.77532958984375,65.6145848014064,66.0974515161618,6442800
2016-03-16,67.20249938964844,67.62965272694706,66.4039062115519,66.56176584138767,7561800
2016-03-17,67.91751098632812,68.40966573360764,67.01677173128816,67.11891785822827,7411700
2016-03-18,68.51183319091797,68.80898372054219,67.90824418506733,68.25182736307522,15026200
2016-03-21,68.50251770019531,68.6603843904469,67.92679276564412,68.32608929345766,7397400
2016-03-22,67.75033569335938,68.39106893926288,67.72247895825441,68.01034133383547,6796800
2016-03-23,68.63251495361328,68.87394474652537,67.57390928584219,67.74105680342466,7287100
2016-03-24,68.8460693359375,68.86464521319942,68.16819859292654,68.39105952771988,6303900
2016-03-28,68.79039001464844,68.96681842847129,68.45609490423425,68.8461035048425,7283300
2016-03-29,69.99755859375,70.19256288873015,68.64180938725129,68.73466756324784,10541500
2016-03-30,71.29759979248047,71.50189204615236,70.42471728483697,70.4804378624181,9691900
2016-03-31,71.01905059814453,71.42762816673257,70.52688859103102,71.14905351787179,7490800
2016-04-01,72.04975891113281,72.66263566045446,70.38757833624555,70.80544369469204,10183400
2016-04-04,72.27261352539062,72.71833554638674,71.99403194880021,72.40261637189981,6905800
2016-04-05,71.4739990234375,71.9382967880854,71.11184733378187,71.6318585631086,6012000
2016-04-06,72.62548065185547,72.6904820780363,71.50188052237307,71.57616989075805,6220400
2016-04-07,72.04044342041016,72.41188305192641,71.67829172795278,72.16115828968871,7542100
2016-04-08,72.45834350585938,73.00621882048401,72.25405125581713,72.50477613891447,5327500
2016-04-11,72.26331329345703,73.15476426845997,72.2168806770477,72.76475579526291,5957200
2016-04-12,72.9133529663086,72.941216796692,72.10547900081653,72.17048043579435,5962900
2016-04-13,74.01838684082031,74.22267909582585,73.27551428626641,73.38694127290559,9187300
2016-04-14,74.59413146972656,74.90985076450734,73.64695941613127,74.06483194023265,11470300
2016-04-15,74.36197662353516,74.92842080547965,74.19482904386915,74.51983625860142,7186700
2016-04-18,75.63412475585938,75.72699000316508,74.12980410038897,74.47338001077483,7761200
2016-04-19,74.98411560058594,75.89414265947474,74.63125172469495,75.68056249470904,8324700
2016-04-20,75.35556030273438,75.81057031970549,74.79840416782338,75.10483543701841,8521300
2016-04-21,75.0212631225586,75.8384249587718,74.91911700745389,75.68056535710977,9536900
2016-04-22,73.46122741699219,73.69337640842888,71.76189509936572,72.43048532824335,18216000
2016-04-25,72.56048583984375,73.21050016090336,72.26333542384153,73.07121643826541,11184600
2016-04-26,72.92266082763672,73.08052048646798,72.5326521112441,72.8483714289066,6071800
2016-04-27,73.13619232177734,73.35905328477102,72.58831722716597,72.81118527478193,6319400
2016-04-28,72.13333129882812,73.60979540998167,72.05904192496988,72.75548886448561,8322600
2016-04-29,71.72474670410156,72.43976952816669,71.37188280581756,71.98475242753447,8092700
2016-05-02,72.85763549804688,72.86692344100105,71.65046504511709,72.25404672926965,7636800
2016-05-03,71.67832946777344,72.76478511718236,71.43689251747409,71.90119053017452,7666300
2016-05-04,71.56689453125,71.85475702857286,70.8983042674837,71.0933085803113,8854000
2016-05-05,71.83618927001953,72.15190851881897,71.51118207724791,71.63189701038438,6002300
2016-05-06,72.17045593261719,72.24474528583356,71.29757374388157,71.71544604225662,6172600
2016-05-09,72.63480377197266,72.7648066872963,72.04050270631386,72.1426488661578,9242300
2016-05-10,73.54476928710938,73.66549125025404,72.81118499158255,72.8204658467304,6802600
2016-05-11,71.90757751464844,73.79596417459712,71.8982731245073,73.61921624776659,8432500
2016-05-12,72.45642852783203,72.73550350341498,71.69363163803297,72.37271029346002,7512800
2016-05-13,71.4703598022461,72.81920532005448,71.4703598022461,72.28896866373057,7562700
2016-05-16,72.3727035522461,72.61456093824043,71.59129795170138,71.64711010275072,8597900
2016-05-17,71.43315887451172,72.4843279377855,71.18199000015898,72.15874522767156,7169900
2016-05-18,72.02853393554688,72.44713938988765,71.07038719996953,71.35875953086328,6288500
2016-05-19,71.5168685913086,71.86106004228519,70.90291371060191,71.50757129867648,5552200
2016-05-20,72.25178527832031,72.59597685329994,71.79596937418054,71.9448041787849,6302100
2016-05-23,71.82384490966797,72.54943112930587,71.75872837962788,72.3354798579611,5934300
2016-05-24,73.84246063232422,73.9540920054265,72.24245353420623,72.24245353420623,7582300
2016-05-25,73.54475402832031,74.11220085643565,73.44242708573124,73.95406179867662,5846700
2016-05-26,73.48898315429688,73.86108069096787,73.36805447117615,73.86108069096787,4284000
2016-05-27,74.1029281616211,74.1029281616211,73.34012448292269,73.34012448292269,4374600
2016-05-31,73.43315124511719,74.29827476875363,73.26570775353696,74.28897038111909,8639600
2016-06-01,73.69364166259766,73.7866642781636,73.08898401566312,73.20061541264462,4507000
2016-06-02,74.37271881103516,74.37271881103516,73.42387670448589,73.74015504094525,5627500
2016-06-03,74.36339569091797,74.60525300638999,73.63780955016445,74.0006026205412,7628000
2016-06-06,74.92157745361328,75.25646463147775,74.57738588270468,74.68901730771698,7620100
2016-06-07,74.97737884521484,75.34947644462257,74.92156668931368,75.07040147077393,5515700
2016-06-08,75.95410919189453,76.00992132945134,74.856425537873,74.97735420163579,8860900
2016-06-09,75.5913314819336,75.85179763974742,75.33086532411977,75.56342540747791,6670900
2016-06-10,74.586669921875,75.11690662593597,74.27038451923714,75.11690662593597,7859900
2016-06-13,72.93082427978516,74.58665049999615,72.91221550362063,73.48896691285412,10424600
2016-06-14,73.08895874023438,73.25640222921645,72.52151175519333,72.67035356636327,7891700
2016-06-15,72.7168960571289,73.34015547059808,72.60527174258014,73.08899366569179,7424000
2016-06-16,72.88431549072266,73.04245461541387,71.75872574300467,72.45640586658625,9650800
2016-06-17,71.61917877197266,72.86570411748524,71.47034405593477,72.85639972986777,14602200
2016-06-20,71.9448013305664,72.91225236229815,71.92619964216696,72.83783851152819,9957500
2016-06-21,71.93550109863281,72.56806493597645,71.76805752118385,72.38201257371543,9201000
2016-06-22,71.19129943847656,72.33549829762353,71.19129943847656,72.16805473524035,9626700
2016-06-23,72.7726821899414,72.78197948047453,71.5075551549383,72.3354682311607,13566200
2016-06-24,69.8145523071289,70.73548841417235,69.2564023298451,69.58199218231792,18375000
2016-06-27,68.22383117675781,69.37733444438983,68.14011294292413,69.00523684506246,16318400
2016-06-28,69.9168701171875,70.23314843861343,69.29360367096851,69.80523871700555,14815200
2016-06-29,71.38662719726562,71.40523597469948,70.42848097732653,70.67964979249975,12178100
2016-06-30,68.99591827392578,71.75873297739022,68.65173392044808,71.61919551917254,24877300
2016-07-01,69.2843017578125,70.6424517655396,68.93080589605684,69.30290344135052,13821400
2016-07-05,69.46104431152344,69.74011925169678,68.67964583451096,69.07034507301721,11081000
2016-07-06,68.89360046386719,69.53546859895219,68.67964915028611,68.94941971289907,11263800
2016-07-07,69.31220245361328,70.03778870719235,69.08893968545831,69.13545453644973,8806700
2016-07-08,71.08898162841797,71.20991744296,69.57269207621945,70.04711674726943,10975000
2016-07-11,71.18199157714844,71.80525803279835,71.06106288133296,71.45176214212536,8185900
2016-07-12,72.07503509521484,72.158753331287,71.20991116994456,71.33083987666154,10245500
2016-07-13,72.0564193725586,72.35409601188051,71.81455488524362,72.26107339281197,6559200
2016-07-14,72.68898010253906,73.06107766054659,72.27037478551225,72.61455917150344,6607400
2016-07-15,72.83782196044922,73.25642727745213,72.60526187385413,73.16340466224821,8153400
2016-07-18,72.84710693359375,73.2099000395506,72.77269311231831,72.88431739281617,4864200
2016-07-19,73.22853088378906,73.38667006025956,72.21456508165437,72.32619649295967,9395500
2016-07-20,73.8238754272461,74.18666859933124,73.25642824071893,73.25642824071893,7922100
2016-07-21,73.29361724853516,74.16804520071888,72.93082418266502,73.89827472404158,9018000
2016-07-22,74.33551788330078,74.49365705672888,72.86573626666315,74.40063443101656,12532400
2016-07-25,73.43315124511719,74.57734252327514,73.23780168780164,74.57734252327514,7979900
2016-07-26,73.01455688476562,73.54479355535742,72.50292899400935,73.47037972752544,9673200
2016-07-27,73.05179595947266,73.2936605118753,72.12155532411012,72.98667939888419,10194400
2016-07-28,73.66571807861328,74.41921031192749,73.07036496389138,73.20059801416375,8709700
2016-07-29,72.6052474975586,73.8145554501001,72.55873265058156,73.712228464486,7777700
2016-08-01,72.80059814453125,73.05175986924004,72.30757198690965,72.84710589501915,8908800
2016-08-02,72.8192367553711,72.99598474950264,72.32621034771249,72.62388707104445,7910000
2016-08-03,73.21920776367188,73.21920776367188,72.7540876479602,72.81920418027305,7272700
2016-08-04,73.93548583984375,74.09362495260159,73.25640744804731,73.33082835893407,5954400
2016-08-05,74.54944610595703,74.64246870283681,74.10293480206644,74.16805132959921,6662500
2016-08-08,74.37271881103516,74.73551200740734,74.23318842563907,74.63319209050726,5119700
2016-08-09,74.47505187988281,74.86575828226958,74.37272485749244,74.38202924966568,4455700
2016-08-10,74.12154388427734,74.6238744741934,73.9634047440732,74.39131441018614,5945500
2016-08-11,74.53086853027344,74.67970331398348,74.27039523873073,74.41923711961228,6577700
2016-08-12,74.43782806396484,74.49364730982587,74.09364368414587,74.23318115304271,4420400
2016-08-15,75.2657470703125,75.48900275804338,74.43782666301853,74.540153665139,6290300
2016-08-16,75.17272186279297,75.2657515773244,74.62388345234555,74.80992868706686,6182600
2016-08-17,75.33112335205078,75.34976442558602,74.92111215759974,75.20998481201764,4655400
2016-08-18,74.79997253417969,75.09816574938851,74.46451138787093,74.55769543459486,7453900
2016-08-19,74.9863510131836,74.9863510131836,74.30609393435381,74.55769869193651,8480900
2016-08-22,75.53614044189453,75.5547815173887,74.51110168381882,74.86520391384869,7954500
2016-08-23,75.29389190673828,76.18847191375326,75.29389190673828,75.82504900807498,10007800
2016-08-24,74.81859588623047,75.46157774244443,74.72541186157991,75.29384365427929,5028000
2016-08-25,74.84657287597656,75.03294098128603,74.54837964178891,74.81861837112889,5773700
2016-08-26,75.07955932617188,75.61071640778478,74.70681589305116,75.12615492137058,7932200
2016-08-29,75.35906982421875,75.47088780502227,75.05155615803896,75.05155615803896,4766700
2016-08-30,75.63862609863281,75.6572671694617,75.21929442829358,75.48021254401448,4128700
2016-08-31,75.38709259033203,75.6666449049898,75.21003781440474,75.43368108802925,7386100
2016-09-01,75.75979614257812,75.99275983660883,75.45228236018055,75.61069596584437,6240600
2016-09-02,76.4120864868164,76.55186611570194,75.94615913018947,76.01138867573776,6408900
2016-09-06,76.90597534179688,76.90597534179688,76.23503874971554,76.41209343637253,8140400
2016-09-07,77.56758880615234,77.58622988280345,76.74755917069534,76.85938430213898,9304700
2016-09-08,77.31596374511719,77.93098397636396,76.96185450912543,77.36255220125786,7961100
2016-09-09,75.7877426147461,77.166883555904,75.7877426147461,76.78482683512577,11563000
2016-09-12,77.31596374511719,77.4650567580465,75.64794345040247,75.79703646333178,9882700
2016-09-13,76.30957794189453,76.82210085139766,76.0579803105392,76.79414634896784,8834300
2016-09-14,75.93684387207031,76.61710098821634,75.89956882781006,75.90888936624707,10999500
2016-09-15,76.42141723632812,76.5332352667883,75.65729655373471,75.87161918510886,10580300
2016-09-16,76.47732543945312,76.65438013178589,75.87161837943572,76.1698116399767,11702000
2016-09-19,76.8873291015625,77.3812109281554,76.62641093728601,76.81277902334443,8361700
2016-09-20,76.85941314697266,77.55830448443747,76.71031291575814,77.31602016345904,6473300
2016-09-21,77.54893493652344,77.57688943483808,76.66366886947341,77.26937573440536,7536200
2016-09-22,77.6794204711914,78.08011833904078,77.53032028339246,77.73532948687189,6599400
2016-09-23,76.91532897949219,77.76331351365674,76.89668789419703,77.65149543984965,8283700
2016-09-26,76.23502349853516,76.6543623394392,76.1232054952166,76.5518577634062,8486800
2016-09-27,76.56120300292969,76.76620511165389,75.94617534829075,76.21641412598161,7969500
2016-09-28,77.31596374511719,77.3532387757208,76.35615481290084,76.76616593057031,7974300
2016-09-29,76.33753204345703,77.39984578713334,76.21639349706828,77.08301861527652,5885400
2016-09-30,77.06438446044922,77.38121877024176,76.11389575004657,76.56118915519855,9776800
2016-10-03,77.21349334716797,77.4464570593886,76.69165690682998,76.80347493862338,8155400
2016-10-04,77.09234619140625,77.83782572180448,76.95256655774175,77.60486203552612,5772000
2016-10-05,77.67008209228516,77.76326613351222,77.25075035202003,77.30665935485895,6163400
2016-10-06,77.6794204711914,77.79124561204063,77.23212701728279,77.45577729898123,7687100
2016-10-07,77.23213195800781,77.99625269563946,77.00848877149065,77.80056401875085,8238100
2016-10-10,77.45576477050781,77.8471420359424,77.28803064110912,77.4650781986226,7371500
2016-10-11,76.4493637084961,77.1482547633659,76.01139084325969,77.045750173226,6227400
2016-10-12,76.64506530761719,76.91530408098937,76.24436741737411,76.26300138714625,3923600
2016-10-13,76.29093933105469,76.53321641035106,75.58272783818221,76.0859301797374,6810900
2016-10-14,76.8313980102539,77.52097543511123,76.44934137546818,76.44934137546818,6698100
2016-10-17,76.55183410644531,77.05503629433274,76.44932956208949,76.95253174997691,8473700
2016-10-18,76.02070617675781,76.7568722239595,75.80637647309678,75.94615609639858,11680400
2016-10-19,77.16686248779297,77.22277858761859,76.08591505412646,76.08591505412646,8440900
2016-10-20,76.87801361083984,77.43712501520305,76.57049985011955,77.39053654537366,6945200
2016-10-21,76.73821258544922,76.9152672060995,76.02068778665665,76.43069891047301,8043200
2016-10-24,77.50236511230469,77.89374243769525,77.07371274028338,77.59554917413746,16267000
2016-10-25,76.44007110595703,77.50238532882969,76.13255722315441,77.50238532882969,15085900
2016-10-26,76.17913818359375,76.65438617392805,75.86231092969668,76.05799960583698,8748400
2016-10-27,76.33753204345703,76.66367975257049,76.04865937388324,76.3748070829967,7039200
2016-10-28,76.6170883178711,77.67940202040386,76.51458374047876,76.89664043936118,10919600
2016-10-31,76.8873291015625,77.25075184601715,76.7475494822753,76.82209956049337,10024000
2016-11-01,76.05801391601562,77.05509856365711,75.7877750906468,77.00850296602835,10881500
2016-11-02,75.0888442993164,75.8343237029524,75.03292818966615,75.37771694614531,9170900
2016-11-03,75.15406799316406,75.60135417867423,75.0515634278418,75.2472520226882,7563100
2016-11-04,74.88388061523438,75.7039105899255,74.85592609818102,75.15411946256783,7588100
2016-11-07,76.8873291015625,76.90596306637363,75.89955833888995,76.07661299728618,7277900
2016-11-08,77.23213195800781,77.49305730334801,76.55188185875056,76.77552504526773,7152000
2016-11-09,77.56758880615234,77.623504926618,75.68524530518764,76.23503620510493,12158500
2016-11-10,76.29093933105469,78.23851204959594,75.87160049168213,77.62349170513055,17171600
2016-11-11,76.30026245117188,76.99915349609054,75.96479418085192,76.03002372733151,7368000
2016-11-14,73.03877258300781,76.61709851197635,72.03237485845847,76.43072329669869,21773500
2016-11-15,73.2158203125,74.11972046973246,72.49829535285956,72.89899314082383,18523400
2016-11-16,74.77996826171875,74.88268856594918,73.54733173540247,73.57534506847459,9997700
2016-11-17,75.70445251464844,75.82584601329728,74.8733569579032,75.00409061012493,8081800
2016-11-18,75.47097778320312,76.1059726869185,75.20017039969017,75.77913864628141,7920800
2016-11-21,76.28340911865234,76.3674491144574,75.54569383841951,75.85385473860195,8942100
2016-11-22,74.63990020751953,76.28341807705164,74.01424530600114,76.28341807705164,18133900
2016-11-23,74.30372619628906,74.69592713970927,73.72475780996676,74.68659411090127,12802600
2016-11-25,74.8266830444336,75.05080404258007,74.46249532801006,74.69594935774062,6495700
2016-11-28,73.8461685180664,74.71461765397544,73.81815517891619,74.38778348980547,11793100
2016-11-29,73.9114990234375,74.31303997761785,73.72473164681469,73.88348569805581,8575200
2016-11-30,72.20262908935547,74.19165395041193,72.16527560670603,74.19165395041193,15353900
2016-12-01,70.4377212524414,72.48277999413354,70.26963413498112,72.4360863575534,21053000
2016-12-02,70.7085189819336,71.2034401142918,70.19491754772356,70.40969827233349,13629600
2016-12-05,72.19329833984375,72.4641057809852,71.48360345042062,71.55830330099987,12119200
2016-12-06,72.00653076171875,72.80961285112627,71.633003048712,72.78159951942926,13896600
2016-12-07,74.0609130859375,74.2290001792099,72.13725522639034,72.1559284036661,13919800
2016-12-08,74.03291320800781,74.58386821778272,73.74343259873137,74.40644094141385,13320100
2016-12-09,73.90219116210938,74.63990659207917,73.61271050742569,73.91153131613306,10728300
2016-12-12,73.3045425415039,73.79946379072572,72.76292765107462,73.76211030264963,11942300
2016-12-13,73.95819854736328,74.23834609940447,73.07107650664653,73.59401100437866,12995100
2016-12-14,73.8928451538086,74.68659432058439,73.88351212497439,74.03291895526606,20146200
2016-12-15,74.23835754394531,75.06945305215429,73.89284312642332,74.1169640523859,14070900
2016-12-16,73.16448211669922,74.20101844582776,72.99639495185538,73.97690460085286,19141700
2016-12-19,72.93099975585938,73.39790757391795,72.8562927951025,72.87497309751568,8699100
2016-12-20,73.1738052368164,73.37924584873832,72.54815037283531,73.22049887568922,6917400
2016-12-21,72.96839141845703,73.35125944934367,72.81898454321096,73.28589260558883,9343600
2016-12-22,72.74424743652344,72.89365424993414,72.08123911728192,72.8563007654693,12074000
2016-12-23,72.97769927978516,73.28586017445274,72.74424535190641,72.91233246495705,6192900
2016-12-27,73.16448211669922,73.63139011632646,73.05242875643711,73.0897751268907,3776000
2016-12-28,73.11781311035156,73.44464736350962,72.80965204689439,73.21119330776067,7587100
2016-12-29,73.14578247070312,73.62202332843646,73.11776914077153,73.295189271821,6241100
2016-12-30,72.85629272460938,73.34188084461128,72.78159288837269,73.23916055478195,7127300
2017-01-03,74.23835754394531,74.62122544912773,73.29520157275505,73.54733583335062,13785200
2017-01-04,74.8453598022461,74.94808014040568,74.10764424839601,74.18235124423049,8033100
2017-01-05,75.72311401367188,76.13399521408613,74.91069888942376,75.02275221721047,7805100
2017-01-06,76.76898193359375,77.03044916955837,75.58303922062632,75.91921341670877,8898300
2017-01-09,76.33944702148438,76.99311527769888,76.24606685980368,76.83436829039672,7305300
2017-01-10,75.92855834960938,76.47951336131294,75.76047122521071,76.29274593173166,6017500
2017-01-11,76.38614654541016,76.38614654541016,75.55505093090271,75.87254492995041,7499200
2017-01-12,75.9845962524414,76.07797641006061,75.18151407290736,75.68577547339032,6884000
2017-01-13,75.79781341552734,76.43280833257707,75.44296603887669,75.65773964532781,7291200
2017-01-17,75.88189697265625,76.09667068226078,75.41498893070566,75.41498893070566,6326500
2017-01-18,76.19001770019531,76.41413859237657,75.6203966914672,75.89119696840184,8512300
2017-01-19,76.32079315185547,76.43284652444747,76.02197228419104,76.37681983815148,6479400
2017-01-20,76.42349243164062,76.83437372141832,76.20871875703877,76.65694641456884,9048500
2017-01-23,76.71294403076172,76.853017779338,76.10596253656234,76.29272278503286,7414200
2017-01-24,77.72148132324219,77.9642682677595,76.43281113942007,76.94641260753006,8397500
2017-01-25,78.34712982177734,78.69263703217676,77.92690852948543,78.2444095364025,9360900
2017-01-26,77.73084259033203,78.36583776139753,77.58143573361407,78.36583776139753,8428200
2017-01-27,78.22574615478516,78.25376661322342,77.43200415248015,77.8055318960499,5445900
2017-01-30,78.1603775024414,78.19773098836798,77.18921536614634,77.94560386392482,8792800
2017-01-31,77.23590850830078,77.76818326064651,76.66628026682295,76.69429360255964,7479400
2017-02-01,76.9837875366211,77.59076219146318,76.61959989393578,77.41334200941787,7534400
2017-02-02,76.85304260253906,77.22656322012564,76.17135393899028,76.70362865594515,11142300
2017-02-03,80.38288116455078,81.07390299401301,79.47707852520745,80.06538002704617,28079600
2017-02-06,80.14942169189453,80.40154885417888,79.85060088408157,80.37353551664174,9665300
2017-02-07,80.10271453857422,80.63498923537217,79.99999423529314,80.27080165990246,8600300
2017-02-08,79.45838928222656,80.15875118757938,79.44905625309232,80.12140482214299,7587700
2017-02-09,79.91594696044922,80.09336709359508,79.26227171504641,79.71984652416283,6554700
2017-02-10,80.21479797363281,80.43891182479004,79.58914294674133,80.12141779602155,10432000
2017-02-13,80.71906280517578,80.96184985207015,80.30818145742967,80.4949418203409,6046300
2017-02-14,81.10188293457031,81.21394337067984,80.55093515370548,80.79372207860477,5952000
2017-02-15,81.90182495117188,81.90182495117188,81.11592299586728,81.41531251740969,8049700
2017-02-16,81.78021240234375,82.03281944836613,81.20014199642641,81.91119489109761,8680600
2017-02-17,81.8270034790039,82.03283518310069,81.37792261371244,81.64923843673638,5887200
2017-02-21,82.25735473632812,82.36962849315832,81.55565981666152,81.87376522534217,9301300
2017-02-22,82.14509582519531,82.47255205749637,81.87377290757144,81.96733081137023,8389900
2017-02-23,82.50059509277344,82.7906266529093,82.21056353263756,82.54737760028304,6040500
2017-02-24,82.73452758789062,82.73452758789062,81.67730957800131,81.73344289983271,5151300
2017-02-27,82.33221435546875,82.68773725686532,82.24801438066855,82.63160394033184,6131600
2017-02-28,82.27605438232422,82.68771046688184,82.10764734927524,82.48188599360725,8521900
2017-03-01,83.25845336914062,83.39879380455459,82.72516542497642,83.02455502278771,11131400
2017-03-02,82.82807159423828,83.38942613231784,82.42576619997939,83.26780157610384,10544200
2017-03-03,83.07133483886719,83.18360861114007,82.50062232133227,82.62224688778645,5700600
2017-03-06,83.211669921875,83.52041028426444,82.58481698948468,82.82807324477032,7347600
2017-03-07,83.32393646240234,83.54848399228379,83.12746272726385,83.25844521735618,5688400
2017-03-08,83.2303695678711,83.5484749651611,83.14616960677084,83.42684328178129,5866800
2017-03-09,83.37071990966797,83.7356007272711,82.99648116037974,83.28651280052316,5953900
2017-03-10,83.95079040527344,84.07241496524966,83.36136205474831,83.73560080438115,12246700
2017-03-13,84.30628967285156,84.49340542624171,83.83849315136776,84.0162581136943,8944100
2017-03-14,83.78236389160156,84.23144457658879,83.49232518045481,84.13788669538384,6009400
2017-03-15,84.12853240966797,84.29693945833449,83.65138505345375,83.9694832909299,6350700
2017-03-16,84.24081420898438,84.51213709877747,83.70752636022132,84.49342123713117,9174400
2017-03-17,84.42794036865234,84.79282119747015,84.36244912086481,84.43729830062503,8613400
2017-03-20,83.43621063232422,86.12136596827088,83.23973689623209,84.47471976453294,9438000
2017-03-21,82.38832092285156,83.93205086841344,82.33218762454298,83.72621925727073,11092100
2017-03-22,82.8187255859375,83.30523815685535,82.19187971380417,82.19187971380417,7828600
2017-03-23,83.13681030273438,83.63267354460287,82.72514702057511,82.77192953464211,7710700
2017-03-24,83.44556427001953,83.83851172198356,83.23973261289265,83.32393257916635,7597600
2017-03-27,83.22102355957031,83.25844814920175,82.39770400171055,82.62224440148856,5230000
2017-03-28,83.38007354736328,83.6607472413672,82.79064522773591,83.38007354736328,7045500
2017-03-29,83.43621063232422,83.63268436841636,82.85614021766382,83.25844562147451,4738000
2017-03-30,83.27714538574219,83.36134534007127,82.89354878133011,83.34263661844558,6227100
2017-03-31,83.14615631103516,83.59523697444412,83.14615631103516,83.24907211681813,6429800
2017-04-03,83.60460662841797,83.69816451824823,82.70643803763038,83.3987749879857,9125800
2017-04-04,83.06198120117188,83.57656042818068,82.94971456110537,83.27717082465134,4859900
2017-04-05,83.29586791992188,84.3905103357733,83.22101874498925,83.38942581958256,7251600
2017-04-06,83.35201263427734,83.51106893726987,83.0619809642512,83.26781265446763,8473900
2017-04-07,83.02456665039062,83.49236340861147,82.81873493469153,83.23975629989752,5439500
2017-04-10,83.13681030273438,83.50169107082664,82.81870491069964,82.91226993883363,5999400
2017-04-11,83.1274642944336,83.1274642944336,82.45383596811033,82.89356596657193,7058500
2017-04-12,82.96841430664062,83.46427761461752,82.85614054071719,82.98712303195599,5912500
2017-04-13,83.14615631103516,83.99754226850257,82.73449308790323,82.77191766618871,7242700
2017-04-17,84.0256118774414,84.10981896605198,83.03388550097284,83.35198372059155,6122800
2017-04-18,83.95079040527344,84.12854827939094,83.49234454641824,83.86658329605109,6823500
2017-04-19,83.96949768066406,84.7834664117091,83.82915725972384,84.28759597265227,7301300
2017-04-20,85.27933502197266,85.60679126587932,84.10984333801255,84.33438374268988,12178300
2017-04-21,85.27933502197266,86.82306547240213,85.15770331851391,86.79499167605805,19442600
2017-04-24,85.93423461914062,86.54237163117787,85.1483397516535,86.21491543639156,11705400
2017-04-25,86.17749786376953,86.40203825303519,85.6816345658865,86.06522410013156,7769200
2017-04-26,85.9061508178711,86.52364563736532,85.8406595919861,86.09326656668301,11295200
2017-04-27,85.70033264160156,86.07457133588117,85.40094311377973,86.0277888223427,5856800
2017-04-28,85.3448257446289,85.65357326041362,85.1202853413358,85.5038748995444,6888500
2017-05-01,85.38224792480469,85.7658374721859,85.26997415732187,85.41031458217276,9042100
2017-05-02,86.5798110961914,86.77628484683046,85.63485979625133,85.71906691110289,11627700
2017-05-03,86.48624420166016,86.58916003244703,86.05587215382882,86.44881961428219,4909000
2017-05-04,86.65465545654297,86.86983792183511,86.30848336010321,86.7294974968995,5257000
2017-05-05,86.15878295898438,86.99146755704147,85.8500425970645,86.91661838045044,8844500
2017-05-08,85.99974060058594,86.22428814808359,85.62550182610077,86.1213723066499,5223600
2017-05-09,86.07460021972656,86.2055827359765,85.91555104113903,85.981042299264,3969500
2017-05-10,86.30848693847656,86.45818530141722,85.77519901201941,85.79390773838159,6747600
2017-05-11,86.16814422607422,86.36461796872328,85.71906342516512,86.18686008995164,7052200
2017-05-12,86.75757598876953,86.80435137427315,86.05588096411695,86.25235471445836,5898800
2017-05-15,87.22535705566406,87.40311490957079,86.74820252568361,86.75756045631331,7040100
2017-05-16,87.1505355834961,87.683823590717,86.98212846868887,87.33765142749883,5497400
2017-05-17,86.00237274169922,86.93962612813678,85.955507212107,86.6771963240424,8240200
2017-05-18,85.95549774169922,86.67718677412034,85.62746052272374,85.62746052272374,8239800
2017-05-19,86.67723846435547,86.98652679773448,85.95554900155264,86.20861154330197,9361300
2017-05-22,87.45510864257812,87.72691297477698,86.63032826087773,86.7240521666453,9186200
2017-05-23,87.97062683105469,88.16744923649765,87.60509848513522,87.68944788003459,7616100
2017-05-24,88.8609848022461,89.02969068553377,88.12055382285438,88.12055382285438,6825300
2017-05-25,89.07657623291016,89.39523900036892,88.93598677345844,89.12343461894277,7262400
2017-05-26,88.72976684570312,89.15153511469526,88.4673370698014,89.03906214616234,4133900
2017-05-30,88.77664184570312,88.92659866907735,88.42048098267212,88.72040893077228,6292700
2017-05-31,89.25466918945312,89.53584099705063,88.53297986686252,89.11407971031541,9866000
2017-06-01,89.41400146484375,89.46085985789328,88.67357020815211,89.41400146484375,8911900
2017-06-02,90.11692810058594,90.15441909976772,89.42336249241528,89.42336249241528,8570200
2017-06-05,90.4917984008789,90.52928223590457,90.07940470885298,90.27622702077235,14510500
2017-06-06,89.77953338623047,90.53870660013055,89.56396188747901,90.229411160883,7030300
2017-06-07,90.0606689453125,90.18251645450668,89.75138078127634,90.00443603379236,6720300
2017-06-08,90.0606689453125,90.08879255174799,89.31087057256748,89.85447921951354,7720300
2017-06-09,88.62669372558594,90.21065451912546,87.83002963529273,90.06069051824916,16887100
2017-06-12,87.63318634033203,88.13930399652837,86.97711186971202,87.81126676121836,15610000
2017-06-13,89.11408996582031,89.35777079697938,88.07373771142356,88.10185418035124,8700100
2017-06-14,89.33899688720703,89.97632950724372,88.99221054298776,89.33899688720703,6347000
2017-06-15,88.26115417480469,88.59856598314155,87.66131254902275,88.51421660639545,12793900
2017-06-16,88.26115417480469,88.51421660639545,87.85813491210655,88.39236908352721,14705100
2017-06-19,88.84224700927734,88.89847992276037,88.33612933590302,88.8047560167301,5984300
2017-06-20,88.45797729492188,89.00158600752533,88.41111891322065,88.84225463852385,5626700
2017-06-21,88.6079330444336,88.82349731171657,88.16742282345236,88.67354049326,5611400
2017-06-22,88.0549545288086,88.57982129800467,87.97997969093144,88.56107222552838,5846500
2017-06-23,89.58268737792969,89.64829483406965,87.99872674310947,88.25178918156107,11637300
2017-06-26,89.24525451660156,90.22936612664955,89.13278155373548,89.78886311110887,6970800
2017-06-27,88.94534301757812,89.35772962296363,88.69228061247689,89.17965635158087,6283600
2017-06-28,90.19190979003906,90.35124117300822,88.72042204290939,89.17967426762864,5571300
2017-06-29,88.4954605102539,89.77950018733753,88.11119035111287,89.77950018733753,8872500
2017-06-30,87.89563751220703,88.68293421916339,87.89563751220703,88.4579882167889,9036600
2017-07-03,87.49260711669922,88.48610062468286,87.49260711669922,88.4579770149396,6197700
2017-07-05,88.11119079589844,88.4767190359872,87.83938646212141,87.86750291894737,9339600
2017-07-06,87.39888000488281,88.07370360050321,87.34264708880644,87.58632782558803,8215700
2017-07-07,88.0268325805664,88.48609186880363,87.63318789122783,87.63318789122783,6175800
2017-07-10,89.12344360351562,89.3858806245978,88.24243006011156,88.24243006011156,8851800
2017-07-11,89.42333221435547,89.62952191402562,88.97344752717854,89.11403693883848,5554100
2017-07-12,90.14505004882812,90.39810537036078,89.6295577170502,89.95760219218745,5974800
2017-07-13,89.92009735107422,90.58554643560959,89.76075883170842,90.36997499804188,6721700
2017-07-14,90.84797668457031,91.26037048847185,90.0888036825482,90.1075456051454,6195800
2017-07-17,90.7542495727539,91.18538528406276,90.52930360545498,91.0166793839266,5914900
2017-07-18,91.45719909667969,91.61653047699899,90.54806204911678,90.77300088901914,7435000
2017-07-19,92.08515167236328,92.16013366469649,91.42907711613861,91.5134264945062,6390400
2017-07-20,91.95393371582031,92.9193035954414,91.78522781399592,92.8911871369167,8572900
2017-07-21,93.35042572021484,94.18458057149228,92.87242454285837,93.35042572021484,17400200
2017-07-24,94.0721435546875,94.11900194286062,92.91931851533435,93.30359591201116,9186000
2017-07-25,93.71595001220703,94.52198837536393,93.53787675802687,94.33454058654014,6774900
2017-07-26,94.52200317382812,94.65321807668288,93.59412431773356,93.73471375669962,7205400
2017-07-27,93.32231903076172,94.83129754898461,92.36632372669126,94.63447519669587,10543900
2017-07-28,92.92868041992188,93.34106707289826,92.32883878770504,92.90056396070489,6558800
2017-07-31,93.31295776367188,93.72535159892374,92.91931300311884,93.25672484092911,7576600
2017-08-01,94.54075622558594,94.72820405164705,93.68785217045259,94.06275497325102,6018100
2017-08-02,94.925048828125,94.925048828125,93.95030417096069,94.6907354148839,5955600
2017-08-03,94.27831268310547,94.75631390210418,94.03463195635575,94.60635708184864,5697500
2017-08-04,94.55948638916016,94.98124752068848,94.29705660503805,94.62509383519068,4618000
2017-08-07,95.12185668945312,95.168722225205,94.27832710065702,94.58762247499507,7047100
2017-08-08,94.925048828125,95.33744272364626,94.59701147972305,95.13124577588563,6283700
2017-08-09,94.6344985961914,94.94379400512601,94.28771218459705,94.437676195236,6902100
2017-08-10,93.24732208251953,94.550103503407,93.19108917679551,94.23144083673799,8560800
2017-08-11,93.80970001220703,94.00652954112341,93.28484033690138,93.30358941140618,5268200
2017-08-14,95.4780044555664,95.70294326472023,94.42827809505549,94.64384951888995,5657600
2017-08-15,96.19032287597656,96.33091232927795,95.57173929239774,95.93726758057537,5386000
2017-08-16,96.99297332763672,97.56561921521346,96.35461432979011,96.46726844547781,13408300
2017-08-17,95.90400695800781,97.1901073548495,95.90400695800781,97.00235766780722,7381600
2017-08-18,96.23255157470703,96.77702841366093,95.69745720453189,95.82888338933351,5670900
2017-08-21,96.89909362792969,97.02113020883796,96.06359534110108,96.33583740207321,5395000
2017-08-22,97.69702911376953,97.81906568039899,96.82397955907553,97.1056112201474,5481000
2017-08-23,96.86154174804688,97.60316518702751,96.68317453195782,97.41540833793601,5057200
2017-08-24,96.89909362792969,97.16194605584995,96.35460950598544,96.99296847187385,4082300
2017-08-25,97.02111053466797,97.51865355265144,96.84275051599977,97.30274217158203,4467400
2017-08-28,97.42481231689453,97.47175332662741,96.93665876175818,97.30277571865857,3919900
2017-08-29,97.41539001464844,97.69702165421663,96.3545908750298,96.61744325212538,7135300
2017-08-30,97.37783813476562,97.63130086063657,97.180691705301,97.34966924327816,8712700
2017-08-31,97.18070220947266,97.80967860126667,96.72071053611074,97.68763487819797,13766000
2017-09-01,97.53742980957031,97.70640735407412,97.10559989854724,97.66885599282996,4466800
2017-09-05,96.70195770263672,97.12439809631502,95.99788560504506,97.06807462040905,6337500
2017-09-06,96.86154174804688,97.3966362341226,96.78643900841028,97.01174006512862,6372200
2017-09-07,98.15702819824219,98.98314397974278,97.26520647469445,97.35908131472192,6508600
2017-09-08,98.0350112915039,98.35418724407283,97.68766643530304,97.94113643264203,5787200
2017-09-11,99.64964294433594,99.64964294433594,98.710880424205,99.02067377477373,6956000
2017-09-12,99.70598602294922,100.10965427252356,99.2835456706419,100.10965427252356,5212400
2017-09-13,99.34925842285156,99.75292667100119,98.79538470460393,99.75292667100119,6215700
2017-09-14,99.58392333984375,100.29737765169403,99.03943939486129,99.03943939486129,8154000
2017-09-15,98.85172271728516,99.64028000760057,98.52315001746217,99.26477346651113,12622900
2017-09-18,98.41049194335938,99.05823331226512,98.21335264306713,98.89864537805579,7330300
2017-09-19,98.95497131347656,99.44312472501313,98.41048727439279,98.69211176336721,9754400
2017-09-20,98.54191589355469,99.29292171149311,98.06314493966768,99.03945894895915,8198600
2017-09-21,98.86109161376953,99.14272327146412,98.24151199390825,98.57007748642488,4777600
2017-09-22,99.0958023071289,99.2084564254184,98.62642089087734,98.76723674819121,4959400
2017-09-25,96.71133422851562,99.18028481609484,96.45787144032857,99.0394689727948,9395300
2017-09-26,96.63624572753906,97.65010411670467,96.5799150887802,96.79583368594018,6263600
2017-09-27,97.52804565429688,97.74396420302578,96.59867268844245,96.75826061104762,8337400
2017-09-28,98.17579650878906,98.5513029891899,97.38723218372827,97.39662181534065,5947800
2017-09-29,98.79537963867188,98.97374683471936,98.27906447661486,98.33538794391801,7676300
2017-10-02,98.98314666748047,99.4994618827469,98.6639636080907,99.07702151005697,4885600
2017-10-03,99.12395477294922,99.41497609409025,98.84233024685992,99.18028540792017,4411100
2017-10-04,98.86109161376953,99.26475983663013,98.47620265459021,99.23659810329879,4146800
2017-10-05,99.734130859375,99.74352049024607,98.71088312231443,99.13332340304424,4396100
2017-10-06,100.19414520263672,100.4100566108278,99.38680871507233,99.78108732652724,4587000
2017-10-09,100.4570083618164,101.05781597562827,100.01578870369389,100.07211217930384,4787000
2017-10-10,100.73863220214844,101.01087426935791,100.2786404427491,100.9921021650156,4015600
2017-10-11,101.79940032958984,101.94020896451642,101.01083616305628,101.10471097373697,6473100
2017-10-12,101.4896469116211,102.05290315935282,101.29250758302457,101.8557638307563,6496100
2017-10-13,102.0059585571289,102.56921474544872,101.76187824938695,101.85575308707509,5154600
2017-10-16,101.66799926757812,102.37207126482676,100.59781040473547,102.12799096703382,5552200
2017-10-17,100.95454406738281,101.78065268504169,100.72924301932879,101.62106474109471,5979400
2017-10-18,101.19861602783203,101.38636569201508,100.87943300409214,101.02963846519106,4817300
2017-10-19,100.46637725830078,101.17983888912387,100.35373032230132,100.70106792455397,10840200
2017-10-20,100.96393585205078,101.10474453371637,100.41945174230607,101.10474453371637,7848900
2017-10-23,100.94515228271484,101.60229047196721,100.54148403403687,101.4333128989813,6316700
2017-10-24,101.77127838134766,101.9871898140864,100.61659698830356,100.97332427319769,10511200
2017-10-25,102.78511810302734,103.83653482445594,101.38636379314634,102.71002253607494,13261300
2017-10-26,103.0761489868164,103.95858106875434,102.9541052500464,103.62062591833006,7380100
2017-10-27,102.99165344238281,103.38593205165657,102.03411865383356,103.32960858238629,7862700
2017-10-30,103.30143737792969,103.48918703307989,102.25002068739396,102.95409263749255,5148600
2017-10-31,103.2451400756836,103.91166083120751,102.00597341599833,103.80839634605107,8002500
2017-11-01,104.26837921142578,104.57817264039325,103.65818198648148,103.73328472602356,6167300
2017-11-02,104.18389129638672,104.55000818941032,103.45165034814823,104.22143550299162,5506600
2017-11-03,104.54061126708984,104.59693473526106,103.74266443183764,104.1463326655098,3757600
2017-11-06,105.06631469726562,105.28223325942048,104.39040443927387,104.54060990202343,4094700
2017-11-07,105.22592163085938,105.58265608821125,104.72837847949171,105.37612712073215,3697900
2017-11-08,105.5826416015625,105.99569947984637,104.9724444165134,105.15081162071615,4417800
2017-11-09,105.2728500366211,105.34795277256825,104.13694801363698,104.95367415213234,4334700
2017-11-10,105.02875518798828,105.1226371760228,104.46549907073175,104.86916726783379,4198900
2017-11-13,104.57817840576172,105.01000843864814,104.52184776690395,104.71899425961838,7185600
2017-11-14,105.12264251708984,105.17896598302015,104.02428479611568,104.27775471718297,5679600
2017-11-15,103.49858856201172,105.01938672743415,103.39532409115144,104.52183647592956,6895100
2017-11-16,104.40611267089844,104.80109712441886,103.9829237544838,104.15220075602615,5655100
2017-11-17,103.27760314941406,104.30267142001495,103.16474942447526,104.095776511735,8812400
2017-11-20,103.39985656738281,104.08637084201416,103.15535092426035,103.39985656738281,6873200
2017-11-21,104.81046295166016,104.84808084838255,103.72897891413177,103.87003705824057,6456500
2017-11-22,104.21802520751953,105.00798690105877,104.10517148704761,104.85751527376289,4067600
2017-11-24,105.29950714111328,105.47819038856856,104.51895178893454,104.6788224972464,3045600
2017-11-27,105.68505096435547,105.8355225393492,105.2430568562905,105.32769173606476,6620500
2017-11-28,106.60670471191406,106.85121751018815,105.85436095178544,105.89197885728005,6671300
2017-11-29,103.31520080566406,106.85120457023872,100.53154071010732,106.85120457023872,14505400
2017-11-30,105.88255310058594,105.88255310058594,103.47506499105882,103.91706633067243,18533300
2017-12-01,104.13337707519531,105.74150471958484,103.22116268147514,105.68507427907352,13101800
2017-12-04,101.02997589111328,104.81048564423286,100.5973807474645,104.69763910451334,18909100
2017-12-05,102.11148834228516,102.73216596306266,100.24944113018624,102.40301819637132,12081500
2017-12-06,103.20234680175781,103.606730267071,101.81052034548054,102.0268143066475,7532100
2017-12-07,104.76348114013672,104.77288741119587,102.92964572726227,103.23058182721176,7384900
2017-12-08,105.8919677734375,105.90137404254705,105.1584366302767,105.44996639874289,7594900
2017-12-11,105.67567443847656,106.59728792003952,105.4781858352845,105.79792723810561,7538600
2017-12-12,106.70073699951172,106.95465604672721,105.32771585030598,105.67567606598298,8754400
2017-12-13,106.55967712402344,107.55653365050435,106.44683058603505,106.9734668963318,8088900
2017-12-14,106.19290161132812,107.2931983032777,106.19290161132812,106.78537457997862,9815600
2017-12-15,107.039306640625,107.39666600312947,105.69449692728551,107.18037200144177,16388000
2017-12-18,106.7853775024414,107.91388585713878,106.5032468263265,107.85746259186824,8961800
2017-12-19,105.45938110351562,106.53146627156501,105.40295783410723,106.53146627156501,7899400
2017-12-20,105.44059753417969,106.36221127447023,105.31833752534706,106.00485186954495,6201900
2017-12-21,105.71330261230469,106.36219175016441,105.62866053135143,105.89197869452718,8866400
2017-12-22,105.97660064697266,106.37157781671688,105.56281094064224,105.69446999722365,6190100
2017-12-26,106.25872802734375,106.68192401752168,105.39353785947172,105.39353785947172,3948900
2017-12-27,107.22738647460938,107.27441065206598,105.93900724093112,105.97662514791998,7073100
2017-12-28,107.5377197265625,108.07376229975156,107.19916576719241,107.49070272796648,6937100
2017-12-29,107.22738647460938,108.04555980813224,107.22738647460938,107.9139007211123,5249000
2018-01-02,107.68816375732422,108.22420619320533,107.16152041382583,107.74458701113917,6080900
2018-01-03,108.76029205322266,108.89195114794416,107.8292721191542,108.10198940473262,6946100
2018-01-04,109.1646499633789,110.36839407512403,109.11762579421851,109.32452065871486,7805300
2018-01-05,111.77904510498047,111.91070418296991,109.48440316022469,110.02044574200498,8590500
2018-01-08,112.23045349121094,113.30254590495717,111.03611543559292,111.5439464184573,6660700
2018-01-09,112.01416778564453,112.8229349098998,111.59097885604052,112.8229349098998,6562400
2018-01-10,111.89187622070312,111.95770574640302,110.46242484139093,111.61915184998067,7490300
2018-01-11,112.70066833496094,112.83233459914572,111.60977771289964,111.72263143582278,5982100
2018-01-12,112.93574523925781,113.18025798731692,112.57838597277168,112.96396404374492,5585800
2018-01-16,113.21788787841797,114.67555107814228,112.76648740713173,113.96082529457775,8803800
2018-01-17,114.71316528320312,114.8824422482007,113.53763279707573,113.97962698495968,7991500
2018-01-18,115.77584075927734,115.86047565191714,114.76017899831557,115.22098571074277,8661000
2018-01-19,115.39027404785156,116.28368310479274,114.65674287312773,115.71942890691912,8250700
2018-01-22,116.92317199707031,116.92317199707031,115.10814944166887,115.55015083117885,9355000
2018-01-23,117.22411346435547,118.03288047513112,116.81032368910792,117.17708928993855,5683300
2018-01-24,117.13005828857422,117.9764359278487,116.34009673706902,117.60027127700705,6425200
2018-01-25,117.76014709472656,117.99525359917223,117.20529201329661,117.55325222283341,7166400
2018-01-26,118.79460144042969,118.85102469943668,117.32753930720534,118.27736431659785,5604900
2018-01-29,117.40280151367188,119.32127179242079,117.26174332580109,119.18961270048646,6257900
2018-01-30,116.18964385986328,116.88555714294449,115.52193503602957,116.44355574190591,8154400
2018-01-31,116.82915496826172,117.06426152829414,115.71004544654487,116.40595885527367,7338200
2018-02-01,118.23036193847656,118.73819285694614,116.70686918306781,117.3087412697989,11169700
2018-02-02,113.7069091796875,116.3495038990051,113.50941340913444,116.3495038990051,13937700
2018-02-05,109.3433609008789,113.91383321582632,108.15842894876896,111.62859705835261,16623900
2018-02-06,112.82291412353516,113.1332564413384,106.50324993316251,108.33707785676111,19053300
2018-02-07,112.52198028564453,115.16457523640521,112.10819052044474,112.93576287596285,9294000
2018-02-08,107.07691955566406,112.68185842004951,106.77598348156558,112.40913398182245,12673400
2018-02-09,109.39036560058594,110.22734427040511,104.40610431244043,107.72581453108091,17695500
2018-02-12,111.41226959228516,111.76022262106186,109.91698851833664,110.77277962400245,11526300
2018-02-13,111.29942321777344,111.72261925142,110.15210227193558,110.82921018586491,7803900
2018-02-14,113.63166046142578,113.74450697476395,110.50004056845081,110.61289425666904,9206400
2018-02-15,115.19552612304688,115.22378687867862,113.0193616909107,114.6491275562521,6921300
2018-02-16,114.7904052734375,115.86435680062614,114.52662871411006,114.58315020900247,6371400
2018-02-20,114.941162109375,115.92090894760598,114.0085141306307,114.31939679021214,6182800
2018-02-21,113.45268249511719,115.71363583243637,113.43384439172907,114.97882761496645,7676100
2018-02-22,113.40557098388672,114.34763423003508,112.68960809172192,113.67877018775441,4994000
2018-02-23,115.80785369873047,115.83611445066514,114.19692615209453,114.52664690362118,5036900
2018-02-26,117.37166595458984,117.38108860028358,116.17524869690583,116.42018717333342,6270500
2018-02-27,116.22236633300781,118.04054901516044,116.20352103974024,117.475305215109,7287200
2018-02-28,115.81726837158203,117.73907843193655,115.76073968423115,116.48613247502254,6780900
2018-03-01,113.42445373535156,116.81588110412545,112.68964531064425,116.11875608419474,8819600
2018-03-02,113.77299499511719,113.9708346363351,111.03159420627412,112.19032817698796,7581900
2018-03-05,114.81864929199219,115.22373671690221,112.520020190351,113.47149875681431,5810200
2018-03-06,114.04619598388672,116.09989453884229,113.67879182295474,115.71365227184587,7464400
2018-03-07,114.7904052734375,115.15780936498244,112.76496785378447,113.07585045043702,7254100
2018-03-08,115.13897705078125,115.70421359023753,114.14980771620334,114.89403858164692,6948900
2018-03-09,117.29629516601562,117.56007172130471,115.75131203871784,116.1092934798427,6397700
2018-03-12,117.04193115234375,117.73906310237996,116.32596828793042,117.52238540172073,8636000
2018-03-13,116.06221008300781,117.75792710831696,115.77959537037194,117.05137954566706,9479500
2018-03-14,115.47809600830078,116.85350726568626,114.83749281566101,116.85350726568626,7855000
2018-03-15,116.26005554199219,117.21153446572148,115.59118415766429,115.99627173467859,5861900
2018-03-16,117.31514739990234,117.80502436505394,116.18467425895288,116.67454403673153,9447100
2018-03-19,116.07161712646484,117.10788530824077,115.19549797905823,116.75932649077494,17387800
2018-03-20,117.67313385009766,117.91806514067672,116.15641131574304,116.23177091964355,7779700
2018-03-21,116.08103942871094,118.17242107681409,115.93972849811998,117.66370603911014,7359500
2018-03-22,113.03816986083984,115.57232235947546,112.76497064979897,115.12012882700758,10501500
2018-03-23,110.22142028808594,113.35849320587033,109.99532707944675,112.9439830005539,10024300
2018-03-26,113.65052032470703,113.74472522086947,110.97506389935474,112.19031927838412,8735400
2018-03-27,110.59822845458984,114.55489128212716,109.9764632514033,114.47952449615808,9008600
2018-03-28,110.21199035644531,111.22942050913022,109.30761039429419,110.15546885486495,9420400
2018-03-29,112.68961334228516,113.60340869623303,110.25908832900724,110.86200825964436,12918100
2018-04-02,111.53087615966797,112.8874496438312,109.99531553166906,112.35988929589396,9877100
2018-04-03,112.2939453125,113.0381762007237,110.68301789142318,112.00190798210602,7084800
2018-04-04,112.86858367919922,113.160628143054,109.94818935225159,110.12718365067502,8425700
2018-04-05,114.16864013671875,114.94113166394574,113.39614860949175,113.98964583090961,6816000
2018-04-06,110.88084411621094,113.5751456461261,110.33445288146123,113.21716419061805,8383800
2018-04-09,111.90770721435547,113.67878374081242,111.75697362706227,111.75697362706227,7024800
2018-04-10,113.72589874267578,114.14040895301295,112.7084685104156,113.57516514350823,8947200
2018-04-11,112.8403549194336,114.61143874301682,112.68962851017298,113.03818737448574,5874900
2018-04-12,114.05562591552734,114.91290713737362,113.41502245781635,113.4244451051372,5666000
2018-04-13,113.754150390625,115.37450051511297,113.65994549237239,114.67737564319594,9174300
2018-04-16,114.81864929199219,115.75129694606458,114.47009054111061,115.0353269697971,6903200
2018-04-17,116.6274642944336,117.06081264239266,115.42161697580396,115.78902835356456,5979600
2018-04-18,117.2680435180664,117.63544763249412,116.23176813134965,116.87237146705972,5171000
2018-04-19,116.77816772460938,117.49413785683973,116.01509873902859,117.10788844755338,7294100
2018-04-20,117.00426483154297,117.58834669418262,116.16582902763766,116.87237653794256,7479400
2018-04-23,117.24919128417969,117.72964555435561,116.72163816390633,117.09846490154682,8004300
2018-04-24,114.2440185546875,117.79560138619328,113.56573898445863,117.63545234269645,9434400
2018-04-25,114.1875,114.31938829656157,112.45410685240611,114.12155585171921,8001200
2018-04-26,119.71741485595703,120.19786200003487,116.608602858154,117.88980961710783,14345800
2018-04-27,118.70940399169922,119.69856619049041,118.12532213095614,119.11449151712026,6842700
2018-04-30,119.52898406982422,120.48989262178947,119.3217361896208,119.3970957881619,8449200
2018-05-01,120.12248229980469,120.17900379262458,118.23835587384059,119.51013977389196,6407300
2018-05-02,119.05795288085938,120.67831003452318,118.69997142750032,120.4710477788058,8515300
2018-05-03,119.81160736083984,120.07538392732933,118.05936909787692,118.52097808923354,6778600
2018-05-04,120.73485565185547,120.92326546760809,118.76593929658401,119.0108778069614,5798400
2018-05-07,121.7711181640625,122.01606386450547,120.81963924046971,120.96094301015015,5737300
2018-05-08,122.37403106689453,122.43998240539638,120.87615369667441,121.6580680510354,5044700
2018-05-09,123.25958251953125,123.41031612657191,122.08200316717846,122.47766810459925,6119400
2018-05-10,123.41030883789062,124.1168564075732,123.14653222852223,123.6835009066125,6585800
2018-05-11,124.18280792236328,124.43715469798968,122.68491614771668,123.41030901187598,5437100
2018-05-14,123.608154296875,124.8234098490065,123.09943197291463,124.75745850618846,5017000
2018-05-15,123.5044937133789,123.78710117917525,122.3740063512178,122.99577152545763,5532300
2018-05-16,123.3066635131836,123.78711061640945,122.97693561162494,123.49507329632637,5124200
2018-05-17,122.59896850585938,123.41989039223459,122.29703131380832,123.21230227364263,4911700
2018-05-18,122.59896850585938,122.98583858122115,121.7875060031653,122.30646190180094,6082700
2018-05-21,123.28777313232422,124.08980493618212,122.65557827592718,123.56140412473637,5591800
2018-05-22,123.3349609375,124.34458088099898,123.13680342452457,123.60859194339248,6645500
2018-05-23,124.43894958496094,124.46725574545776,122.47630753606781,122.7216323929881,6569100
2018-05-24,124.44840240478516,124.75035403448528,123.1368306086983,124.3823594844421,6035200
2018-05-25,123.87279510498047,124.64653520402099,123.54253737532302,124.43894709929516,7509600
2018-05-29,122.37250518798828,123.65577050229888,121.77804706215655,123.03300621788874,10401900
2018-05-30,123.26891326904297,123.70296507537944,122.54235486179988,122.85373703633263,10631300
2018-05-31,123.34443664550781,124.15591377072228,122.64618419893083,123.27837931773712,11086000
2018-06-01,123.46704864501953,125.03337542669944,123.00469076012227,124.40118060317148,8323400
2018-06-04,125.56179809570312,126.03358659493188,124.01431799630414,124.4955514801366,7178000
2018-06-05,126.02412414550781,126.08073645391498,125.21264746337768,125.85428722028635,6198200
2018-06-06,128.5907440185547,128.61905019249062,126.07139375330495,126.43938841232232,8065800
2018-06-07,126.28833770751953,128.8737437782697,125.54291823923187,128.66615569386718,8309200
2018-06-08,127.13762664794922,127.3074636724401,125.71281553031476,125.91097312340291,5261000
2018-06-11,126.35440063476562,127.56217805354149,126.26003717480023,127.28853265834736,7988700
2018-06-12,127.25080871582031,127.50557856508534,126.00528002860815,126.47706858021688,5743300
2018-06-13,126.81675720214844,128.10946762703477,126.731838718148,127.55274619250696,4881600
2018-06-14,127.38290405273438,128.0434051201058,127.14700978597006,127.3451673051032,6464100
2018-06-15,127.47727966308594,128.07172348142998,126.43933903130299,127.47727966308594,10044500
2018-06-18,128.5151824951172,128.61897653939516,126.55254063830604,126.78843488458851,8713300
2018-06-19,127.48672485351562,127.60939450527981,126.03362220042872,126.96775447818229,6557600
2018-06-20,127.85475158691406,128.97761111852896,127.85475158691406,127.87362716836182,7192000
2018-06-21,126.93946075439453,128.4397452973567,126.68469083646863,127.63771318217938,8689800
2018-06-22,127.6943130493164,128.1849772587022,126.6846784644117,127.94908294236143,6031900
2018-06-25,123.54254150390625,127.29798868919734,122.22153933681739,127.29798868919734,10086200
2018-06-26,125.07115173339844,126.24117816252564,124.18418692561205,124.65597549163932,7733900
2018-06-27,123.62750244140625,126.11854594885693,123.6180574537411,125.50521206235061,7282100
2018-06-28,125.25044250488281,125.60899204975722,123.27835521776915,123.60861299636325,6576500
2018-06-29,124.97679138183594,126.61862081583277,124.97679138183594,125.759962148739,7259000
2018-07-02,125.02400207519531,125.54297251054876,123.7501668609503,124.51447662820618,7554400
2018-07-03,124.03323364257812,125.88265149214895,124.00492747530612,125.50521193211051,3621600
2018-07-05,125.76937103271484,125.80712217521777,124.39175668604642,124.67483266344915,4729300
2018-07-06,126.5242691040039,126.70355108389391,125.02398474257606,126.043049893125,4839800
2018-07-09,127.87364196777344,128.29824901346407,127.1848199447857,127.3263652252504,8960700
2018-07-10,128.9775848388672,129.5814737414999,127.7037497109191,127.92078285872172,6561900
2018-07-11,130.35525512695312,130.97801987223033,128.89272119193535,128.9210273714613,10648700
2018-07-12,132.00643920898438,132.0536209466549,130.83641274268678,131.16665611069067,11816100
2018-07-13,131.5535430908203,132.12912580946352,129.77961319116324,131.9026620782796,7865700
2018-07-16,130.64768981933594,131.67618538882724,130.3646138136276,131.55351576019007,4969900
2018-07-17,131.7611083984375,132.01587825211314,129.66636604120276,130.38347946883897,5412600
2018-07-18,132.9500274658203,133.20479735222602,131.50635543926484,132.01589521207623,7008600
2018-07-19,132.2234649658203,133.03494185593033,132.03473802563894,132.99719070875642,7937000
2018-07-20,133.0349884033203,133.48790154296762,132.02535363189807,132.10084155481414,7153600
2018-07-23,132.12908935546875,133.01605406058655,131.76109489247762,132.7235474871632,7723600
2018-07-24,132.12908935546875,133.48784257200302,131.63842527219964,133.03492963243917,8336700
2018-07-25,134.59182739257812,134.71449701416088,132.0064211392925,132.4215973374099,8376000
2018-07-26,134.459716796875,134.73334778021825,131.6572920739128,133.6199338784082,10520800
2018-07-27,132.770751953125,135.06363760027114,131.35538617651275,135.00702527286188,7014900
2018-07-30,128.77940368652344,132.4970999116953,127.67542016345904,132.22346887688903,12812400
2018-07-31,129.02476501464844,130.23254280522394,127.97739363711922,129.39275958524806,7683300
2018-08-01,130.44955444335938,130.91191247777567,129.65695301108533,129.96833523044575,7087700
2018-08-02,131.08175659179688,131.3365264938122,129.2700899062538,129.694696811048,12300000
2018-08-03,131.93093872070312,131.96867546441388,130.1570094116178,131.43082968110278,4617500
2018-08-06,131.82717895507812,132.34613490470662,131.2044145381091,131.7705522280254,5143000
2018-08-07,132.36505126953125,132.75192150212362,131.97818103693888,132.08197513841853,10034500
2018-08-08,132.7423858642578,133.03490678528698,131.9403541712948,132.08188494127643,5389500
2018-08-09,132.11021423339844,133.27082434188114,132.0064201846197,132.78959084397857,5679300
2018-08-10,131.84605407714844,132.79907637907925,131.39314099774552,131.9875993129818,6523500
2018-08-13,132.2989501953125,133.27083344670922,131.9403862936091,132.6008873773966,4817500
2018-08-14,132.8179473876953,133.03498055246456,131.98760908031787,132.38390985385334,5888700
2018-08-15,132.02529907226562,132.75185743196363,131.00623413080228,132.43104469053347,5288400
2018-08-16,132.91358947753906,133.70739652597467,132.69624458569206,133.31050021149917,5931700
2018-08-17,133.5562286376953,133.91533157659583,132.83803717938267,133.0364781786257,7699600
2018-08-20,133.1876678466797,133.81136833627744,132.96086373605678,133.7546564940065,4662200
2018-08-21,132.33714294433594,133.67904903529808,132.1103532879923,133.24434482816483,6854300
2018-08-22,133.37667846679688,133.74522617418194,132.1576404868273,132.1576404868273,4191700
2018-08-23,134.28384399414062,134.6145837124655,133.02699845774308,133.25378811156935,4426800
2018-08-24,136.26832580566406,136.43843246582188,134.49174436308854,134.49174436308854,5714000
2018-08-27,137.40231323242188,137.59132383128326,136.7502785764932,137.0148761115181,7194900
2018-08-28,137.21334838867188,138.12999520844568,136.9014981327139,137.61970396564286,4925700
2018-08-29,138.94264221191406,139.19779495173378,137.42119937288618,137.459007255554,5192900
2018-08-30,138.6686248779297,139.58527153439368,138.309522025443,138.74422623737345,7804600
2018-08-31,138.81039428710938,139.51914094207513,138.44184660330671,138.66865072391127,5786600
2018-09-04,139.67039489746094,139.72709234352754,138.60254493156336,138.84823867101633,7638100
2018-09-05,134.8224639892578,139.68919794028085,134.7090691790417,138.9142949518509,11363400
2018-09-06,136.55189514160156,136.74089142052895,134.69969700133288,135.4084438619294,9589200
2018-09-07,135.32330322265625,136.49510240509514,134.89805828708367,136.06985746952256,13626200
2018-09-10,136.1549530029297,136.49515195879115,135.33281153438404,136.20220566169957,5362700
2018-09-11,137.48739624023438,137.51574495079996,135.3706011945883,135.56905658803404,9895900
2018-09-12,138.50799560546875,138.72534053026493,137.09050237338732,137.82759770051072,6964100
2018-09-13,139.5096435546875,139.9254437425457,138.99933808068621,139.0560354845792,5803400
2018-09-14,139.70811462402344,140.2089610258278,139.24507611262996,139.7742712224998,4928300
2018-09-17,138.13937377929688,139.7647664693522,137.8086341532097,139.698624311927,7708600
2018-09-18,139.5096435546875,139.94433326418857,137.92204414827282,138.1582929441484,5692100
2018-09-19,139.31126403808594,140.63426666668806,139.15061649980018,140.12396091496623,7432300
2018-09-20,141.03115844726562,141.26740736387018,139.1033592128584,139.8499138642429,7172700
2018-09-21,141.79661560058594,141.99505663377172,141.13512145748192,141.70211025750356,15628100
2018-09-24,140.9082489013672,141.41854001568555,139.16946102063602,140.9555015499761,6706700
2018-09-25,141.35238647460938,141.71148927177487,140.89879280730955,141.47524046721497,4230700
2018-09-26,141.05947875976562,142.14621778952343,140.84211941822474,141.74932141988614,5852400
2018-09-27,141.76824951171875,142.35414219246985,141.33354517408821,141.65484023001696,5868500
2018-09-28,141.83436584472656,142.09896342129966,141.32407463833172,141.56976826815347,6035900
2018-10-01,142.4958953857422,143.22354611284953,142.32580308094543,142.59040072362265,9802100
2018-10-02,141.43746948242188,142.54311244586935,140.96497175003475,142.54311244586935,8047500
2018-10-03,141.1539764404297,142.42028139812373,140.9838841679037,142.42028139812373,7521100
2018-10-04,138.68748474121094,141.0688765861693,138.06379889329006,140.97437130220578,9208900
2018-10-05,137.36453247070312,139.30177593235578,136.45733053849764,138.57412543398678,7085700
2018-10-08,134.0854034423828,137.03378462376205,132.4694548829046,137.03378462376205,11637300
2018-10-09,134.48231506347656,135.40840666949677,133.3577680464224,133.6790774937863,10798000
2018-10-10,128.0658416748047,134.84146019136477,127.77289526831973,134.72806530356218,15450100
2018-10-11,126.374267578125,129.69121162579148,124.98512278233966,126.71446659789875,15657200
2018-10-12,132.35604858398438,133.22544258990075,129.87070615849973,130.86295417616552,12993300
2018-10-15,129.6817169189453,132.35605567694967,129.67227215579882,132.2048529496913,7953000
2018-10-16,133.94366455078125,134.3216569750559,131.05196626908207,131.08032939941504,11059500
2018-10-17,134.61460876464844,135.0020603880204,132.98921531880796,134.51065868080443,9170600
2018-10-18,131.62838745117188,134.62403520624127,130.36209722467518,134.62403520624127,10222600
2018-10-19,132.37498474121094,134.36892602439355,131.71349070829245,132.20487803589563,8696900
2018-10-22,132.90411376953125,133.75460361402315,131.83626466431792,133.21596389103996,6099500
2018-10-23,131.4677276611328,132.3371215151346,128.13189575738804,129.3603924017645,10736100
2018-10-24,126.87510681152344,132.46947915428944,126.62941314122062,132.01588529392703,13849600
2018-10-25,132.79078674316406,133.149875268599,125.21191793699266,127.99965209395629,14985900
2018-10-26,130.1636962890625,132.17652706780092,128.5760962176404,130.3904859996312,12034900
2018-10-29,126.94126892089844,133.7263308481121,124.99458016561407,131.93084485932286,12768200
2018-10-30,125.45757293701172,127.44206886802364,122.65093569547288,125.75997835942596,15107600
2018-10-31,130.2676239013672,131.46775769800732,127.56493643403992,127.56493643403992,13205300
2018-11-01,133.083740234375,133.12153371611623,129.92745819761953,131.35439645005357,16024000
2018-11-02,132.09149169921875,133.6696327150822,130.26765700370527,133.34833765258077,17063100
2018-11-05,132.11033630371094,132.49778780946642,130.47549858997675,132.11033630371094,6280000
2018-11-06,133.04591369628906,133.15932296460537,132.03477598209403,132.1103773544758,4732700
2018-11-07,136.81643676757812,136.92983160458272,134.49175609206893,134.5106456185791,20502100
2018-11-08,137.24166870117188,137.4590280106254,135.74857433895994,136.64633144434507,5927400
2018-11-09,136.01321411132812,136.6180251572677,134.5295784702884,136.26836696889777,8339800
2018-11-12,132.03480529785156,135.7391868501181,131.51505475950626,135.53128663477997,11335100
2018-11-13,132.03480529785156,134.09488907957765,131.36385198117117,132.63015722536443,6287000
2018-11-14,131.8174285888672,134.7563651952353,130.7968317099899,134.2082660703112,6613900
2018-11-15,134.27879333496094,134.3450687104785,130.5772240509869,131.4481934257593,8565000
2018-11-16,132.70726013183594,134.27877211155806,132.46112544461758,132.93447138221785,8628000
2018-11-19,127.57622528076172,133.07651864888695,127.0934174984213,132.98184365844747,16253000
2018-11-20,126.26036834716797,127.35853506400186,122.63453450399815,123.36349174047692,12720200
2018-11-21,127.25434875488281,128.54185057257376,126.50646836121393,127.19754954085415,7416300
2018-11-23,125.7870101928711,127.09345028197811,125.42727691623429,125.52193748571592,3676000
2018-11-26,128.69337463378906,129.24245799109133,127.09346207370464,127.42481021108065,9144600
2018-11-27,128.6649627685547,129.04363393632804,126.97037534612805,128.0685419562015,7877900
2018-11-28,133.84332275390625,133.99478249901117,129.57373248770023,129.76308244848565,11265100
2018-11-29,131.6848602294922,133.19955873065177,131.31565093501362,133.19009701118375,8751500
2018-11-30,134.15574645996094,134.67641556880213,131.23993300172367,131.59966618387526,11362800
2018-12-03,137.27035522460938,137.95197469583744,136.18166508201253,137.27035522460938,11285600
2018-12-04,131.2494354248047,136.6550554534129,131.11689906493692,135.50008955511663,13988900
2018-12-06,133.53094482421875,133.58774404798928,126.36447755403893,127.84131515358199,16391900
2018-12-07,129.8009490966797,134.55334728889164,128.74065861059236,133.31318299990568,14007700
2018-12-10,130.5299530029297,130.89916246187371,127.67093790434441,128.98683976523512,15744300
2018-12-11,129.5169677734375,132.58425594339866,128.67441222688026,132.48011921538023,12466300
2018-12-12,130.4541778564453,133.36999133807254,130.40684036106856,131.87421604549507,10387200
2018-12-13,130.20802307128906,131.7132744655754,128.89212165038452,130.92751830124035,8780900
2018-12-14,127.88862609863281,129.43173876905996,127.37741874547486,128.4566471091411,9351200
2018-12-17,124.39533233642578,127.26380815558397,123.72318905550567,127.05554918973344,11796200
2018-12-18,125.58818054199219,127.01768044781869,124.77402473815134,125.23789463352114,12761900
2018-12-19,124.26284790039062,128.62710074694238,122.61561225441439,125.84382258533756,13819000
2018-12-20,121.89608001708984,124.97282960513452,120.37191225065466,123.22145773762718,18091700
2018-12-21,117.63595581054688,123.38237624829591,116.39578431725471,120.40029485499933,25448600
2018-12-24,115.2408447265625,118.53532953907431,115.11777011799651,115.57218555214726,8617700
2018-12-26,123.28773498535156,123.29721115345512,116.44315365658503,116.46208432472484,13499500
2018-12-27,124.9728012084961,124.9728012084961,119.77546433845774,121.16710268385337,10883000
2018-12-28,123.95987701416016,126.49700513615903,122.74811217300004,125.98579771222875,7381300
2018-12-31,124.9065933227539,125.37993950666892,123.28774301779775,124.66044406207546,7976000
2019-01-02,125.83433532714844,126.61062992561291,122.69132448905202,123.06999562050248,8788000
2019-01-03,121.29964447021484,124.28171834179834,121.06296425945442,124.21545741673148,9428300
2019-01-04,126.52539825439453,127.41529117388951,123.19305233486627,123.48652458589639,11065800
2019-01-07,128.80694580078125,129.85777478080396,126.89462340250859,127.28277069363801,12928000
2019-01-08,129.50747680664062,130.82337819333893,128.7122589424577,130.61510478433277,9243000
2019-01-09,131.03170776367188,132.04466119129475,130.2838126256751,130.9275710145349,9987600
2019-01-10,131.27777099609375,131.41978345584235,129.09091490246962,129.51692339096982,12514900
2019-01-11,130.70034790039062,131.2115698758982,130.0850036304649,130.40687557333746,5860100
2019-01-14,129.79150390625,130.76659569789885,129.36548086812806,129.68736718843428,8666700
2019-01-15,130.01869201660156,130.3784396439544,128.04010895691164,129.65895883462406,7594900
2019-01-16,130.01869201660156,131.46712980148226,129.76309554541697,131.0221833504012,7258000
2019-01-17,129.96192932128906,130.55835014573688,129.3087092650613,129.6684569935066,5864900
2019-01-18,131.1168212890625,131.21149625225726,129.35597386938733,130.93694752621522,10263500
2019-01-22,130.6908416748047,132.0824801575989,129.6778742375789,130.54882919868572,8102300
2019-01-23,129.70628356933594,131.5712682216177,128.89212775948005,131.37247096366917,5465800
2019-01-24,130.35952758789062,130.9464866402011,129.24243760109974,129.8009825944952,4924800
2019-01-25,131.27777099609375,132.44219805009374,130.35947864880276,131.5901810730933,9756300
2019-01-28,128.7406768798828,130.17963861652262,127.62357257747986,130.17963861652262,9857200
2019-01-29,127.80349731445312,129.4034100735767,126.96094150256573,129.30873503815383,7457700
2019-01-30,130.264892578125,130.54888876920384,128.28629429286258,128.84485384120669,8078100
2019-01-31,127.81294250488281,128.49456222467708,126.19410650440675,127.22599780826347,20095700
2019-02-01,132.67892456054688,132.86827458326246,128.04959963457154,128.17267426026095,13248300
2019-02-04,133.95697021484375,133.97590810693012,131.76063698495972,132.3381199078707,11882700
2019-02-05,134.9320068359375,135.32961573433485,134.2693253386086,134.4302612418618,8455700
2019-02-06,133.94749450683594,134.82791138431372,133.53094759670026,134.39244102944653,6146900
2019-02-07,132.69784545898438,133.5404009488105,131.7890290259959,132.46117240627618,10675300
2019-02-08,132.8966827392578,132.91560618644274,131.13583431062963,131.29677028397882,5950700
2019-02-11,133.2942657470703,134.70482789164862,132.96291769619023,133.72973607324656,7600100
2019-02-12,134.4208221435547,135.18764046560685,133.7202647596996,134.23147215927582,6090000
2019-02-13,135.84085083007812,136.98634014963054,135.25389192163942,135.27282980781476,6885600
2019-02-14,135.7650146484375,136.06847739179548,135.04426350060595,135.59430509794421,6314000
2019-02-15,137.42459106445312,137.42459106445312,136.39089913697484,137.0831865001701,6536000
2019-02-19,136.97891235351562,137.39618634159362,136.5806093114208,136.95994140753248,8406700
2019-02-20,137.2538604736328,137.35817892088565,136.10637202443652,136.8934994954198,5283100
2019-02-21,136.56161499023438,137.53840871758683,135.78396551454597,136.8935413704603,8573400
2019-02-22,138.3350067138672,138.72383142936158,136.95991009163842,136.95991009163842,9680800
2019-02-25,138.51519775390625,139.59630992380846,138.27811162479972,139.32129638110402,9731200
2019-02-26,139.44454956054688,139.7859541119896,137.5289043552278,137.69959939565584,7332500
2019-02-27,139.6152801513672,139.87133722125668,138.382429392205,138.9324709453878,9731200
2019-02-28,140.46881103515625,141.13266389549412,139.62478483878067,139.6532340218704,6250200
2019-03-01,141.74900817871094,142.18523840548218,140.71531647768336,141.7395299461582,7016800
2019-03-04,140.3170623779297,142.43186661829938,139.35922514587557,142.3180699058134,6979700
2019-03-05,140.30755615234375,141.57833422129022,140.19375945082248,140.35497626817352,9678600
2019-03-06,140.1748046875,140.8481356805791,139.80495089428453,140.35499246609535,8186400
2019-03-07,139.2454376220703,140.1748112667424,138.49623729386087,139.65321884911367,8761700
2019-03-08,139.7385711669922,139.8618461149064,137.0357834898563,137.92722965622642,5168100
2019-03-11,142.88710021972656,143.171606535806,140.37399244730827,140.4593400009544,9361500
2019-03-12,143.8922882080078,145.2294572519384,143.07671146531823,143.20000086486252,9465100
2019-03-13,144.59410095214844,146.08299443536032,144.18630525329826,144.43288410814395,8308900
2019-03-14,146.23472595214844,146.6994199886337,144.43287710479464,144.67944147709474,9364900
2019-03-15,147.42965698242188,148.7194062093665,145.43812754635192,145.7795321790899,20162000
2019-03-18,146.95541381835938,148.33050992272229,146.4432998809163,147.86581608623996,9689400
2019-03-19,146.60455322265625,147.89430214940657,146.17780114870956,147.89430214940657,9236100
2019-03-20,145.80799865722656,146.87014009815647,144.82172652930475,146.3675185612456,6391400
2019-03-21,147.7520751953125,148.5866085108004,145.39069219366715,145.40018489979258,7027100
2019-03-22,145.16310119628906,147.63826647740913,144.95446424629145,146.98392092033177,8119800
2019-03-25,145.12513732910156,146.10193086949653,143.71209901281424,144.48974833966122,7568000
2019-03-26,147.27792358398438,147.56242986642806,145.82695746117128,145.82695746117128,15594400
2019-03-27,146.25364685058594,147.80893079346157,145.43807024209113,147.43907712627117,12253800
2019-03-28,146.68043518066406,147.0692598803203,145.67519237323128,146.92699952965708,16902200
2019-03-29,148.1219024658203,148.21672821598713,146.92697935491313,147.68565770917772,12164400
2019-04-01,149.1366729736328,149.58239611236894,148.46335638232733,149.3927300783642,6420100
2019-04-02,149.62979125976562,149.9806740876286,148.65299760064292,149.51599455247782,6215100
2019-04-03,150.274658203125,150.89107626755614,149.69616754718425,150.36000572516863,8209300
2019-04-04,149.49703979492188,150.49280450325222,148.44437672678808,150.34106589671634,5100200
2019-04-05,149.50648498535156,150.4358728920149,149.1081820841759,149.83841130495802,4178300
2019-04-08,149.6013641357422,149.69620438618807,148.24523827202748,149.41169810544096,5604700
2019-04-09,149.35475158691406,149.8289237450749,148.3874363325019,148.47278384803022,6364100
2019-04-10,150.36953735351562,150.57817435076402,149.3832652060986,149.82898838471178,3918600
2019-04-11,149.7056121826172,151.0712301111721,149.30730936521928,150.89104240246226,5771400
2019-04-12,151.39366149902344,151.39366149902344,149.70561004768385,150.51170837391632,6745100
2019-04-15,152.15240478515625,152.19033220081178,150.96697407531252,151.57391401992894,8142800
2019-04-16,151.95321655273438,152.77828600657554,151.30834931768206,152.72137318825895,6021400
2019-04-17,152.15240478515625,152.7498664935062,152.0291153607438,152.56018600345942,4609100
2019-04-18,151.8868865966797,152.7783329063319,150.78680330091348,152.61710157748726,7859400
2019-04-22,152.11448669433594,152.190356008105,150.85320095587693,150.97647592898372,4602600
2019-04-23,153.309326171875,153.51796305260578,151.61178195780053,152.68341552968272,6522900
2019-04-24,153.14816284179688,153.66026251920783,152.35154244164,153.3947272093519,7376500
2019-04-25,152.70245361328125,153.2524952252066,150.36004126188826,152.228281306855,8862500
2019-04-26,154.51377868652344,154.60861893473154,152.11446800687864,152.9300449414616,7525400
2019-04-29,155.67071533203125,156.00264163438138,154.67496536615295,154.77928382084133,10003600
2019-04-30,155.93626403808594,157.14066548782907,155.45261359949015,156.45785635652487,6432700
2019-05-01,154.3809814453125,157.1786090549939,154.34305403564946,156.98892859491642,5248100
2019-05-02,152.79725646972656,154.65601799912784,152.14289646973026,153.72664446972132,6054900
2019-05-03,153.6697235107422,154.33357618147568,152.85414673039494,153.91630232121605,4317500
2019-05-06,153.89732360839844,154.24820639562827,150.02807683220985,150.03756953711016,10442400
2019-05-07,151.93429565429688,153.4231891606177,150.48331509455602,152.6360614013742,6413600
2019-05-08,152.45582580566406,153.34727177083442,151.27988812444846,151.51697420154332,5445900
2019-05-09,151.554931640625,151.5928735240072,149.05130274917994,150.65400726324455,6813700
2019-05-10,152.40843200683594,153.0627774751597,149.14612501727885,150.65398911180267,5192500
2019-05-13,149.2030792236328,150.5212778293712,148.34008203993417,149.0703115392632,9730000
2019-05-14,151.93429565429688,153.17662477253515,149.78154934747866,149.93328795734035,9756700
2019-05-15,154.3809814453125,154.73187871998593,150.88160269804652,151.09023962766182,7547000
2019-05-16,156.5940399169922,157.2874066478619,154.68494081249668,155.24532118990163,9745500
2019-05-17,155.85317993164062,156.90746190318214,155.0078557917808,155.09333458851117,4582500
2019-05-20,155.26431274414062,156.47056673002973,154.18153779802967,155.1503410107116,4747400
2019-05-21,155.6347198486328,156.58452284673436,154.998353579046,156.3185791666934,9095700
2019-05-22,155.9956817626953,157.31590762232585,155.2453291236206,155.38780829839448,5416400
2019-05-23,153.4027099609375,156.00517595223832,152.74735792544902,155.29282355062992,6138000
2019-05-24,154.47598266601562,155.20733514444538,153.60216551321128,154.58046159150558,4105600
2019-05-28,155.49227905273438,157.4488712101622,155.13134922036954,155.19782790415758,10202300
2019-05-29,154.5614471435547,155.29279955419167,153.37419332433305,155.10284184168512,6456000
2019-05-30,154.58995056152344,155.29281008760117,153.81111953956557,154.62795080230896,4750600
2019-05-31,153.2317352294922,153.99158060492405,152.5003827875151,152.83281966828062,5079000
2019-06-03,150.63873291015625,154.6563947770541,148.88159189764104,153.4311410243936,8034600
2019-06-04,154.1815185546875,154.21950429680786,150.68623607304335,152.24391237115563,6684800
2019-06-05,157.0879669189453,157.09745973450254,154.52350091222212,155.29283926495427,7769300
2019-06-06,158.5411376953125,158.99703914251904,156.66053154434562,157.55334881089075,13738500
2019-06-07,161.51402282714844,162.99571336973736,159.3769658154501,159.56692354014308,10528800
2019-06-10,162.24534606933594,163.38510670510368,161.95089498231113,163.21413463867498,7565900
2019-06-11,161.76095581054688,163.53708288384587,159.96582861817112,163.31863223941872,6082900
2019-06-12,162.97666931152344,163.00516223790353,161.18154248537002,161.82741596661566,6772000
2019-06-13,160.8491668701172,163.5560971118647,160.25078625675863,163.49911124256306,6901400
2019-06-14,161.1436309814453,162.07443415528266,160.36478532068986,161.24810992391622,4999900
2019-06-17,161.04856872558594,161.8653997552773,160.54517437514326,161.2100334707429,6410200
2019-06-18,160.7826690673828,162.10289480864765,159.1395137474708,162.08389468847864,6969300
2019-06-19,162.1218719482422,162.60626624755065,160.71616760474149,160.8871251834939,6323900
2019-06-20,165.01882934570312,165.20878710573632,163.12871557517965,163.85056086044509,11474100
2019-06-21,164.73387145996094,166.0350972230993,164.467927719945,164.57240665301177,11728200
2019-06-24,165.1232452392578,165.95906196283678,164.04996329024766,165.83559743702364,5554900
2019-06-25,162.68228149414062,166.15856448265282,162.02691500532404,166.0350854361089,9899900
2019-06-26,162.47329711914062,163.73653683473768,162.24535367700452,162.78673384492126,7129900
2019-06-27,162.634765625,163.74603340947672,161.77045589896954,163.4800897256452,5873400
2019-06-28,164.8383331298828,164.8383331298828,161.96043085744134,163.32814965876904,8442700
2019-07-01,165.208740234375,166.72841637634156,164.06897950468908,166.5289658573896,6103200
2019-07-02,166.4814910888672,166.51949132997441,164.60088495373512,165.3607303545785,5238100
2019-07-03,167.99171447753906,168.10570073508399,166.89944641827262,167.16539019779572,4066600
2019-07-05,167.792236328125,168.14365887344613,165.7501507580416,167.03239087164854,5840400
2019-07-08,167.34579467773438,167.74471020285742,166.59544218372088,167.45027358856495,6720300
2019-07-09,168.80845642089844,168.9604283551339,166.50044245266784,166.62390696799798,4894300
2019-07-10,170.3091583251953,171.21146819564055,169.61580625542274,169.61580625542274,5110600
2019-07-11,171.6674041748047,171.85736188147808,170.4516574606821,171.07851644341991,6986600
2019-07-12,171.2779998779297,172.2468031268629,169.9387739886464,172.2468031268629,7196700
2019-07-15,171.50595092773438,171.9808524727617,170.90757034328954,171.49644362141302,4490400
2019-07-16,170.3091583251953,171.80035585791913,169.7582708954985,171.3159470959769,6800200
2019-07-17,170.1572723388672,171.16407611109793,170.0243004433423,170.54669520892202,3994200
2019-07-18,171.46795654296875,171.55343534570957,169.61584335269015,169.66333640738355,4736300
2019-07-19,170.2427215576172,172.71220104805394,170.14773544562712,172.71220104805394,5327100
2019-07-22,171.50595092773438,171.89535918009457,170.14772497267683,170.62262651770416,4862100
2019-07-23,171.8193817138672,172.17081872974896,170.07174741978835,171.8098888999201,7193000
2019-07-24,174.12738037109375,174.22235197246522,170.25218251119563,171.71487270933622,8169300
2019-07-25,172.47471618652344,174.75425198832284,172.1992797047214,174.6402657778849,6085800
2019-07-26,174.4693603515625,174.5928394110944,173.06365560729287,173.25361335767838,5056300
2019-07-29,174.01341247558594,174.83024362811182,173.55749660475047,174.65927155333765,4621800
2019-07-30,172.417724609375,174.17486582584925,172.17078106516175,173.37702035061687,5236600
2019-07-31,169.06497192382812,172.91167783527112,167.22235137164552,172.66471972445476,7981200
2019-08-01,170.1761932373047,173.24405271546942,169.22639028493293,170.19519335434813,8417300
2019-08-02,168.51406860351562,169.32140705644946,165.92111013172175,169.06495615484704,8264600
2019-08-05,160.3837432861328,164.7908288497199,158.59810891794726,163.3756170905894,16858300
2019-08-06,163.822021484375,164.2684300649813,161.58999307418753,163.16665507910858,10281300
2019-08-07,166.51950073242188,166.90890902226258,161.78947045383669,162.89124562262856,8292800
2019-08-08,170.86956787109375,170.91706092354494,167.70673637624125,168.552060535631,7602800
2019-08-09,170.06227111816406,171.05956740757725,168.92251014148349,170.65114448266547,5373700
2019-08-12,167.48831176757812,169.68235508906457,166.78546659544554,168.53310120297564,7394400
2019-08-13,169.6443328857422,169.9387695289544,165.46520502772924,165.63616262978334,6667700
2019-08-14,164.8003692626953,168.35263890612305,164.46794679554327,167.39334276786343,7293500
2019-08-15,167.66336059570312,168.37674073639008,165.04763341318431,165.75149252985818,6698000
2019-08-16,169.52764892578125,170.0222632098798,168.54794138139263,169.30888308452367,8312200
2019-08-19,170.96395874023438,171.6107498619268,169.42304754287858,171.6107498619268,5285000
2019-08-20,170.4883575439453,171.81048823835263,169.77497735961566,170.6690683324196,3793600
2019-08-21,172.10536193847656,172.81874217342852,171.43954328860636,171.86756852682592,3695900
2019-08-22,171.296875,173.427509398159,169.88914193155608,173.06605873330145,6659900
2019-08-23,166.67410278320312,171.68679042340506,165.73245045140058,170.7831786397168,7051900
2019-08-26,168.9189453125,168.99504095529238,166.78832536935295,167.79656723727214,7754400
2019-08-27,169.6703643798828,170.44081273256506,168.3006719689995,169.6132962817224,4022100
2019-08-28,169.94615173339844,170.2505341917564,167.43505450696296,168.34818736828242,4401900
2019-08-29,172.32403564453125,172.53329489596058,170.55485302756077,171.59162826452862,4679200
2019-08-30,171.99118041992188,173.2847623051921,170.89732230634186,173.1040515515176,4061200
2019-09-03,170.45030212402344,172.40021085994942,170.3551934745618,171.7058582124758,4644000
2019-09-04,172.89480590820312,173.30380353417948,171.258786376787,172.0672751189805,4154800
2019-09-05,175.7102813720703,176.61389331890564,174.42620582038523,174.75910784618972,6386800
2019-09-06,176.67098999023438,177.59362954490837,175.53909108210294,175.71981638861232,7990900
2019-09-09,172.68557739257812,177.91703241705648,170.7451750376126,177.79337519934808,7290500
2019-09-10,167.7394256591797,170.92584766547154,165.3234372285101,170.6500137807118,15255200
2019-09-11,166.43637084960938,169.24233037681938,165.93224994702203,168.73820947423204,9113600
2019-09-12,169.2898712158203,170.65005699451652,168.05334264803025,168.21505493018006,7748800
2019-09-13,168.6145477294922,170.0413081260537,167.4255807323576,169.92715742497384,6103200
2019-09-16,167.51116943359375,168.5479450886139,166.94045951525374,167.56823752267653,4253600
2019-09-17,167.8345947265625,169.5562167835567,166.49343634013016,168.19604537322735,5924700
2019-09-18,166.73118591308594,168.52890313415233,164.3913073783671,168.4433010078527,9542500
2019-09-19,167.3684844970703,168.74768307909417,167.03556798834686,167.5967568333334,6964500
2019-09-20,165.56124877929688,168.95694497049053,165.45661911899737,168.7381646265656,12820400
2019-09-23,166.3697509765625,166.6931464650051,164.35325340104185,164.45788306068565,8803500
2019-09-24,165.96080017089844,168.5479940619312,164.93353072765657,167.51121810566536,10039900
2019-09-25,166.7217254638672,167.0926826274048,163.97283404335548,165.313992447591,7797300
2019-09-26,167.0736083984375,167.8345500507652,166.0843944100399,167.0736083984375,10419000
2019-09-27,165.50416564941406,168.195988016282,163.94424191005018,168.07233083432664,9212600
2019-09-30,163.61134338378906,166.8833824434707,163.61134338378906,165.6658815627178,16464000
2019-10-01,165.78001403808594,166.28414931870427,164.38180242072804,164.57203420777466,8146200
2019-10-02,161.537841796875,164.49599277824825,160.35838110664162,164.21063774679956,10596200
2019-10-03,164.42941284179688,164.68623383583596,160.3964451528661,161.61394647561056,7242800
2019-10-04,167.38751220703125,167.90115403621368,165.9227113703475,166.15098372664536,6027600
2019-10-07,166.36026000976562,167.11169529581215,165.31397773804994,166.13198763021336,5248300
2019-10-08,164.00131225585938,166.11291831821518,163.4876850172814,165.09517034989724,5336500
2019-10-09,166.3412628173828,167.39706621456176,165.1618021936733,165.608854997851,6277300
2019-10-10,166.3412628173828,167.31144955032426,165.1142406054878,165.39959562084192,4762400
2019-10-11,168.414794921875,170.45030584082951,168.21505659402018,168.23406961607293,8754400
2019-10-14,168.70010375976562,169.69883866712937,168.46231042533392,168.71913129037108,7240900
2019-10-15,170.0222625732422,170.66905358454045,168.88085727969747,169.4325396495578,4400200
2019-10-16,169.18524169921875,169.55619881852797,167.66337266445964,169.23280328143935,6509000
2019-10-17,169.2518310546875,170.4407980430859,168.83331235257012,170.15544306311884,4887900
2019-10-18,167.13072204589844,169.4991350551587,166.02735717072696,169.21378006830295,6311900
2019-10-21,167.8155517578125,168.10090674137408,166.08442334805176,167.4065540752549,4898200
2019-10-22,162.51751708984375,169.1091429770939,162.44142146243414,168.35772224127908,10094700
2019-10-23,162.95509338378906,163.76358236088592,161.8707413784599,162.6412043054716,7122300
2019-10-24,167.5587615966797,168.23408679243354,164.93351290963994,164.95254044739266,7872600
2019-10-25,169.16622924804688,170.40274330741113,165.0286183147674,166.38878958557098,10130100
2019-10-28,171.05905151367188,171.38244704448817,169.64181218178294,170.19348008081926,10086500
2019-10-29,168.9569854736328,171.21126245150828,168.70967102795294,171.02103061820273,7572800
2019-10-30,170.49783325195312,170.65953098953736,167.7774767266298,169.10911369129673,5374800
2019-10-31,170.12693786621094,170.92592033460244,169.3184343714931,170.49789504894696,6830800
2019-11-01,172.0958251953125,172.46679681681357,170.7927220628848,171.33489795853401,7000200
2019-11-04,170.21253967285156,173.49408620785226,170.0793759283917,173.18971815498384,7154800
2019-11-05,167.75843811035156,170.79268340124102,166.62653950829528,170.3266177512791,7447500
2019-11-06,168.13893127441406,169.48959580327886,167.5396873691501,167.75845319418508,6992500
2019-11-07,169.71791076660156,171.82951747255296,168.21506914192327,168.69065597634912,7227200
2019-11-08,170.2315216064453,170.68808082031492,169.11865035865054,169.6703327275477,3894100
2019-11-11,170.773681640625,171.5536508673473,169.49911265007233,169.78446759920868,3617300
2019-11-12,170.96395874023438,172.21950042330246,170.14594881272097,171.1541905693346,6118700
2019-11-13,170.65003967285156,172.0482658671087,169.21375841121352,170.6405186491285,6138300
2019-11-14,171.25987243652344,171.27893184764915,169.6496938410706,170.54529716905532,9811000
2019-11-15,171.27886962890625,172.14587625621817,170.62145829555539,171.5265837312717,7808800
2019-11-18,171.17408752441406,171.80291710429552,170.52619853779046,171.08834200117596,7173700
2019-11-19,174.13717651367188,174.3372493824386,171.68855907865907,171.86958708053987,8549900
2019-11-20,173.0796356201172,174.56594963292483,171.83151332828692,173.69892827943073,6040500
2019-11-21,171.39321899414062,173.22252950475774,170.85014947817766,172.61275933455204,5112200
2019-11-22,170.99307250976562,171.9458393863841,169.92597826013494,171.62190213747033,6865600
2019-11-25,172.42218017578125,172.78423615152315,171.60280028304157,171.8790962121684,5457800
2019-11-26,173.92755126953125,174.28007027056276,172.65084747406007,172.88903913163597,7079000
2019-11-27,175.66160583496094,175.8235744423092,173.65126735612375,174.356320004052,11452700
2019-11-29,175.7949676513672,176.11891935815225,174.69929182972896,175.24236125516344,3139100
2019-12-02,173.20346069335938,175.6616006473585,171.3741502820717,175.53775085602456,6883200
2019-12-03,173.30825805664062,173.53692729985104,171.1740699389415,171.40272464408574,4543300
2019-12-04,172.0697021484375,174.0323995701118,171.94583780343538,174.0323995701118,10650400
2019-12-05,173.2987518310547,173.43213860088588,171.56472382324912,172.688981663531,4638600
2019-12-06,173.56553649902344,174.62310829123064,172.77473826358306,174.10862058548562,14526700
2019-12-09,174.2800750732422,174.6040122473366,172.73659774179723,173.30824901289347,10233100
2019-12-10,173.65127563476562,174.49923752428944,173.3082789975387,173.92758615428986,8625700
2019-12-11,173.41307067871094,174.43253807798342,172.6318095046549,174.4230156442015,7138800
2019-12-12,174.01332092285156,174.67073231507248,172.28881540880369,173.07961356625296,11192100
2019-12-13,176.395263671875,176.75731974685226,173.4416804601607,173.87995963187367,8558100
2019-12-16,177.44329833984375,177.9959048417227,176.99549677001198,177.5290438647729,8249900
2019-12-17,176.75730895996094,177.95778994963132,175.40438178612246,177.69101639637123,10208700
2019-12-18,176.16656494140625,177.6338338667432,176.16656494140625,176.75729020787094,8968500
2019-12-19,177.7291259765625,177.7672447927761,175.7854879536625,175.7854879536625,5854200
2019-12-20,179.12013244628906,179.2821010342524,177.50043202858996,178.7390315967359,11259500
2019-12-23,178.2436065673828,179.51078809821524,178.1673834822876,179.26305943713905,5831700
2019-12-24,178.71047973632812,179.1392218985078,178.08165014482833,178.26267816705416,2420900
2019-12-26,180.22535705566406,180.244401922742,178.83431124145272,179.0153392451583,5237000
2019-12-27,180.44447326660156,180.92085658633366,179.56792970286233,180.7779474056401,5448600
2019-12-30,178.95819091796875,180.53025033266292,178.2817200889498,180.36828172020887,4833600
2019-12-31,179.02484130859375,179.12012378540766,177.7290781294746,178.22452084039026,5273000
2020-01-02,182.09275817871094,182.11181758244072,179.80612402536164,180.07289752531688,8733000
2020-01-03,180.64456176757812,181.94032498673363,179.04390624364942,179.5107671335589,4899700
2020-01-06,180.25396728515625,180.2730266933026,178.3198516932628,179.1201723785838,10109500
2020-01-07,179.77755737304688,181.12096195718635,179.69181185611882,180.63504161846078,4392300
2020-01-08,182.85501098632812,183.40761750050822,179.8823830847355,180.53979453329578,5712000
2020-01-09,184.1221466064453,184.76049848788696,183.42663105473494,183.88395495494925,6748000
2020-01-10,184.6175994873047,185.37981572171407,183.98877000356205,184.36034841885262,6586400
2020-01-13,186.10389709472656,186.36114814098758,185.10348928199076,185.2559354233354,11290500
2020-01-14,186.7899627685547,187.64744720517498,185.9229413581047,187.4473742877295,6236500
2020-01-15,190.36282348632812,190.69628316790408,187.04719885021095,187.69507334337703,10831100
2020-01-16,191.45843505859375,191.98245956800503,190.34369994115363,191.50607629364274,9983700
2020-01-17,195.03134155273438,195.07898279558464,190.53428154331468,192.2302051147072,12518900
2020-01-21,197.49900817871094,198.54705739223465,194.17386161029452,194.4882763743516,14861700
2020-01-22,198.08023071289062,200.20491134604202,197.4990423281829,197.7086522071312,8065000
2020-01-23,196.76539611816406,198.55658774810894,195.60301950335636,198.08020436623912,8520800
2020-01-24,195.31716918945312,198.1659467932859,194.56448990981346,197.62286280799975,7812900
2020-01-27,192.1634979248047,193.72603456764568,189.695835919366,190.5533200443397,7198900
2020-01-28,193.2687225341797,194.21195222193887,192.24925523109053,192.83044347442512,7215700
2020-01-29,195.1837615966797,196.193691842473,192.94475432491967,194.65021463951072,7041700
2020-01-30,198.3755645751953,198.6518605264205,193.71653590983934,194.3644102992316,8571900
2020-01-31,189.5719757080078,194.3453312446229,188.8955050104756,191.97295166313754,16699600
2020-02-03,191.32508850097656,192.7065973791271,190.41044056344342,190.49618608169962,10885900
2020-02-04,193.9451904296875,195.24095374528295,192.67800895253365,193.8880267528043,10205900
2020-02-05,193.2306365966797,195.88886416797916,190.50572290772084,195.7935816706738,8672400
2020-02-06,193.4497528076172,194.96466297561284,192.9162057584397,193.4592897793954,7001200
2020-02-07,193.16392517089844,194.20243738034966,191.59185139973894,192.43981317761308,5691100
2020-02-10,196.26043701171875,196.3938237812758,192.3255055026839,192.43031043148358,6239500
2020-02-11,194.30722045898438,197.8610357647885,194.02138757471235,197.69906718924938,10231900
2020-02-12,197.6419219970703,198.31837819708784,195.3171689768167,195.3171689768167,7355800
2020-02-13,197.8900146484375,198.91095857946416,196.60192537215943,197.1457814063774,9495300
2020-02-14,200.6475067138672,201.11504384648617,198.4720533638159,198.73921327984863,6548800
2020-02-18,201.5157928466797,201.8020397865706,199.76016630206433,200.37081964624028,7651500
2020-02-19,203.529052734375,204.34961956939998,202.01196280794943,202.77528316410925,5927500
2020-02-20,201.7542724609375,203.89156584048027,198.7296298337985,202.40309964508012,8531900
2020-02-21,199.23536682128906,200.58071714035552,197.90910351246322,200.27538321299733,9231500
2020-02-24,189.67481994628906,194.42648109153956,185.11399979222014,188.8160937224659,13316800
2020-02-25,179.76121520996094,190.72436498243468,179.11240250458755,189.67479788948145,18539000
2020-02-26,178.6258087158203,184.6369212315034,178.45405474041968,181.2878715819837,14214700
2020-02-27,171.7559356689453,177.7956857964731,171.74639944359373,173.76918571145458,17536600
2020-02-28,173.42568969726562,173.96956027562555,165.04828328298757,165.82113973929066,22659000
2020-03-02,183.51104736328125,183.61600408882606,174.70427688029042,177.7766305999214,17434500
2020-03-03,177.21368408203125,185.14264179455614,176.04008757475455,184.34116196320255,15226400
2020-03-04,185.3811492919922,185.57199027245005,177.63348302462697,181.63135988378266,10789100
2020-03-05,178.38722229003906,183.11978041199,177.1277420187837,182.4709678303996,10106900
2020-03-06,175.9064483642578,177.46171180970524,171.72728205810196,175.12404125014166,15183200
2020-03-09,163.2831268310547,171.33612718034036,160.59242619150157,163.35946031293454,20486400
2020-03-10,174.22715759277344,174.23669381653775,163.9987058970196,171.240674373957,16119400
2020-03-11,165.01963806152344,170.53460379373482,162.39573512612762,169.50412380292127,14598200
2020-03-12,152.73976135253906,164.11318498336146,149.79145239557306,151.23220825501622,27467700
2020-03-13,167.76760864257812,168.23514574633614,154.77213581803898,160.98362532105102,19948900
2020-03-16,145.03982543945312,157.72997865753246,141.19461564672372,144.20972252194807,23692000
2020-03-17,150.65020751953125,156.19379698861513,142.40638139975928,148.60833435854278,22298000
2020-03-18,141.6716766357422,143.77079614826502,133.3896915135146,141.6526041871789,22787500
2020-03-19,145.2688446044922,150.0395784174476,134.98314366849027,140.18324061278682,19362800
2020-03-20,140.09738159179688,151.00327293226604,138.99056776851975,147.72102004808687,18692100
2020-03-23,129.51588439941406,136.77694171077096,127.78886656140892,134.84956120943784,30344100
2020-03-24,147.4442901611328,148.13127695813228,136.99638658219067,138.19860619737804,24488300
2020-03-25,154.36184692382812,160.46837978089835,146.53784715098107,152.0146542715354,20619600
2020-03-26,161.13626098632812,161.75645037000385,154.3713514292054,154.64806205942608,17062900
2020-03-27,154.15194702148438,159.4379281840283,150.89830310090986,153.69396065678845,14950700
2020-03-30,157.9780731201172,158.26430547740614,153.32183265324423,153.65577525645566,15714500
2020-03-31,153.73208618164062,160.47790922167425,153.17867944020946,158.7986019899877,20613100
2020-04-01,146.08938598632812,150.82195951143026,144.4768759086308,149.152202967397,12595200
2020-04-02,150.17311096191406,151.08909797077635,144.35281172432568,145.5359585776229,14051100
2020-04-03,144.88717651367188,150.48801276321777,143.69449318563414,148.42705247817915,11994700
2020-04-06,161.6706085205078,162.9014512763593,150.99370532184483,152.68254894607466,16479100
2020-04-07,160.85964965820312,170.60149756541168,160.39212691575327,169.6091764680058,15379000
2020-04-08,166.91844177246094,167.92983504040342,160.22986345670512,163.16863731700712,11146500
2020-04-09,165.72572326660156,169.06523632596017,164.92424362654467,168.18742321173764,12231800
2020-04-13,161.24122619628906,164.41853586562843,158.5314390054789,164.36127484457538,14043700
2020-04-14,166.61306762695312,167.3859240109948,162.99685857102932,165.1532245550697,9980500
2020-04-15,158.35015869140625,161.59425095025,157.38646141377035,160.96451076945985,12118700
2020-04-16,154.97251892089844,160.29665972308143,152.47265900556548,159.44746966762773,20308200
2020-04-17,161.76596069335938,163.14948450470953,157.38643257856967,161.87091737092834,15375800
2020-04-20,156.6899871826172,159.7527902286148,155.71675337924313,159.65738428498966,10505200
2020-04-21,153.16912841796875,155.11559532862066,151.8524016583583,154.57172486387046,10562100
2020-04-22,158.95127868652344,160.01038199546608,155.44956240970777,157.10978273589728,14502500
2020-04-23,158.7509307861328,162.59614077834894,158.58872759608593,160.1821508197355,11411300
2020-04-24,159.64779663085938,161.0122191140856,156.48955954035347,160.7164360336167,8391400
2020-04-27,163.88424682617188,164.44720449520412,160.82144379427618,160.91684973746206,9903300
2020-04-28,163.3976287841797,166.98521527561638,162.5675257815388,166.9756790495267,8614400
2020-04-29,173.45431518554688,173.89322905584444,168.0252329113539,168.74084290746848,12862800
2020-04-30,170.5251007080078,173.4924975503302,169.51370752764282,173.44478730313642,11331600
2020-05-01,167.51953125,171.402900473383,166.27913771597298,166.45087712143777,10109600
2020-05-04,168.0729217529297,168.8267057379171,163.84605920304975,165.01965547233257,9386200
2020-05-05,170.2579345703125,172.79596821335127,170.08618059851867,170.8781240837882,13513000
2020-05-06,170.5823211669922,172.23299064247922,169.7235950849546,171.47922126461253,8540500
2020-05-07,174.34165954589844,176.498025517079,173.37797676745245,173.4161362236067,9262200
2020-05-08,176.60301208496094,177.23275241140644,175.20041524838845,176.54576561148835,6470100
2020-05-11,175.1431427001953,176.15453573863434,173.11080583974476,175.43892580851752,8683100
2020-05-12,171.24069213867188,175.553438864149,171.14527165464875,175.14314825379574,8219700
2020-05-13,169.25274658203125,173.07572360122086,167.29346794299659,170.60034948133557,13377100
2020-05-14,172.8941192626953,173.03748964222768,166.12746318694093,168.15363621620642,9695100
2020-05-15,175.3695526123047,175.99078066513965,170.9540033810448,172.01488029318807,10785900
2020-05-18,182.91033935546875,184.29616560220637,179.17337583540052,179.67991912156324,11802200
2020-05-19,180.97970581054688,185.89222996774268,180.85545440914476,182.6809291649086,7446800
2020-05-20,185.28057861328125,186.36057426923995,183.8947523844978,184.45863798503385,9545600
2020-05-21,182.18399047851562,185.0512236410154,181.61055259611686,184.93653898123605,11338100
2020-05-22,182.413330078125,182.90075434730656,180.85546243814497,182.5471336765375,5807600
2020-05-26,184.6688995361328,187.58392232669064,184.22925077776202,187.1347213761703,9662200
2020-05-27,184.28660583496094,185.71065537645123,180.17690280940312,185.71065537645123,7650300
2020-05-28,185.66290283203125,189.51455161681216,184.18151067134804,184.97476569387416,8352200
2020-05-29,186.59947204589844,188.03308810917318,184.7262073064809,185.89221620462408,10211900
2020-06-01,185.7489013671875,187.2111889073081,184.9556318873345,186.0929698815394,6011300
2020-06-02,187.66998291015625,188.7786499847494,186.2937085532135,187.2685719866318,8462100
2020-06-03,188.15733337402344,189.37113244552555,186.91487773014444,189.2373288569464,8879400
2020-06-04,185.07029724121094,187.76550275329822,184.57330619817034,187.30673505964606,7829800
2020-06-05,190.7760772705078,190.92899982405123,186.8288495352149,187.516986442663,8561200
2020-06-08,190.7665557861328,191.11062429523926,188.40586635099967,190.74743681798807,7628100
2020-06-09,190.26954650878906,192.74492034914132,189.46672492545832,189.58140955636318,6892300
2020-06-10,191.6076202392578,193.23238269241233,190.1453325730686,191.05328677481663,8405300
2020-06-11,180.52098083496094,187.6699438298234,180.39672941420727,186.5039346637509,11974600
2020-06-12,183.7513885498047,186.37013310607318,179.5365673922506,185.6151015476656,11706300
2020-06-15,183.2735137939453,183.96165082687315,177.96914482508498,178.7241763727002,6752700
2020-06-16,184.343994140625,189.60058861442462,183.31178838484036,188.14785296737554,11057200
2020-06-17,184.99383544921875,186.72373002837432,184.51596337393826,185.08941569767418,5968900
2020-06-18,185.32838439941406,185.65333396783748,183.60804170849454,184.07636167487016,5803200
2020-06-19,183.6940460205078,188.37720169980838,182.9007765253375,188.17648898610253,11483300
2020-06-22,186.3318634033203,187.6698992183686,182.82426996284312,183.49330245386386,6674500
2020-06-23,189.2086639404297,191.29217911465375,187.15381992302537,187.56478289310706,9866800
2020-06-24,182.93896484375,188.74032341338727,182.25082798840475,188.30068933460888,9453100
2020-06-25,185.39527893066406,185.643781787064,181.49584035882054,182.64274520851055,9936600
2020-06-26,180.8937225341797,185.53864028173425,180.71212878904996,184.55422484776798,11836000
2020-06-29,182.91033935546875,182.97723386959407,179.01090106281058,181.50539414033824,8020400
2020-06-30,184.62112426757812,185.17545771035694,181.74433918108002,183.01548084725377,9040100
2020-07-01,185.20413208007812,186.7046576537854,184.13370311465698,185.2710411821674,6394100
2020-07-02,187.010498046875,189.1609228669446,186.3701510726967,187.32589543717208,6299300
2020-07-06,189.0080108642578,190.3651661878739,187.02006072468564,189.9350841164502,7292200
2020-07-07,185.6055450439453,190.0975404558498,185.2328053404437,188.10003831614884,7660100
2020-07-08,186.43702697753906,186.86710894826354,184.5733141319012,186.44657916942217,8368000
2020-07-09,183.70359802246094,186.83843781341469,181.5436068096764,186.37011790809876,8548200
2020-07-10,184.028564453125,184.28661949269744,181.05619915216212,183.1683858490503,7674200
2020-07-13,180.65475463867188,186.551694010894,180.34890952528386,185.0416165764104,8564100
2020-07-14,184.77406311035156,184.907866740483,178.8962264113235,181.1135603775037,8003900
2020-07-15,187.8515625,189.0175718207968,185.8922835866282,186.58997290694037,7681100
2020-07-16,184.9365234375,187.04872477308723,183.99989809985308,186.68553726964217,5064000
2020-07-17,186.4561309814453,186.91489869388258,184.57331375587705,186.2076427414994,6395000
2020-07-20,189.68658447265625,190.65188102709527,185.0990086236806,186.1216620899144,6985300
2020-07-21,187.78466796875,191.3113673698648,187.02006948180454,191.14889256120816,7218700
2020-07-22,190.05926513671875,190.19306872232926,187.56477254651816,187.7845895978432,6823400
2020-07-23,188.69256591796875,192.05678950533226,187.7368217407006,189.6578768704488,6106700
2020-07-24,186.51348876953125,188.74037467238156,185.44305985205824,187.01047987414384,7160300
2020-07-27,188.19558715820312,189.05575107388879,185.60551405255194,186.52303486831545,5604700
2020-07-28,188.0331573486328,190.54675518837902,188.0044861834895,188.94111160634353,6897300
2020-07-29,189.79173278808594,190.0880112313485,184.50646719758768,184.54469055847522,9471300
2020-07-30,185.4717559814453,187.86111698209982,183.61760951157706,186.56130401440367,10499400
2020-07-31,181.9736785888672,186.07382911997243,181.0561723803879,185.81577411855716,14180800
2020-08-03,182.25088500976562,184.7836016006795,181.79213182383612,183.31176177838444,11405200
2020-08-04,183.78001403808594,184.40125641081448,181.66782788790005,182.67136204115647,8204000
2020-08-05,187.42144775390625,189.40938290204147,184.55421508811574,184.9938492634439,8876800
2020-08-06,189.97329711914062,190.11665292962712,186.16942433455915,187.30676237608725,7480300
2020-08-07,187.66998291015625,189.21828426996532,186.65689611504646,188.84554451358522,5654000
2020-08-10,188.08090209960938,189.53363742413393,186.6855236794803,187.6699390775233,5525400
2020-08-11,189.017578125,193.91098489122197,187.65085602026852,189.06536826272534,11549600
2020-08-12,189.94464111328125,191.36869088941145,189.46676892886134,190.193129399119,5432500
2020-08-13,189.12139892578125,191.38036548494256,188.59494206983473,188.69066680929578,7014800
2020-08-14,188.22171020507812,189.5904985486862,187.3889601576037,188.5758655851672,5014400
2020-08-17,190.89224243164062,191.8781607823771,188.28870114536844,188.85343928959279,6256200
2020-08-18,190.49021911621094,191.5335664536412,188.39398701835964,191.4186938168541,6519900
2020-08-19,192.38548278808594,194.15627423088912,190.38494604958828,190.40409392515443,9467600
2020-08-20,195.41015625,195.6877492785149,191.05495736613207,191.34210242246178,8849200
2020-08-21,195.39105224609375,196.35780816013363,194.63486453638245,195.74520760563868,9998300
2020-08-24,197.57339477539062,197.61167591084575,195.90788057494998,196.23332134572877,6159600
2020-08-25,199.19107055664062,199.2867807095612,196.7406540320032,198.3200249134422,5828300
2020-08-26,201.2585906982422,201.77548103190216,198.42531891905693,199.1910731802454,7035200
2020-08-27,201.99560546875,203.0963670417464,200.10037522602002,202.1679070938414,8619600
2020-08-28,206.4752655029297,206.90599767330627,202.17748122099601,202.92408754446117,7349800
2020-08-31,202.91455078125,206.71459320507063,202.502951816135,206.31256087428906,9326900
2020-09-01,204.2162628173828,204.73313841000416,202.0817210004556,203.1250680280321,5642900
2020-09-02,207.21231079101562,208.04507531418736,204.61833627737326,204.96292496838103,9863800
2020-09-03,200.01426696777344,205.72867320635677,198.22431318448682,205.72867320635677,11310200
2020-09-04,195.8983154296875,201.48829600350356,191.58138344567354,199.56435126165667,13243600
2020-09-08,191.5526885986328,193.59150616802177,190.68165756973684,192.1844369448586,14186900
2020-09-09,195.32400512695312,197.4585327273166,193.3043355446488,195.6015981446582,7532600
2020-09-10,192.911865234375,198.13812361709174,191.86853272645638,196.08973973493394,7243000
2020-09-11,192.08871459960938,193.7446623708646,190.39450029374703,192.95019361133959,7439000
2020-09-14,196.20462036132812,197.5734083882778,194.44339589812768,194.64441203836807,11730500
2020-09-15,196.59706115722656,199.29634132681014,196.00360861166394,197.8988388677368,6328600
2020-09-16,196.34820556640625,198.85603634497224,196.17590393281154,197.88928060798264,6135000
2020-09-17,196.4822235107422,196.77894981428216,193.3522108592593,194.16582748974744,7474900
2020-09-18,193.93609619140625,196.9129550616868,193.08419842366922,196.6736577718107,9084100
2020-09-21,188.9969940185547,192.63431569565665,186.36472386619167,191.3516857449275,9656000
2020-09-22,191.9738311767578,192.11741829582434,188.3748056508925,189.60957308380927,7543100
2020-09-23,187.00601196289062,192.4811342613016,186.24027244033832,192.20355587520817,6310600
2020-09-24,187.1496124267578,189.20756310011313,184.8619311169232,186.7954425364923,9865300
2020-09-25,188.80555725097656,189.65745499858417,185.2256646210219,186.67102956527157,5496100
2020-09-28,191.74417114257812,193.0842303452098,191.27514311888208,192.040897494193,5565300
2020-09-29,190.90182495117188,193.71596366233763,190.83481469350184,191.99302010391483,5513500
2020-09-30,191.40911865234375,193.86908721355053,190.37535260062012,192.251449792018,9157600
2020-10-01,194.64443969726562,196.4152310452313,193.00763965443795,193.5532445372301,7234600
2020-10-02,192.83531188964844,194.146656210635,190.86349018361182,191.4378094541927,6019700
2020-10-05,194.82627868652344,194.9315700802296,192.44288698302122,194.03182452238786,6090500
2020-10-06,191.86856079101562,196.31949906924234,191.16025017275408,195.37187655968634,5841100
2020-10-07,193.80206298828125,194.10835588128396,191.4282382967148,193.35218297825455,6713400
2020-10-08,194.29026794433594,195.5537647524411,193.57237601397128,195.2666050591855,3955600
2020-10-09,197.79354858398438,198.21471411112537,194.96026251401966,195.2665700266844,5562900
2020-10-12,197.56382751464844,199.06662143601963,196.9225125601963,198.08071781590925,6622700
2020-10-13,195.57289123535156,196.4247889819831,194.3381090710756,194.67313111082106,5621700
2020-10-14,193.5436248779297,196.1950426618611,192.5194401793172,195.9461787644286,5320000
2020-10-15,191.007080078125,195.9365979009461,189.14056432994738,192.40456792833143,8885500
2020-10-16,191.68670654296875,193.97438817788347,190.873104475224,191.428275971446,6385900
2020-10-19,188.5375518798828,192.4620333169483,188.0876718017859,192.25145053122003,7449600
2020-10-20,189.2362823486328,191.11237941305356,188.2886744861824,189.0927098256999,7427000
2020-10-21,189.93502807617188,191.83983966296373,189.36072337353156,189.36072337353156,6067200
2020-10-22,189.513916015625,191.2177118124246,187.37937334654313,190.8061128158226,4908200
2020-10-23,189.53302001953125,191.32297367772634,187.62822294163706,191.19853441334422,5877200
2020-10-26,184.80450439453125,188.01107907884398,182.55510419352007,187.6090614141934,12608700
2020-10-27,181.92337036132812,185.40753833767397,181.119334968067,184.73750884328967,8690400
2020-10-28,173.12680053710938,176.79283681157355,171.66230227517417,176.10365944059845,17809500
2020-10-29,176.95553588867188,178.99435324918866,171.66228158402456,175.16559702995468,16820900
2020-10-30,173.9308319091797,176.3333712109854,171.55699250541372,174.84015860233828,10252900
2020-11-02,176.8311309814453,178.9177963431822,176.01751435182277,176.61096695827132,8057100
2020-11-03,180.2769775390625,181.4160348161793,177.2331234489429,178.8316273687004,6467900
2020-11-04,185.66598510742188,188.45140910696597,183.33044118775803,184.63221904762568,8102700
2020-11-05,189.17886352539062,192.3854530286458,188.84384147977983,189.86804088366907,7132100
2020-11-06,189.9733428955078,191.1315336557355,187.0634795299733,188.90129565849415,6180500
2020-11-09,203.5749969482422,208.33222855525932,203.19212710124037,205.49895663412966,17916900
2020-11-10,204.17800903320312,204.89590087384616,201.5361723176336,202.8666646114035,7943600
2020-11-11,203.5941162109375,205.10647672349322,202.608212618187,203.086807162456,5337200
2020-11-12,199.6445770263672,203.74751839054767,198.57091450192516,202.68343691451855,7302500
2020-11-13,201.77273559570312,202.53964365117,198.72429472535427,201.22632329693784,6377500
2020-11-16,203.90087890625,206.19200717670927,203.06687433838982,205.69352942198185,12083200
2020-11-17,201.9932098388672,203.31611110040694,200.83325951722674,201.8494063657837,7268800
2020-11-18,199.23233032226562,202.41497840011476,199.07894581482546,201.04414276219148,6977900
2020-11-19,198.98313903808594,200.09514041398762,197.02752266958512,198.66678890119448,5657200
2020-11-20,195.4457550048828,199.50076132642718,195.3786437923553,198.56130674391173,9653500
2020-11-23,199.54869079589844,200.3539375606492,196.2318201303024,196.2318201303024,6101900
2020-11-24,201.00584411621094,204.97459253346884,200.73742846879577,202.12745583351338,10110800
2020-11-25,202.16575622558594,203.1819030729973,200.2293168851578,200.9962248580796,6772900
2020-11-27,202.27125549316406,203.25864481185982,200.17185007441364,203.2298870357857,3512900
2020-11-30,201.6480712890625,201.83019892316176,198.05320442244658,200.87156775873083,7725500
2020-12-01,202.46292114257812,204.8307415478589,202.30953662888368,203.3544558293188,8047900
2020-12-02,201.48512268066406,202.65465405467603,199.85545237136066,202.27120737985862,9728900
2020-12-03,199.44322204589844,202.37663114749165,199.0214219818038,201.10164990922414,9203300
2020-12-04,203.88172912597656,203.92008257528724,199.884237747308,201.06336495895326,5720100
2020-12-07,203.8529815673828,205.626455684213,203.03815357313965,203.2011191719883,10624500
2020-12-08,203.96800231933594,204.31311020039382,201.20713927087272,201.26465481312337,8646200
2020-12-09,200.90992736816406,204.66775989285793,200.30598503520483,204.40892537479667,6251100
2020-12-10,199.0214385986328,200.6415277857387,198.67633075624605,199.88420089082356,10492000
2020-12-11,197.70816040039062,198.33126500726897,196.04013637024462,196.86456002272294,9227600
2020-12-14,198.6763458251953,202.5588056896302,198.4079302193752,199.25153048198322,11967700
2020-12-15,199.74044799804688,200.77577171153152,197.63146174949145,199.91299463651683,9796100
2020-12-16,199.6541748046875,200.47859843108088,198.57091659287101,199.8554792163627,7504400
2020-12-17,202.44375610351562,203.01894074928472,200.2101579894917,200.3539468371574,6517200
2020-12-18,202.56838989257812,203.21067114704928,201.18795839682667,202.29039323491742,13298200
2020-12-21,200.363525390625,201.12085231904655,196.3181000810465,199.65414758089946,7576700
2020-12-22,197.32467651367188,199.77877046583114,197.09461434787806,199.76918941810766,7396200
2020-12-23,196.8070526123047,198.75307341416152,196.6249102843629,198.75307341416152,6523100
2020-12-24,200.0663604736328,200.18140618274538,198.05324340858277,198.09158222658456,3367900
2020-12-28,203.8337860107422,204.6294517763192,200.3060150817689,201.16879206220878,5816200
2020-12-29,205.5017852783203,206.33580444866226,204.7061195510679,205.73186205419958,6093400
2020-12-30,209.32676696777344,211.2727876685931,206.7288692654051,207.06439612867277,8875100
2020-12-31,209.68141174316406,210.7263309351935,207.2560758216462,209.36506167154624,5922200
2021-01-04,208.75155639648438,211.1385537111701,205.3771845943237,211.1385537111701,10318300
2021-01-05,205.63601684570312,209.42262258690985,204.80201220650227,207.36155629538965,6869700
2021-01-06,203.8241729736328,207.2273168580055,203.29693748486486,204.9553654620606,7206200
2021-01-07,204.96495056152344,206.31662416984764,203.42155362371514,203.42155362371514,10967900
2021-01-08,206.53713989257812,207.17942119917973,203.94883794174265,205.31009282510718,6513000
2021-01-11,204.08302307128906,205.97152795986005,203.68998071573702,205.1087656146732,7353100
2021-01-12,200.21975708007812,203.98717150395996,198.88726000393345,203.55579029453483,9331600
2021-01-13,200.6894989013672,202.27123493490726,199.99928309062662,200.74701444766973,6688500
2021-01-14,193.5093231201172,202.4725320113763,193.38469636494386,201.85900853810924,12887500
2021-01-15,193.25051879882812,194.85143163381247,192.13850275843177,193.20258429875736,8755000
2021-01-19,193.3175811767578,195.72374034573951,191.793361001517,194.65007802771612,9772000
2021-01-20,197.48760986328125,198.6188022948711,193.86398506781197,194.63089295960233,12675700
2021-01-21,196.65362548828125,198.59964586886656,196.27975986411838,197.5259834871789,6513500
2021-01-22,193.66270446777344,196.8357718146806,193.45180440596513,195.55120934915954,7316200
2021-01-25,192.66574096679688,193.29844122206748,187.65210267681744,192.0522174358676,19282400
2021-01-26,193.6531524658203,195.07193767932515,192.6561820986136,193.4134945804041,9605300
2021-01-27,186.9043426513672,191.43866452993518,185.93613032024055,189.46388642488432,13772400
2021-01-28,190.01991271972656,193.64353815459333,189.9719782253656,191.72627540058747,11041300
2021-01-29,185.25552368164062,194.6501146127406,184.8337235124095,189.63647633404463,21503000
2021-02-01,190.1541290283203,190.96897158622224,186.95230359660457,187.06733468617017,12970700
2021-02-02,194.2283172607422,195.8963412375628,191.7262886092888,192.54113118690023,11305100
2021-02-03,193.0299835205078,195.0910347975718,192.6656989751926,194.66924934687458,13458600
2021-02-04,200.5936279296875,201.0058324258316,194.69805045087634,194.83225826677847,14534800
2021-02-05,200.1334686279297,201.43720783334993,200.02801859559594,201.29340435604752,10284000
2021-02-08,198.33123779296875,201.93568637354545,197.3917831733736,201.31258185216726,8637100
2021-02-09,197.97659301757812,199.0406746297154,195.2732450087485,197.24802367346743,7619400
2021-02-10,197.89990234375,199.3666074659554,197.42058656191668,199.3666074659554,8467600
2021-02-11,202.25880432128906,203.15170854307374,198.92718804058993,199.06160420247997,8411100
2021-02-12,201.58670043945312,202.71003851744868,199.39761446023735,201.01062286856563,6911000
2021-02-16,199.60888671875,202.63327266919438,199.08083258557838,202.2588265591696,9652700
2021-02-17,199.2344207763672,199.97371699958612,196.88213059368482,197.07415159120242,8373200
2021-02-18,201.00106811523438,201.3371012251919,196.78614315407506,197.66945153349127,7328600
2021-02-19,196.56527709960938,201.1738540040089,195.6339599369391,200.99142894014904,15011500
2021-02-22,200.0121307373047,202.24919660963283,195.0099009592766,195.43235594555313,8337700
2021-02-23,203.65098571777344,205.37920407018802,198.31272264607566,199.1288155831439,10571700
2021-02-24,210.67904663085938,211.7351841002673,202.86367330803017,203.89100836011454,12039000
2021-02-25,205.2255859375,211.65838499940628,204.10224764618957,210.54464263100374,11404300
2021-02-26,203.91981506347656,206.62735955090483,202.33562347633088,205.51361722344086,11730000
2021-03-01,207.99070739746094,209.11404553773522,206.22407625225108,206.39690539320358,6982000
2021-03-02,207.16500854492188,209.2388557302134,206.25289786223527,208.30755320386857,6155200
2021-03-03,206.2816619873047,208.5283379003215,204.37101907907984,206.5696860913379,6484600
2021-03-04,203.06532287597656,208.3651878871541,200.34818228229938,207.35705924069566,10658900
2021-03-05,206.81935119628906,207.48183601514336,201.26986149234457,205.20634276991407,7582000
2021-03-08,211.48556518554688,217.11186707427294,207.2034249834392,208.3267632465982,14750400
2021-03-09,211.5719451904297,216.02689932834602,211.40872662452412,213.20414549974709,9228600
2021-03-10,214.26991271972656,215.24923892050242,210.65025733127385,211.91762237348547,7822900
2021-03-11,217.1310272216797,219.12807761473258,214.88435102334327,215.57563826133315,10053400
2021-03-12,215.4124755859375,217.50552968547285,214.50996064383867,216.29578403025874,8172400
2021-03-15,214.3658905029297,218.0335394712195,212.8969088013298,215.28759704301598,9306100
2021-03-16,215.73887634277344,216.5837862990377,213.4345951078417,214.78836729223892,8949300
2021-03-17,214.12588500976562,217.2174714051871,212.91612489400583,216.0749266959753,8675600
2021-03-18,211.85997009277344,213.64579292945314,210.82303928596644,212.59925155158317,9321800
2021-03-19,198.64877319335938,211.3895665561367,198.62958134628155,210.38143787448325,32209700
2021-03-22,199.70484924316406,203.82375531268974,198.00543368358922,198.31267894531908,11371600
2021-03-23,199.84889221191406,201.58672102310882,199.2248203216141,200.71300865647868,8820700
2021-03-24,199.77210998535156,202.71966980157015,199.63767916513424,200.42498433933633,10101600
2021-03-25,199.67608642578125,200.49219399510278,197.57342203093498,199.38804759835816,8390800
2021-03-26,205.01431274414062,205.17753129878554,199.41681438080226,199.9448830283362,7399900
2021-03-29,205.9552459716797,206.7041380725677,202.7004411792781,203.97740197957742,7792300
2021-03-30,203.44932556152344,205.60959453603343,202.97887636101981,204.5150588416255,5498000
2021-03-31,203.28611755371094,205.57120687571907,203.11330305890144,204.07342265298723,13180000
2021-04-01,208.2115478515625,209.056457831511,203.83340459230794,205.25437757200598,6138400
2021-04-05,210.30459594726562,211.71597296624734,208.64359310019498,209.88215561902197,10440500
2021-04-06,209.93016052246094,210.65025027680315,206.7521667506728,208.94123843185204,7828100
2021-04-07,210.52542114257812,212.22482222462483,209.92054112847836,210.38139441765526,5614300
2021-04-08,211.89837646484375,213.93383982220578,209.41167040848788,211.1974933129148,11042000
2021-04-09,213.6458282470703,213.7226395769678,210.75585872944743,212.18644227954454,5724900
2021-04-12,212.63768005371094,213.06013500401076,210.47741104443742,211.4567370973814,6315200
2021-04-13,212.20562744140625,212.78169038233057,211.43752886991211,212.18642094829693,4764000
2021-04-14,213.12733459472656,214.2026784578885,211.2935173799261,212.1864215334389,4972600
2021-04-15,217.25587463378906,218.5520420297696,214.93238682380732,214.96118924147237,8698100
2021-04-16,217.3806915283203,218.71525724387348,216.7566049712442,218.11037718169928,6829400
2021-04-19,216.7853546142578,218.50397655815277,216.1036780389494,216.74695628406477,6541600
2021-04-20,214.37547302246094,216.3917297595286,212.9737068073845,215.815652220292,5799100
2021-04-21,218.3791961669922,218.78244463371675,213.98184671995452,214.40430168040754,9490600
2021-04-22,218.49440002441406,221.72038745620486,217.84151115112726,218.2351636592663,7303000
2021-04-23,220.82749938964844,222.57492402564006,218.62883203749283,219.4929337836954,5345200
2021-04-26,221.15394592285156,223.65985867364267,220.3666554662294,221.56680497043467,5650000
2021-04-27,220.7411651611328,221.94131501131915,219.8578566294277,221.8164947388144,6642100
2021-04-28,224.13992309570312,226.84746746512903,221.4707917153506,221.73962403781326,10111400
2021-04-29,227.41395568847656,228.02843171846524,223.8519051089898,225.848955869019,7411400
2021-04-30,224.24554443359375,226.5210233294408,223.02618836882266,225.93536440373657,10260200
2021-05-03,223.33340454101562,226.3385833590987,222.16205754196616,224.71597900876324,8174400
2021-05-04,222.7765655517578,223.12220921849308,221.04834721808143,222.36372112635198,5884500
2021-05-05,220.0690155029297,224.52396977064993,219.5409468035773,224.52396977064993,6523200
2021-05-06,222.09486389160156,222.34448970337735,219.54094234317571,220.47225948940422,6124100
2021-05-07,222.8629913330078,223.91912891646027,221.50923362182843,223.0742188496983,4528700
2021-05-10,216.9582061767578,222.74772563215902,216.1805117201011,222.36368368944935,9627400
2021-05-11,216.48779296875,217.3903078604532,213.1849787481615,214.81719401201508,7633300
2021-05-12,211.83123779296875,216.02695666318652,211.52399242247583,214.71159721514456,7721300
2021-05-13,215.1291961669922,216.24454150820324,212.38887478026072,212.98500889983407,6650100
2021-05-14,218.20603942871094,218.75409490489486,216.26377659632826,217.1291481972319,4777200
2021-05-17,217.72528076171875,218.41757216887385,216.6483895379408,217.4752776765256,5534200
2021-05-18,216.88876342773438,220.35981557770947,216.75413735611428,219.600225821172,6900000
2021-05-19,215.94647216796875,216.19647525150532,213.25422945482066,214.18689940907063,9311900
2021-05-20,217.72528076171875,218.8406407700845,216.57146664030773,216.76376654861915,7478600
2021-05-21,218.04257202148438,220.4848115531302,217.831037730766,218.14833916684356,5603900
2021-05-24,220.49444580078125,221.25403557162022,218.86948443754096,219.17716135570802,4040100
2021-05-25,220.2060089111328,221.33097888061317,219.62909446299443,221.0521315177802,4689100
2021-05-26,218.33102416992188,220.52327524903197,217.6675770617493,219.27330392495023,4295600
2021-05-27,218.12911987304688,219.62907973174674,217.6579726162838,218.99447681566824,5969600
2021-05-28,218.5521697998047,220.60018496800242,218.40793387400322,218.83100244855424,5779700
2021-06-01,217.907958984375,221.2251799052434,217.57142315943602,220.60981142911578,5091500
2021-06-02,220.8213653564453,224.13858657232262,219.9752281246925,220.39829674056892,9081100
2021-06-03,219.3310546875,221.5233063889219,219.00414330623698,220.18680193348007,6382400
2021-06-04,221.28286743164062,221.82131301193516,219.9271289495508,220.5232777033412,5085700
2021-06-07,222.41746520996094,225.64813874175658,221.22518235545877,223.88858071874,5421300
2021-06-08,223.11935424804688,223.88856847755437,221.30209315000025,223.21549685702212,4170600
2021-06-09,223.36932373046875,225.81157760206852,223.18663371587587,223.55201374506163,4659000
2021-06-10,224.9462432861328,225.2443103395338,223.1962950780995,224.12896502221753,4452500
2021-06-11,225.91738891601562,226.37891163629934,224.71549613394347,225.3693187650502,5378300
2021-06-14,225.07127380371094,226.1673995417345,222.6578781420789,225.6674079872632,5805800
2021-06-15,224.0135955810547,225.76355863435862,223.66744984916733,225.41741290247123,7093800
2021-06-16,220.763671875,225.16739411347285,219.22524324675655,224.62894849505045,8905400
2021-06-17,223.21548461914062,224.35968870546463,220.38864558836045,220.38864558836045,6876700
2021-06-18,221.54251098632812,223.24438071539652,220.39830663426528,221.58096510243263,8840000
2021-06-21,225.30203247070312,225.9654649978594,221.53288359320683,222.5424765185525,7298400
2021-06-22,226.85003662109375,227.00388241321778,224.2635757647771,225.28277846239982,8858400
2021-06-23,225.64816284179688,226.84044582363916,224.9366516686298,226.38853294101187,6814700
2021-06-24,227.1481475830078,229.08078607887433,226.3500889391257,227.87889318234298,4611500
2021-06-25,228.1865997314453,229.30194526200546,227.22508535132943,227.301993590779,7825200
2021-06-28,225.0808563232422,229.19613593953153,222.93668375797301,228.84038037921374,9301700
2021-06-29,226.86929321289062,227.41736339913456,225.1385645609936,225.54241347272264,11897700
2021-06-30,224.82125854492188,227.30195228385188,224.82125854492188,226.06160541438686,7797100
2021-07-01,226.10008239746094,227.15775399898382,225.04242546748196,225.1866467442606,5329600
2021-07-02,229.4461669921875,229.59038827164255,226.74431409907223,226.75392396052115,4383700
2021-07-06,230.37884521484375,231.34996943116647,228.08082649437046,230.2826879107725,8048700
2021-07-07,230.76341247558594,231.76338080750136,229.1288412381924,231.01340089067912,4366100
2021-07-08,227.50389099121094,227.94619400890633,225.52317395134136,227.85003671372021,6388000
2021-07-09,229.2922821044922,230.23456186995466,228.2826893057258,229.57111475443557,5615900
2021-07-12,228.7153778076172,229.33074630807886,228.13847809117695,228.43654514540242,7010700
2021-07-13,233.02297973632812,233.14796660970086,229.0807655208671,229.0807655208671,8079200
2021-07-14,236.52288818359375,237.31132221453836,233.47488986775775,233.85948968701717,8693400
2021-07-15,238.98439025878906,239.22476884189555,235.86907853997286,235.86907853997286,10135100
2021-07-16,238.57093811035156,240.8208928612587,237.99403829775713,240.36897993871008,8674500
2021-07-19,231.15765380859375,235.0421650818329,229.7057578419828,234.5998767248255,11474600
2021-07-20,233.3594970703125,234.81139292489985,230.29226437669865,231.3787801346546,7072300
2021-07-21,234.28253173828125,237.39782806721553,232.97487196084558,233.9267615406684,11241400
2021-07-22,234.74407958984375,235.9075182441175,233.79217523634705,234.3979338859852,10293600
2021-07-23,239.43630981445312,240.38819964018674,237.26327797306817,237.26327797306817,6766000
2021-07-26,240.618896484375,240.72466361914184,238.16703266680955,239.6189283051125,4879000
2021-07-27,241.2727508544922,242.9457908421036,238.66705559189487,239.59972553842312,7038300
2021-07-28,237.43634033203125,241.82084313243274,236.44598179034162,240.4266503508686,9036500
2021-07-29,238.37860107421875,240.74393248522188,237.59016705157936,238.56129112148247,7495300
2021-07-30,236.907470703125,238.89781203488528,236.53248077169008,237.69591934803725,5804700
2021-08-02,230.5518798828125,238.29207233461673,229.19614130329828,236.76326823680338,9989500
2021-08-03,227.96542358398438,232.09993803945463,225.02319215125607,231.36919244770286,9839000
2021-08-04,227.5615692138672,228.40770642432057,226.0039208687532,227.87887066778723,8171800
2021-08-05,230.96534729003906,231.00380140503327,227.3308098824959,227.5038900788281,5337500
2021-08-06,232.1095428466797,233.26337172748694,230.6288173012411,230.76342871446278,4509700
2021-08-09,230.76341247558594,232.8595064298987,228.88846268353032,232.44606235822042,5226900
2021-08-10,228.9076690673828,232.05180961414302,226.49425928408695,231.25375114972823,7185700
2021-08-11,226.01353454589844,229.1865344671382,225.55201181946774,228.9173116540917,7375700
2021-08-12,223.17320251464844,225.4069635888989,222.43183783515548,225.19514091145984,9867000
2021-08-13,224.001220703125,224.59818216760348,222.7976895050821,223.37539035675988,5445400
2021-08-16,226.61048889160156,226.72602318842323,221.64230844666307,223.57759606768607,7575900
2021-08-17,225.8113555908203,226.90897554941446,224.55005713831363,226.26388453521426,6850500
2021-08-18,223.01914978027344,225.6380348420314,222.86509426098345,225.22401247038243,4996500
2021-08-19,222.96141052246094,223.78942598624494,220.39065463381908,220.52544955717286,5761300
2021-08-20,222.75921630859375,223.52947932892536,221.73862405056104,223.2502518219269,5522200
2021-08-23,225.4358367919922,225.9268722353491,223.3753919538725,224.0493664912868,6342000
2021-08-24,225.53211975097656,227.4096254499671,225.25289229047328,226.30236795150614,5081800
2021-08-25,223.9434356689453,226.2638471594011,223.45240026832036,226.2638471594011,5277100
2021-08-26,221.95040893554688,223.98197014343347,221.59415371805466,223.50055767418587,5889100
2021-08-27,224.0397491455078,224.38636672937113,221.67119320718444,222.43183317611337,6369000
2021-08-30,222.63401794433594,224.98331326657586,221.3727195602342,224.0397488916174,6448000
2021-08-31,220.58319091796875,223.22132174677992,220.15954561045515,222.32590163988792,9405100
2021-09-01,221.5652618408203,222.20072980237964,220.26545703749485,220.58319101827453,8177600
2021-09-02,215.84609985351562,221.97930504845675,213.708641885526,221.86375605906073,19708800
2021-09-03,216.74154663085938,218.85013583164462,215.04697983933897,215.67281024244264,11532000
2021-09-07,217.85842895507812,219.52411218389366,217.46366715719785,218.3109579055176,9662600
2021-09-08,220.57357788085938,221.66157484279205,218.59978367325036,218.9271553420246,10652600
2021-09-09,219.0330352783203,221.4497204165195,218.65753416614527,220.78536890462328,5853000
2021-09-10,216.54898071289062,221.4882631194612,216.4623299862854,221.3053387049204,6715400
2021-09-13,216.27940368652344,218.75385651699105,215.10475590673036,217.14594038697314,6808100
2021-09-14,214.7388458251953,217.41549799095355,214.01672711806896,216.63561213790393,6575700
2021-09-15,215.48985290527344,216.48156144316027,213.1309346810915,214.24781516562877,6535800
2021-09-16,215.9905242919922,216.82817730299834,214.4692590974739,215.53799538703547,5928500
2021-09-17,213.50643920898438,215.38394498074345,211.14752094746433,214.18041375634104,13787400
2021-09-20,211.86964416503906,212.30291247668276,208.26867337647886,208.89451844133626,8822600
2021-09-21,211.9851837158203,213.9108337633182,210.83941958691202,212.54362399257997,7033600
2021-09-22,214.46923828125,215.7690577232075,212.88058313356103,213.1694188392925,6005900
2021-09-23,219.82257080078125,220.1980719586806,216.0194150340479,216.63562243910184,7952700
2021-09-24,222.98060607910156,223.32722361679484,220.12101506601726,220.4194884223423,6461200
2021-09-27,221.06460571289062,224.65593852168607,220.26545927279707,223.10578982541637,6881100
2021-09-28,217.1747589111328,220.3617066392968,215.6727545781103,220.3617066392968,6951400
2021-09-29,218.253173828125,220.50619559568977,217.6851105783799,218.3687228236054,6432700
2021-09-30,214.46923828125,220.2846939907933,214.35370399895743,219.11968413356578,7128500
2021-10-01,221.89271545410156,222.95181442312168,215.16256161077993,215.83653635316503,7925400
2021-10-04,216.3756561279297,221.7674819544992,212.6013839259484,221.44974794446324,10283400
2021-10-05,215.94235229492188,218.92711515280172,215.5957347675006,217.0977391558124,5814000
2021-10-06,218.08946228027344,218.19537360667783,213.02500860753088,213.7856338124047,5420900
2021-10-07,221.97930908203125,222.56663292602641,219.99589191128996,220.4002766526654,6561900
2021-10-08,221.709716796875,224.0782580688974,221.62305138132797,222.41257493303115,3735200
2021-10-11,216.74154663085938,221.7578715833671,216.51046333092938,221.45938347829508,5620200
2021-10-12,215.72096252441406,217.81029118902006,214.63296548064127,217.17482310903534,5448200
2021-10-13,214.19004821777344,217.46364722276135,210.5024268381566,214.83513918145752,9076000
2021-10-14,216.80894470214844,217.2614736655723,214.76776023158618,215.7883524668673,5590500
2021-10-15,222.40292358398438,222.49919725674064,218.3012802061744,218.77306968476776,6355100
2021-10-18,222.07559204101562,224.10715348541362,219.65890645300104,221.62306309191672,5580200
2021-10-19,224.8389129638672,224.9544472702041,222.10447861768924,223.3272705620848,4409700
2021-10-20,222.81692504882812,225.10845289337652,222.7110137276547,224.78109597030996,5401800
2021-10-21,221.68081665039062,222.24887983178337,217.88728408447255,222.1237078898844,5982200
2021-10-22,222.63401794433594,224.1649208413978,220.2077095515856,221.7289601046327,3788000
2021-10-25,225.18553161621094,226.12909606926488,223.65462859244172,224.77150919734737,4938700
2021-10-26,223.20211791992188,228.1510382616942,222.73032834002746,226.77419075261795,7814500
2021-10-27,207.75836181640625,216.39490259704903,207.64282752632434,216.39490259704903,22958100
2021-10-28,202.0391845703125,211.81186665619356,201.24003809650046,211.09937090216354,23199400
2021-10-29,203.8974151611328,205.72677643279178,200.78748043115553,201.43258598568212,14329800
2021-11-01,204.56179809570312,207.24807327809498,203.58933548052153,205.55350663223305,13210300
2021-11-02,201.365234375,205.41873438041384,200.09431292332124,205.23579526662763,14688700
2021-11-03,200.36386108398438,202.3376403118905,199.0447810234137,201.89474909948348,11486700
2021-11-04,201.0186004638672,204.46551569494466,200.1424261960074,201.38447866177424,11368200
2021-11-05,208.61529541015625,209.53961389403318,203.50269690240395,204.0707601384778,14273600
2021-11-08,212.29335021972656,213.37170982666504,210.04032791016186,210.2521506460316,13500100
2021-11-09,205.45721435546875,212.2162495806841,205.0046854561504,211.52301444519827,11535000
2021-11-10,207.9119110107422,209.25259310704354,205.7610357161161,205.97323127530677,10063600
2021-11-11,202.9542999267578,209.08864781498127,202.70353002095578,208.7896489649153,13546900
2021-11-12,204.56504821777344,206.00218835081515,203.92846147019193,203.9959849361813,7660500
2021-11-15,204.76759338378906,208.72211644597456,204.29497329835468,206.04075209616948,9596900
2021-11-16,207.54539489746094,207.9987204494331,204.15029528437557,204.63255525733268,8719600
2021-11-17,197.78445434570312,199.9546241866087,192.38315157211514,198.64287649407618,38379600
2021-11-18,196.11587524414062,200.494790056979,194.12896617727264,199.17340221913958,18292200
2021-11-19,193.7334747314453,196.27980677113132,192.75931489536836,194.8716011903824,18032600
2021-11-22,188.6407928466797,194.54364958211076,187.6955675204778,192.90396879086933,21185800
2021-11-23,191.44754028320312,191.86227673259552,187.48336331893088,189.9814660672264,14742700
2021-11-24,196.03868103027344,196.71384205590007,190.62772348915487,191.13891788837265,12026800
2021-11-26,190.63734436035156,192.12271318586195,185.71830190690238,186.46098631965756,10987600
2021-11-29,189.3256378173828,194.10966383399457,188.42864121781025,193.86853381680947,14633500
2021-11-30,186.8950653076172,190.64704793622192,185.72798950215414,188.3418454685302,16023000
2021-12-01,183.4131317138672,189.82718400111656,183.35526286708057,189.07485955807525,13204900
2021-12-02,191.2546844482422,192.36389139539776,185.04318735728782,185.1878594855474,13976300
2021-12-03,189.35459899902344,191.42831139170286,187.1554795624552,191.23541030917139,10660500
2021-12-06,195.4888916015625,196.974260529838,190.72417552817794,191.7176298748919,10722100
2021-12-07,200.01248168945312,200.56226508233854,198.58499639589562,198.69109417079954,11897200
2021-12-08,201.5750274658203,202.04763281706212,198.41140324147312,200.2922141801237,11749200
2021-12-09,203.88986206054688,204.67112082854868,199.819586885426,201.12169464369953,10176800
2021-12-10,205.82852172851562,206.64836945462056,203.37864788485155,204.38174201238058,8882700
2021-12-13,203.53298950195312,205.75138817274197,202.52988058351042,204.9122458680551,8844300
2021-12-14,202.52987670898438,205.79959845581163,201.0541624960078,203.2532666062241,9832300
2021-12-15,204.77725219726562,204.95087346163797,200.48514086088937,201.97049528207947,10892500
2021-12-16,206.76414489746094,208.59674170315057,204.10207503168675,207.65150151938568,8548400
2021-12-17,204.36248779296875,205.64530106793478,200.41759008795952,205.24984436384776,11578400
2021-12-20,201.33392333984375,202.3273778277899,199.52062091101394,201.67149653160135,9434400
2021-12-21,207.7383270263672,208.49065146605648,202.89643239555565,203.13756240103064,6993700
2021-12-22,210.22677612304688,211.17200155922222,206.26259851448106,206.26259851448106,6003400
2021-12-23,208.93434143066406,210.76693846933784,208.93434143066406,210.68977509448126,4798200
2021-12-27,209.90843200683594,210.38103725192474,207.25600276882884,209.95664621905914,4818400
2021-12-28,210.3135986328125,211.93398524310965,207.93123294566226,208.34596950041404,4279800
2021-12-29,210.4293212890625,211.17200579107254,209.61912804181893,210.03386456692925,3223100
2021-12-30,210.1399383544922,211.37452260474927,209.44548287404692,210.23639622798936,3812800
2021-12-31,209.02110290527344,210.24603251669544,207.8443875123666,209.1175460597087,4723300
2022-01-03,213.5736541748047,214.181306477658,209.31047758801864,209.80239220172163,7694500
2022-01-04,214.56712341308594,218.74348201772858,213.94017658925264,214.12343774210532,10629300
2022-01-05,212.1943817138672,217.27740579670487,212.117218354428,214.74071370573736,9594600
2022-01-06,211.9532928466797,214.03665980342583,209.83135156143473,210.0724815874264,7877500
2022-01-07,209.2622833251953,212.38731896962548,207.98910975345822,209.59985652322246,10702100
2022-01-10,204.4492950439453,206.60017041225586,199.17336973837405,206.38797484579584,11978600
2022-01-11,206.77378845214844,207.32355716225265,201.3338966054116,203.91880296782267,8803100
2022-01-12,208.05661010742188,209.86025774958037,206.22401332602348,206.87023994263959,6923300
2022-01-13,207.37181091308594,212.65737667036848,207.04387762800593,209.15617889395241,8867700
2022-01-14,207.0535125732422,210.5064960383799,206.1275815884299,206.57125255940855,8838100
2022-01-18,208.05661010742188,209.21403113296427,206.72556783347434,208.22057673694474,9099300
2022-01-19,207.0631561279297,210.4872052300316,204.58434726614962,205.44276951722009,9399800
2022-01-20,206.74484252929688,211.8085719082204,206.3493858456227,207.10171017595604,8532700
2022-01-21,198.6236114501953,207.95053350186774,198.51752837094054,207.8155012804245,16200200
2022-01-24,194.6883544921875,195.52748212488427,188.70831912969481,195.00663311897122,16054000
2022-01-25,194.83302307128906,198.09310509759638,190.00078358942076,192.53746096117624,12125500
2022-01-26,198.5657501220703,203.37871076404903,196.4438088258396,197.03216668100168,10817600
2022-01-27,198.8357696533203,203.4751226918991,198.5464254599293,202.06691717530532,12009800
2022-01-28,219.91053771972656,220.02627539843027,208.4327567695628,212.8116706502532,26425300
2022-01-31,218.14544677734375,218.34800241599473,214.17162981295584,217.54744919617204,12380600
2022-02-01,224.1158447265625,226.28601450324607,218.3865941613329,218.84955959281845,12247200
2022-02-02,227.06732177734375,227.4820730763214,221.84926446736438,223.09350364688848,10590500
2022-02-03,223.324951171875,225.20577691925095,222.37008580449455,224.77173115145217,9968000
2022-02-04,220.28671264648438,222.051785935934,216.9687616357642,220.39281043057392,10848100
2022-02-07,219.10037231445312,221.7624422840112,217.99116545574824,219.91056560291764,5984500
2022-02-08,219.85267639160156,220.39280520054658,216.775855443426,218.2322752473603,7542000
2022-02-09,222.6787109375,224.87781519466083,221.95532099192326,221.96497561033755,7772800
2022-02-10,217.9400634765625,222.15221306299463,217.2444780592543,220.29732353062334,6794600
2022-02-11,217.07057189941406,221.33102855797068,215.95956054015312,219.54375774687944,7535200
2022-02-14,217.69851684570312,219.5534061708059,215.25431257293613,215.71803121887433,8280800
2022-02-15,220.09446716308594,221.51460484469112,217.2831438163041,219.5631151100486,9461700
2022-02-16,221.06051635742188,222.084568451382,217.94970825613737,219.7852716613848,9561300
2022-02-17,216.99327087402344,221.0508420996298,216.5681893162395,220.65474203520844,8131200
2022-02-18,215.1383819580078,218.08495663279507,214.31720033440575,216.98361565909505,8121200
2022-02-22,213.81484985351562,216.7324283649404,212.46231624868062,213.52502017095455,9928800
2022-02-23,208.62693786621094,216.67446182542355,208.11491182333012,215.28329116501158,8669900
2022-02-24,209.93116760253906,210.47217514823225,194.61864923581882,196.4735385673455,13463400
2022-02-25,211.8343505859375,213.19652494600146,206.9845794167172,209.92148364896852,8463600
2022-02-28,208.79116821289062,211.23537241722698,206.00884167380846,208.67524223998916,8409400
2022-03-01,201.8836669921875,207.85409134057946,200.25097383956364,207.20681332730194,9317800
2022-03-02,201.41026306152344,203.40040436373593,199.19792538106844,199.88384042648892,8865700
2022-03-03,200.20265197753906,204.3278568075679,199.5553740109878,203.41007505622957,8610000
2022-03-04,193.49801635742188,199.37184097769574,190.1843371865608,198.04830337481397,10912300
2022-03-07,184.2332000732422,193.39172119287917,183.60524801506836,193.06325441602982,13412400
2022-03-08,185.20899963378906,189.75927231194245,180.33990095317642,183.5666359114852,11070900
2022-03-09,192.98593139648438,193.70084255619557,188.61921977407545,189.8364865949747,8457600
2022-03-10,191.25665283203125,193.15984946396264,189.64328586704332,190.22293045958105,7061600
2022-03-11,190.0393829345703,194.0293206748361,189.79786067280378,193.9423761985239,5432100
2022-03-14,193.53663635253906,197.49759292375583,191.44022471838443,191.691402584222,7994700
2022-03-15,199.14959716796875,199.410445340344,194.57032974130462,195.23693354773633,8277700
2022-03-16,204.685302734375,206.4242661461977,199.98045330855092,202.8787207478053,9232300
2022-03-17,206.2117156982422,206.29866017942427,201.64211837724667,202.81107793451656,6668500
2022-03-18,211.67979431152344,211.82470178752797,203.1588809300438,204.5210701698886,14620800
2022-03-21,209.67996215820312,210.66537712257264,207.27440984402784,209.0037027674982,6101500
2022-03-22,211.0615234375,212.12422752822783,209.8152600273417,210.4528824817784,6259900
2022-03-23,207.40003967285156,209.92153328474393,206.93632094576577,207.99902505091293,6008000
2022-03-24,209.94082641601562,210.27896350794998,206.74307375533192,207.69950730061885,5487000
2022-03-25,211.02285766601562,211.50590226781452,208.37578268262257,211.01320208086614,5051400
2022-03-28,213.2835235595703,213.4863940428321,210.13406323346095,211.09049687860764,4316800
2022-03-29,220.38426208496094,221.0508659870346,216.1914385234572,217.21549070986262,8032500
2022-03-30,216.3556365966797,218.4906998517695,215.17700679381812,218.1815442844982,7084000
2022-03-31,214.24961853027344,218.2588830479959,212.964718050234,216.3170489494202,10759500
2022-04-01,218.68394470214844,218.94479290513917,214.69399172027312,215.51517340977873,6559600
2022-04-04,220.01715087890625,221.46628462070842,217.33142419007424,218.10428372595484,8521200
2022-04-05,218.423095703125,221.22476312548886,217.66954733398768,219.13800699186973,4658000
2022-04-06,211.5832061767578,215.31231135673593,211.2064319502911,215.2253668601711,7430000
2022-04-07,208.82012939453125,211.26433336112396,206.4338884087513,210.9068851518798,6995100
2022-04-08,209.6220245361328,211.9696288909745,205.85428265965967,207.5256128006233,5438600
2022-04-11,207.4676513671875,209.9311817240087,206.1730954041477,207.95069595709947,6942700
2022-04-12,204.23126220703125,209.6317123352411,203.55500267813753,209.15832329433945,7446600
2022-04-13,206.03785705566406,206.59819058576613,200.1447067747217,203.29415240113812,8052900
2022-04-14,205.57411193847656,208.62695731211662,205.32293405634837,207.0039345512555,8191600
2022-04-18,205.9412384033203,208.51103928073093,204.34719707799925,204.49210456526419,4744400
2022-04-19,208.3854522705078,209.16798221938893,205.23600656203436,205.87362901717913,5028800
2022-04-20,210.404541015625,213.33180458423527,210.0181112677335,211.2450485663814,7178300
2022-04-21,209.11000061035156,216.32668798315885,208.04731135437916,212.06623115027722,8850300
2022-04-22,201.1107635498047,209.21625040322346,200.8982227712743,208.90710956076538,6201100
2022-04-25,202.83041381835938,203.39074729355934,198.36708666866215,199.35250172790003,6839400
2022-04-26,194.28054809570312,201.48756542386673,194.28054809570312,199.9611426868554,8155300
2022-04-27,206.84938049316406,214.2786095644889,205.82532819437208,209.9988263024577,15955800
2022-04-28,213.17723083496094,217.30242080379708,211.83436753472608,212.9260382268485,10799100
2022-04-29,205.90260314941406,213.69893560190343,205.14905472623968,211.20642360934514,7965000
2022-05-02,204.35682678222656,204.94614172472194,199.94180724693325,204.58869347383697,8803700
2022-05-03,201.487548828125,206.36630193698696,199.2752111820904,206.36630193698696,6616900
2022-05-04,207.24546813964844,207.51597194786302,198.36710565483912,202.25078853185138,7191100
2022-05-05,198.28018188476562,207.3034528022948,196.18376978131528,205.071788780601,7749600
2022-05-06,195.94219970703125,198.74385222006842,193.4303621329394,196.84065550046148,8825300
2022-05-09,186.45521545410156,193.94240674824295,185.5664151597592,193.26614725704238,10314100
2022-05-10,187.01556396484375,191.0441544799853,184.49407036283685,190.03942811834634,11016500
2022-05-11,190.049072265625,191.5948209119527,184.90947054673433,186.92860821707086,9427300
2022-05-12,187.7501983642578,189.77317730198055,183.85909873632653,188.29223915431712,9308600
2022-05-13,192.841552734375,194.10954434555256,190.19909614477186,190.68306331053464,6684500
2022-05-16,191.4671173095703,193.528822480193,189.59901085073997,190.99283886639995,5161300
2022-05-17,197.4586181640625,198.2329686401759,193.73206480561447,196.3454995086855,7265600
2022-05-18,193.57717895507812,198.8717805656608,192.74475489648088,196.31643469709567,8748200
2022-05-19,191.04115295410156,193.99335498042973,187.11134278146582,190.05387078359385,9012400
2022-05-20,192.64797973632812,195.19365189870575,187.79863377767035,193.26745715282038,6966600
2022-05-23,200.90443420410156,201.29161677281394,194.33216702619765,194.43864038640547,12187400
2022-05-24,196.13253784179688,198.10711737467923,192.64796834905653,197.37149260154771,7458500
2022-05-25,197.3037567138672,198.37816455487803,194.0418223110314,194.157969719949,5457200
2022-05-26,201.86270141601562,203.01454559726125,198.1071116021067,198.5330050576434,9212300
2022-05-27,206.0538787841797,206.3926469608084,202.91776602659112,203.26622299965652,4897200
2022-05-31,205.3666229248047,207.47672742278132,202.40474626839753,203.63402699039526,9586400
2022-06-01,203.1984405517578,207.24441360673927,202.1240476572602,205.2504713114468,5246100
2022-06-02,208.15431213378906,208.34789607519542,204.31161108036534,205.0956356432413,5337200
2022-06-03,205.83123779296875,207.3412278159692,204.4954984061505,206.12162105775755,4352500
2022-06-06,206.11190795898438,210.60312199187666,205.2891579929671,208.54141744916518,3965100
2022-06-07,207.6219024658203,208.07683275767877,203.96311207945158,204.35027988254154,4493300
2022-06-08,206.6539764404297,208.65760756366444,206.00546222113059,206.90563404553654,3646300
2022-06-09,199.50096130371094,206.85726870789077,199.41385075172496,205.77317212831784,5138600
2022-06-10,193.11256408691406,196.89719068993517,192.79314400018671,195.18394286821757,5162500
2022-06-13,186.09506225585938,189.60866885087074,184.9529067542729,186.80166500125458,7119200
2022-06-14,187.3146209716797,188.1083192950814,185.6013733895461,186.54027069724904,6441200
2022-06-15,189.86996459960938,192.45434698314514,186.06597574621202,189.6957287741279,6490000
2022-06-16,182.9879608154297,185.7175275397814,181.51669671726293,185.27228608514773,9887200
2022-06-17,183.91720581054688,185.17552345560043,179.9486837232321,180.93596615455306,15089300
2022-06-21,188.15675354003906,190.42171632421267,187.51791333850116,189.4344339431149,6241600
2022-06-22,187.6050262451172,190.09260962487716,184.90448137609033,185.11742809585246,5138500
2022-06-23,190.3346405029297,191.12835388652098,187.2469270683634,189.85067325035212,4752800
2022-06-24,198.920166015625,199.04600219665338,191.17669187489622,191.38963859532663,7754800
2022-06-27,197.03273010253906,200.44953745705521,196.1131953484312,199.15250886622908,6121200
2022-06-28,191.7671356201172,200.1591240900688,191.16702109027793,197.4585939362871,4354200
2022-06-29,193.1029052734375,194.2063498556483,190.99281545304564,190.99281545304564,4324600
2022-06-30,190.5765838623047,192.47374159014217,186.6661357862999,189.10531958986982,7045200
2022-07-01,192.79319763183594,193.39332709937744,188.4665437576709,190.47983463549076,4131800
2022-07-05,194.10952758789062,194.13857920327365,187.9147543087301,189.9377333422914,4110200
2022-07-06,194.6709442138672,196.01637231753185,192.29950810202016,193.58686251005267,4111200
2022-07-07,196.29710388183594,196.90689252488565,193.6255954226398,196.04543147944372,4650700
2022-07-08,197.04237365722656,197.5553776055035,194.03209768192974,195.83245589817645,3621800
2022-07-11,198.484619140625,200.11075655902195,195.52274233764115,195.52274233764115,5353600
2022-07-12,198.25230407714844,201.44647534942513,196.25834707651168,196.73264018537023,6779500
2022-07-13,197.6038055419922,198.97828541282342,193.10291640575122,194.00308832519656,7597300
2022-07-14,199.307373046875,199.47192012022103,191.63164568263466,193.58687727861047,5605500
2022-07-15,203.30491638183594,204.92137967994486,200.53662365889994,202.65640216517508,7245700
2022-07-18,200.56565856933594,206.08288073392984,200.01392896812442,204.71808992309485,4648900
2022-07-19,206.80882263183594,207.24439006354422,201.23351224355835,201.54325827379762,4927100
2022-07-20,206.52813720703125,207.2637767287338,204.4374103403904,205.20207194007529,4460300
2022-07-21,209.25772094726562,209.9449460367882,205.90866173439883,206.31519237246263,4801300
2022-07-22,206.8475799560547,211.07746336065074,205.3182418196627,210.94193836485624,5071500
2022-07-25,207.3992919921875,207.91229600297345,204.83425716875206,207.69934926987298,4357200
2022-07-26,205.6763458251953,208.25103960179234,204.96006919198936,206.9927369430173,6141000
2022-07-27,203.7211456298828,209.89657156380426,194.74838999047302,204.0115288913552,17432200
2022-07-28,204.57293701171875,205.89900238536958,201.2529144099457,203.88569710370234,7477100
2022-07-29,205.3085174560547,207.29278545909878,203.10162872929934,205.20204410654003,6059700
2022-08-01,204.5825958251953,207.12826778017717,200.90444250277238,201.76590344567228,8028400
2022-08-02,199.64614868164062,202.14342126420428,197.39085970471874,201.13677596331777,9939400
2022-08-03,201.79495239257812,203.58563687663195,200.2462662694159,201.32067400594696,9520100
2022-08-04,206.6249542236328,207.98974525034615,201.8627188246287,203.77922477031785,6789700
2022-08-05,208.94798278808594,209.02541930819683,203.75018007025534,203.95345278173468,5553700
2022-08-08,206.47975158691406,209.683611750921,205.2504708927057,208.32849487170154,4063400
2022-08-09,203.51783752441406,206.6055499544241,203.02419640440914,205.20204833246598,4596800
2022-08-10,205.2989044189453,207.95103538098434,204.5342279263152,207.94136135342856,5746400
2022-08-11,204.67344665527344,207.01999470265278,204.19831347213952,206.81636196826258,6639600
2022-08-12,204.9158477783203,206.74848310636017,203.7231841002408,206.53515922304007,6443700
2022-08-15,209.8513641357422,210.16165881316988,203.98498670214806,203.98498670214806,5290600
2022-08-16,210.5495147705078,211.00525083589767,205.6915801873713,208.03812822849304,6564400
2022-08-17,208.0090789794922,209.61868485313715,206.29279634304052,208.4745062926144,4902500
2022-08-18,208.71688842773438,209.44412497277875,205.98247191644816,207.37876845023982,4516400
2022-08-19,206.3606414794922,208.6974835796321,205.9436848486994,207.61148178054086,4178800
2022-08-22,202.27838134765625,204.838252886578,201.8808218976038,203.5680156738536,5139500
2022-08-23,200.52333068847656,202.94745215522394,200.26152142728213,201.68690603338266,3525500
2022-08-24,200.39727783203125,202.0262952017846,199.43732037508747,200.3584983974564,4230800
2022-08-25,203.4517059326172,203.53897076834488,200.2324650106714,201.09545179830965,4495000
2022-08-26,196.73204040527344,203.8783471800921,196.5478047697454,203.40322874706317,5060200
2022-08-29,196.1890106201172,197.76954263400984,194.5309049397372,195.14178831603468,4476200
2022-08-30,195.26788330078125,198.20591802960922,194.13339596154074,197.73078478332897,3918200
2022-08-31,192.67889404296875,197.00351883271554,192.61101153403803,194.89938299083158,6559000
2022-09-01,194.0557861328125,194.3466688868947,190.6911041843977,192.68857800597016,5608300
2022-09-02,191.7577362060547,196.3344796026599,190.8753670664842,196.29570016179576,4508100
2022-09-06,192.61106872558594,193.96857135063482,190.4390497298388,191.89352316910643,4547800
2022-09-07,194.3369903564453,195.0351386029415,191.2341174807207,192.67889936776567,4098300
2022-09-08,194.6182098388672,195.00606342601412,190.9820269756172,191.40866000321247,4377600
2022-09-09,198.971923828125,200.13549938821552,195.23878495634844,195.93693325153598,4885600
2022-09-12,200.3585205078125,200.90152142576468,198.72950295829062,200.2324614391217,3812300
2022-09-13,193.6097869873047,197.29445563131114,192.834064936619,195.91755601928608,5217900
2022-09-14,193.35768127441406,194.78306627158472,192.0486494049578,193.9297705465663,4632800
2022-09-15,189.44027709960938,194.23034443216682,188.62577567672093,192.0777229604858,6099300
2022-09-16,187.43310546875,187.9373269592084,182.50728806601273,184.44658555705894,9398200
2022-09-19,187.2682342529297,188.10213262027403,184.92168647404523,185.7749671600358,8133600
2022-09-20,186.24044799804688,187.17130253988196,184.51445956021473,185.29988749919994,5292500
2022-09-21,181.34371948242188,187.2294798996346,181.32432236398142,186.68647894863196,6705900
2022-09-22,180.15101623535156,181.52793033900952,179.0553233215265,180.69403190789623,6604700
2022-09-23,178.37660217285156,178.97777970237667,176.6990990732626,177.90146892797955,10755800
2022-09-26,175.10885620117188,178.90018619119695,174.43979622697154,177.48449257086506,9914600
2022-09-27,172.47142028808594,179.2395792889636,171.647227719096,176.97058994478533,9799600
2022-09-28,173.74163818359375,174.63372796269485,169.5236754291585,171.87991454916062,9751000
2022-09-29,174.59495544433594,176.70879746013816,173.3053208026476,173.40229159807257,9105200
2022-09-30,172.2581024169922,177.36815570656637,172.20963181380247,174.59495956259312,9472300
2022-10-03,176.13668823242188,177.7947940929011,172.74291763221595,173.89680200359246,8842300
2022-10-04,180.01531982421875,180.55833565907537,177.5136385787696,179.43353933751817,7081400
2022-10-05,181.9739532470703,183.08905802832064,176.82512148441572,177.77537298143432,6119900
2022-10-06,179.95706176757812,182.34240359036727,179.6273848281641,180.9848868114347,5163000
2022-10-07,178.25051879882812,179.00684358633424,176.40817742757977,177.8820475654455,5610300
2022-10-10,176.65060424804688,179.17169694592633,175.4094550171214,178.5414311692894,4743800
2022-10-11,173.70286560058594,176.12698732371328,172.78170230493052,174.89552934557844,6294500
2022-10-12,172.8302001953125,175.10886590241617,172.8108030773388,173.65439276337156,4884300
2022-10-13,179.05532836914062,179.74377064471275,169.30066503910643,169.6885185919078,8426400
2022-10-14,177.07720947265625,181.4503338037506,176.54391461871413,181.1206420594827,6449400
2022-10-17,179.62741088867188,182.84665148128101,177.3002600666794,180.35464737000254,13952100
2022-10-18,181.48916625976562,184.41750981306916,180.10257556134155,183.7387586042019,5209200
2022-10-19,180.752197265625,181.94486088888743,179.15226821425995,179.86012233804416,4927000
2022-10-20,181.5376434326172,185.18351747192952,180.7716126207293,180.80071569576663,5706700
2022-10-21,184.59202575683594,185.1544238010821,179.4335021577601,180.1607387121993,7582500
2022-10-24,184.9217071533203,187.26825519461266,183.36057217926103,185.60045827341898,7299200
2022-10-25,188.48033142089844,189.30452399263635,184.931413394829,185.0768547911163,11907200
2022-10-26,197.15869140625,200.10641723510105,190.53598835610245,190.61356203523886,15450000
2022-10-27,198.0894775390625,200.05787752641862,195.47142965413624,197.14893214413138,7946700
2022-10-28,202.9862823486328,205.10012448998214,197.13930109235807,198.77800998097132,8455600
2022-10-31,200.87242126464844,203.25774869820975,199.94155203489427,202.57899759092257,8674100
2022-11-01,200.64938354492188,203.59712366041873,199.0979546170965,202.56929848176424,5919500
2022-11-02,194.8509063720703,200.71728405851752,194.4921410820375,199.51491432515743,6985600
2022-11-03,188.83908081054688,192.81464632482428,188.28637395991404,192.26193947419142,8236200
2022-11-04,191.00140380859375,195.33573484067153,189.41118047392902,191.02080092609341,9680100
2022-11-07,194.0266876220703,194.3563645897483,191.1856095765406,192.30071432579948,7821300
2022-11-08,195.65573120117188,197.9247058134615,193.67765418432955,195.53937808125949,6943700
2022-11-09,188.4642791748047,195.6557268312132,187.88119844292473,195.0434779754399,7320200
2022-11-10,199.7762451171875,199.96087772219488,194.38266273373986,197.3661304844794,8048900
2022-11-11,199.22230529785156,200.61199523652562,196.45262341465482,200.19412142125572,9601000
2022-11-14,201.02984619140625,203.2747386429989,197.48272393749136,197.76454403579848,5796100
2022-11-15,204.0716094970703,207.70619117556393,201.66149558540192,204.0716094970703,7316100
2022-11-16,204.2174072265625,204.94626920364817,202.35152234467134,202.70137668682187,6125300
2022-11-17,205.04345703125,205.32527713815762,201.4768941976219,202.0988558258264,5385600
2022-11-18,204.85882568359375,208.13384101695203,203.82870304632002,207.16202496990343,8028500
2022-11-21,200.505126953125,204.6159053568336,200.0872382731562,204.372951305075,10450900
2022-11-22,204.4020538330078,204.54782029636021,199.56241447615454,201.69067898477408,5273100
2022-11-23,205.7625732421875,206.8315766475092,204.00358886239476,204.08133591266667,3807300
2022-11-25,207.76454162597656,207.96862951603322,205.4321890956088,205.74317734165024,1993500
2022-11-28,205.3058319091797,208.42536762801276,204.7130235875394,206.27764785752544,10229400
2022-11-29,203.16787719726562,204.22715321710757,201.50607992370394,203.4497121782707,8986900
2022-11-30,210.88406372070312,210.88406372070312,202.14743288535806,202.35152076198912,13918100
2022-12-01,210.88406372070312,212.48755412625604,209.23197955131093,210.88406372070312,11261500
2022-12-02,211.52548217773438,212.32236361715212,208.20187311055756,209.64986951533368,5132800
2022-12-05,207.65762329101562,210.79659945918914,207.04538933132432,209.57210188233756,9006300
2022-12-06,203.18728637695312,206.1513280743932,201.78786899660534,206.02498725210944,5986000
2022-12-07,201.95306396484375,203.12896775269982,199.3486044170072,202.9151670639987,7923800
2022-12-08,203.2067413330078,204.37291762351032,201.89478373823243,203.60517464238706,4896500
2022-12-09,202.81802368164062,204.58673615879366,201.67128776424568,202.05029546238742,4928400
2022-12-12,208.5419921875,208.76552054451787,203.56629900538488,204.08136029984277,5941700
2022-12-13,207.03567504882812,213.7800804918346,206.62751410643608,213.352479077309,14585000
2022-12-14,207.3078155517578,210.18438287566323,205.66544398614755,206.85106080290512,7001700
2022-12-15,202.05027770996094,205.8500820092292,200.99100177857497,203.69264920051984,10831800
2022-12-16,201.0590057373047,202.5264425158289,199.51382190161735,201.64210125166042,12472900
2022-12-19,199.04734802246094,201.62265433292288,198.20185807080776,200.8063325019162,4893600
2022-12-20,199.57212829589844,200.7091512019402,197.81314376188334,198.13384481159792,5024900
2022-12-21,200.98130798339844,202.09890552195193,199.78597819734807,200.7480815834307,4086900
2022-12-22,199.28057861328125,200.82576243255494,196.43316496501217,199.95113399904693,5690300
2022-12-23,200.02886962890625,200.42731770909802,197.7839772595698,198.3767855551346,3246000
2022-12-27,200.47592163085938,201.0493043564732,198.8335650018125,200.11635444616226,2904900
2022-12-28,199.2125701904297,202.65279235780213,199.02792277504017,200.85492679912434,3139200
2022-12-29,202.196044921875,202.65279965151908,199.70819820731595,200.1455124639205,3675500
2022-12-30,201.90451049804688,202.17661782365678,199.90257167588658,200.49538009855186,4159400
2023-01-03,201.544921875,206.34569534067188,200.3495923338311,203.3816535421563,4202800
2023-01-04,206.6177978515625,207.19116572572406,203.71206270839843,203.71206270839843,6606200
2023-01-05,205.1601104736328,208.12415273233415,204.52843590007222,207.77429832099995,5246000
2023-01-06,211.61294555664062,211.99195322418964,207.08427919042387,207.96863535761696,6829700
2023-01-09,212.43898010253906,215.9472363990621,212.19602610646058,212.89573480146547,6294500
2023-01-10,214.85879516601562,216.122158927558,212.03080705653116,212.81799047004898,10857000
2023-01-11,215.84034729003906,215.91807952354608,213.50797990895913,215.05316384560544,5408200
2023-01-12,217.3175048828125,217.50215230875673,214.39234384972258,215.84035513273153,4264400
2023-01-13,216.77328491210938,217.45355317876286,213.9355838364006,215.65570239037413,4283200
2023-01-17,216.7149658203125,218.07550227513428,216.1027170012751,216.1124446515679,6101100
2023-01-18,213.27474975585938,218.64889114710826,213.2553092834606,217.76453501215954,6558000
2023-01-19,214.19798278808594,215.27669921511045,211.3699944755168,211.9530900469438,4853100
2023-01-20,217.988037109375,218.1046502801793,214.1979607708868,214.90738227450436,5211000
2023-01-23,217.8616943359375,219.82476672304674,216.86072508554548,218.269870087564,5501500
2023-01-24,217.5798797607422,223.51767600783896,210.52450106510025,215.76258861839543,5274900
2023-01-25,218.56141662597656,218.62945086506366,214.93654702907025,215.37386127164177,4729600
2023-01-26,218.37680053710938,220.67999992973367,217.36610349743333,219.6304367710255,7043400
2023-01-27,224.9171142578125,226.27765082821603,220.84520254024815,221.57406459483644,11382600
2023-01-30,222.64303588867188,223.92582520760115,221.50599819927263,223.71202451632388,5677400
2023-01-31,223.72178649902344,224.29515442783304,222.0113807063215,222.36123508857992,11294200
2023-02-01,224.39230346679688,226.10270907906252,221.37968283118946,222.90542620623825,5792700
2023-02-02,223.09005737304688,227.69647011335292,221.93359407042107,227.36605626366952,7190000
2023-02-03,223.64404296875,224.3534645669457,221.22421555081212,222.24462541759252,5243600
2023-02-06,222.9734649658203,223.7703463732812,221.61291367130525,222.25431578891656,3402400
2023-02-07,224.8004608154297,225.58762932081552,221.52543115312085,221.59346538382522,4042600
2023-02-08,223.71205139160156,225.3252695909552,223.50797832551547,223.84810504523765,4978600
2023-02-09,223.3225860595703,226.37031816584744,223.10836656867784,226.3021655229896,5238400
2023-02-10,221.2290802001953,223.8678667349582,220.21641839915685,222.94283612811145,4509700
2023-02-13,222.8649444580078,223.78997509672033,220.3235357344315,220.91750527849436,4946700
2023-02-14,223.3614959716797,225.33814519514578,221.1998376821528,222.66041680438562,4829400
2023-02-15,222.9038543701172,223.04992120206157,220.83957389376417,221.6088057206645,4407300
2023-02-16,219.8950653076172,222.3585743289645,219.73926662965712,220.1287633245573,3865900
2023-02-17,217.68470764160156,218.86291465819235,215.91254605187325,218.28840891776036,4520200
2023-02-21,214.8219757080078,216.59415220082317,214.20854257092353,214.37407309094814,7276100
2023-02-22,214.2377471923828,215.92227759927005,213.68272000097997,214.61749716521356,4621800
2023-02-23,215.31858825683594,216.2533506150948,213.17639356545152,215.73728049156486,5533800
2023-02-24,213.7801055908203,214.45197438030505,211.7450355312068,212.73821866039512,4414400
2023-02-27,214.55908203125,215.6204326425378,213.57561589940295,214.92908531082136,4255300
2023-02-28,214.1598663330078,215.9417747770265,213.73142738151302,214.21828712497887,5385400
2023-03-01,212.6213836669922,214.48119141709103,210.74209736735128,213.69248102510667,4792700
2023-03-02,213.30300903320312,213.82882592729246,211.38478027004126,212.16375890638514,5539300
2023-03-03,217.88922119140625,218.13265107145185,214.12091654500924,214.41303537262013,6055400
2023-03-06,220.79090881347656,221.44329913155727,217.81132935623762,218.0450125401583,5737600
2023-03-07,217.30496215820312,221.4043274723083,217.21733097587506,220.79087948045319,4386800
2023-03-08,216.35072326660156,217.0712661382795,215.3672571299696,216.12677195711623,4194900
2023-03-09,214.22799682617188,218.4734139446541,213.8872039556419,215.58146617878683,5066700
2023-03-10,210.459716796875,213.36139653521502,209.8170584078462,213.2737653524691,6638900
2023-03-13,208.83360290527344,212.12477926326105,206.91537448029263,208.98940157663145,6810800
2023-03-14,212.9134979248047,214.09169013574925,210.3623428694409,212.27083952368238,7985600
2023-03-15,210.6836700439453,211.20948686081778,208.0546305329215,208.77518826583656,8372200
2023-03-16,211.73526000976562,211.86184827396963,203.27363686771238,209.51518118184418,13674600
2023-03-17,211.67689514160156,212.91352314641264,209.22311768341228,209.22311768341228,18801200
2023-03-20,212.41690063476562,214.75383632361167,211.14133048110503,211.29712916525082,9817400
2023-03-21,216.11700439453125,216.6622848473161,212.9329379947179,215.5230350032239,8971400
2023-03-22,214.25723266601562,218.98951003967932,214.14039108027447,216.652589178173,6700600
2023-03-23,216.74021911621094,219.33031654224413,214.47145090689136,214.6467281422717,6427700
2023-03-24,215.2309112548828,215.51329817711925,212.5142408983467,214.87063986214423,4791500
2023-03-27,215.980712890625,218.19106024388788,215.57175249686458,216.74021288729153,7210900
2023-03-28,214.5395965576172,217.46075474907568,212.9037402443554,216.96416320532813,6418400
2023-03-29,217.4315643310547,217.6749942027066,215.1141071984387,216.44809814060156,4483000
2023-03-30,216.51625061035156,218.3468478726218,215.39647922157602,218.0352505267974,5383900
2023-03-31,219.53477478027344,219.90477803603798,217.4217906813577,217.72365616533025,9509000
2023-04-03,222.98175048828125,223.13754916365977,218.2299948936922,219.31082406023916,6421500
2023-04-04,221.6769561767578,224.00414488553034,220.86876731367397,222.9817365716157,5254700
2023-04-05,222.173583984375,222.46570281572957,220.59616309595376,220.82011442828716,4813600
2023-04-06,220.05088806152344,220.7714310248095,218.77530296116473,220.21641860329947,4285200
2023-04-10,220.47930908203125,220.52799803075786,218.42477510891123,219.63217783375666,4952200
2023-04-11,222.4461669921875,223.1180356739842,220.2552986077777,221.03427700490104,4513300
2023-04-12,221.82302856445312,225.50368694722627,221.35564738223206,223.8873090722277,4373000
2023-04-13,226.57476806640625,226.7208200323298,222.78700021974083,223.42965858536215,7615500
2023-04-14,227.8698272705078,228.81433631494173,226.13660785774402,226.86689743697977,9781300
2023-04-17,227.34400939941406,227.89903660879497,224.87076857328825,227.86982621438327,4865000
2023-04-18,227.46084594726562,228.1716569121007,225.6010384241731,227.60689790655428,4796200
2023-04-19,226.4579620361328,227.908794651277,225.75688277410802,227.85037385573847,3833900
2023-04-20,228.4345703125,228.50272294240514,225.41603432017675,226.35081145348425,4925700
2023-04-21,227.8990478515625,229.37910562514668,227.2466575812186,228.82407838838506,6771500
2023-04-24,226.6429443359375,228.97013333496932,225.42579496703422,228.07431318239014,9124100
2023-04-25,223.55621337890625,228.84351697153937,223.40041472304804,226.8960783466448,6076500
2023-04-26,222.15408325195312,226.65267714696438,220.76167159101163,225.1434090504804,8400400
2023-04-27,222.99151611328125,223.59523235738104,220.65459505971694,222.66045502128628,7128200
2023-04-28,226.6137237548828,227.43165938593796,222.0664556999642,222.6409466103996,11627900
2023-05-01,226.39950561523438,228.42484386887972,225.4257861581614,226.75004521409184,4571100
2023-05-02,221.0148162841797,226.26316304291765,220.26506307420163,225.85420269444464,5244000
2023-05-03,220.04112243652344,222.6604301971877,219.98270164536484,221.01484190991357,4093300
2023-05-04,219.67111206054688,220.11901468351488,217.60681674019577,218.9310757756404,5648700
2023-05-05,225.68869018554688,226.23397069366558,221.31668455945737,222.33909294106968,6237500
2023-05-08,226.12686157226562,227.31480047864014,225.17262068047907,225.17262068047907,2938400
2023-05-09,227.1298065185547,227.9379954911047,224.75394340551946,225.00710512816454,4352100
2023-05-10,225.19210815429688,228.63906857384677,222.88438288489724,228.14247698816843,5245000
2023-05-11,225.37745666503906,225.87503125741236,222.70427349117335,225.12380140296844,3818000
2023-05-12,225.7384490966797,227.0555241816147,224.21648772560133,226.3433273629426,3432700
2023-05-15,227.1335906982422,227.1531072236535,224.92869970267077,225.55309453510895,2843200
2023-05-16,224.85060119628906,227.4164803819418,224.03108594234277,226.8896385138735,4289700
2023-05-17,226.9774627685547,228.18723413344318,224.92867443295168,227.05551397468415,4990100
2023-05-18,227.904296875,228.44087469165822,225.49452000523704,226.73354374512343,6621900
2023-05-19,227.62136840820312,228.62625347123372,226.28477689240896,228.29454701847013,5399400
2023-05-22,225.64088439941406,228.16773093762495,225.5433166643669,227.62138734955192,3987800
2023-05-23,219.10426330566406,223.8945506261882,218.20669665054862,223.67991350357937,8537200
2023-05-24,216.8310546875,217.66033576698754,214.66518199416998,217.12374300301008,6730800
2023-05-25,217.9335174560547,219.21157444218895,215.11398249918892,217.02618512544043,6827600
2023-05-26,219.52374267578125,220.6944958750847,217.89446283373655,218.36277006815607,5067300
2023-05-30,216.2359161376953,219.97253388281266,214.39199919740585,219.52374317050223,6916000
2023-05-31,215.6407928466797,216.12860172791216,210.87002258369608,214.59688958194997,20460600
2023-06-01,220.9774169921875,221.18230326671903,217.00664566483587,217.29933396270437,7003600
2023-06-02,223.2115936279297,224.65551871442588,221.87500198343648,223.23111015254355,5897100
2023-06-05,221.24085998535156,222.76282142176646,219.8164514001126,222.35306371863527,4858900
2023-06-06,222.65548706054688,223.66037216548705,220.6457168506665,221.16279307411162,6020100
2023-06-07,219.7774200439453,222.00182737698353,215.63104450582864,221.46523462411338,8517200
2023-06-08,217.61155700683594,219.65059467105613,216.98716219957606,219.60181080286858,6248200
2023-06-09,218.10911560058594,219.68961169177248,217.32861837388091,218.1871668119311,6385000
2023-06-12,220.65548706054688,220.92865886725113,218.1774242749448,218.93840500601337,8621100
2023-06-13,217.9530029296875,221.61156955151583,217.20178796846233,220.11887556074953,6868700
2023-06-14,217.99203491210938,219.9725377761123,217.15300304213187,218.28472321777514,9160700
2023-06-15,220.65548706054688,221.5725702202313,215.9725184093,216.6066789430218,12534000
2023-06-16,223.3286590576172,224.19695824538738,220.56765908405131,220.92863288186456,13628900
2023-06-20,220.94815063476562,223.97257158162986,220.66521315375982,221.46522684571246,12312300
2023-06-21,221.70913696289062,223.0554942415394,219.49448046938397,220.60668412534514,7032100
2023-06-22,222.82138061523438,223.34820775241474,220.0018453654443,220.8408773889155,6275500
2023-06-23,223.95306396484375,224.3725724638349,220.87010821288956,221.67987275521116,5424400
2023-06-26,220.7823028564453,224.48965333507843,220.68473512539745,223.84574203835223,5165400
2023-06-27,221.79693603515625,223.03597474774924,220.99693722009894,221.93352192488533,4628500
2023-06-28,222.40182495117188,222.49937779241876,220.50912416738902,221.9530342438516,5324500
2023-06-29,228.60675048828125,228.97747509758474,223.02621595865983,223.2115708199391,7118900
2023-06-30,231.68971252441406,232.47020974698046,230.19701847137603,230.5092233151011,6879400
2023-07-03,232.1677703857422,232.58727889650504,229.6701911853268,231.2214199233861,3087400
2023-07-05,233.6116943359375,234.14828713797814,228.28482914012693,228.69458685620873,7601200
2023-07-06,233.0555877685547,233.75803378435816,230.91898237771468,232.46046030757526,6441800
2023-07-07,230.68482971191406,232.62631452579126,230.37263975177223,230.9580015095681,5729500
2023-07-10,232.3531494140625,233.27023256975275,230.73362021940721,231.2311799608629,4858900
2023-07-11,234.68487548828125,234.83121221026775,232.31411638487162,232.98729507950333,3856500
2023-07-12,236.30438232421875,238.00194768562798,235.34826620855063,235.66047103491056,6116000
2023-07-13,237.37757873535156,238.31417842954457,237.2214763051949,237.84587113907452,5819600
2023-07-14,237.23121643066406,238.7726942670628,236.06047810422382,238.7629285620141,4941200
2023-07-17,238.04100036621094,239.38734285238598,237.0751333525827,237.1824519096525,4328100
2023-07-18,234.89952087402344,237.25074864827423,231.8848503142561,237.17271231829898,7674000
2023-07-19,235.53363037109375,236.67510132772253,234.2653243459245,235.36777714355745,4835500
2023-07-20,233.77752685546875,235.719011590051,233.24094898775763,235.27998656794833,4695000
2023-07-21,233.4165496826172,234.4897351760861,232.90922427781862,233.89460774547982,5427400
2023-07-24,234.8702392578125,235.39706633024616,232.38241084039763,233.83607186413386,6010000
2023-07-25,232.8701934814453,234.92874744412816,232.7433584154416,234.16776682159562,4997500
2023-07-26,231.31898498535156,233.0263161253922,222.1286522626246,225.77746817256872,7551400
2023-07-27,228.723876953125,232.84098593578412,227.27996654043253,231.63121430600202,8160100
2023-07-28,230.0019073486328,230.12874243245682,228.0116534916277,228.86043625445748,6794800
2023-07-31,231.9336700439453,232.6068488663521,230.24585502076943,230.24585502076943,4799600
2023-08-01,233.93360900878906,234.86044283888756,231.22139301582985,231.35797889724705,4627300
2023-08-02,231.7677459716797,232.9677516134385,231.01651614994668,232.8116640902855,4868200
2023-08-03,232.9385223388672,233.221459863888,229.5141089000551,230.24582231844,5033800
2023-08-04,233.1628875732422,236.01168956968945,232.04091824726177,232.19702065749743,5169700
2023-08-07,235.6214599609375,236.27512212949668,233.37755083088993,233.3873016500934,5649800
2023-08-08,233.45556640625,235.4751023078734,231.60189862357018,234.55801923487024,5080600
2023-08-09,233.91412353515625,236.07024547094616,233.65071744179576,234.63608608233065,4055000
2023-08-10,234.74497985839844,238.44951801650257,234.67655102902185,235.19459962526548,4778000
2023-08-11,234.62767028808594,235.29234568355415,233.04420215421254,234.5885787541126,3607100
2023-08-14,237.4231719970703,237.8434842670373,234.84269836631435,235.29233301386748,4351100
2023-08-15,234.42239379882812,237.19835483299937,233.9532208571451,236.55323271647342,3770100
2023-08-16,233.89456176757812,235.63444063865325,230.69830338320423,231.19679870280427,3218600
2023-08-17,232.01785278320312,234.95999381636955,231.1577048823001,234.58855716148076,4177600
2023-08-18,232.79981994628906,233.6599827705138,229.99453652829095,230.26822198786448,4344800
2023-08-21,234.0607452392578,235.10661149338276,232.39906431995075,233.98254726184132,3573600
2023-08-22,235.14572143554688,235.98631614710885,233.28855300245627,234.58856643119788,3848400
2023-08-23,236.8367462158203,237.07132527284494,235.2923694598609,235.87884693190583,4947700
2023-08-24,234.07049560546875,238.06827179853892,233.9629752594937,236.7878117149421,4570700
2023-08-25,237.10061645507812,237.9216728244572,234.79382838296164,235.93744580775507,3541500
2023-08-28,238.33218383789062,239.70061102159718,237.12992174686715,237.53066583404984,3741500
2023-08-29,239.80816650390625,240.28712354575228,237.91190647524786,238.00965768043764,3975600
2023-08-30,240.67811584472656,242.6330207711844,240.50218156042104,240.86383419909862,4573300
2023-08-31,240.14048767089844,242.4277375192155,239.91567780513807,240.052520538393,5532600
2023-09-01,242.51571655273438,243.25857501046704,241.2059339109136,241.89014761076473,4112900
2023-09-05,239.80816650390625,243.08263798614496,239.6713237654845,242.7503077520836,4459600
2023-09-06,240.60968017578125,241.0984063632127,238.70365102774656,239.88636004907647,4520300
2023-09-07,241.5675811767578,241.82171342686183,239.58335403377168,239.96455986629758,4007900
2023-09-08,241.71417236328125,242.54501278300373,240.88334685829722,242.2028985125913,3309100
2023-09-11,241.64578247070312,242.7600776052695,240.7172056776878,241.7533028308253,2995800
2023-09-12,241.72396850585938,242.17358823342968,240.4630466254026,241.37208506418995,3499600
2023-09-13,242.2420196533203,244.42173423535704,241.0495265834776,241.5773442942696,5657000
2023-09-14,236.05474853515625,240.00364956721342,233.36675450421762,239.47583184725997,12000000
2023-09-15,235.6344451904297,238.59612461796237,234.617886394103,236.4457175160172,13077900
2023-09-18,239.14346313476562,239.70060314312778,235.34117460493545,235.50733969215705,4771600
2023-09-19,238.06826782226562,239.59309094717977,236.0156270443957,239.47580144979798,4709000
2023-09-20,236.40663146972656,239.01642751519836,236.2209131325459,238.13672634561985,5756600
2023-09-21,231.2749786376953,235.35095275102222,230.94264845055315,235.34118359777844,6881500
2023-09-22,229.7794952392578,232.42838269799654,229.5840077564497,231.41183883855095,5935500
2023-09-25,228.09829711914062,230.16072232004365,226.97423280306495,230.0727551818618,5921600
2023-09-26,224.471923828125,227.4238340699081,224.42306314293518,226.70051396928233,6193200
2023-09-27,224.3253173828125,225.47870401245964,222.78094085899215,225.06817580963238,6006700
2023-09-28,226.43663024902344,227.29677823300003,224.49149457205797,225.468946987967,4203900
2023-09-29,224.82382202148438,227.77573245699242,224.4719385595381,227.59001411391802,6045200
2023-10-02,226.055419921875,226.15315621268414,223.61178893054725,224.07119275009606,5175200
2023-10-03,223.65086364746094,226.52457586354438,222.6440889479132,225.27343808323766,5585700
2023-10-04,226.00653076171875,226.47570370778237,223.71929587057718,224.30575832447195,5430900
2023-10-05,228.21556091308594,228.90955861491196,225.02907175527673,225.21479008033182,6126200
2023-10-06,229.7404022216797,231.25545640278733,227.50204282043245,227.91257103274566,6401300
2023-10-09,229.1539764404297,229.8675126202969,226.47575110478505,227.55095486738674,5372200
2023-10-10,231.26522827148438,232.8486962804038,228.99753169673355,229.60354737130982,4644000
2023-10-11,230.36598205566406,233.13217422848498,229.5938011967325,232.19382824585273,4760900
2023-10-12,231.44117736816406,232.36975416236479,229.59379293442618,231.3727634560389,4472800
2023-10-13,232.3111114501953,233.26901063156026,230.90357759976678,231.05997356420107,4966800
2023-10-16,234.65699768066406,235.28256660102295,232.9562251871542,233.61111648544087,6227300
2023-10-17,235.7615203857422,236.03520586977373,232.91713026804993,234.2269278441897,4527600
2023-10-18,232.11561584472656,235.39985640943507,231.64644288255093,234.54947761897807,9528300
2023-10-19,228.53811645507812,232.55544594452212,228.147141506827,232.11559539905505,5927400
2023-10-20,228.1178436279297,230.45395424422875,227.39452348977915,228.85093292067717,5748300
2023-10-23,226.30955505371094,229.17349836763344,226.06519195147052,226.14338993395629,5071700
2023-10-24,229.3592071533203,231.1968224978,227.63889624267878,227.63889624267878,6844100
2023-10-25,231.5095672607422,233.10280425788307,226.0749203190237,227.01328102481853,10365300
2023-10-26,226.065185546875,230.2975561475415,225.16593114587565,229.28101223350652,6414500
2023-10-27,224.10049438476562,226.1726885008804,222.88844815595473,225.9576478003698,5540900
2023-10-30,227.82460021972656,228.11783891371354,224.8433675078814,226.9546682069002,5170300
2023-10-31,229.79904174804688,230.4050574014681,227.73661679798929,228.30354092188657,4828400
2023-11-01,233.20059204101562,233.65021178632014,230.36597117277947,230.81560583282373,4996200
2023-11-02,237.76527404785156,237.76527404785156,233.80658921539182,234.50058691692706,6286700
2023-11-03,238.10740661621094,239.78862590921995,236.79760908695528,239.59312350070374,5029800
2023-11-06,237.9998779296875,239.26078489795458,237.13971508948094,238.4983732585858,5254100
2023-11-07,239.2510223388672,239.54426103472449,237.89236413231012,237.9216865104219,4219700
2023-11-08,238.91799926757812,239.7408037504928,237.83071657712165,238.50659702612077,5117500
2023-11-09,236.69442749023438,239.47629849242486,236.03814196872065,239.3293744751054,4866600
2023-11-10,240.23052978515625,240.25012463519195,237.0176619178977,238.9865183714857,4094400
2023-11-13,239.6623992919922,240.65172249709107,239.1138630615813,239.98564705916104,4088500
2023-11-14,241.88595581054688,242.85568421306328,240.55378992294075,241.1317109835403,14092000
2023-11-15,243.03201293945312,243.15935705409643,240.31870145450293,241.75861663249688,13258900
2023-11-16,243.48260498046875,244.34458414006036,242.2092086727972,243.50218488543078,7051600
2023-11-17,244.45233154296875,245.11842196891692,243.5707575386318,244.34458228052824,7238200
2023-11-20,244.85394287109375,245.79428647932897,240.57338708621756,244.5013102813825,8604200
2023-11-21,247.0676727294922,248.1549552580306,244.9127025228506,244.9127025228506,7213700
2023-11-22,248.52720642089844,249.33041600756113,247.48890344603316,247.8219412027837,5701400
2023-11-24,249.09532165527344,249.4871289974253,248.31169202447765,248.98757239420786,1640900
2023-11-27,248.93858337402344,249.7613877294813,247.35174426757024,249.0953122835844,5478900
2023-11-28,247.76315307617188,248.9483799885296,246.46037200525163,248.6545319583529,5234900
2023-11-29,249.0267333984375,250.8290859336885,248.3312731625478,248.72308048306385,4955100
2023-11-30,251.4266357421875,251.5147901644667,247.98847875485257,249.04637666168503,6874700
2023-12-01,251.2013397216797,251.6519166929253,248.70351174182738,250.55482917662462,3939400
2023-12-04,249.23243713378906,252.1220721160169,249.14428273035261,250.67235217588177,5247500
2023-12-05,249.39898681640625,249.60469539634246,246.9795382464289,248.98758460302653,4199100
2023-12-06,249.08551025390625,251.57351819925228,248.34107034465512,250.5646150668741,3874000
2023-12-07,250.58421325683594,250.89767108374528,248.31168885121875,249.67323952556103,3589300
2023-12-08,250.50584411621094,250.7997070868209,248.67410673575404,249.78098411490524,3732300
2023-12-11,251.26988220214844,252.35717975644005,249.78100228334594,249.78100228334594,6479300
2023-12-12,254.2476806640625,254.4044095913691,251.15235160897615,252.0339256687128,5946600
2023-12-13,257.0099792480469,257.1079385670152,253.39549859692167,253.8460755925914,4859900
2023-12-14,253.43467712402344,257.86215715201524,251.1523476539829,257.803387541824,8168700
2023-12-15,252.74899291992188,253.08203067679068,249.2422616804101,249.30103129085836,13374000
2023-12-18,253.08203125,254.27706315346458,252.67064397593043,253.4052940011836,6041100
2023-12-19,254.6688995361328,255.01174223224163,251.936022653784,253.31713855278292,8731200
2023-12-20,251.8477783203125,255.48186818288787,251.8183935186763,255.16841037011363,7240900
2023-12-21,254.22808837890625,254.66886044081892,251.7792550583307,252.2396369183183,6246700
2023-12-22,253.14080810546875,255.86390974795617,252.935114462547,254.67868270999597,5111500
2023-12-26,253.85585021972656,254.4239663732148,253.23873946610323,253.23873946610323,2085100
2023-12-27,253.6305389404297,254.45334328876163,253.0232331042549,253.9439967568369,4034700
2023-12-28,255.07046508789062,255.62880624265185,253.24854750033373,253.24854750033373,3020500
2023-12-29,255.0215606689453,256.1088285392698,254.35548504245872,255.2370592413958,4074900
2024-01-02,253.57180786132812,254.76683981158052,252.39638571069466,254.2966530155348,5471000
2024-01-03,252.6999969482422,253.56196109251476,251.60289460529273,253.25830817843394,4148300
2024-01-04,254.2965850830078,255.69734019713925,252.71955107030766,252.7881255646805,3843000
2024-01-05,254.37498474121094,256.10874778219085,253.45422112135088,255.44267236573342,3748400
2024-01-08,257.16668701171875,257.245036524652,254.62969929209717,255.59942771619222,4659000
2024-01-09,257.94049072265625,258.224563749677,255.79534029731323,256.63772458663703,7055800
2024-01-10,259.1452941894531,259.93871366916125,257.48007583602765,259.54690637805527,4355800
2024-01-11,258.62615966796875,260.74195504948926,257.02951570693835,260.02688502418016,5599000
2024-01-12,258.76336669921875,260.11509776086837,258.31275978568004,259.70371044866727,4656100
2024-01-16,259.8114013671875,260.2228185036317,256.98056569152624,258.1266029055782,6196400
2024-01-17,261.1730041503906,261.63338605984353,258.9788588251622,259.0082436324469,5118700
2024-01-18,262.6520690917969,263.27895484913716,260.96727064778094,262.39738087222986,6694300
2024-01-19,265.3555603027344,265.60044362340744,261.5843511857725,262.69122857809214,7226500
2024-01-22,265.64947509765625,266.77593255051715,264.82664072015314,266.6681683301111,5984300
2024-01-23,265.708251953125,266.30575300615794,264.3858758232962,265.99229512932664,5883000
2024-01-24,266.0902404785156,267.27546751511693,265.531899269667,266.991424353832,5021700
2024-01-25,267.0305480957031,267.19708190308734,265.2575952836487,266.38408244887313,6894900
2024-01-26,262.4561767578125,265.3262023926824,260.1640722311494,260.4971099938626,8586500
2024-01-29,268.05908203125,269.44022754856286,261.2513137516622,261.5060019712044,6574500
2024-01-30,271.4776916503906,272.9372168286682,268.57828098747854,268.97008839171167,6549000
2024-01-31,267.66729736328125,274.2595377899834,267.5889179538692,271.44828181029476,6139300
2024-02-01,271.3796691894531,271.5168181901708,267.76518918230937,267.7946038764476,7065000
2024-02-02,271.50701904296875,272.8000101072002,270.0377191680646,271.9282111661255,4848700
2024-02-05,269.9397888183594,272.31027269037634,269.4990167444002,271.7225466987784,4899100
2024-02-06,271.0956726074219,271.2132118322221,268.42153567126906,269.1757656257284,4400000
2024-02-07,273.6718444824219,273.81876851033905,271.38951497449193,273.6620395828986,4785900
2024-02-08,270.63946533203125,274.4471470044444,270.14878532164255,274.3293885937481,5833400
2024-02-09,271.2773132324219,272.01333316627523,268.9809346326467,269.8739757462361,4618300
2024-02-12,269.942626953125,271.51280850408904,269.1280816094579,271.2772618047751,3676200
2024-02-13,270.6688537597656,272.81803419482435,267.6757182417946,268.64725489508334,5493800
2024-02-14,272.3861999511719,272.46472549961334,269.5893187752006,271.316521456251,4218400
2024-02-15,275.7424621582031,275.87983694429823,272.3861987718248,272.4745175518977,4834800
2024-02-16,273.3675537109375,275.8798321293473,272.6904131268085,275.72281098460655,6630700
2024-02-20,270.02117919921875,271.6796798795777,268.24492011886036,269.4520036163118,6157200
2024-02-21,271.6011047363281,271.8071818759868,268.4313023037436,269.5108039022027,4770100
2024-02-22,278.46087646484375,278.7650956432331,273.77980044202525,273.97605445619985,5100200
2024-02-23,278.3136901855469,280.61989207747934,278.2155481999633,279.4128085471328,5107700
2024-02-26,278.8534240722656,280.0310679928954,277.39120732894565,277.7641289021027,3856900
2024-02-27,277.8916320800781,278.87299175413483,276.2920110195704,278.87299175413483,4145200
2024-02-28,280.3058166503906,280.79649657171996,276.82197123971696,276.84161760375457,4358800
2024-02-29,277.3715515136719,280.3352473630311,276.9201044372742,280.17822619933514,6633700
2024-03-01,277.8818664550781,279.5992462403838,276.8514206146587,277.9211292358143,3955700
2024-03-04,275.3008728027344,277.72483278862654,272.9456151928586,277.5383720244252,5920300
2024-03-05,274.17230224609375,275.75227712871117,272.50397862771695,275.0456968837041,6227900
2024-03-06,275.20269775390625,276.7434396945086,274.1035796646455,274.7807202640511,4535200
2024-03-07,273.0732116699219,275.92897253420404,271.0123499180069,275.6443697814037,5668500
2024-03-08,274.82000732421875,276.419628593196,273.6325404007755,273.79938474454605,3928800
2024-03-11,275.330322265625,275.536399452333,272.8082202162964,274.2410271871561,4614000
2024-03-12,278.627685546875,279.17724463494045,275.06534470724506,276.06632091435193,7988700
2024-03-13,279.82489013671875,280.76698696511596,278.5294882797237,279.35382674816105,5783800
2024-03-14,281.07122802734375,283.65220876362457,279.2458834590497,283.5736832183643,5484500
2024-03-15,277.7640686035156,280.30578673085427,277.37153069809636,278.26454170471817,9845000
2024-03-18,279.7366027832031,280.89463012385147,277.9701670988697,278.57860539127955,4095600
2024-03-19,281.99371337890625,282.6904703743199,279.9328520367443,281.3165727957856,6595200
2024-03-20,283.8877868652344,284.4667856046189,281.3755079508389,282.27837222416554,6105000
2024-03-21,284.9574279785156,285.5364266415634,282.533468179669,284.56489006528085,5057600
2024-03-22,277.9799499511719,285.07516120430296,277.6168516647492,284.5943045491725,8744100
2024-03-25,275.9682312011719,278.2155539378486,274.82005679747897,277.7346971319199,8519200
2024-03-26,275.36956787109375,278.8337667923221,273.2203874975758,278.8337667923221,8752400
2024-03-27,273.8190612792969,276.00750489968914,271.8171084068441,275.026144882268,5190700
2024-03-28,273.8779296875,274.5845100701373,271.9544725148267,273.2989308938948,5844400
2024-04-01,273.0927734375,275.6541378026939,271.63055708244326,275.133988416027,5084000
2024-04-02,273.2498779296875,274.1232727471863,271.81710073036095,272.81807713831836,6912300
2024-04-03,271.79736328125,275.2517684545959,271.4048254066571,275.2517684545959,4536600
2024-04-04,268.892578125,273.8778726003901,268.4607774284634,273.1712923650324,4018600
2024-04-05,271.9740905761719,272.77878291395115,269.90340566320907,270.95346791886493,4392100
2024-04-08,272.58251953125,272.79841989462415,270.0211547680963,271.1006565849671,5542400
2024-04-09,271.5618896484375,272.8180290157408,268.225272261731,272.4549306753936,7313900
2024-04-10,269.3636779785156,271.6600565663971,269.01037283875746,270.2861586867322,5276000
2024-04-11,270.5412902832031,271.3263961731328,267.1065306301701,268.89261283744185,8102300
2024-04-12,270.8160705566406,271.8366932418204,268.951492729926,270.41370940239926,9038400
2024-04-15,266.2232666015625,272.72968640924853,265.3007860586154,272.71006999617043,10267500
2024-04-16,266.2920227050781,269.0202021095562,265.13402517663474,265.49712355854257,8237100
2024-04-17,267.6070251464844,268.89260417932684,266.4392045061578,268.2056402913489,5940900
2024-04-18,266.3116149902344,268.0584343074934,264.8297520482353,267.48925877773,8231800
2024-04-19,264.7512512207031,266.9298712205255,263.2890346715062,266.4097517135228,7905400
2024-04-22,267.2536926269531,268.6570598571941,264.33905291602713,265.8994413031036,6463700
2024-04-23,269.00054931640625,269.76603879346106,267.62665143847636,268.90243728484006,6438000
2024-04-24,269.8935852050781,277.72484788093016,269.3734656631795,277.30287031742745,8807200
2024-04-25,270.0309143066406,271.07115309898114,265.44795174328806,267.88173436145905,8064600
2024-04-26,269.4028625488281,271.61092194338346,268.72572193860003,269.8837491821069,6840600
2024-04-29,266.7728576660156,269.3538388597888,266.0368377795203,267.24392117491396,4128600
2024-04-30,263.6029968261719,267.0083159529744,263.5735572351104,265.4872205002652,6376400
2024-05-01,262.3371276855469,265.86020602566384,261.73848259139623,263.15164320036075,6119900
2024-05-02,262.6217346191406,264.44707978827216,261.67963740695717,264.32932138034056,5061700
2024-05-03,263.4853210449219,264.4274481516148,261.5324243454105,263.98582419855694,3862000
2024-05-06,267.58740234375,267.6953375514045,264.54518083188816,264.62367644211633,3958700
2024-05-07,271.3067321777344,272.700276323849,267.74439117728224,268.6178158076853,6377100
2024-05-08,272.0231018066406,273.3577366437027,269.79542603504945,272.62171685742595,9029700
2024-05-09,273.3480224609375,273.59336246064606,271.2478976880416,271.6404356978292,8948800
2024-05-10,275.50689697265625,275.7914996551607,274.0348575061236,274.3390765999761,8986400
2024-05-13,274.18212890625,276.89066158920497,273.89752617859796,276.21352093128513,10528400
2024-05-14,272.5628356933594,274.77089503617333,269.1575163089375,274.2311591763074,18526100
2024-05-15,276.2527770996094,276.47850062975704,271.9053604771742,271.98385608186004,21288400
2024-05-16,275.1319885253906,277.62926415068057,274.561759605173,277.00001706229307,10341500
2024-05-17,275.3875732421875,276.18394331406387,273.4212214589575,275.33839644511846,6177800
2024-05-20,273.8538818359375,275.5547573020597,273.4999228344937,274.52243438914337,5460900
2024-05-21,271.30743408203125,273.7456914032352,270.2554285421113,273.32293291662654,6578200
2024-05-22,270.9436340332031,273.4015740799684,270.4913814657606,270.8944872339282,4202500
2024-05-23,269.6163635253906,272.7723500636725,268.4365403314151,270.6093508761007,6115900
2024-05-24,269.8719787597656,270.6093607819552,268.7511736881961,270.38324949780724,4339700
2024-05-28,266.42108154296875,269.84251531167416,265.68369943707125,269.6164040018579,6212100
2024-05-29,264.3367004394531,266.57837065472575,263.7468188082258,264.4743594895076,5469700
2024-05-30,266.7356262207031,267.0699324510983,263.7959396986071,264.17939272539314,4901900
2024-05-31,267.87615966796875,268.1711305091193,264.4842200258952,266.87333081802734,8910000
2024-06-03,265.8311462402344,268.5348803883179,263.55017059430924,268.49554494500137,4838800
2024-06-04,267.8367919921875,268.3971794522706,264.77909933974814,265.09372282887546,4188500
2024-06-05,269.8818359375,270.304594454001,267.44354843973895,268.928153932746,5368700
2024-06-06,272.3791198730469,272.4872548439302,269.4688969635415,270.176784967995,4862400
2024-06-07,273.981689453125,275.6137353305815,272.20211315725004,273.03781882009514,4515600
2024-06-10,270.4127197265625,273.8734882439514,268.78064406090994,273.4605711502716,5213800
2024-06-11,270.0489501953125,270.2357260211704,267.6401571267944,269.92113252171333,6244600
2024-06-12,265.77215576171875,272.92967617120814,265.3592086208734,272.1136232512988,7536600
2024-06-13,266.62750244140625,267.28621356056703,264.7889681179256,265.77214412014206,7361200
2024-06-14,266.10638427734375,266.98139519850986,264.73975541758057,265.5558081910907,8537300
2024-06-17,266.6078186035156,267.25668828558787,264.4743137259095,264.4743137259095,9258200
2024-06-18,269.01666259765625,269.29195072894066,266.73568665035333,266.73568665035333,6707500
2024-06-20,272.1628112792969,273.3622873041705,268.50539503985874,268.5938772870847,10164400
2024-06-21,270.58966064453125,272.8706358344476,269.9604136938732,272.5068655679123,14594700
2024-06-24,271.6515197753906,275.6727360631118,270.6388496844587,270.6880264874879,24149600
2024-06-25,268.9281005859375,273.25406851066964,268.9281005859375,272.19225174894746,18325800
2024-06-26,268.9969787597656,269.8424957779942,267.17809702938825,268.31858487111595,12172000
2024-06-27,262.1048889160156,266.0375929561749,262.01640667561014,263.99260005711835,10529100
2024-06-28,258.05426025390625,264.0811352035385,256.8547840811886,262.7046945145568,13957300
2024-07-01,258.8112487792969,261.29868293737036,256.9038848789708,259.35201359879625,7955800
2024-07-02,263.71734619140625,263.71734619140625,257.9854125068399,258.8112768619299,8697800
2024-07-03,264.4645690917969,265.211792640883,263.6387046447765,264.5432399938891,5017800
2024-07-05,265.81146240234375,265.99826825212415,263.7271339775857,264.47435737670725,7986400
2024-07-08,261.9180908203125,266.8733064586317,261.495332324488,265.7033245717487,8561100
2024-07-09,260.9742431640625,263.0487301484907,259.47982642652397,262.5079953432641,6431300
2024-07-10,258.5753173828125,259.04725271793427,254.1608662425112,254.76058926866762,9635500
2024-07-11,258.1328430175781,259.19468988434994,256.37297960634237,257.71992590595016,8803600
2024-07-12,261.2691955566406,262.90127141032707,259.22420256170165,259.89275507887857,6627800
2024-07-15,263.9336242675781,264.7103117489249,260.7874488863273,261.2003960317254,6845200
2024-07-16,264.72015380859375,265.66399442379605,262.87177801754814,264.0024244842382,7869900
2024-07-17,268.1120910644531,268.31854961086464,263.72710476538964,263.92375195521396,5324700
2024-07-18,264.621826171875,269.01662428756026,264.04175590656644,267.70901335121243,5550800
2024-07-19,260.9938659667969,266.39152205966485,259.8632196828258,265.7721164421106,6839900
2024-07-22,263.2060241699219,263.88441797316756,260.5612784741725,262.7341189183762,5313600
2024-07-23,260.3352355957031,263.1962819513517,259.4208589223416,263.02912879475457,8109200
2024-07-24,249.89385986328125,252.87289715671477,248.87136335159272,251.7619033971654,13065900
2024-07-25,249.47109985351562,253.8757244191848,248.44858834590195,251.09333435811223,8573300
2024-07-26,255.09487915039062,256.8056260788453,251.2899921957772,251.2899921957772,7062200
2024-07-29,257.1988525390625,258.2901635180235,254.22964175939723,255.94038843506593,6068100
2024-07-30,258.67364501953125,259.8534383694615,256.61881051456004,258.8014627167084,5941800
2024-07-31,261.20037841796875,261.8787422471282,259.8042553105948,260.08938474880534,7642500
2024-08-01,261.45599365234375,262.5079992022028,259.7354356051383,261.8492580623033,7269700
2024-08-02,262.0950622558594,263.45185002648253,258.457328817157,259.3913280765937,7017900
2024-08-05,252.1256561279297,258.49664741669113,250.22811864468608,257.05137749487653,9631300
2024-08-06,253.91502380371094,256.10748691218186,251.46691035152799,252.18462457566554,21586800
2024-08-07,252.20428466796875,257.6215937704532,251.99782611899562,255.2914715624525,12908600
2024-08-08,255.4586639404297,256.06825840008224,253.58082376462553,253.78728236958045,8223700
2024-08-09,255.90191650390625,257.6357556078879,255.16305590118645,255.32068310415113,7228100
2024-08-12,256.0299987792969,257.7145925900614,255.38962885141,256.6309243247712,26769400
2024-08-13,256.26641845703125,257.79338502336475,255.41917599186402,256.26641845703125,12005700
2024-08-14,257.261474609375,257.6161133364403,254.89709617165667,256.9954654997553,8552300
2024-08-15,262.8373718261719,263.4186353759986,258.9361956862595,258.9361956862595,7397800
2024-08-16,263.40875244140625,264.45300642226204,261.4483184694006,262.8866254509784,5111100
2024-08-19,262.5123291015625,264.32499740187876,261.2907554797747,263.448231514593,6555900
2024-08-20,264.0589599609375,264.0589599609375,261.8325168584613,263.03439808223374,6803600
2024-08-21,264.21661376953125,265.27069891418176,263.41864657209493,264.57125249536045,6639700
2024-08-22,263.9604797363281,265.4973077582804,262.6108321843605,264.94562744600637,4425200
2024-08-23,263.4678649902344,265.21156534257966,261.3694958840034,264.70916053235806,3697400
2024-08-26,264.2264404296875,266.3543629424095,263.69448234974703,263.74372770607926,4612200
2024-08-27,266.6991271972656,266.9257219409967,263.9111730549785,264.53179071384034,6594100
2024-08-28,265.1918640136719,267.9404340197328,263.6944506024748,267.13260583576533,5455100
2024-08-29,270.2456970214844,271.8908766785254,266.43318061732,266.95530764308353,5565100
2024-08-30,272.2652587890625,272.8760455387508,270.1866116206508,270.9156112813342,6296100
2024-09-03,274.40301513671875,277.9002770172578,272.26523166148974,272.26523166148974,7278300
2024-09-04,276.3240661621094,277.46684109111544,274.56067344195145,274.5705044751204,6107500
2024-09-05,274.4817810058594,277.3190105062312,273.2897609950485,276.8264367753143,6447400
2024-09-06,275.2206726074219,276.11716050640297,273.30948391101265,273.6444304780521,7187700
2024-09-09,281.36798095703125,282.70779727577303,277.4668050266767,277.90027235941807,10933900
2024-09-10,281.1019592285156,282.14621308119075,279.3582591305913,281.68319259449044,5314400
2024-09-11,279.7425231933594,280.93457351712414,274.166583788626,280.78677731556985,6281800
2024-09-12,281.1315612792969,281.75220906760387,277.28949171396596,279.78191389929896,4160800
2024-09-13,283.0821838378906,284.4515234408344,281.3089000255554,282.2349412236557,4987600
2024-09-16,286.1656494140625,286.5793945176226,283.4663248883292,283.77171820049045,4458900
2024-09-17,287.2296447753906,288.71722733890977,285.7716154386286,286.57944372241514,5135700
2024-09-18,284.1954040527344,287.68280507708624,283.85059636339236,287.5054857160487,5890000
2024-09-19,281.0035095214844,287.1508513768285,278.6687143725599,286.76662935772913,10382100
2024-09-20,280.5404357910156,282.7373254846596,279.04302245132345,281.25960427132514,27810900
2024-09-23,284.3431396484375,284.5894265337562,280.3926883873441,280.66852849632835,6505600
2024-09-24,268.7285461425781,276.826460165655,268.65957859898685,276.01863196325866,13690200
2024-09-25,265.6253356933594,270.1767125122634,264.2461351519213,270.11760606508153,11671300
2024-09-26,267.6547546386719,269.18172139744854,265.9898527846152,266.48242658606824,9552500
2024-09-27,271.08306884765625,273.8513311017774,268.7285517350587,269.10291262026817,6509600
2024-09-30,270.8663330078125,271.59533257990864,269.1423247818854,270.9155783599691,5969900
2024-10-01,273.4769592285156,274.9152661984567,270.2850608005631,272.8563114768494,5781600
2024-10-02,272.8858947753906,273.5164036923878,271.28009932075327,272.4622885079631,4741600
2024-10-03,272.7479248046875,273.5656140728562,271.7430851690525,272.56077443722114,3036700
2024-10-04,273.80206298828125,274.30449788070825,271.0141085316373,273.2306906133067,4259300
2024-10-07,269.7235412597656,273.4966429399146,269.1816920985532,273.47695081315464,4339300
2024-10-08,270.87615966796875,271.99924229646246,269.9402875418744,270.6298727825254,4370900
2024-10-09,272.8169250488281,273.36860531463907,270.34422494952827,270.91559734471826,4115800
2024-10-10,273.348876953125,273.5459184780768,271.2603690716248,272.66912277565166,4063900
2024-10-11,273.7134094238281,274.65914271511286,271.28009361505065,271.94015574462935,4746300
2024-10-14,276.5111999511719,277.1909541481975,273.8611507052179,274.93495789916585,3996600
2024-10-15,275.141845703125,278.44209574515173,274.6886562199779,276.8264394611974,5807000
2024-10-16,283.2496032714844,283.3284319088634,274.2158173763947,274.4817963828372,9442700
2024-10-17,286.07696533203125,286.6089232769196,283.33822672303677,284.2839898647966,8815800
2024-10-18,286.3035583496094,286.71733352315334,283.8012753103563,285.6139731461233,5350900
2024-10-21,282.589599609375,286.12627594243224,282.07730360798683,285.29875555286606,6313100
2024-10-22,280.5602111816406,282.27435849356516,279.31891550648385,280.81632913011623,5736500
2024-10-23,279.5455017089844,281.81132923711647,279.31890693044323,281.79163710762936,5249300
2024-10-24,279.0134582519531,279.4075112138088,277.5455981917074,278.1957991077105,4679900
2024-10-25,277.5456237792969,280.85570504122524,276.60972160233206,279.78189784383835,4464600
2024-10-28,279.96905517578125,280.4123835523524,277.3485593608434,277.8509941790489,4306200
2024-10-29,277.69342041015625,281.45669159462767,277.1712933657164,280.0479076264462,7534800
2024-10-30,285.8504638671875,291.386989201155,284.04762671728906,287.9980786650037,9606800
2024-10-31,285.5450439453125,291.9386423846978,285.3184491693389,287.75176499565896,7950200
2024-11-01,286.4218444824219,288.32320247067184,282.9245820290094,284.20526206606445,5470700
2024-11-04,287.51531982421875,288.79599961947775,286.44151259741784,287.2197575192469,4281600
2024-11-05,288.93389892578125,290.40175897977747,287.24927516972633,287.37734914625474,3753700
2024-11-06,302.8343505859375,304.4105926773894,298.32238803927777,301.7704044611899,10320500
2024-11-07,301.25811767578125,303.0609545816286,299.8986392705931,302.9328805860493,6237300
2024-11-08,303.29742431640625,306.52870764150924,301.14980949820546,302.33199879015734,6240600
2024-11-11,306.3020935058594,307.7995069784141,304.70612919982665,305.4844041925792,4674100
2024-11-12,305.8283386230469,306.51923496945676,304.11090229818956,305.0288543475788,4616400
2024-11-13,305.463134765625,306.91405619849616,303.84440658354737,305.47298448865325,4046400
2024-11-14,304.24908447265625,307.24963537803023,303.8345225882948,305.2854440013447,4415800
2024-11-15,305.6210632324219,306.68703219275574,302.6797310951012,303.5680435822923,5106300
2024-11-18,308.1083068847656,308.35506199694385,304.69322456623195,305.463099311369,4585600
2024-11-19,307.8023681640625,308.1774407969127,304.5057231028443,305.97637410077857,4885500
2024-11-20,303.4002685546875,308.2366633406729,302.24544123021116,307.8122216017336,6349900
2024-11-21,305.87762451171875,306.88440462568843,302.6698081217799,303.3113653754731,5757100
2024-11-22,305.89739990234375,307.5457072331553,303.9035992583418,303.97269792097984,5919200
2024-11-25,309.12493896484375,309.5888397839334,305.8381439789712,307.8121848905911,14189300
2024-11-26,307.77276611328125,310.4179740525233,307.496401554278,310.1218799255476,7071500
2024-11-27,310.6153564453125,312.26366377538824,305.47295806796546,306.73634307482496,5204300
2024-11-29,310.9903869628906,312.1452141310689,309.6283240578109,310.21066250279875,3853300
2024-12-02,312.5400695800781,313.3000947261818,309.63822658208613,312.7868247321422,5597500
2024-12-03,308.94732666015625,313.20138302287893,308.7104212343061,312.9842372867119,5009900
2024-12-04,305.87762451171875,308.7893468219447,304.7918960169833,308.36493526719863,5981800
2024-12-05,305.0682678222656,307.0521885681716,304.8215127094504,305.9566103255794,5200100
2024-12-06,306.9732666015625,308.5031363840776,304.79192952910375,304.86102819579185,4302700
2024-12-09,304.2984619140625,308.947350978642,303.6470547757648,307.7826436903521,5785300
2024-12-10,308.3254699707031,308.91768829761287,302.6599819145619,303.37060776108314,4539500
2024-12-11,309.7171630859375,311.4542986382225,307.17063339404245,308.9768977301615,4321800
2024-12-12,310.1514892578125,311.45433353764537,309.36185471695245,310.7338277883655,3218500
2024-12-13,310.6548767089844,312.8362140818693,310.26007446442634,311.7307256270342,4682200
2024-12-16,311.7899475097656,313.4382550210977,310.02317222601897,310.654849738174,6562500
2024-12-17,314.1685791015625,314.70157854789346,311.0496211659995,311.7207878042107,8843900
2024-12-18,305.7591857910156,317.4455039984776,305.5420400928418,314.3660050945382,10479200
2024-12-19,310.7929992675781,312.75716029356886,307.19038070556775,307.78256886915165,8317100
2024-12-20,313.5863037109375,315.84658929962677,308.2267891279142,309.50005412504214,24387000
2024-12-23,313.1026306152344,313.84289595808093,309.282866265582,311.5530012683885,7984600
2024-12-24,316.48809814453125,317.3665607946684,313.16184408029653,314.04030673043366,2684100
2024-12-26,316.7447204589844,317.27771990946843,315.31352882912853,315.6195027436816,2856000
2024-12-27,314.52398681640625,317.32712169518607,313.43825813623283,315.1260549218108,3489200
2024-12-30,311.2174377441406,312.99406263150837,309.16444831603843,310.59560999711914,3478500
2024-12-31,311.9380187988281,313.53698745360657,311.0990452109006,312.0169671984245,3963800
2025-01-02,310.3192443847656,315.53071150738697,308.355083195667,313.65537855020244,5369500
2025-01-03,310.8226318359375,311.8195321880407,307.96027838659904,310.1020960212572,4271300
2025-01-06,308.9769287109375,311.29643308257124,308.01951754994303,310.9213604452674,6567300
2025-01-07,307.6247253417969,311.09902702911023,307.2792621056075,308.8288916852571,4958600
2025-01-08,308.5426330566406,309.96394507264984,306.1836394601125,306.96339413646626,5161600
2025-01-10,303.7160339355469,307.80231278373327,302.0183576701582,307.16075555840877,6660100
2025-01-13,302.9364013671875,302.9364013671875,299.8963607946414,301.0413084018293,9568400
2025-01-14,305.0782165527344,306.13433590321046,303.52858686519255,304.74263313810735,5107600
2025-01-15,312.1748352050781,313.07302745356503,309.065726727377,309.60857594104044,5222000
2025-01-16,313.1322326660156,315.03717487435745,311.6517020151125,311.6517020151125,4606700
2025-01-17,315.47149658203125,316.42890769978504,312.59926322876987,313.3790178805016,5805800
2025-01-21,319.4294738769531,320.3671253514035,315.84658436611363,316.1525583350001,5653000
2025-01-22,319.3603515625,321.51204903003105,318.1956745980355,320.55463793719747,5026500
2025-01-23,323.95001220703125,324.2461364503339,319.3702524344283,319.55778875207676,5297100
2025-01-24,325.9142150878906,326.7926477611997,323.5552213889271,323.76248728149784,4327500
2025-01-27,330.1978454589844,331.1354968581317,323.7920619516546,325.7167639691533,6636500
2025-01-28,330.13861083984375,333.44510524896407,328.56925193949047,330.32614713499356,5999600
2025-01-29,331.5204772949219,332.73449333081453,330.15838407481806,330.15838407481806,5087300
2025-01-30,338.59735107421875,339.9693239489105,334.5999303268677,335.10332039189467,8081300
2025-01-31,337.36358642578125,346.69094196642135,337.2747581975767,341.972985299111,8624100
2025-02-03,341.33148193359375,341.50913841806664,334.8368693118345,335.5870146304701,8004500
2025-02-04,340.6701354980469,341.5189888309502,338.094026330763,340.12728624622525,5532600
2025-02-05,344.9044494628906,344.94393871730824,340.7688311158077,341.50909649839093,4939100
2025-02-06,342.96990966796875,346.0987479262019,342.1013267693184,345.24004487186966,4294500
2025-02-07,343.5028381347656,346.1974147440016,342.70335399867406,343.4831085699574,4261200
2025-02-10,346.67120361328125,347.3324904469774,343.1870226284738,344.17404307880423,6067000
2025-02-11,346.75030517578125,348.13445295509393,342.33089857786797,344.3576831648446,5154800
2025-02-12,347.5115661621094,347.84771416959876,343.5568411250705,345.20795210378355,6760100
2025-02-13,351.604736328125,352.04962481081867,346.76020398178787,349.12313660451787,4279200
2025-02-14,349.80535888671875,351.4070179050416,349.2220404894383,350.4183365187029,5720300
2025-02-18,352.6922912597656,352.7021575557046,348.4112843313369,349.68669165744103,5822000
2025-02-19,351.20928955078125,353.1075408611177,350.1711560219205,351.99032609939314,4152300
2025-02-20,346.52294921875,352.09912703856907,345.1091419969187,351.2093197745154,5697000
2025-02-21,344.58514404296875,349.3209366295465,343.5470405908966,346.52295123384636,6924100
2025-02-24,345.9000549316406,346.82941784746987,343.4283514687249,344.81252954568686,5055900
2025-02-25,348.1048278808594,348.5991685771324,342.0837618209137,347.39297607133983,6191900
2025-02-26,346.6613464355469,347.847745951763,345.03989453957644,346.03847235775726,5960600
2025-02-27,351.7135009765625,356.2317820796528,347.69945702736095,347.9169681356894,7298100
2025-02-28,358.6045837402344,359.87999105784706,349.7064520931997,350.6951333873146,15857300
2025-03-03,357.7247009277344,362.3912782061478,355.4705086085442,358.8913377042975,9099600
2025-03-04,348.24322509765625,356.1922010242565,346.4339214225763,356.03400839562624,8955800
2025-03-05,348.6881103515625,350.10191735590007,344.99045197955394,346.85904392939455,8244200
2025-03-06,340.26458740234375,344.9212682544981,336.5372694612739,342.0442018176931,8611100
2025-03-07,341.41143798828125,342.4693342337094,335.30139471988025,337.01179407989486,6358700
2025-03-10,337.6148986816406,341.10494243786604,333.81836613846133,336.0923210427302,8204300
2025-03-11,328.3807067871094,335.76612905177575,325.8496542430852,334.57972928681124,9776100
2025-03-12,329.0727233886719,332.3551529760761,325.38493079449523,332.16730109068976,6295400
2025-03-13,324.83123779296875,332.3946740793588,323.99088280306734,327.2436226437005,7915300
2025-03-14,328.04443359375,329.00345563334497,322.68579800223995,323.50639018128237,7810600
2025-03-17,330.7633361816406,332.30567668602885,326.0275742017555,326.2945073063825,6149400
2025-03-18,330.9808349609375,331.99917551465575,328.53879089124206,331.49496855802676,7778300
2025-03-19,336.0230712890625,337.16994509036454,330.7138581251807,332.9878127938011,5614900
2025-03-20,335.6573181152344,338.36629535745016,333.8381480530305,335.16297744054333,5432700
2025-03-21,331.86077880859375,335.58809656026847,331.72234893977367,333.55141543448593,17279700
2025-03-24,339.97784423828125,341.3125700686793,333.8282451566473,334.81692648699254,5675100
2025-03-25,340.7193603515625,341.6190639963439,336.8140871413612,340.660041884624,3931200
2025-03-26,340.2843322753906,343.44812459427914,339.1176955495124,342.07384306553803,6187100
2025-03-27,345.9000549316406,346.8689735510817,339.4341003966093,340.10639649720366,7254800
2025-03-28,338.96942138671875,347.64014633526864,337.7434359431888,345.2376577932826,5687600
2025-03-31,346.4932556152344,347.8774034633818,330.7040133334946,335.5090203582581,9950800
2025-04-01,342.4298095703125,346.48340935239065,338.69259507814996,346.4735128832802,7473300
2025-04-02,342.4100646972656,344.2589245228991,339.1671904508231,339.55279073431603,5682500
2025-04-03,335.548583984375,340.83800516570193,327.25353282381684,330.12070275672323,8792900
2025-04-04,309.5857849121094,330.86219594333875,308.58720712913095,326.2648338642292,13201700
2025-04-07,308.78497314453125,318.53335698350537,295.61573003669497,298.6509890880894,12163400
2025-04-08,304.7807922363281,322.58695319968984,300.4899187510522,318.59267205379405,9569300
2025-04-09,328.6673278808594,330.2492240461324,302.18057672654487,302.18057672654487,11361800
2025-04-10,320.93585205078125,326.42305187756324,309.72420869048204,324.30725921686115,8709800
2025-04-11,329.6263732910156,333.165869605498,318.88930775123475,320.75789991091597,6804500
2025-04-14,331.3861999511719,335.76605098857766,329.3693117679943,332.602288845391,5011800
2025-04-15,332.00909423828125,335.5485905010428,331.2082647283826,332.90879792133717,4386200
2025-04-16,327.5797424316406,333.40308942602115,325.13769855853866,331.2082158632649,5850600
2025-04-17,325.8792724609375,330.53598373164465,324.72253208140444,327.32276907624396,5655900
2025-04-21,316.4769287109375,325.42448349687527,313.06596574162285,325.27618731824475,6362300
2025-04-22,327.64898681640625,328.7958607801764,318.74098854775957,320.1943211379803,5435500
2025-04-23,330.5853576660156,337.38748975963057,329.42861745467707,333.42286813696154,8906000
2025-04-24,331.9101867675781,332.9581865191527,327.50067667101945,329.50769847890194,8055200
2025-04-25,331.3763732910156,332.5627729220564,328.4103289551688,330.9710102777903,4452800
2025-04-28,333.6898498535156,335.49912343611936,331.228012791473,332.968101610883,5422900
2025-04-29,337.6544494628906,338.39596048784864,332.65172416161363,334.6686425977044,5519500
2025-04-30,341.5893859863281,342.59783004101115,329.4681437054997,330.65457332337496,9526700
2025-05-01,338.573974609375,341.80695208878166,336.2703299345451,341.66852220314814,5849900
2025-05-02,343.6656188964844,346.12742562812133,342.2023597403882,343.28991518261114,6113700
2025-05-05,344.69384765625,347.0765429322767,342.20235158035814,343.07239591338976,3865300
2025-05-06,343.7645263671875,345.6924369463232,341.84648208473834,342.47922247560257,3438500
2025-05-07,345.8901672363281,347.1754408886662,343.28003405832783,344.75318974815843,5454000
2025-05-08,347.2940979003906,351.30814189415383,346.97774278925993,348.01584617062025,4156400
2025-05-09,348.5497131347656,349.7954310527833,346.7008839356364,347.8477276894536,3086600
2025-05-12,351.8222961425781,357.79394048302265,347.1557185430811,355.07506652546357,7985400
2025-05-13,352.6937255859375,355.39728863051914,351.14879356040575,352.0796998036896,5406200
2025-05-14,353.0106201171875,354.94176255937356,351.7727160445727,353.2186097614193,6207600
2025-05-15,358.79412841796875,360.2103137410885,353.2285161692132,353.4365058274157,5826100
2025-05-16,361.58685302734375,362.64650625437747,357.3978046418355,359.4378683042401,5838100
2025-05-19,364.3399353027344,365.5778394252785,358.8139445974956,359.5071527727591,5081500
2025-05-20,363.2901916503906,364.6865511143234,361.1610026238442,364.2210979596791,5281400
2025-05-21,354.8328552246094,362.4484444401609,354.61498287195917,360.20042124593436,6125500
2025-05-22,354.50604248046875,356.51639762485144,353.1096829630991,354.2980830440897,4936600
2025-05-23,350.118896484375,352.5550832604001,348.81166251781804,350.32685590833296,5345900
2025-05-27,355.82318115234375,356.5164196127215,351.04984539201075,351.97083888933184,6316000
2025-05-28,356.2490539550781,357.4176283347035,354.57540496126194,355.86281331545644,3299000
2025-05-29,358.8931884765625,359.5270099492942,355.2488056751688,356.8630376273692,4590400
2025-05-30,361.65618896484375,363.4882932187561,357.85335090269473,357.85335090269473,8726900
2025-06-02,361.7849426269531,361.92357218387934,356.4767936210992,359.25959988721064,3845700
2025-06-03,362.3196716308594,363.3298207491469,358.0018765066522,361.0520590031567,5221300
2025-06-04,364.4389953613281,366.0829357605544,362.7653464702839,363.1614697686138,4202300
2025-06-05,363.22088623046875,367.40996490440966,362.3890182384897,366.41964154887216,6881900
2025-06-06,366.63751220703125,367.4099632119013,363.9933355621278,365.4392294145866,5008500
2025-06-09,363.1119384765625,366.2116551871054,358.54653242754614,366.2116551871054,4999900
2025-06-10,367.1128845214844,367.84571414250803,363.13176524079313,363.44867597182474,4109300
2025-06-11,369.6976013183594,371.8763247415993,365.80563786991996,366.41963350130493,5562700
2025-06-12,367.80609130859375,370.54930636885433,365.97398704092166,368.6280766251036,4874000
2025-06-13,349.4355773925781,359.4972656016421,341.6615335556269,358.01178067313936,14181700
2025-06-16,352.0401306152344,356.7342532934529,350.9012346648997,353.040336577349,7234700
2025-06-17,354.3773193359375,356.1202981788009,349.90106847945015,350.06940653179356,5559600
2025-06-18,337.08624267578125,355.011100077271,334.76888982867086,354.3871915756897,15008600
2025-06-20,335.2937927246094,336.7099478991933,331.6791184460281,335.6701204431189,19332100
2025-06-23,340.42364501953125,340.96831076265465,332.3822244076512,334.2341242009943,7553300
2025-06-24,348.2273864746094,351.1290264874322,344.5532954974314,348.11843519613603,10172000
2025-06-25,341.9190673828125,347.89071628688424,341.9190673828125,347.0588482560297,6836300
2025-06-26,342.68157958984375,343.5530689530573,338.72028628234165,340.45335210437383,8829500
2025-06-27,345.2366027832031,348.6037262949039,342.315167082753,343.2361605295592,6601900
2025-06-30,351.6142883300781,352.1688669804127,345.6822612190337,345.96946344868655,7080100
2025-07-01,352.0302429199219,353.5454364386252,348.01944543578674,350.3962154346176,6653400
2025-07-02,350.7923278808594,352.91160407165955,346.6131622584524,351.16865557830306,5131400
2025-07-03,355.38739013671875,355.5260498996354,350.1881930281586,351.1587207017728,3702800
2025-07-07,353.1889343261719,356.1796999654873,351.0597149441949,355.4468703570422,5138000
2025-07-08,351.1191101074219,354.8130268562646,349.83170192033083,353.2285035490437,6966800
2025-07-09,354.298095703125,354.298095703125,350.32688934989784,351.63412344124094,7297100
2025-07-10,352.4362487792969,354.1594015912051,350.0297704959903,353.3770377487421,6121300
2025-07-11,344.56317138671875,350.38627710580295,341.05744873728486,349.0988689313466,7580200
2025-07-14,347.10833740234375,348.56411394927005,341.67147183141935,344.0284462618972,5598900
2025-07-15,343.6619873046875,346.8211211103118,343.4045237928716,344.75134900012165,4891700
2025-07-16,346.51409912109375,347.2766673658239,342.4537677517511,343.9293699453525,5544200
2025-07-17,346.42498779296875,347.96988970819314,345.10787111455033,346.613151635924,4747100
2025-07-18,345.67236328125,346.1180208906185,343.80066781089886,346.1180208906185,4927600
2025-07-21,347.5440673828125,350.2278351103966,345.0286376946947,345.68225471076954,5216300
2025-07-22,348.45513916015625,351.0498115729719,346.8112290903544,347.70251400906835,4614200
2025-07-23,351.85198974609375,352.33723851407086,347.8114535735769,349.584140823558,4385600
2025-07-24,350.54473876953125,353.72366809176833,350.4357874912438,351.38651961672684,5887200
2025-07-25,353.5850524902344,354.18913521874845,349.59405065343606,350.57446108534504,3915400
2025-07-28,352.0302429199219,354.8526705157767,351.29741331103554,352.9314407963398,3921000
2025-07-29,347.8906555175781,354.85262660735543,347.4152894877243,352.8422716617232,7402300
2025-07-30,347.51434326171875,353.16908068679425,343.8699608714023,348.2967071094135,12129700
2025-07-31,342.1269836425781,349.40586577146047,341.7506559618339,345.553493718047,8641700
2025-08-01,336.06622314453125,342.8202354092874,334.8283190002109,340.7702588929484,8658700
2025-08-04,338.839111328125,341.0475431689509,336.7099222758345,338.39348397612116,7335300
2025-08-05,334.1648254394531,339.1461510492943,332.30301256826004,338.83915320588187,7295600
2025-08-06,336.45245361328125,338.126102534126,332.1841622865648,335.0263855360849,5944100
2025-08-07,328.87646484375,338.83911493827674,325.5192845338105,338.1260809452049,8797100
2025-08-08,333.52105712890625,334.1152571130314,329.5102601250281,330.4510490628152,6073900
2025-08-11,332.64959716796875,334.59062241307583,331.2730634686477,333.4715824480999,5715800
2025-08-12,334.0682678222656,335.9631173603052,332.15358786501093,332.5405081055744,5682800
2025-08-13,339.8321838378906,340.7548281936984,334.1079741251119,334.30639942808034,5693400
2025-08-14,342.74884033203125,343.3341555837842,338.95917157872486,340.21908438075764,6224000
2025-08-15,341.7369384765625,345.59605904697924,340.13969664978794,343.50281455045376,4946600
2025-08-18,340.0206298828125,342.98692727561615,338.24485386111854,341.111908341263,3999600
2025-08-19,339.73297119140625,343.59209170405296,339.1774167231355,339.84208390550145,4457200
2025-08-20,341.2012023925781,344.68336323328714,340.12978458990847,340.6754087002171,5834400
2025-08-21,340.963134765625,341.78653614908916,337.0246318949601,340.1694941484198,6073600
2025-08-22,347.26275634765625,348.4135564254873,342.48099144031914,342.48099144031914,4973200
2025-08-25,346.05242919921875,347.93734832523376,344.7428949651859,346.83613944988167,8019800
2025-08-26,348.3936767578125,350.59606414837674,344.693290526122,345.92344248781563,5876200
2025-08-27,347.5702819824219,350.6258315265202,347.06431870294733,347.92741116173505,5531100
2025-08-28,347.08416748046875,348.2548282728518,345.8341850113059,347.8183168469698,4987100
2025-08-29,348.98895263671875,349.83221473470644,346.2310105544946,347.6794183392872,3671900
2025-09-02,347.2925109863281,347.39172362973443,343.33414752518763,346.5385312269779,4940300
2025-09-03,348.0861511230469,348.10601181697075,344.5048078217587,346.5682915348238,4176400
2025-09-04,348.2052001953125,349.8322028018572,346.37980257424067,347.9472836488824,4324000
2025-09-05,340.4968566894531,349.8222700198809,337.50082859454403,348.5921180018497,5448300
2025-09-08,339.58416748046875,341.64768164053044,338.29449383701814,339.6238585961682,4711600
2025-09-09,341.2607421875,343.57227270862904,338.58218239973513,338.9790027080578,4646200
2025-09-10,335.4372863769531,339.8916521696528,333.77062308452673,339.8916521696528,6557900
2025-09-11,340.76470947265625,340.8044005861511,335.18930390686546,336.04249633203517,5157600
2025-09-12,336.7369384765625,340.4671161404083,336.4790219166126,338.5127450059508,3518300
2025-09-15,336.35992431640625,339.99088906823687,335.7051874783653,337.9075446663081,4367500
2025-09-16,337.3321838378906,337.83814716064023,330.8242336265683,333.5722454094798,5527700
2025-09-17,343.4532165527344,343.4532165527344,336.8261935269982,337.24287451389677,5763500
2025-09-18,335.496826171875,342.5305695051567,335.496826171875,341.9948757376367,7526600
2025-09-19,338.89959716796875,339.9710452297281,335.56627047682144,337.7488274356299,13674300
2025-09-22,341.6277770996094,342.123810018113,335.9730199939359,336.3202490919778,5621800
2025-09-23,336.0127258300781,342.5206755840167,334.9512080718528,341.85597812289535,10142700
2025-09-24,335.9928283691406,337.2031498219058,335.2388789697807,336.43927007668435,5207400
2025-09-25,332.2726135253906,337.50082002009344,331.85596281555496,335.6654921112904,5398700
2025-09-26,334.6932678222656,336.8063730332322,333.5623284395552,334.55439433950585,9619200
2025-09-29,337.4611511230469,337.9373536696546,332.8877114324681,334.70320904260734,7217800
2025-09-30,338.6714782714844,342.86789785646516,335.82425384396265,337.1238578141872,8164400
2025-10-01,345.07025146484375,346.58811100512,337.6099271681015,337.6099271681015,8381000
2025-10-02,343.2052001953125,344.42542184040104,340.83414823131994,343.47304708133123,5198000
2025-10-03,347.0643005371094,350.35796630380224,343.2547714465938,343.36388415385693,5199700
2025-10-06,346.5087890625,348.3341867524627,341.61791126204685,347.23300809525006,4735600
2025-10-07,349.6239013671875,351.6278637211122,347.28260994212883,347.28260994212883,5044600
2025-10-08,348.572265625,352.18340009053827,348.3143490742109,350.97307846230774,3927500
2025-10-09,344.28656005859375,350.0702909620389,342.83812203934815,348.68140475049063,4434800
2025-10-10,340.9234313964844,347.619876043067,340.52661110214683,344.8718644724454,6296200
2025-10-13,340.5762023925781,344.90162534592463,338.0266161060487,340.99288338080447,4030700
2025-10-14,345.6159362792969,347.2330086020973,337.520674593222,338.29448481374277,5731000
2025-10-15,342.947265625,347.3024192111109,341.27067182105253,345.61592533540403,3778200
2025-10-16,332.7389221191406,342.947289483902,331.5187003455953,342.26276153878837,6241500
2025-10-17,339.1773986816406,340.72501894313797,334.32618227604405,335.09006206042216,6267100
2025-10-20,341.6773986816406,342.2230227820154,336.2507973402091,339.18730374169905,4665000
2025-10-21,344.4552001953125,346.87584346628927,340.2786111420936,340.3976542086254,4121800
2025-10-22,342.6198425292969,345.4075753813841,341.7666804426993,345.060346283755,5074400
2025-10-23,343.2151184082031,344.39567927917403,341.727019522991,343.4532348171426,7217200
2025-10-24,344.6238708496094,346.31036478120575,342.58021743661914,345.43737218597045,3576700
2025-10-27,345.06036376953125,346.74685761063296,342.2726610516251,346.2309942490221,5400300
2025-10-28,344.1476745605469,347.11397236042376,343.75085423268433,345.81433810283966,7445400
2025-10-29,338.5722351074219,348.19528604873324,336.3103261601942,343.2547871723516,8361700
2025-10-30,342.2925109863281,346.94530267945805,339.07822702024083,339.5048081094784,6411800
2025-10-31,338.03656005859375,340.27863891275234,335.4869734410981,339.3659248691054,7301600
2025-11-03,334.22698974609375,338.50279127746575,332.1635060317716,338.29446591927433,5538000
2025-11-04,337.5999755859375,337.61983627798475,331.59798967800947,333.81030728467005,5920200
2025-11-05,337.34210205078125,339.39565548449804,333.6912764760034,337.43138435003425,4984600
2025-11-06,334.2864990234375,335.96309272537576,331.06228502362495,335.9035711966457,8507900
2025-11-07,333.3539733886719,335.60598236180857,332.19327323793897,334.05836197719896,5318400
2025-11-10,332.1932678222656,335.9928668426192,331.6674741139567,333.97897430602666,5295800
2025-11-11,336.2309875488281,336.3996217972758,330.5563693999427,332.83810885568903,4453300
2025-11-12,336.8572082519531,342.20509953822955,335.3860315467677,336.230963908966,6389600
2025-11-13,334.07391357421875,339.4218050228609,333.59679812539383,337.0162670739215,4961700
2025-11-14,328.0500793457031,334.0739044051273,327.06599842409344,333.88506643542877,6422300
2025-11-17,323.8055725097656,331.370133257436,322.9904598740608,329.1832834325262,6494800
2025-11-18,319.2628479003906,323.06005334637723,316.101836812763,322.5630378796905,9170400
2025-11-19,322.1852722167969,322.6325982306419,317.96064113093524,319.6007859560105,7066700
2025-11-20,321.83740234375,326.4397706758573,321.2111883025171,322.1853192569361,6510300
2025-11-21,326.02227783203125,329.10374947023166,322.35430124548503,323.4377913272098,8930000
2025-11-24,327.3343811035156,328.75586842302397,324.0540910886259,327.27474167309344,9337100
2025-11-25,332.5331726074219,334.0540387480419,326.9367735032804,326.9367735032804,5854300
2025-11-26,331.7975769042969,333.70609921167375,331.0719234390147,332.53315005032596,4309900
2025-11-28,332.4437255859375,333.0202502105825,330.01828755179565,331.4397445821358,4586200
2025-12-01,328.4178771972656,331.31048036460083,328.1693694771195,330.9526438085897,7082300
2025-12-02,327.6524658203125,330.81347685406314,325.2568476714639,329.4715593852143,8201900
2025-12-03,327.6425476074219,330.3662132109065,327.3841201721478,327.6425476074219,6296700
2025-12-04,325.14752197265625,330.3960040486967,322.3443474807417,329.30256396297654,6277500
2025-12-05,329.2628173828125,332.1156814874498,324.45171100278645,324.8791370505337,5266600
2025-12-08,324.88909912109375,329.3622387687074,322.7718081675561,327.9109619547325,6059400
2025-12-09,324.5511169433594,326.27080146996605,323.12965991381685,324.6604457908234,4325400
2025-12-10,323.78570556640625,326.797618069185,323.35824921183155,324.6902773524443,5467500
2025-12-11,343.5669250488281,345.2468397955696,328.0898557440862,330.6147028726578,12953600
2025-12-12,345.7537536621094,347.75176547302596,343.9048707541211,345.92275226223416,6942300
2025-12-15,344.8194274902344,346.37011342042933,341.777664727478,345.7537887198587,7004600
2025-12-16,343.0500183105469,345.5450457875993,341.66833101727156,343.93472044726457,7269300
2025-12-17,342.35418701171875,345.71401631820476,341.62853353163234,343.48736646695176,7263500
2025-12-18,343.94464111328125,345.45555715920034,342.2150067207226,343.1096587982668,6805000
2025-12-19,347.1653137207031,347.8213777963309,343.98440250591693,343.98440250591693,18623900
2025-12-22,349.98834228515625,351.33029009156553,347.50326499010805,347.9108213067459,5043500
2025-12-23,351.2706604003906,354.25275323711077,349.8988928418326,349.8988928418326,3703200
2025-12-24,353.0201416015625,353.86504358199,350.9028509715926,351.2706375438569,2023600
2025-12-26,352.8809814453125,354.6006658812749,351.5986730469889,352.9803906057607,2017000
2025-12-29,352.4933166503906,354.42173920793135,351.6881539711041,353.36806877984236,3989900
2025-12-30,351.50921630859375,352.7517549841574,350.55495509967756,351.8869529196318,3366500
2025-12-31,348.6165771484375,353.0797966289462,348.5967074506911,351.539030494231,3503200
2026-01-02,344.411865234375,347.96053278179977,341.42977229123005,347.78161448571143,5403800
2026-01-05,351.6881408691406,355.40583728080946,341.99633902690704,342.443665092254,7592200
2026-01-06,355.4256896972656,356.47936003486785,349.8988802653619,351.56884491340134,6775400
2026-01-07,353.7557373046875,356.14140550388055,352.3939197646881,355.0181456831753,6333900
2026-01-08,350.1275329589844,354.22293562539693,347.4138175407059,352.88098777382146,6357600
2026-01-09,347.6821594238281,352.58275456839823,347.07581516643137,350.05790771591745,4902900
2026-01-12,341.1513977050781,344.4416373710181,335.3064914902319,340.733891403126,13281300
2026-01-13,325.9228820800781,335.5053249382782,321.8970384159538,334.98843975021526,20383500
2026-01-14,327.2051696777344,327.9307928311059,322.0063770709054,326.69820420368984,9388400
2026-01-15,325.7936096191406,329.7100935773221,324.421842198657,327.36416500747987,8587700
2026-01-16,326.34033203125,327.28467351953486,323.45764849102363,324.8294159854098,8341600
2026-01-20,323.8751525878906,326.3602298184734,319.6405712796447,320.3065853250236,8279900
2026-01-21,323.33837890625,326.70815831170904,321.0719896048092,324.4815084058711,8974600
2026-01-22,324.41192626953125,326.4298382199604,322.0660277886144,324.51133543161114,6938700
2026-01-23,324.2330017089844,325.8433269631201,322.6823158838599,323.91490453064694,5667900
2026-01-26,326.5291748046875,330.01823269503046,323.089836656661,326.0421094095482,7540200
2026-01-27,323.3184814453125,326.96655764839994,322.9705645834554,326.51926197065274,6365800
2026-01-28,325.0282287597656,326.42981594381934,322.9407578402086,324.779721039233,8106000
2026-01-29,329.8194580078125,331.370143867361,321.5789632505275,328.03021442692346,10214200
2026-01-30,319.908935546875,331.0122735041925,319.6803278657264,330.23693065354513,11199100
2026-02-02,331.8472900390625,332.6922224170356,322.17535793601024,322.8910614362982,8502400
2026-02-03,326.96661376953125,333.7856822919601,326.906974335595,329.67037933784445,9081200
2026-02-04,327.98052978515625,329.332397339644,322.48353974956564,325.1574551429397,8472300
2026-02-05,327.1654052734375,335.5748984583446,326.85725811156686,331.01230012391363,8339000
2026-02-06,329.60076904296875,333.1295971166072,325.1475298017769,329.79958736712933,7798800
2026-02-09,323.6365966796875,330.8334016821115,321.6883044313802,328.78570026762736,8513400
2026-02-10,326.8838195800781,328.5871090806843,323.27798187994784,323.4373584411114,5801800
2026-02-11,327.9496154785156,329.7425790622465,325.14069087388975,325.6387312474863,8264300
2026-02-12,322.909423828125,330.93783158462884,322.7301366033025,327.6009856634334,9392600
2026-02-13,312.8490295410156,325.20045519714154,311.59398846280106,322.5608168831966,11653900
2026-02-17,318.247802734375,320.12043942634676,313.1777553150958,313.1777553150958,8591700
2026-02-18,319.0446472167969,321.0168980150915,315.4786915611019,318.2477947880967,7091900
2026-02-19,317.6800231933594,318.9450651881826,314.49258306333303,316.2456644955574,5967600
2026-02-20,319.692138671875,321.0866456850293,316.574400965125,316.86324250493954,6831100
2026-02-23,305.3186340332031,319.2637633222238,303.515730464103,317.78958339494204,13048000
2026-02-24,306.01593017578125,308.05788356039716,301.89214126702194,304.30267006457245,9120200
2026-02-25,311.7632751464844,312.7095639299417,307.0418625590578,307.3406745970078,7624200
2026-02-26,315.4587707519531,318.1681114796254,312.709578284735,313.2474703757061,8725500
2026-02-27,318.88531494140625,318.9749585636924,310.72741093566447,313.2275530184615,12412900
2026-03-02,319.25384521484375,321.33565029745085,313.3670044395995,314.2634710190134,6674900
2026-03-03,319.57257080078125,320.77785038408507,313.117987052978,314.5722564235918,5474300
2026-03-04,319.2139892578125,324.49320490972036,318.5466018009251,320.1801887712339,5257900
2026-03-05,318.5466003417969,321.5348424853333,313.5363155637196,318.07844119005733,8267200
2026-03-06,316.1161804199219,316.4449040988039,311.07601412616293,314.81131703544906,6439700
2026-03-09,314.73162841796875,315.15993583491843,308.9344312933075,312.2314560667069,8381500
2026-03-10,313.1976623535156,315.88709253278006,310.22936117865277,314.1937431016918,5271300
2026-03-11,307.74908447265625,313.84509349123954,307.18134157627605,312.0222791858673,6376700
2026-03-12,305.29876708984375,309.7313388364715,304.82063735961356,306.9323542029832,7514900
2026-03-13,305.9362487792969,309.1336593983733,305.21906944064716,306.38446686722085,4814100
2026-03-16,308.8945617675781,309.9105835049712,306.1752809950723,306.64344012556506,6401200
2026-03-17,307.25103759765625,311.4644698112407,306.1752838399166,310.09984414528657,6872200
2026-03-18,297.8480529785156,306.73310658565566,297.33010193516475,306.20518500751876,7191700
2026-03-19,298.53533935546875,301.2845318265138,295.8658503636263,296.8719016022564,6826400
2026-03-20,300.4378662109375,301.7327894042891,297.8381100854838,298.67481425452536,14398100
2026-03-23,303.246826171875,306.6434651794843,301.6630614260347,304.0038572697504,7824500
2026-03-24,302.5694885253906,304.8405513457489,299.44178048089515,300.8163767349488,5375900
2026-03-25,303.7149658203125,307.2809213034843,300.9857144661871,304.28273910722726,6280900
2026-03-26,304.33251953125,306.6633446025994,301.81243670471684,302.9678939055341,7652700
2026-03-27,294.3617858886719,303.39624600384485,293.166507172264,303.1273151321971,9974400
2026-03-30,298.36602783203125,299.50154404760565,294.73033927812014,297.55920487944724,9330300
2026-03-31,301.055419921875,302.1511147673973,295.42757006738316,300.4179440831887,10246900
2026-04-01,297.3400573730469,303.85440321825206,292.7381694353985,303.85440321825206,7707600
2026-04-02,299.6210632324219,301.28453138114594,294.6904819925192,296.6328211241279,4376000
2026-04-06,302.1411437988281,303.2268985064469,298.286316373369,299.5612984468797,5501000
2026-04-07,301.3642272949219,303.78472668848525,299.93983907756353,301.25467300034336,4413900
2026-04-08,307.74908447265625,309.86077069237774,306.49404346163476,306.5239246667074,6879300
2026-04-09,307.08172607421875,308.36664828465365,302.40013464698717,306.7928541611418,4811500
2026-04-10,303.1671142578125,307.7889434035062,302.3204699616491,307.5000714824076,5190000
2026-04-13,308.17742919921875,308.53600366814584,301.155041869684,302.7388065700545,6787200
2026-04-14,310.149658203125,310.8967187654788,306.28486003020583,307.26103010828473,5571000
2026-04-15,314.671875,315.48866851471763,310.2990658939648,311.77327635482305,4831400
2026-04-16,313.86505126953125,316.7536793728972,313.3371296864953,315.11015221046245,5695800
2026-04-17,315.7774963378906,318.1880250357548,313.94471147578236,315.35915946176345,8082300
2026-04-20,312.7095642089844,316.3054007933923,311.12579961049727,315.15991411626925,5506800
2026-04-21,308.72528076171875,315.6480543727783,307.6096751468197,312.7793368499103,6806900
2026-04-22,310.0699462890625,310.1396488303614,306.85259492682206,309.79104492996197,5666600
2026-04-23,307.66943359375,310.9764290509568,303.81460587135535,309.2830795800573,7275000
2026-04-24,308.2073059082031,308.76510867259884,303.30657545190263,305.8963913711518,5616900
2026-04-27,308.4363708496094,309.60179859903263,304.86044492147084,306.30477404028187,6261500
2026-04-28,308.0877380371094,312.7294775914766,307.5299352956203,310.97639628878363,8839900
2026-04-29,333.5475769042969,340.63969719893055,332.4817936312549,335.08154973186936,16658600
2026-04-30,328.5472412109375,331.19681941400586,326.79412952217785,330.8183038995719,11241100
2026-05-01,326.7443542480469,334.5337126996377,326.6447400974031,331.5753517735461,6726100
2026-05-04,325.5690002441406,328.49748009021664,324.12467099289546,326.71448703065977,6712400
2026-05-05,320.76788330078125,324.3039578106427,318.39720624771417,323.83579864135663,5893200
2026-05-06,317.5505065917969,323.30785166941854,316.7536542120865,322.48111808541825,7808400
2026-05-07,320.0207824707031,322.4213404283596,318.28761190791755,318.28761190791755,7186100
2026-05-08,317.54058837890625,319.8116512556435,314.92089116273706,319.7319477733878,5950200
2026-05-11,322.5906982421875,323.90553213234,316.7636501525053,317.8493745260795,9586200
2026-05-12,325.8147277832031,328.30010079044166,323.5988431448615,323.71861575326017,6235200
2026-05-13,319.7160339355469,324.8165740981451,319.20696990140226,323.1895917984963,7950400
2026-05-14,321.92193603515625,322.7304316048222,319.65615629141206,320.77407458719756,5277400
2026-05-15,325.1459655761719,328.39993034372947,323.23950361156534,323.3992105807512,6054500
2026-05-18,332.023193359375,332.8117065140525,323.16961559740014,323.82839540100866,5305800
2026-05-19,329.2982482910156,334.5485043686942,328.87901369831957,332.71188949315723,12858100
2026-05-20,330.1366882324219,331.0450044691208,326.21398296632935,329.4779084191791,9422500
2026-05-21,330.5060119628906,331.90340990418883,326.6332016248708,329.2283866364193,7034500
2026-05-22,328.2701721191406,332.81172300019847,328.21028581229956,329.9071152744464,7462100
2026-05-26,325.8746337890625,327.890877227978,323.90828545299996,325.85465137912865,8705100
2026-05-27,327.00250244140625,330.8453695289686,325.0561365774909,325.2258042905605,5917400
2026-05-28,324.3474426269531,326.473467283892,320.304934449476,325.4054745838858,8105400
2026-05-29,325.75482177734375,331.0550035619541,324.7467153160326,324.89643108147584,14104500
2026-06-01,322.1714782714844,327.2520362551611,318.0890659929148,326.65317320088843,10079300
2026-06-02,316.7315979003906,322.900130958607,312.8088926463686,321.911976472278,10125300
2026-06-03,311.8207092285156,317.0609741306723,308.42701995550726,317.0609741306723,8992800
2026-06-04,319.5862731933594,324.15779741844494,316.1127457580593,316.20257521300795,6981700
2026-06-05,322.9700012207031,325.3755359367605,320.3748163907789,321.8021573858913,7176300
2026-06-08,319.0772399902344,323.3193590911711,317.83951864495947,320.7541174065557,5582000
2026-06-09,324.4472351074219,324.8864216353897,316.4121747162161,318.06910016973313,6340400
2026-06-10,322.3611145019531,326.2938108474966,319.58627077976143,326.0143312805488,5793100
2026-06-11,318.4583740234375,323.10973664985323,317.3703988636284,321.40291602859213,5958900
2026-06-12,321.7922058105469,325.3256196452838,319.20698165018104,321.1633691478087,5543200
2026-06-15,323.21954345703125,325.8346802814496,322.15152026202406,322.7603745094088,6803000
2026-06-16,332.5022888183594,332.67198698922914,323.77850519751286,325.0860736201939,9248400
2026-06-17,329.76739501953125,336.19545603301555,329.35815161011175,332.88160485990437,6895200
2026-06-18,326.6331787109375,331.71373650670535,326.3936334980882,330.3862161708477,14716700
2026-06-22,325.994384765625,332.3825110173034,325.255736249892,327.7211572947962,15132400
2026-06-23,327.87091064453125,330.6657064213508,327.4816192000871,328.2102765273601,11113400
2026-06-24,331.61395263671875,334.1791639025663,326.6132329961447,328.3899311009871,8197200
2026-06-25,329.9071044921875,339.30965035180515,329.45795720555896,331.94333024120465,7050200
2026-06-26,335.6065368652344,339.09005558153274,330.82541047321376,331.62391484212816,16717400
2026-06-29,341.0164794921875,345.16876934692397,337.6427420814022,337.6427420814022,11710900
2026-06-30,342.45379638671875,343.65158338253525,338.4512224777037,341.12627604022873,7957900
2026-07-01,350.4289855957031,352.7047566164018,340.34773820340007,343.92108647429916,13025900
2026-07-02,361.45849609375,361.45849609375,351.85633962893826,351.85633962893826,9814800
2026-07-06,356.5875549316406,364.3431361331269,348.20313705903584,362.3268927646901,11623800
2026-07-07,351.54693603515625,355.4197158554798,346.2767278330053,347.744003265132,7332500
2026-07-08,346.88555908203125,350.94801921810193,345.0489747278172,349.650411586948,10215200
2026-07-09,347.5543518066406,347.8537833381742,343.7813622043677,344.6597048505295,6606300
2026-07-10,348.3229064941406,350.5188392207221,344.68964152124937,349.9798320131086,4702800
2026-07-13,357.08660888671875,358.82337258284446,350.3990207986449,351.0777829959364,9964600
2026-07-14,355.3598327636719,359.2725774384029,353.0241754046451,355.11029633051527,6632400
2026-07-15,354.4814758300781,359.7616446111089,348.4726192666298,353.3435751194357,8850000
2026-07-16,364.4629211425781,364.4629211425781,356.4477822451955,357.3760808599296,9073200
2026-07-17,357.8951110839844,363.95386264682946,356.3380062665893,362.8958306673428,7400400
2026-07-20,359.9013977050781,362.32688441407214,355.76905993924623,356.4378309524324,7616800
2026-07-21,355.16021728515625,358.45408597568553,354.03230774816586,356.32803071902083,6027300
2026-07-22,352.7646789550781,356.8670433033565,351.61678699139844,355.9088319271366,4622200
2026-07-23,350.9480285644531,351.39717584563147,347.8537708520506,351.39717584563147,4183300
2026-07-24,355.0803527832031,355.18017344855315,350.39904686549784,352.8145729386106,4482800
2026-07-27,361.8577575683594,362.9856670774005,357.58569521245334,358.6836615690858,6631100
2026-07-28,365.91021728515625,370.47175030489075,362.057389622598,364.3830556294341,11061900
2026-07-29,368.0462646484375,373.27653822285373,354.82083449278736,356.33800494846076,11289900
2026-07-30,365.5908203125,366.31947765089546,360.08106692795786,364.32318621955545,8391400
2026-07-31,365.4510803222656,366.199689577411,359.43226312933626,363.08547994976436,7828400
2026-08-03,364.991943359375,371.28024894435134,363.67438375420267,367.8166822243689,5521300
2026-08-04,368.9046630859375,370.4218335736103,359.4222790007568,361.0891957111975,7497500
2026-08-05,367.85662841796875,371.7094562365133,366.03999591549916,371.6096355733356,6065300
2026-08-06,369.7830505371094,370.4118872220017,364.5727285978463,368.88472547054477,5022300
2026-08-07,361.82781982421875,369.56344907563306,360.8496260625997,367.82668528799354,5112500
2026-08-10,360.6500244140625,363.49474585206144,358.2045551780129,361.3287562034755,7552200
2026-08-11,362.82000732421875,364.54998779296875,359.9700012207031,360.9800109863281,4440900
2026-08-12,359.4200134277344,363.3500061035156,358.30999755859375,361.0,3794200
2026-08-13,365.45001220703125,365.45001220703125,358.7099914550781,363.70001220703125,8142600
2026-08-14,364.1499938964844,366.79998779296875,362.760009765625,365.8900146484375,8106900
2026-08-17,358.8399963378906,363.55999755859375,358.5199890136719,362.8399963378906,15543400
2026-08-18,364.25,365.9100036621094,358.04998779296875,359.6199951171875,6820300
2026-08-19,365.5400085449219,370.6400146484375,362.8999938964844,364.0899963378906,5866400
2026-08-20,365.7300109863281,368.92999267578125,363.6300048828125,365.1000061035156,6151500
2026-08-21,371.0400085449219,371.79998779296875,366.6600036621094,367.8699951171875,6667100
2026-08-24,382.4100036621094,383.42999267578125,372.2099914550781,373.260009765625,8477500
2026-08-25,384.1400146484375,384.20001220703125,380.2699890136719,381.2099914550781,6777600
2026-08-26,383.8999938964844,385.57000732421875,381.0799865722656,384.1400146484375,6075100
2026-08-27,379.6600036621094,381.7699890136719,378.5,381.1400146484375,6641500
2026-08-28,381.6000061035156,383.67999267578125,379.0299987792969,380.29998779296875,4643000
2026-08-31,379.3699951171875,382.4800109863281,378.79998779296875,381.3500061035156,6744800
2026-09-01,372.6700134277344,380.75,372.2200012207031,379.6499938964844,5857400
2026-09-02,378.3999938964844,380.1700134277344,374.010009765625,374.010009765625,5599900
